message_id,timestamp,sender,fwd,reply,content
2,18.02.2021 13:10:43,Āgenskalna klīnika,,,"Zinātnieki un juristi visā pasaulē strādā un pēta situāciju ar un ap Covid. Un tā nemaz nav tik viennozīmīga, kā mums mēģina pasniegt. Un liels, ļoti liels jautājums ir par ierobežojumiem un to efektivitāti. Skatieties rīt konferenci, kurā piedalīsies zinātnieki, ārsti, juristi un runās par pandēmiju, ja tāda vispār pastāv, ierobežojumiem - to tiesiskumu un efektivitāti. Sīkāk par konferenci un reģistrācija tai šeit: https://www.lifesitenews.com/unmasking-vaccines/?utm_source=rumbletrailer"
3,18.02.2021 13:10:43,Āgenskalna klīnika,,,"Kā arī, protams, par vakcīnām. Skatāmies un baudām."
4,19.02.2021 00:01:13,Āgenskalna klīnika,,,"Sabiedrībā nepārtraukti cirkulē bažas par to kā izvairīties no vakcinācijas. bažas par to vai vakcinācija pret Covid būs piespiedu kārtā, jeb nē. Jeb būs, kā padomju laikā, piespiedu brīvprātīgi. Kā labi zināms, nav dūmu bez uguns. Un zināms pamats šīm bažām, protams ir. Paklausoties valdības lemtajā un dažādu amatpersonu izteikumos, nav īstas drošības sajūtas, ka nebūs mēģinājumi piespiest vakcinēties tos, kas to nevēlas darīt. Līdzīgi kā ir Izraēlā, kur nupat atvēra veikalus, bārus, restorānus un citas publiskas vietas, bet tikai tiem, kas ir vakcinējušies. Uz pārējiem attiecas visi stingrie ierobežojumi. Faktiski demokrātiskā valstī šāda situācija ir nepieļaujama. Nepieļaujama jau pati par sevi, kur nu vēl ņemot vērā, ka šī konkrētā ir eksperimentāla vakcīna, no kuras blaknēm ir norobežojušies pat tās ražotāji. Un par kuras sekām neviens neuzņemas atbildību. Iespējams, minēto iemeslu dēļ, Eiropas savienības parlamentāra asambleja, ir deklarējusi, ka nedrīkst uzspiest vakcināciju pret Covid 19, to nedrīkst darīt arī slēptā formā. Te lūk raksts: https://www.europereloaded.com/council-of-europe-decrees-vaccines-must-not-be-mandatory-and-the-non-vaccinated-must-not-be-discriminated-against/ Kopā mēs varam!!! /Dr. E. Mednis/"
5,19.02.2021 22:58:32,Āgenskalna klīnika,,,"Man nupat bija iespēja pārliecināties par cenzūru Facebook. manu iepriekšējo ierakstu par to, ka vakcinācija nedrīkst būt piespiedu Facebook bloķēja - šī informācija vienkārši neparādījās mūsu Facebook lapā un cilvēki to nevarēja redzēt.  Tā lūk. laipni lūgti demokrātiskajā pasaulē un tās jaunajā realitātē. Bet Kopā mēs varam!!! /Dr. E.Mednis/ #AgenskalnaKlinika #GribuSportot #KopaMesVaram #DziveBezBailem"
7,20.02.2021 22:43:50,Āgenskalna klīnika,,,Šeit interesants uzsaukums no Pasaules Ārstu alianses. Esam vienoti. Kopā mēs varam!!! /Dr. E.Mednis/ #AgenskalnaKlinika #GribuSportot #KopaMesVaram #DziveBezBailem
8,20.02.2021 22:43:50,Āgenskalna klīnika,,,
9,20.02.2021 22:44:35,Āgenskalna klīnika,,,
10,21.02.2021 12:19:21,Āgenskalna klīnika,,,"Šobrīd ļoti daudz šķēpu tiek lauzti saistībā ar kovid ārstēšanu, profilaksi, ierobežojumiem. Kā vienmēr, cik cilvēku, tik viedokļu. Manuprāt veiksmes atslēga vienmēr ir meklējama savstarpējā cieņā, mīlestībā un  viedokļu dažādībā. Manuprāt daudz veiksmīgāka būtu gan pacientu ārstēšana (ne tikai ar šo šobrīd populāro diagnozi), gan arī profilakses pasākumi, ja būtu savstarpēja komunikācija starp pusēm. Ja valdība varētu/gribētu dzirdēt arī alternatīvos viedokļus. Ja slimnīcu kolēģi, kas strādā vaiga sviedros, lai palīdzēt saviem pacientiem, aicinātu palīgā savus kolēģus, kas pārstāv alternatīvās medicīnas nozari un ne tikai. Bet tie laikam sapņi. Jo katram no mums ir savs skatījums uz problēmu un tikai diskusijās un savstarpējā cieņpilnā viedokļu apmaiņā mēs varam pakāpties kādu pakāpienu augstāk. Tā mēs varam apgūt līdz šim nezināmo. Par šo visu un vēl daudz ko citu, kā kovid pacientu ārstēšanu un vakcināciju runā Maskavas profesors Vorobjovs ar 40 gadu pieredzi medicīnā. Viņš ir gadu desmitiem ārstējis arī černobiliešus un citus smagus pacientus. Vērts paklausīties un aizdomāties. Kopā mēs varam!!! /Dr.E.Mednis/  #AgenskalnaKlinika #GribuSportot #KopaMesVaram #DziveBezBailem https://www.youtube.com/watch?v=oeAj_nTAsuI&feature=youtu.be"
11,22.02.2021 12:12:04,Āgenskalna klīnika,,,"Gribēju uzrakstīt par mūsu katra personīgo atbildību pandēmijas turpināšanā un uzturēšanā. Nu jau visiem (gandrīz visiem) ir skaidrs, ka nav jau nekādas pandēmijas. Ir tikai skaitļi, kas tiek radīti, lai uzturētu mītu par pandēmiju. Mirstība visā pasaulē NAV paaugstinājusies, saslimstība arī. Ir daudz vairāk ielaistu slimību - laicīgi nediagnosticētu un neārstētu. Ir daudz vairāk depresiju, pašnāvību, pārbijušos cilvēku. Būs (jau ir) ļoti daudz ciešanu vakcīnu blakņu dēļ. Kas to visu rada? Kas to uztur? Kas pieļauj? Rada, iespējams, kāds cilvēku grupējums jeb grupa, kuri gūst, iespējams, labumu no šī visa. Uzturam un pieļaujam mēs. Tie, kas klusē, tie, kas neko nedara, lai šis viss ārprāts beigtos, kas veido vajadzīgo statistiku, kas ""griež"" PCR testa ciklus uz nebēdu (40 un vairāk), kas dod rīkojumus, kas uzliek dažādus vairāk vai mazāk absurdus ierobežojumus. Šie visi ir atbildīgi par šī ārprāta stāvokļa turpināšanos. Es šeit neaģitēju uz nepakļaušanos, uz valdības rīkojumu un noteikumu nepildīšanu. Ja noteikumi ir, tie ir jāpilda. Bet iedomājieties uz brīdi situāciju, ja mēs visi vienā dienā novilktu maskas un teiktu: pietiek. Ja restorānu un bāru īpašnieki teiktu : pietiek un atvērtu savu uzņēmumu durvis. ja kosmetologi un frizieri vienā dienā teiktu: pietiek un atvērtu savus kabinetus? Kas notiktu? Nekas. Pandēmija tajā dienā beigtos. Jo terorizēt sabiedrību var tad, ja tā ir sašķelta. Ja katrs mēs esam pats par sevi, iebaidīti, kūtri, neizlēmīgi, nespējīgi paši par sevi pastāvēt. Tad ar mums var manipulēt. Jā, tieši tā - manipulēt.  Jo kā gan citādi var nosaukt šo visu ārprātu, kas notiek? Komandantstundu ieviesa, kas ""saslimstība"" bija 400-500 gadījumu dienā, atcēla, kad bija 700-800 ar teikumu - atvainojiet, nokļūdījāmies. Tāpat veikalus slēdza rudenī, tagad vērs vaļā. Kas ir mainījies pēc būtības? Pilnīgi nekas. ""Saslimstība"" tāda pat vien ir. Grāmatas aizliedza tirgot, tad atļāva. Kas mainījās? Nekas. Pilnīgi nekas. Kurš ir par šo visu atbildīgs? valdība? Jā, protams. Mēs katrs? Jā, protams. Tādēļ domājam. Atveram acis. Un vēlreiz domājam. Tad izdarām secinājumus un rīkojamies. Darām katrs to, kas ir mūsu spēkos, lai palīdzētu sev, valdībai, tautai, pasaulei šo visu izbeigt. Tālāk vairs nav kur iet. Bez mūsu katra līdzdalības tas viss nebeigsies. No bērnības atmiņā palicis pantiņš: ""Katram ir roka jāpieliek, lai lielais darbs uz priekšu iet"". Kopā mēs varam!!! /Dr.E.Mednis/  #AgenskalnaKlinika #GribuSportot #KopaMesVaram #DziveBezBailem"
12,25.02.2021 11:34:29,Āgenskalna klīnika,,,
13,25.02.2021 11:34:41,Āgenskalna klīnika,,,
15,02.03.2021 23:00:52,Āgenskalna klīnika,,,"Augsti godājamais Kariņa kungs atkal mums draud ar kārtējiem ierobežojumiem, jo lūk nākot mutanti. Tā īsti nevar saprast vai viņš būtu kompjūterspēles pārspēlējies, jeb tā būtu kāda vajāšanas mānija īpaši smagā formā? ļaunāku šo situāciju padara fakts, ka viņš ir premjersministrs un lemj par visas Latvijas iedzīvotāju labklājību. Es neesmu liels skaitļu pazinējs, bet vienu skaitli no otra māku atšķirt un māku tos arī salīdzināt vismaz tādā kā noteikt kurš ir lielāks, kurš mazāks. Tad pielietojot šīs savas prasmes dzīvē un papētot mirstības statistiku (oficiāli pieejamu), secinu, ka mirstība Latvijā nav palielinājusies salīdzinājumā ar pēdējās desmitgades vidējo. Līdz ar to loģisks ir jautājums - kādēļ mums ir vispār kādi ierobežojumi? Un kādēļ par tiem vēl joprojām tiek runāts? Sen taču bija tis jāatceļ. Var pat neatvainoties tautai, kaut gan tas būtu tikai normāli. Paradokss ir tāds, ka, izrādās, mirstība ir mazāka trešās pasaules valstīs - nabadzīgajās valstīs, kur nekādi ierobežojumi nav un nav bijuši. Pievienoju Del Bigtree sarunu ar izmeklējošo žurnālistu Jeffrey Jaksen, kurā skaidri un gaiši tiek pateikts, ka visi ierobežojumi nāk tikai un vienīgi par ļaunu cilvēku veselībai. Apzinoties, ka dažādi maniakāli stāvoklī ar bailēm un uzmācīgām domām ir grūti pārvarami un arī to, ka Kariņa kungs ir atbildīgs lielā mērā par Latvijas tautas veselību un labklājību, piedāvāju viņam bezmaksas konsultāciju. Homeopātijā ir efektīvi preparāti baiļu, psihožu un maniakālu stāvokļu ārstēšanai. Tas būtu mans neliels ieguldījums Latvijas tautas atbrīvošanā no nevajadzīgām un pilnīgi liekām ciešanām. Papildus piedāvāju bezmaksas konsultāciju arī Pavļuta kungam. Iespējams, ka tādējādi mums kopīgiem spēkiem izdosies pārvarēt krīzi un atcelt nepamatotos ierobežojumus. Kopā mēs varam!!!  /Dr.E.Mednis/  #AgenskalnaKlinika #GribuSportot #KopaMesVaram #DziveBezBailem https://www.bitchute.com/video/LBpQjwNrTb6Y/"
16,02.03.2021 23:56:29,Āgenskalna klīnika,,,"Varbūt mums būtu jāseko Teksasas piemēram? Tur kovidēmija beidzās, kā izskatās."
17,02.03.2021 23:56:29,Āgenskalna klīnika,,,
18,03.03.2021 11:42:13,Āgenskalna klīnika,,,"Paldies Andrim Ciekuram par labo darbiņu. Viņš ir publiskojis Ministru kabineta sēžu protokolus. Interesantas lietas atklājas. Pēc Premjera Kariņa domām visa šī Cov... histērija ir jāstiepj līdz rudenim, lai uzturētu cilvēkiem baiļu sindromu un tādējādi piespiestu viņus potēties. Diezgan nekrietni, manuprāt. Bet ar šādiem cilvēkiem ir jāsadzīvo šobrīd. Līdz kaut kas mainīsies. Manuprāt svarīgāks par visu ir saglabāt veselo saprātu un skaidru skatu uz dzīvi un procesiem tajā. Kopā mēs varam!!!  /Dr.E.Mednis/  #AgenskalnaKlinika #GribuSportot #KopaMesVaram #DziveBezBailem TE saite uz Andra Ciekura raidījumu: https://www.facebook.com/gaismastimeklis/videos/888456051888877/"
19,04.03.2021 13:06:41,Āgenskalna klīnika,,,
20,05.03.2021 14:19:04,Āgenskalna klīnika,,,"Dīvainā kārtā vakar manis Facebook ievietotais video, kurā vācu ārsts Bodo Schiffmann asarām acīs stāsta par kārtējo mirušo bērnu maskas lietošanas rezultātā pazuda no Klīnikas profila. Diezin vai tā ir sakritība, jo vakar ļoti īsā laikā “neatkarīgie” apzīmogoja to ar kvalitātes zīmi. Acīm redzot rečekisti ar Sabīni Bērziņu un viņai līdzīgajiem atbalsta bērnu spīdzināšanu, tāpat kā atbalsta visu pārējo ārprātu, kas notiek gan Latvijā, gan pasaulē. Tāpat kā viņi atbalsta medicīniskus izmēģinājumus ar cilvēkiem bez to informētas piekrišanas. Un tas jau, iespējams, ir Nirnbergas koda pārkāpums un, iespējams, krimināli sodāms. Ceru, ka līdz tam mēs visai drīz nonāksim, kad tiesās visus šajā pasaules lielākajā afērā un medicīniskajā eksperimentā iesaistītos. Un viņiem būs jāatbild par to cilvēku sakropļotām dzīvēm, veselību, izjukušajām ģimenēm, pašnāvībām, priekšlaicīgām nāvēm. Par visu to, ko rada šī afēra. Domājam labas domas, mēģinām stāvēt pret šo haosu, kas mums tiek uzspiests un saglabājam veselo saprātu. Kopā mēs varam!!! /Dr.E.Mednis/  #AgenskalnaKlinika #GribuSportot #KopaMesVaram #DziveBezBailem"
21,05.03.2021 21:18:23,Āgenskalna klīnika,,,
22,06.03.2021 23:05:13,Āgenskalna klīnika,,,"Re kā. Stokholmā šodien bijis mītiņš par demokrātiju. Cilvēki, bez maskām ielās, daudz cilvēku. Esot bijis ap tūkstoti."
23,06.03.2021 23:05:13,Āgenskalna klīnika,,,
24,06.03.2021 23:06:40,Āgenskalna klīnika,,,Te vēl turpinājums. Spriediet paši un domājiet. 🙂  Kopā mēs varam!!! /Dr.E.Mednis/  #AgenskalnaKlinika #GribuSportot #KopaMesVaram #DziveBezBailem
25,06.03.2021 23:06:40,Āgenskalna klīnika,,,
26,07.03.2021 17:55:22,Āgenskalna klīnika,,,"Man rokās nonāca divi visai interesanti dokumenti - viens - ASV patents, kurš ir iesniegts patentu valdē 2015. gada 13. oktobrī un patentēts tika ....... C19 testēšanas aprīkojums un metode. Un otrs dokuments apliecina C19 aparatūras un testu iepirkumu ASV, Eiropā un citur pasaulē, kas savukārt notika 2018.gadā. Vai nav dīvaini? Šķiet, ka nē, ja pieņemam to, ka šis viss teātris bija plānots jau iepriekš un šie dokumenti ir tikai pierādījums tam. Domājiet, vērojiet un vēlreiz domājiet. Viss nav tā, kā tiek pasniegts. Kā padomju laikos, ir jāmācās lasīt starp rindām un bez rindām. Liekot kopā gabaliņu pa gabaliņam un ar laiku puzzles bilde atklāsies. Kopā mēs varam!!! /Dr.E.Mednis/  #AgenskalnaKlinika #GribuSportot #KopaMesVaram #DziveBezBailem"
27,07.03.2021 17:55:22,Āgenskalna klīnika,,,
28,07.03.2021 17:55:36,Āgenskalna klīnika,,,
29,07.03.2021 20:01:12,Āgenskalna klīnika,,,Šeit ir pieejams jaunais Brīvvalsts TV ziņu raidījums. Kopā mēs varam!!! /Dr.E.Mednis/  #AgenskalnaKlinika #GribuSportot #KopaMesVaram #DziveBezBailem #brivvalststv
30,07.03.2021 20:01:12,Āgenskalna klīnika,,,
31,07.03.2021 20:28:08,Āgenskalna klīnika,,,
32,08.03.2021 10:07:49,Āgenskalna klīnika,,,
33,08.03.2021 10:25:21,Āgenskalna klīnika,,,"Šeit viens dokuments, ko sagatavojusi Pasaules Ārstu alianse par masku lietošanu. Ar atsaucēm uz oficiāliem datiem un pētījumiem. Maskas, kā zināms pilnīgi neko nedod aizsardzībai pret vīrusiem. Un tās Jūsu veselībai nodara vairāk ļaunuma nekā labuma. Lasiet un domājiet.  Kopā mēs varam!!! /Dr.E.Mednis/  #AgenskalnaKlinika #GribuSportot #KopaMesVaram #DziveBezBailem"
34,08.03.2021 10:25:21,Āgenskalna klīnika,,,
35,09.03.2021 11:32:16,Āgenskalna klīnika,,,"Šeit ir blakņu apkopojums Apvienotajā Karalistē no Pfizer vakcīnas, kas ir populāra arī pie mums. Blakņu sarakstā, daudz vēdera problēmu virs 100 nāves gadījumu , aklums un citi jaukumi. Laipni lūgti uz vakcinācijas kabinetu, mīļie izmēģinājuma trusīši.  Kopā mēs varam!!! /Dr.E.Mednis/  #AgenskalnaKlinika #GribuSportot #KopaMesVaram #DziveBezBailem"
36,09.03.2021 11:32:16,Āgenskalna klīnika,,,
37,09.03.2021 13:53:01,Āgenskalna klīnika,,,"Te arī Astra Zeneca vakcīnas blaknes, kas ietver aklumu, parēzes, sāpes dažādās ķermeņa daļās un ap 200  mirušajiem. Tas viss Apvienotajā Karalistē. Laipni lūgti vakcinēties. Kopā mēs varam!!! /Dr.E.Mednis/  #AgenskalnaKlinika #GribuSportot #KopaMesVaram #DziveBezBailem"
38,09.03.2021 13:53:01,Āgenskalna klīnika,,,
39,11.03.2021 13:01:32,Āgenskalna klīnika,,,"Mūsu valsts atbildīgās amatpersonas Kariņš, Pavļuts un citi aktīvi aģitē un izdomā arvien nekrietnākus paņēmienus kā piespiest cilvēkus vakcinēties pret to gribu. To viņi dara noklusējot faktu, ka vakcīnas NAV pārbaudītas tā, kā tam būtu jābūt, tās nav izgājušas pilnu izmēģinājumu ciklu un tātad tā ir eksperimentālas. Ja atceramies vēsturi, tad pavisam nesen - 20. gadsimta 30 un 40 gados bija divas lielvaras - Vācija un Padomju savienība, kuru vadības veica nelikumīgus eksperimentus ar cilvēkiem. Tas notika koncentrācijas nometnēs ar tajās ieslodzītajiem. Vai šobrīd pasaule un tai skaitā Latvija, pārvēršas par vienu lielu koncentrācijas nometni? vai tiešām cilvēku varaskāre  ir tik liela un vēsturiskā atmiņa tik vāja? Vai vis izšķir slāpes, slāpes pēc naudas. Tik daudz kā vēl nekad? Zemiski. Ļoti zemiski. Ļoti zemiski Kariņa kungs. Ļoti zemiski Pavļuta kungs. Jūs nostājieties pret savu tautu, pret saviem cilvēkiem. Jūs personīgi esiet un būsiet atbildīgi par visām blaknēm, par visiem mirušajiem šajā Jūsu vadītajā eksperimentā. Tā ir Jūsu personiskā atbildība. Un tā būs ļoti, ļoti smaga nasta. Jau tagad ar visiem ieviestajiem ierobežojumiem ir sabojātas ļoti daudzas dzīves, ļoti daudzi cilvēki cieš Jūsu ieviesto ierobežojumu dēļ. Un ciešanu būs vēl vairāk. Un jums būs par to jāatbild. Ja ne tiesas priekšā, tad vismaz savas sirdsapziņas priekšā. Un tā jūs mocīs līdz mūža beigām, ja vien jūs apjautīsiet to postu, ko sējat. Un jūs to apjautīsiet agri vai vēlu. Bet sapratīsiet. Bet ceras, ka taisnība uzvarēs un jums būs jāstājas tribunāla priekšā par noziegumiem pret cilvēci, par noziegumiem pret savu tautu. Taisnība uzvarēs!!! Šeit sarakstiņš ar vakcīnu blaknēm ar visām norādēm uz oficiāliem avotiem. Lasiet un domājiet.  Kopā mēs varam!!! /Dr.E.Mednis/  #AgenskalnaKlinika #GribuSportot #KopaMesVaram #DziveBezBailem https://vernoncoleman.org/articles/how-many-people-are-vaccines-killing"
40,11.03.2021 19:07:01,Āgenskalna klīnika,,,Iedegsim sveces par mūsu brīvību katru vakaru plkst.19.00 laikā no 11. līdz 20.martam. Kopā mēs varam!!! /Dr.E.Mednis/  #AgenskalnaKlinika #GribuSportot #KopaMesVaram #DziveBezBailem
41,11.03.2021 19:07:01,Āgenskalna klīnika,,,
42,12.03.2021 15:12:57,Āgenskalna klīnika,,,
44,12.03.2021 15:44:24,Āgenskalna klīnika,,,"Šeit ir, manuprāt, ļoti lietderīga iniciatīva - portālā manabalss.lv ir iespēja parakstīties par jaunizveidotā Vakcinācijas biroja likvidāciju. Interesantākais ir fakts, ka vienas dienas laikā jau šī iniciatīva ir savākusi ap 10 000 balsu. Cilvēki nav vienaldzīgi un viņiem rūp tautas veselība un valsts labklājība. Parakstīties var šeit: https://manabalss.lv/par-vakcinacijas-biroja-likvidesanu/show  Kopā mēs varam!!! /Dr.E.Mednis/  #AgenskalnaKlinika #GribuSportot #KopaMesVaram #DziveBezBailem"
45,12.03.2021 18:38:17,Āgenskalna klīnika,,,
46,14.03.2021 20:03:36,Āgenskalna klīnika,,,
47,14.03.2021 20:04:41,Āgenskalna klīnika,,,Šeit var noskatīties jauno Brīvvalsts TV raidījumu: https://www.facebook.com/daniels.baltais/videos/3779688978782583
48,14.03.2021 23:15:03,Āgenskalna klīnika,,,Ļoti emocionāla un aizkustinoša Īrijas ģimenes ārstes uzruna par situāciju pasaulē. Ir vērts noskatīties.  Kopā mēs varam!!! /Dr.E.Mednis/  #AgenskalnaKlinika #GribuSportot #KopaMesVaram #DziveBezBailem
49,14.03.2021 23:15:03,Āgenskalna klīnika,,,
50,15.03.2021 12:10:34,Āgenskalna klīnika,,,"Vakcinācija pret Covid, laikam ejot, izraisa ar vien vairāk jautājumu. Ar vien vairāk šaubu par to patieso mērķi. Ar vien vairāk šaubu par to drošību un nepieciešamību. Šīs visas šaubas pastiprina valdības aktīvā (pārlieku aktīvā) rīcība minēto vakcīnu piedāvāšanai (uzspiešanai) sabiedrībai. Tas ir zināms fizikas likums, jo lielāks spēks darbojas uz virsmu, jo lielāks spēks darbojas pretim. Arī dzīvē šis likums darbojas perfekti. Jo vairāk mūs spiež vakcinēties, jo vairāk mēs mēģināsim no tā izvairīties un jo vairāk cilvēku mēģinās izvairīties - atrast tādus vai citādus ceļus, lai nesaņemtu sev pienākošās indes devu. Un nesauciet mani par antivakseri vai zinātnes noliedzēju. Šeit nav zinātnes. Šeit ir tukša propaganda un biznesa intereses un arī vara ambīcijas. Nekādas zinātnes šeit nav un nekad nav bijis. Ne saistībā ar pašu vīrusu, ne arī vakcīnām pret šo vīrusu. Tie, kas mēģina iebilst un rakstīt skarbos komentārus, varbūt izslēdziet uz nedēļu televizorus un radio, neskatieties un nelasiet ziņas. Neko svarīgu jūs garām nepalaidīsiet. Bet atveriet acis un paskatieties apkārt. Pasaule izskatīsies pavisam savādāka. Un mazāk baisa. Un arī nāvējošais vīruss, iespējams būs pazudis no jūsu mājas un pagalma. Šeit vēlējos padalīties ar savu kolēģu rakstīto - daudzi jautājumi par vakcīnām - Eiropas ārstu un zinātnieku atklāta vēstule Eiropas zāļu aģentūrai. Izlasiet. Ar visām atsaucēm. Nopietnām atsaucēm. Un zinātniski.🙂 Kopā mēs varam!!! /Dr.E.Mednis/  #AgenskalnaKlinika #GribuSportot #KopaMesVaram #DziveBezBailem https://doctors4covidethics.medium.com/urgent-open-letter-from-doctors-and-scientists-to-the-european-medicines-agency-regarding-covid-19-f6e17c311595"
51,15.03.2021 22:28:18,Āgenskalna klīnika,,,"Bija vajadzīgi 5 brīvvalsts TV raidījumi, lai ""patiesības ministrija"" bloķētu youtube kanālu, kurā tika translēti šie raidījumi. Pamatojums: medical misinformation. Smieklīgi. jautājums, kurš medicīnas eksperts to izlēma? Vai tā bija Sabīne Bērziņa no ReBaltika vai kāds līdzīga statusa un izglītības medicīnas eksperts? Bet fizika ir fizika. Un tā darbojas. Jo liekās spiediens uz virsmu, jo lielāks pretspēks. Jo vairāk alternatīvi domājošos bloķē, jo tas attīsta kreativitāti un liek domāt plašāk. Tas viss ir uz attīstību. Un tas priecē. Mēs visi augam caur šo neordināro situāciju. Un no tās iziesim daudz gudrāki, daudz stiprāki un daudz saliedētāki kā tai sākoties.  Kopā mēs varam!!! /Dr.E.Mednis/  #AgenskalnaKlinika #GribuSportot #KopaMesVaram #DziveBezBailem"
52,16.03.2021 09:11:32,Āgenskalna klīnika,,,"Šeit interesants raksts par rečekistu patieso seju un finansējumu. Varu viņiem pačukstēt, ka vārda brīvību Latvijā neviens nav vēl atcēlis. Vismaz oficiāli nē. Līdz ar to mums visiem ir tiesības uz savu viedokli. Lai arī nepareizu, subjektīvu. Bet ir tiesības. Tāpat kā mūsu oponentiem ir tiesības uz savu. kā lab zināms: patiesība dzimst strīdos (diskusijās). Un tas ir arī demokrātiskas sabiedrības stūrakmens - brīvi runāt, brīvi paust savu gribu un nostāju. Jo, ja šodien samierināmies ar vārda cenzūru, rīt būs noteikts par ko jābalso vēlēšanās un parīt vēlēšanas notiks bez mums, jo rečekisti kopā ar citiem čekistiem būs jau mūsu vietā sakārtojuši lietas un ievēlējuši vajadzīgos cilvēkus vajadzīgajās vietās. Tādēļ pats brīvi paužu savu viedokli un aicinu citus darīt tāpat. Bez bailēm. Un, kā lasīju komentāros pie viena no saviem ierakstiem: rečekistu zīmogs Facebook profilā ir zināma kvalitātes zīme. Tas nozīmē, ka viss ir pareizi. Esam brīvi, brīvi elpojam, brīvi domājam, brīvi paužam savus viedokļus, lai kādi tie arī būtu. Un tad mēs patiešām jutīsimies un būsim brīvi. Brīvi no visām važām, stereotipiem, cenzūras, maskām, ierobežojumiem, lokdauniem. No visa, kas degradē cilvēku kā augstāko būtni, cilvēku, kā personību. Kopā mēs varam!!! /Dr.E.Mednis/  #AgenskalnaKlinika #GribuSportot #KopaMesVaram #DziveBezBailemhttps://marcisjencitis.com/atmaskoti-rebaltica-un-recheck/"
53,16.03.2021 10:53:44,Āgenskalna klīnika,,,"Nu re, lietas risinās kā vecajā labajā Padomju savienībā. Pirms kāda laikā biju savā Telegram kanālā un arī FB lapā nopublicējis informāciju par PCR testiem. Informācija bija zinātniski pamatota un balstīta gan uz PCR testa izstrādātāja Karen Mullis teikto, gan arī uz paša testa tehnisko informāciju. Tas gan netraucēja Saeimas deputātam Andrim Skridem nosūtīt iesniegumu Valsts Policijai ar lūgumu izvērtēt manu viedokli. Vai tas nozīmē, ka atsevišķi personāži šai visā teātrī uzskata, ka viedoklis ir cenzējams jebkuriem līdzekļiem. Neizdevās viedokli cenzēt ar Veselības inspekcijas palīdzību, tagad uz skatuves jānāk Valsts policijai. Vai tas būtu cenzūras mēģinājums godājamais Dr.Skride? Jeb tā būtu neslavas celšana, kas mūsu valstī ir krimināli sodāma? Jeb kas ir tas, ko Jūs mēģiniet pateikt ar šīm savām darbībām un iesniegumiem dažādām valsts institūcijām? Patiesību jau nevar noslēpt. Tā vienalga taps redzama agrāk vai vēlāk. Un pilnīgi neatkarīgi no tā vi deputāts Skride vēlas to vai nē. Kopā mēs varam!!! /Dr.E.Mednis/  #AgenskalnaKlinika #GribuSportot #KopaMesVaram #DziveBezBailem"
54,16.03.2021 19:31:44,Āgenskalna klīnika,,,
55,18.03.2021 08:36:36,Āgenskalna klīnika,,,"Laikā, kad pasaulē valda dīvainas lietas un varas vīru darbības kļūst aizvien attālinātākas no rūpēm par savām tautām, ir ļoti būtiski mums visiem turēt možu garu, celt savas vibrācijas, un būt  brīviem savā apziņā, savā būtībā. Aicinu visus šī gada 20.martā plkst 12. apvienoties un vienoties kopīgā dziesmā, kopīgā lūgšanā par savu tautu, par mūsu bērniem, par mums pašiem. Dziedāsim no sirds visi kopā vienā laikā, vieniem vārdiem vienā melodijā. Lai kur arī katrs mēs atrastos, mēs esam kopā, mēs esam vienoti. Vēlāk šeit būs saite uz kopīgo ierakstu.Kopā mēs varam!!! /Dr.E.Mednis/  #AgenskalnaKlinika #GribuSportot #KopaMesVaram #DziveBezBailem https://www.facebook.com/events/878944526284136/"
56,19.03.2021 18:26:30,Āgenskalna klīnika,,,"Šeit ir arī gala produkts - mūsu saruna ar Artūru Berni. Par dzīvi, vīrusiem un citām interesantām lietām.Kopā mēs varam!!! /Dr.E.Mednis/  #AgenskalnaKlinika #GribuSportot #KopaMesVaram #DziveBezBailemhttps://www.facebook.com/BernisArturs/videos/191018589161921/"
57,21.03.2021 13:12:57,Āgenskalna klīnika,,,"Šovakar, kā katru svētdienas vakaru, skatāmies, jau ierastajā laikā plkst 20.00, Brīvvalsts TV kārtējo ziņu izlaidumu. Būs interesanti. Kopā mēs varam!!! /Dr.E.Mednis/  #AgenskalnaKlinika #GribuSportot #KopaMesVaram #DziveBezBailem www.facebook.com/brivvalsts.tv"
58,21.03.2021 19:58:33,Āgenskalna klīnika,,,Šeit arī jaunais Brīvvalsts TV ziņu raidījums. Skatāmies un baudām. https://www.brivibasplatforma.lv/brivvalsts-tv-zinas-21-03-2021/Kopā mēs varam!!! /Dr.E.Mednis/  #AgenskalnaKlinika #GribuSportot #KopaMesVaram #DziveBezBailem #brivvalststv
59,23.03.2021 11:55:35,Āgenskalna klīnika,,,"Šodien mums bija interesanta saruna ar manu kolēģi Dr. Pēteri Apini par bērniem, viņu sajūtām psihopandēmijas laikā, bērnu alkoholismu, narkomāniju un citām šīs pandēmijas sekām šobrīd un nākotnē. Skatieties, dalieties. Rūpējamies par saviem bērniem. Ceļam viņus ārā no depresijām, nomāktības, neko negribēšanas. Ejam ar viņiem dabā, sportojam kopā, uzmundrinām viņus. Un šādi mēs visi kopā kāpjam ārā no tās bedres, kurā valdoņi mūs pūlas iegāzt.Kopā mēs varam!!!/Dr.E.Mednis/#AgenskalnaKlinika #GribuSportot #KopaMesVaram #DziveBezBailemSkatieties, dalieties, baudiet. 😁❤️ https://www.facebook.com/apinispeteris/videos/814915926050231/"
60,25.03.2021 13:16:51,Āgenskalna klīnika,,,
65,27.03.2021 07:46:52,Āgenskalna klīnika,,,
70,28.03.2021 12:18:22,Āgenskalna klīnika,,,"Laikā, kad mums maskas uzspiež ar varu un tās tiek pasniegtas kā panaceja aizsardzībā pret vīrusiem, ir vērts ielūkoties kā tās tiek šūtas - to izgatavošanas procesā. Šeit ir jauks video, kurā tas ir redzams. Ievērojiet, ka zilā virsma ir uz augšu. Baltā, kas tiek likta uz sejas, slauka grīdu. 👍 Labu apetīti un turpinām tās lietot ar lielu uzcītību. https://youtu.be/Esz6PudIiY0Kopā mēs varam!!! /Dr.E.Mednis/  #AgenskalnaKlinika #GribuSportot #KopaMesVaram #DziveBezBailem"
72,29.03.2021 21:45:22,Āgenskalna klīnika,,,"Strādājot ar saviem pacientiem bieži nākas domāt par medicīnu kopumā. Par tās attīstības virzieniem. Jau savulaik, kad tikko biju pabeidzis Latvijas Medicīnas akadēmiju un sāku strādāt, mans labs draugs un, varētu teikt, dzīves skolotājs Dr. Juris Vecvagars reiz teica: klasiskā medicīna ir laba tikai, lai neļautu tev nomirt. Šī brīža situācija to ļoti skaudri apliecina. Mums ir atnācis vīruss no kura pārsvarā mirst veci cilvēki un cilvēki ar vairākām hroniskām saslimšanām. Arī slimo smagāk, tie, kam ir fona saslimšanas. Bet, domāju, ka ne jau pašā diagnozē slēpjas šī jautājuma būtība. Tā, manuprāt slēpjas ārstēšanā. Daudz esmu par šo domājis. Ar šo es nebūt negribu noniecināt savu kolēģu darbu. Es novērtēju viņu pūles un ieguldījumu cilvēku veselības atgūšanā. Bet tomēr, klasiskā medicīna (farmakoloģiskā) hronisku slimību gadījumā maz ko var līdzēt. Vienīgi apārstēt, nomākt simptomus. Ja pavērojam nozīmējumus, piemēram bronhiālās astmas pacientiem - steroīdi, reimātiķiem steroīdi u.t.t. Tad vēl citostātiķi, antibiotikas un citi dzīvību nomācoši medikamenti. Ir, protams reizes, kad to visu, iespējams, vajag. Bet vairumā gadījumu bez tā var iztikt. Vismaz mana prakse to rāda. var izārstēt plaušu karsoni, bronhītu, strutainu angīnu bez antibiotikām, var izārstēt reimatisko artrītu bez steroīdiem, tāpat astmu. Jo katrai slimībai ir savs palaidēja mehānisms. Katru slimību var tulkot. Caur slimību ķermenis runā. Mums tikai jāprot nolasīt šī valoda. Mums jāmāk sarunāties šajā valodā. Un tad jau visu var izdarīt. Tad var tā pa īstam palīdzēt pacientam. Un nevis ārstēt vai izārstēt, bet dziedināt. Tas manuprāt, ir visbūtiskākais. Tas ir tas, uz ko katram ārstam būtu jātiecas. Uz savu pacientu dziedināšanu. Tam, protams, nepieciešams laiks. Laiks sarunai ar pacientu. Kā, mums studentiem, savulaik, Profesors Nikolajs Skuja mācīja: anamnēzes ievākšanai nepieciešamais laiks ir 2-3 stundas. Tad būs sapratne par to kādēļ cilvēks ir saslimis. Un tas praksē apstiprinās - sarunai ar pacientu, laiku nedrīkst žēlot. Tikai tā mēs varam palīdzēt saviem pacientiem. Bet atgriežoties pie šī raksta sākumā minētā - kurp dodas medicīna? Tā, manuprāt, dodas holistiskās pieejas virzienā. Tā dodas ""netradicionālās"" medicīnas virzienā - homeopātijas, akupunktūras, ajūrvēdas un līdzīgu. Turp, kur pacients ir vērtība. Turp, kur ir patiesa vēlme viņu izārstēt. Turp, kur ir  vēlme ieklausīties un saprast. Tādu es redzu medicīnas nākotni. Ļoti skaidri. Un tā pienāks pavisam drīz.Kopā mēs varam!!! /Dr.E.Mednis/  #AgenskalnaKlinika #GribuSportot #KopaMesVaram #DziveBezBailem"
74,31.03.2021 14:16:07,Āgenskalna klīnika,,,"Pieņemoties spēkā vakcinācijas propagandai mums katram ir jāspēj pieņemt savs un pamatots lēmums vakcinācijas sakarā. Mums ir jānoformulē sava attieksme - vai mēs katrs personīgi vēlamies piedalīties medicīniskā eksperimentā brīvprātīgi un bez samaksas. Un jāspēj sakārtot savas prioritātes - salikt savas vēlmes prioritārā secībā. man personīgi pirmajā vietā ir sava veselība. Jo, ja es nebūšu vesels, tad es nevarēšu palīdzēt citiem. Es nebūšu spējīgs dot citiem. Lai kā man gribētos ceļot un baudīt ārzemju jaukumus, kalnus, sauli, sniegu kalnos un citas burvīgas lietas, es esmu gatavs paciesties, līdz es varēšu ceļot brīvi, bez testiem, bez vakcīnām, bez kaut kādām koncentrācijas nometnes izziņām(zaļajām pasēm) un citām cilvēku brīvību ierobežojošām lietām. Un tas viss tādēļ, kas ES ESMU VESELS un VĒLOS BŪT VESELS.Šajā sakarā pievienoju ebreju rabīna  Chananya Weissman uzrakstīto 31 punktu kādēļ viņš nevakcinēsies. Es viņam pievienojos par visiem 100%:1. It’s not a vaccine. A vaccine by definition provides immunity to a disease. This does not provide immunity to anything. In a best-case scenario, it merely reduces the chance of getting a severe case of a virus if one catches it. Hence, it is a medical treatment, not a vaccine. I do not want to take a medical treatment for an illness I do not have.2. The drug companies, politicians, medical establishment, and media have joined forces to universally refer to this as a vaccine when it is not one, with the intention of manipulating people into feeling safer about undergoing a medical treatment. Because they are being deceitful, I do not trust them, and want nothing to do with their medical treatment.3. The presumed benefits of this medical treatment are minimal and would not last long in any case. The establishment acknowledges this, and is already talking about additional shots and ever-increasing numbers of new “vaccines” that would be required on a regular basis. I refuse to turn myself into a chronic patient who receives injections of new pharmaceutical products on a regular basis simply to reduce my chances of getting a severe case of a virus that these injections do not even prevent.4. I can reduce my chances of getting a severe case of a virus by strengthening my immune system naturally. In the event I catch a virus, there are vitamins and well-established drugs that have had wonderful results in warding off the illness, without the risks and unknowns of this medical treatment.5. The establishment insists that this medical treatment is safe. They cannot possibly know this because the long-term effects are entirely unknown, and will not be known for many years. They may speculate that it is safe, but it is disingenuous for them to make such a claim that cannot possibly be known. Because they are being disingenuous, I do not trust them, and I want no part of their treatment.6. The drug companies have zero liability if anything goes wrong, and cannot be sued. Same for the politicians who are pushing this treatment. I will not inject myself with a new, experimental medical device when the people behind it accept no liability or responsibility if something goes wrong. I will not risk my health and my life when they refuse to risk anything.7. Israel’s Prime Minister has openly admitted that the Israeli people are the world’s laboratory for this experimental treatment. I am not interested in being a guinea pig or donating my body to science.8. Israel agreed to share medical data of its citizens with a foreign drug company as a fundamental part of their agreement to receive this treatment.I never consented for my personal medical data to be shared with any such entity, nor was I even asked. I will not contribute to this sleazy enterprise."
75,31.03.2021 14:16:07,Āgenskalna klīnika,,,"9. The executives and board members at Pfizer are on record that they have not taken their own treatment, despite all the fanfare and assurances. They are claiming that they would consider it unfair to “cut the line”. This is a preposterous excuse, and it takes an unbelievable amount of chutzpah to even say such a thing. Such a “line” is a figment of their own imagination; if they hogged a couple of injections for themselves no one would cry foul. In addition, billionaires with private jets and private islands are not known for waiting in line until hundreds of millions of peasants all over the world go first to receive anything these billionaires want for themselves.10. The establishment media have accepted this preposterous excuse without question or concern. Moreover, they laud Pfizer’s executives for their supposed self-sacrifice in not taking their own experimental treatment until we go first. Since they consider us such fools, I do not trust them, and do not want their new treatment. They can have my place in line. I’ll go to the very back of the line.11. Three facts that must be put together:    Bill Gates is touting these vaccines as essential to the survival of the human race.    Bill Gates believes the world has too many people and needs to be “depopulated”.    Bill Gates, perhaps the richest man in the world, has also not been injected. No rush.Uh, no. I’ll pass on any medical treatments he wants me to take.Vaccines: Mainstream Media Has Become a Shocking Exhibit of Intellectual Bigotry and Thought Coercion12. The establishment has been entirely one-sided in celebrating this treatment.The politicians and media are urging people to take it as both a moral and civic duty. The benefits of the treatment are being greatly exaggerated, the risks are being ignored, and the unknowns are being brushed aside. Because they are being deceitful and manipulative, I will not gamble my personal wellbeing on their integrity.13. There is an intense propaganda campaign for people to take this treatment.Politicians and celebrities are taking selfies of themselves getting injected (perhaps in some cases pretending to get injected), the media is hyping this as the coolest, smartest, most happy and fun thing to do. It is the most widespread marketing campaign in history. This is not at all appropriate for any medical treatment, let alone a brand new one, and it makes me recoil.14. The masses are following in tow, posting pictures of themselves getting injected with a drug, feeding the mass peer pressure to do the same. There is something very alarming and sick about this, and I want no part of it. I never took drugs just because “everyone’s doing it” and it’s cool. I’m certainly not going to start now.15. Those who raise concerns about this medical treatment are being bullied, slandered, mocked, censored, ostracized, threatened, and fired from their jobs. This includes medical professionals who have science-based concerns about the drug and caregivers who have witnessed people under their charge suffering horrible reactions and death shortly after being injected. When the establishment is purging good people who risk everything simply to raise concerns about a new medical treatment — even if they don’t outright oppose it — I will trust these brave people over the establishment every time. I cannot think of a single similar case in history when truth and morality turned out to be on the side of the establishment.16. This is the greatest medical experiment in the history of the human race.17. It is purposely not being portrayed as the greatest medical experiment in the history of the human race, and the fact that it is a medical experiment at all is being severely downplayed.18. Were they up front with the masses, very few would agree to participate in such an experiment. Manipulating the masses to participate in a medical experiment under false pretenses violates the foundations of medical ethics and democratic law. I will not allow unethical people who engage in such conduct to inject me with anything."
76,31.03.2021 14:16:07,Āgenskalna klīnika,,,"19. The medical establishment is not informing people about any of this. They have become marketing agents for an experimental drug, serving huge companies and politicians who have made deals with them. This is a direct conflict with their mandate to concern themselves exclusively with the wellbeing of the people under their care. Since the medical establishment has become corrupted, and has become nothing more than a corporate and political tool, I do not trust the experimental drug they want so badly to inject me with.20. We are being pressured in various ways to get injected, which violates medical ethics and the foundations of democratic society. The best way to get me not to do something is to pressure me to do it.21. The government has sealed their protocol related to the virus and treatments for THIRTY YEARS. This is information that the public has a right to know, and the government has a responsibility to share. What are they covering up? Do they really expect me to believe that everything is kosher about all this, and that they are concerned first and foremost with my health? The last time they did this was with the Yemenite Children Affair. If you’re not familiar with it, look it up. Now they’re pulling the same shtick. They didn’t fool me the first time, and they’re definitely not fooling me now.22. The government can share our personal medical data with foreign corporations, but they won’t share their own protocol on the matter with us? I’m out.23. The establishment has recruited doctors, rabbis, the media, and the masses to harangue people who don’t want to get injected with a new drug. We are being called the worst sort of names. We are being told that we believe in crazy conspiracies, that we are against science, that we are selfish, that we are murderers, that we don’t care about the elderly, that it’s our fault that the government continues to impose draconian restrictions on the public. It’s all because we don’t want to get injected with an experimental treatment, no questions asked. We are even being told that we have a religious obligation to do this, and that we are grave sinners if we do not. They say that if we do not agree to get injected, we should be forced to stay inside our homes forever and be ostracized from public life.This is horrific, disgusting, a perversion of common sense, morality, and the Torah. It makes me recoil, and only further cements my distrust of these people and my opposition to taking their experimental drug. How dare they?24. I know of many people who got injected, but none of them studied the science in depth, carefully weighed the potential benefits against the risks, compared this option to other alternatives, was truly informed, and decided this medical treatment was the best option for them. On the contrary, they got injected because of the hype, the propaganda, the pressure, the fear, blind trust in what “the majority of experts” supposedly believed (assuming THEY all studied everything in depth and were completely objective, which is highly dubious), blind trust in what certain influential rabbis urged them to do (ditto the above), or hysterical fear that the only option was getting injected or getting seriously ill from the virus. When I see mass hysteria and cult-like behavior surrounding a medical treatment, I will be extremely suspicious and avoid it.25. The drug companies have a long and glorious history of causing mass carnage with wonder drugs they thrust on unsuspecting populations, even after serious problems had already become known. Instead of pressing the pause button and halting the marketing of these drugs until these issues could be properly investigated, the drug companies did everything in their power to suppress the information and keep pushing their products. When companies and people have demonstrated such gross lack of concern for human life, I will not trust them when they hype a new wonder drug. This isn’t our first rodeo."
77,31.03.2021 14:16:07,Āgenskalna klīnika,,,"26. Indeed, the horror stories are already coming in at warp speed, but the politicians are not the least bit concerned, the medical establishment is brushing them aside as unrelated or negligible, the media is ignoring it, the drug companies are steaming ahead at full speed, and those who raise a red flag continue to be bullied, censored, and punished. Clearly my life and my wellbeing are not their primary concern. I will not be their next guinea pig in their laboratory. I will not risk being the next “coincidence”.27. Although many people have died shortly after getting injected — including perfectly healthy young people — we are not allowed to imply that the injection had anything to do with it. Somehow this is anti-science and will cause more people to die. I believe that denying any possible link, abusing people who speculate that there might be a link, and demonstrating not the slightest curiosity to even explore if there might be a link is what is anti-science and could very well cause more people to die. These same people believe I am obligated to get injected as well. No freaking thanks.28. I am repulsed by the religious, cult-like worship of a pharmaceutical product, and will not participate in this ritual.29. My “healthcare” provider keeps badgering me to get injected, yet they have provided me no information on this treatment or any possible alternatives.Everything I know I learned from others outside the establishment. Informed consent has become conformed consent. I decline.30. I see all the lies, corruption, propaganda, manipulation, censorship, bullying, violation of medical ethics, lack of integrity in the scientific process, suppression of inconvenient adverse reactions, dismissal of legitimate concerns, hysteria, cult-like behavior, ignorance, closed-mindedness, fear, medical and political tyranny, concealment of protocols, lack of true concern for human life, lack of respect for basic human rights and freedoms, perversion of the Torah and common sense, demonization of good people, the greatest medical experiment of all time being conducted by greedy, untrustworthy, godless people, the lack of liability for those who demand I risk everything… I see all this and I have decided they can all have my place in line. I will put my trust in God. I will use the mind He blessed me with and trust my natural instincts.Which leads to the final reason which sums up why I will not get “vaccinated.”31. The Whole thing Stinks.Kopā mēs varam!!! /Dr.E.Mednis/  #AgenskalnaKlinika #GribuSportot #KopaMesVaram #DziveBezBailem"
79,01.04.2021 15:47:11,Āgenskalna klīnika,,,
80,01.04.2021 15:48:25,Āgenskalna klīnika,,,*Šī ir 1.aprīļa ziņa. Bet skaisti ir pasapņot. 😁❤️❤️❤️Kopā mēs varam!!! /Dr.E.Mednis/  #AgenskalnaKlinika #GribuSportot #KopaMesVaram #DziveBezBailem
84,03.04.2021 20:50:52,Āgenskalna klīnika,,,"Šobrīd valdība izvērš ļoti aktīvu mārketinga kampaņu vakcīnām. Interesanti, kas ir mērķis. Respektīvi kāda mērķa labad ir jāuzspiež tautai (to dara gandrīz katra valdība pasaulē) neizmēģinātas, līdz galam netestētas, neviens nezin par iespējamām blaknēm un tām, kas būs pēc gada, diviem, pieciem un desmit. Neviens nezina kā tās ietekmēs mūsu organismu, kā būs ar auglību, kā būs ar imūnsistēmas darbību. Šobrīd zinātnieki visā pasaulē brīdina par iespējamu neauglību pēc mRNA vakcīnām, dažādām neiroloģiskām slimībām, autoimūnām saslimšanām. Daudzi ir miruši pēc pirmās vai otrās devas. Un valdības, joprojām ""nespēj sasaistīt"" šīs nāves ar vakcīnu. Toties, ja cilvēks ir testēts pozitīvi pret Covid, tad gan nāves gadījumā viņš tiek ierēķināts no Covid mirušo statistikā, neņemot vērā patieso nāves iemeslu. Bieži vien tas, iespējams, nav saistīts ar šo slimību. Retorisks jautājums - kādēļ pasaules valstu valdības tērē milzu naudu Covid mārketinga kampaņām? Kādēļ un kam tas ir izdevīgi. Kam ir vajadzīgs šis Covid kults? Kas ir tā patiesie organizatori? Un kā vārdā viņi darbojas? Šeit piedāvāju Pasaules ārstu alianses sagatavotu bukletu, kas rosina domāt. Kas rosina izvērtēt. Jau pirms laiciņa publicēju Vakcīnealitātes izveidoto bukletu jauno vakcīnu sakarā. Šis ir loģisks un vērtīgs turpinājums. Domājam, domājam, domājam. Un glābjam savus tuviniekus un draugus. Lai vēlāk nav žēl un sirdsapziņas pārmetumi, ka varējām darīt, bet nedarījām. Pārfrāzējot visiem zināmo teicienu - izglāb draugu, neļauj vakcinēties. Kopā mēs varam!!! /Dr.E.Mednis/  #AgenskalnaKlinika #GribuSportot #KopaMesVaram #DziveBezBailem"
85,03.04.2021 20:51:37,Āgenskalna klīnika,,,
87,04.04.2021 12:58:11,Āgenskalna klīnika,,,"Šeit ļoti ilustratīvs piemērs manis iepriekš rakstītajam. vakcīnas NAV drošas. Tās NAV izpētītas. Un cilvēki mirst no tām. Neatkarīgi no ticības tām, ādas krāsas, reliģiskās piederības un vecuma (šajā gadījumā jaunības). Padomājiet PIRMS vakcinācijas. Palūdziet savu ģimenes ārstu, vai jebkuru citu personu, kura Jums piedāvā vakcinēties, Jums izsniegt uz rokas vakcīnas anotāciju. Un pajautājiet vai pētījumi uz dzīvniekiem ir bijuši un kad beigsies trešās fāzes pētījumi konkrētajai vakcīnai. Domājiet PIRMS!!!Kopā mēs varam!!! /Dr.E.Mednis/  #AgenskalnaKlinika #GribuSportot #KopaMesVaram #DziveBezBailem"
88,04.04.2021 12:58:11,Āgenskalna klīnika,,,
91,04.04.2021 21:16:41,Āgenskalna klīnika,,,
92,08.04.2021 12:02:32,Āgenskalna klīnika,,,"Ļoti labu ierakstu FB un Telegram platformā ir ierakstījusi Marika Zelča Čerāne par Covid vakcīnu virzīšanu tirgū un mēģinājumiem uzspiest tās tautai. Informācijas telpa nav vēl slēgta, līdz ar to ziņas ātri izplatās visā pasaulē.  Arvien vairāk nākas dzirdēt gadījumus, kad kāds ir miris īsā laikā pēc vakcinācijas ar kādu no jaunajām mRNA vakcīnām. Visiem, kas vakcinējas būtu jāsaprot tas, ka viņi piedalās klīniskā eksperimentā ar cilvēkiem.  Un neviens nesegs iespējamos zaudējumus. Neviens negarantē vakcīnu drošību. Tā teikt slīcēju glābšana ir pašu slīcēju rokās - pats ej vakcinēties, pats arī atbildi par sekām. Un tādas ir. Un ir nopietnas. Tikko Latviju pāršalca ziņa, ka neilgi pēc vakcīnas ir miris Prof. Riževs, psihiatrs. Kurš izmeklē šo nāves gadījumu? Kurš ir ieinteresēts atklāt patiesību no kā viņš ir miris? Tuvinieki. Bet vai kāds vēl? Vai Zāļu Valsta aģentūrai tas interesē? Vai Veselības ministram tas interesē? Vai premjeram tas interesē? Un vai viņi ir ko darījuši vai dara, lai to noskaidrotu? Nē. Viņi ir aizņemti ar vakcinācijas mārketinga kampaņu. Un ""dažas nāves"", kas ir mazsvarīgākas kā lielais mērķis (utopija) - lai no šī nieka vīrusa nemirtu cilvēki. Absurds. Kā zinām 2020.gadā mirstība Latvijā nav pieaugusi salīdzinājumā ar pēdējo vairāku gadu vidējo. Tad par kādu mērķi ir runa? Veselība? Muļķības. Tās iespējams ir absolūti savtīgas intereses - nauda un vara, kas pilnībā aizmiglo skatienu. Tādēļ joprojām uzskatu, ka vakcinācijas pret Covid 19 ir pāragra, kāmēr nav pabeigti pilnībā visi testi visās fāzēs. Un uzskatu, ka tā var novest pie lielas katastrofas tieši komplikāciju dēļ. jautājums ir tikai par to kāpēc pirmkārt ir jāiznīdē ārsti, medmāsiņas, glābēji, policisti un karavīri? Kādēļ šīs kategorijas mums nav svarīgas? Par to padomājiet. Un izdariet savus secinājumus.Kopā mēs varam!!! /Dr.E.Mednis/  #AgenskalnaKlinika #GribuSportot #KopaMesVaram #DziveBezBailem"
93,08.04.2021 12:02:32,Āgenskalna klīnika,,,
95,08.04.2021 20:49:18,Āgenskalna klīnika,,,"Vai Jūs ziniet kādēļ valdībai ir tik ļoti nepieciešams savakcinēt pēc iespējas vairāk cilvēku? Bizness? Nauda? Nāvējošs vīruss? Izrādās nē. Nekā tamlīdzīga. Krievi atzinās, ka viņu vakcīna satur digitālas tehnoloģijas - čipu. Nav izslēgts, ka arī pārējās (pie mums pieejamās) vakcīnas arī satur to pašu. Ar šīm tehnoloģijām jūs varēs pilnībā izsekot, varēs zināt ko jūs dariet, ar ko tiekieties, cik ilgi, kurā vietā un tā tālāk. Par jums būs visa vēsture. Un jūs nevarēsiet no tā izbēgt. Čipu nevar izņemt. Tās ir nanodaļiņas. Tas nozīmē, ka ar vienu piegājienu jūs būsiet pilnībā kontrolēts un uz mūžu. Jauki, vai ne? Laipni lūgti jaunajā pasaulē.Kopā mēs varam!!! /Dr.E.Mednis/  #AgenskalnaKlinika #GribuSportot #KopaMesVaram #DziveBezBailem"
96,08.04.2021 20:49:18,Āgenskalna klīnika,,,
99,11.04.2021 20:29:51,Āgenskalna klīnika,,,
100,11.04.2021 22:54:55,Āgenskalna klīnika,,,"Interesanti jaunumi nāk klajā turpinoties visam šim šovam. Re, Microsoft piegādā elektroniskus čipus Pfizer koncernam, lai tos ievietotu Covid vakcīnās. Jaunās vakcīnas jau būšot ar tiem aprīkotas. Mērķis? Lai novērstu blaknes. Ticiet? Es nē. Tā noteikti ir nejauša saadīšanās, ka tieši Microsoft. Zinot to, ka Bills Geitss ir viens no aktīvākajiem vakcinēšanās un kovid baidīšanas ruporiem. Pirms gada, martā, kad viss šis šovs sākās, atcerieties, par cilvēku čipošanu runāja Deivids Aiks (David Icke), runāja arī Aivis Vasiļevskis. Tolaik tas šķita slima suņa murgi. Kaut kāda fantastika un ""tas jau nu noteikti tik ātri nenotiks"". Notiek. Un daudz ātrāk, kā mēs spējam iedomāties. Visas fantastiskās konspiratīvās teorijas ar milzu ātrumu un precizitāti kļūst par realitāti. Un tagad palasiet viņus abus, vai paklausieties dažādos kanālos. Paklausieties vēl citus viedos, zinošos. Un padomājiet par to, ko viņi stāsta. Lai cik neticami tas izklausītos, atcerieties, ko domājāt pirms gada par cilvēku čipošanu.Bet Kopā mēs varam!!! /Dr.E.Mednis/  #AgenskalnaKlinika #GribuSportot #KopaMesVaram #DziveBezBailem https://www.valuewalk.com/pfizer-announces-covid-19-vaccine-upgrade-now-includes-microsoft-chip-for-reduced-symptoms?amp"
102,12.04.2021 08:24:40,Āgenskalna klīnika,,,"Vakar rakstīju par MIcrosoft čipiem Pfizer vakcīnās. paldies acīgajiem, kas pamanīja, ka tā ir satīras ziņa. Bet, kā zināms, katrā jokā ir daļa joka, tādēļ uztveram tomēr nopietni. Jo, ļoti iespējams, tā ir tuva nākotne. Kā zināms, Krievijas vakcīnā Sputņik 5 ir nanočipi, kā viņi paši atzinās. Līdz ar to, nav pamata uzskatīt, ka citās vakcīnās to nav. Bet, katrā ziņā, laiks rādīs. Labāk būt gataviem.Kopā mēs varam!!! /Dr.E.Mednis/  #AgenskalnaKlinika #GribuSportot #KopaMesVaram #DziveBezBailem"
104,14.04.2021 21:36:24,Āgenskalna klīnika,,,"Patiešām priecīga ziņa ir pienākusi no Austrijas - tur tiesa ir lēmusi, ka PCR testi, jeb tautā sauktie Kovid testi NAV derīgi šīs slimības diagnostikai un ierobežojumiem jeb lokdauniem nav nekāda juridiska pamatojuma. Re kā, taisnība tomēr uzvar. Jācer, ka arī mūsu valdībnieki ieklausīsies šajā vēstī un arī mums atcels visus nejēdzīgos ierobežojumus, kā masku obligāto nēsāšanu, piespiedu/ brīvprātīgo vakcināciju ar eksperimentālajām vakcīnām un citas iespējami noziedzīgas darbības, kam nav nekāda - ne medicīniska, ne juridiska pamatojuma. Pielikumā arī Vīnes tiesas spriedums uz 16 lapām. Angliski.Kopā mēs varam!!! /Dr.E.Mednis/  #AgenskalnaKlinika #GribuSportot #KopaMesVaram #DziveBezBailem https://greatgameindia.com/austria-court-pcr-test/"
106,14.04.2021 23:48:42,Āgenskalna klīnika,,,Ļoti iedvesmojošs flešmobs Parīzē austrumu stacijā.Kopā mēs varam!!! /Dr.E.Mednis/  #AgenskalnaKlinika #GribuSportot #KopaMesVaram #DziveBezBailemhttps://www.youtube.com/watch?v=GN5B27zT29Y
108,15.04.2021 14:49:02,Āgenskalna klīnika,,,"Dzīve met interesantus lokus. Šeit ir atbilde un iemesls padomāt visiem, kas lielās ar savu vakcīnu un kas ""nevar vien sagaidīt"" savu vakcīnas devu. TV personība Midwin Charles, kas vienmēr lielījās ar savu vakcināciju pret Kovid 19 un pierunāja savu mammu potēties, mira 47 gadu vecumā 1 mēnesi pēc Pfizer pirmās devas saņemšanas. var jau protams domāt visu ko, bet, iespējams, šeit ir saistība.Kopā mēs varam!!! /Dr.E.Mednis/  #AgenskalnaKlinika #GribuSportot #KopaMesVaram #DziveBezBailemhttps://www.lifesitenews.com/news/tv-personality-who-boasted-of-being-vaccinated-pressuring-her-mom-to-do-the-same-dies-weeks-after-receiving-jab"
110,16.04.2021 16:05:19,Āgenskalna klīnika,,,"Publiskā telpa šobrīd ir pilna ar ziņām par švakcīnu blaknēm. Nopietnām blaknēm, tai skaitā arī cilvēka nāvi. Mo tā mirst ne tikai aprūpes namos mītošie seniori, bet mirst arī švakcinētie bērni un jauni, spēka gados esoši cilvēki. Tādēļ ir ļoti skumji skatīties uz to pašnāvnieku rindu Krasta ielā, kas izaicina savu likteni ar nepierādītu, pienācīgi nepārbaudītu, bet labi mārketētu švakcīnu. Interesanti, ka cilvēki pārdod savu veselību par pīrādziņu. Bet katram jau savs ceļš ejams šai dzīvē.Kopā mēs varam!!! /Dr.E.Mednis/  #AgenskalnaKlinika #GribuSportot #KopaMesVaram #DziveBezBailem"
111,16.04.2021 16:05:19,Āgenskalna klīnika,,,
112,16.04.2021 16:05:19,Āgenskalna klīnika,,,
113,16.04.2021 16:05:19,Āgenskalna klīnika,,,
114,16.04.2021 16:05:19,Āgenskalna klīnika,,,
115,16.04.2021 16:05:19,Āgenskalna klīnika,,,
116,16.04.2021 16:05:19,Āgenskalna klīnika,,,
117,16.04.2021 16:05:19,Āgenskalna klīnika,,,
118,16.04.2021 16:05:19,Āgenskalna klīnika,,,
119,16.04.2021 16:13:47,Āgenskalna klīnika,,,"Šī ir ļoti interesanta informācija no Pasaules ārstu alianses. Izrādās, ka testa metodes COVID-19 infekcijai ir patentētas 2015. gadā. Vai tas nozīmē, ka cilvēks vārdā Ričards Rotšilds (patenta īpašnieks) ir gaišreģis un jau 2015.gadā zinājis, kas notiks 5 gadus vēlāk? Ļoti iespējams. Bet, varbūt, ka ir kas cits, ko mēs nezinām, bet par to varam iedomāties.Kopā mēs varam!!! /Dr.E.Mednis/  #AgenskalnaKlinika #GribuSportot #KopaMesVaram #DziveBezBailem"
120,16.04.2021 16:13:47,Āgenskalna klīnika,,,
121,16.04.2021 20:07:24,Āgenskalna klīnika,,,"Te ļoti laba tabuliņa, pārskatāma, kurā atspoguļota 7 dienu statistika ar dažādu švakcīnu blaknēm Apvienotajā karalistē. Ar sarkanu atzīmētās ir ar augstu incidenci. Un tas jau ir nopietni. Tās vairs nav sazvērestības teorijas, bet dzīves īstenība.Kopā mēs varam!!! /Dr.E.Mednis/  #AgenskalnaKlinika #GribuSportot #KopaMesVaram #DziveBezBailem"
122,16.04.2021 21:44:41,Āgenskalna klīnika,,,
123,17.04.2021 09:26:38,Āgenskalna klīnika,,,"Šeit ir īss video ar reāliem cilvēkiem, reālām nāvēm un reālām smagām blaknēm pēc dažādām kovid švakcīnām. Ieskatieties un domājiet. Kopā mēs varam!!! /Dr.E.Mednis/  #AgenskalnaKlinika #GribuSportot #KopaMesVaram #DziveBezBailemhttps://www.youtube.com/watch?v=L90Q-zIOuDk"
124,17.04.2021 23:14:32,Āgenskalna klīnika,,,"Un atkal sejas maskas. Vai tās pasargā mūs no vīrusiem? NĒ. Vai no tām ir kāds cits labums, lietojot tās ikdienā? NĒ. Vai tās varētu būt kaitīgas cilvēku organismam? JĀ, pilnīgi noteikti. Izrādās, ka paralēli tam, ka maskas rada dažādas vairāk vai mazāk nepatīkamas sajūtas kā galvassāpes, nogurumu, grūtības koncentrēties un citas, tās satur arī azbesta daļiņas, kas ieelpojot rada paliekošus plaušu audu bojājumus. Šeit kanādieši ir izpētījuši, ko satur ""zilās Ķīnas lupatiņas"", jeb balti zilās vienreiz lietojamās sejas maskas. Palasiet. Ir interesanti.Kopā mēs varam!!! /Dr.E.Mednis/  #AgenskalnaKlinika #GribuSportot #KopaMesVaram #DziveBezBailem"
125,17.04.2021 23:14:32,Āgenskalna klīnika,,,
126,21.04.2021 17:16:42,Āgenskalna klīnika,,,"Maskas. Tās krīt. Arī maskām. Mums tās jāvalkā, lai it kā pasargātu sevi un citus no jaunā vīrusa izplatības. Izrādās, tas viss ir blēņas un pasakas. Jo paši ražotāji Ķīnā raksta uz iepakojuma, ka šīs maskas (zili baltās) NEPASARGĀ no inficēšanās ar jebkuru no vīrusiem un neierobežo vīrusu izplatību. Par lupatu maskām vispār nerunājot. Tā lūk.Kopā mēs varam!!! /Dr.E.Mednis/  #AgenskalnaKlinika #GribuSportot #KopaMesVaram #DziveBezBailem"
127,21.04.2021 17:16:42,Āgenskalna klīnika,,,
128,21.04.2021 17:16:42,Āgenskalna klīnika,,,
129,21.04.2021 17:16:42,Āgenskalna klīnika,,,
130,22.04.2021 11:34:50,Āgenskalna klīnika,,,"Šeit ir brīnišķīga lapa, kurā ir apkopota informācija par visām C19 švakcīnām. Tā ir derīga arī tiem, kas ir  prasīgi pret zinātniskām atsaucēm. Tā šeit ir. Ļoti noderīga tiem, kas uztraucas par saviem apmātajiem tuviniekiem, kas valdoņu masīvās reklāmas kampaņas rezultātā plāno traukties uz tuvāko pompozi atvērto, bet tukšo švakcinācijas punktu pēc savas eksperimentālās gēnu terapijas devas. Ceru, ka noder. Izglāb draugu .......Kopā mēs varam!!! /Dr.E.Mednis/  #AgenskalnaKlinika #GribuSportot #KopaMesVaram #DziveBezBailem https://nojabforme.info/"
131,22.04.2021 12:15:33,Āgenskalna klīnika,,,"Un šeit ir zinātnisks raksts citējamā avotā par to, ka sejas maskas nodara lielāku kaitējumu cilvēkiem kā labumu. Un labuma to tām nav nekāda. Vismaz medicīniska ne. Līdz ar to būtu nekavējoties jāizbeidz visa šī maskarāde un beidzot jāļauj cilvēkiem brīvi elpot un rādīt savas sejas. Jo cilvēku sejas ir skaistākas to dabiskajā veidolā, kā aizklātas ar ""zilu Ķīnas lupatiņu"" jeb kā savādāk izķēmotas ar citu krāsu un faktūru lupatiņām. Muļķīgi. Tikai kad pienāks tas brīdis, kad mūsu valdoņi atzīs savu kļūdu, jeb kad pienāks tas brīdis, kad cilvēku paši pateiks: pietiek? Tas IR jāizbeidz. Nu jau ir par daudz. Bet tauta lēnām mostas. Visā pasaulē. Un tādēļ nav vairs ilgi jāgaida.Kopā mēs varam!!! /Dr.E.Mednis/  #AgenskalnaKlinika #GribuSportot #KopaMesVaram #DziveBezBailemhttps://www.ncbi.nlm.nih.gov/pmc/articles/PMC7680614/"
132,23.04.2021 20:20:02,Āgenskalna klīnika,,,
133,23.04.2021 22:19:49,Āgenskalna klīnika,,,"Oracle films ir radījuši burvīgu filmu par tautas (pasaules tautu) brīvības kustību. Par notikumiem pasaulē šī gada 20.martā. Par mošanos no bailēm, no letarģijas, no svētas ticības valdību apmaksātiem medijiem, no meliem un visa, kas cilvēci dzen postā pēdējā gada laikā. Mēs arī mostamies. Ar vien vairāk man apkārt ir cilvēku, kas izprot kovidsāgas būtību. Tas patiešām priecē. Mūsu ir daudz, ļoti daudz. Un mēs būsim vēl vairāk. Kopā mēs varam!!! /Dr.E.Mednis/  #AgenskalnaKlinika #GribuSportot #KopaMesVaram #DziveBezBailemhttps://odysee.com/@OracleFilms:1/The-Push-back-Oracle-Films-2021-World-Wide-Rally-WWD-Global-protest-UK:7"
134,26.04.2021 15:59:28,Āgenskalna klīnika,,,
135,26.04.2021 16:06:12,Āgenskalna klīnika,,,"Un te arī profesors epidemiologs runā par masku bezjēdzību, faktiski par to kaitīgumu bērniem. Evidence based medicine. Kas, šķiet, tomēr ir vairāk vērā ņemama kā pianistu, valodnieku un kompjūtrespeciālistu vāji mēģinājumi iejusties ārstu lomā. Medicīna tomēr ir zinātne un tajā nevar spīdēt to nemācoties. Un jāmācās ir daudzu gadus. Nepietiek šeit tikai ar vadlīnijām un iespējamām direktīvām no augstākstāvošām personām.Kopā mēs varam!!! /Dr.E.Mednis/  #AgenskalnaKlinika #GribuSportot #KopaMesVaram #DziveBezBailem"
136,26.04.2021 16:06:12,Āgenskalna klīnika,,,
137,28.04.2021 11:16:45,Āgenskalna klīnika,,,"Mēs visi esam nomocījušies ar visiem šiem bezjēdzīgajiem ierobežojumiem - maskām, distancēšanos, mājsēdēm (stulbākais vārds, ko esmu dzirdējis) un citām muļķībām. Vai mēs uzdodam sev jautājumu - kāpēc tas viss? Vīruss? Diezin vai. Jo izdzīvošanas rādītājs saslimstot ar to ir 99,.... %. Tad kas? Tad kāpēc? Un ko mēs katrs darām, lai šis viss izbeigtos? Uzliekam masku ""tikai uz 5 minūtēm""? Pieciešam? Pasēžam mājās, jo ""tas taču nav ilgi""? Bet cik ilgi tas tā turpināsies? Cik ilgi mūs vēl mocīs? Tieši tik ilgi, cik mēs to ļausim. Tas ir sen zināms no psiholoģijas, ka ir varmāka un ir upuris. Un upuris vienmēr aizstāv  varmāku. Tas ir upura sindroms. Tad cik ilgi mēs būsim šajā upura lomā un mēģināsim saprast visas šīs muļķības? Cik ilgi mēs ļausim sevi spīdzināt? Cik ilgi mēs klausīsimies, ka vakcinācija ar eksperimentālām un nepārbaudītām vakcīnām ir mūsu vienīgais glābiņš? No kā mūs vēlas paglābt? No domāšanas. No saviem spriedumiem. No sapratnes par lietām. Jo bez tā nav iespējams realizēt globālu kontroli pār mums. Bez šīm sastāvdaļām nav iespējams mūs pakļaut. Tāds ir mērķis. Nevis pasaka par briesmīgo vīrusu, kuru neviens tā arī nav spējis pierādīt. Te vācu projekts - izcils monologs 18 minūšu garumā. par visu šo un vēl.Domājam. Mums jābūt vienotiem domās un rīcībā. Tad un tikai tad  mēs varēsi būt paši. tad mēs varēsim noteikt paši savu nākotni. Un, protams arī savu tagadni. Un beidzot dzīvot pilnu krūti, nevis maskās, pastāvīgā skābekļa badā un bailēs no kaut kā nezināma un netaustāma.Kopā mēs varam!!! /Dr.E.Mednis/  #AgenskalnaKlinika #GribuSportot #KopaMesVaram #DziveBezBailem"
138,28.04.2021 11:16:45,Āgenskalna klīnika,,,
139,28.04.2021 11:51:16,Āgenskalna klīnika,,,
140,28.04.2021 12:19:25,Āgenskalna klīnika,,,
141,03.05.2021 15:25:08,Āgenskalna klīnika,,,"Nevarēju atturēties ar šo padalīties. Ir divi attēli - augšējais un apakšējais. Uzdevums, kā bērnu dienās - atrodi 10 atšķirības. 😁👍 Šī paša gada aprīlis Teksasā un Eiropā. Stadions. Un sporta spēles. Un nav tā, ka Teksasieši mirst kā mušas pēc šī pasākuma.Varbūt ir laiks arī mūsu Valdi-niekiem ieslēgt domāšanu un iztaisnot muguru. Beigt klanīties savu bosu priekšā un beidzot parādīt, ka spēj domāt paši, nevis atgremot kaut kur dzirdētas pavēles un rīkojumus un savā pakalpībā tās vēl pastiprināt.Domājam un pieņemam katrs savu lēmumu.Kopā mēs varam!!! /Dr.E.Mednis/  #AgenskalnaKlinika #GribuSportot #KopaMesVaram #DziveBezBailem"
142,03.05.2021 15:25:08,Āgenskalna klīnika,,,
143,03.05.2021 23:08:34,Āgenskalna klīnika,,,Skaitļu valoda ir varen interesanta. Šeit Zviedrijas statistika - mirstība uz 1000 iedzīvotājiem pa gadiem no 2000 - 2020. Vai kāds šeit spēj ieraudzīt pandēmiju ar solīto milzu mirstību? Man neizdodas. Kopā mēs varam!!! /Dr.E.Mednis/  #AgenskalnaKlinika #GribuSportot #KopaMesVaram #DziveBezBailem
144,03.05.2021 23:08:34,Āgenskalna klīnika,,,
145,03.05.2021 23:30:21,Āgenskalna klīnika,,,"Laikam ejot arvien vairāk informācijas parādās par visu šo šovu. Paši galvenie dalībnieki lēnām izstāsta visu plānoto. Svarīgi tikai likt kopā gabaliņu pa gabaliņam. Lai raksturotu to, kas patreiz notiek, ar pieklājīgiem vārdiem nepietiek.Kopā mēs varam!!! /Dr.E.Mednis/  #AgenskalnaKlinika #GribuSportot #KopaMesVaram #DziveBezBailemhttps://www.facebook.com/freehumanfreeman/videos/119148103614106/?sfnsn=mo"
146,04.05.2021 11:52:01,Āgenskalna klīnika,,,"Izraēlā zinātnieku grupa ir veikusi un turpina veikt pētījumus par kovid švakcīnu ietekmi uz cilvēka organismu. Viņi ir atklājuši, ka, iespējams, Pfizer vakcīna ir vēl nāvējošāka kā Astra Zeneca. Izraēlā esot paaugstinājusies kopējā mirstība šī gada pirmajos divos mēnešos salīdzinot ar iepriekšējo gadu un šie divi mēneši ir visdrūmākie pēdējo gadu vēsturē - visvairāk mirušo. Kā mums kāds f=gaišs prāt ir teicis - naudas ir tik daudz kā vēl nekad, tad Izraēlā šo jau var pārfrāzēt - mirušo tagad ir tik daudz kā nekad. Mēs dodamies tajā pašā virzienā. vai pareizāk sakot mūs aktīvi virza. Un to dara ar mūsu pašmāju ""sarkano strēlnieku"" rokām. Mums taču ir tik ļoti svarīgi izkalpoties saviem kungiem. Reizēm domāju no kurienes mūsu valdi-niekiem ir tik daudz mazvērtības un mazdūšības. Kā arī nespējas patstāvīgi domāt un darīt. Svarīgāk par visu ir nopelnīt un nopirkt kādu īres namu par trīsarpus miljoniem, nevis parūpēties par saviem līdzcilvēkiem, par savu tautu. Bet skaitļi runā savu. Gaidām mūsu vietējos skaitļus par blaknēm un mirušajiem. Tik daudz kā vēl nekad. Tomēr cerība mirst pēdējā - ceru, ka nepiepildīsies šis scenārijs un mūsu tautai, Latvijas tautai pietiks veselā saprāta atteikties no piedāvātās indes. Tāpat kā tajā Indijas ciemā, kurā švakcinētāju brigādi nomētāja ar akmeņiem un padzina no ciema. Kad pienāks mūsu švakcinētāju kārta?Kopā mēs varam!!! /Dr.E.Mednis/  #AgenskalnaKlinika #GribuSportot #KopaMesVaram #DziveBezBailemhttps://greatgameindia.com/israel-report-pfizer-vaccine-side-effects/amp/"
147,04.05.2021 11:55:26,Āgenskalna klīnika,,,"Tiem, kas nezina stāstu par Indijas ciemu, šeit ir iespēja noskatīties kā tas notika.Kopā mēs varam!!! /Dr.E.Mednis/  #AgenskalnaKlinika #GribuSportot #KopaMesVaram #DziveBezBailemhttps://rumble.com/vgboub-indian-villagers-throw-stones-at-the-vaccine-brigade-and-kick-their-asses-o.html"
148,07.05.2021 21:18:29,Āgenskalna klīnika,,,
149,07.05.2021 21:45:15,Āgenskalna klīnika,,,"Interesants plakāts, kurā apkopotas ievērojamas vēsturiskas personas domas un uzskati. Šis cilvēks ir trešā reiha propagandas ministrs Jozefs Gebelss. Vai redziet paralēles ar šīsdienas situāciju? Man nevilšus velkas šīs paralēles. Interesanti. Vai ne?Kopā mēs varam!!!/Dr.E.Mednis/#AgenskalnaKlinika #GribuSportot #KopaMesVaram #DziveBezBailem"
150,07.05.2021 21:45:15,Āgenskalna klīnika,,,
151,08.05.2021 07:48:03,Āgenskalna klīnika,,,"Vēl interesanta informācija par notikumiem Vācijā. Vācijas lielo masu mediju apskats. Ja ņem vērā, kas tas, kas notiek tur pavisam drīz atveļas līdz mums, tagad zināms, kas pēc nedēļas divām tiks mēģināts īstenot šeit. Piesprādzējieties. Ir jautri, ja nebūtu, maigi sakot, traģiski.Kopā mēs varam!!!/Dr.E.Mednis/#AgenskalnaKlinika #GribuSportot #KopaMesVaram #DziveBezBailemhttps://www.youtube.com/watch?v=ALYJbBqZg6A"
152,09.05.2021 12:00:05,Āgenskalna klīnika,,,"Kas notiek pasaulē? Vīruss ir tikai iegansts demontēt demokrātiju, cilvēkiem atņemt elementāras cilvēktiesības, iedzīt nabadzībā. To visu vienā vārdā sauc- pakļaut, padarīt par vergiem, padarīt par darba lopiem elites rokās. Cik reizes ir dzirdēts, ka nekas vairs nebūs pa vecam, nekas vairs nebūs kā bijis agrāk. Jā, tas tā tiešām ir. Bet savu nākotni veidojam mēs paši. Mēs paši izvēlamies to virzienu, kurp ejam. Vai mēs gribam tādu nākotni kādu mums piedāvā? Es, personīgi, nevēlos. Paldies. Es vēlos dzīvot pilnvērtīgu dzīvi, es vēlos praktizēt savu arodu, es vēlos tikties ar saviem tuviniekiem, es vēlos ceļot, es vēlos nodarboties ar sportu un saviem hobijiem, es vēlos augt un attīstīties. Bet lielais plāns šo visu, diemžēl, nepiedāvā. Švakcinētāji  (bez sarkasma), kovidisti, resetisti, valdībnieki neko tādu nepiedāvā. Daļai no viņiem pat, šķiet, nav vīzijas ko tad īsti viņi paši gribētu ilgtermiņā. Un, piedodiet, bet naivums Jūsu vecumā, ja Jūs domājiet, ka švakcinēsieties (bez sarkasma) un varēsiet ceļot, tikties ar draugiem, ēst restorānos. Tā nebūs. Jūs tikai sabeigsiet savu veselību un upurēsiet sevi uz nezināma altāra. Atmeties bailes un ieslēdziet loģisko domāšanu. paskatieties plašāk un nedaudz tālāk par savām iegribām. Nedaudz tālāk par savu ikdienu un deguna galu. Un Jūs ieraudzīsiet.Pasaules ārstu alianse savā interneta vietnē ir publicējusi īsu - 5minūšu video ar skaidrojumu kas tad ir The great reset un ar ko tas mums draud. Kādu nākotni viņi mums zīmē. Mūsu rokās ir piekrist vai pieklājīgi atteikties. Domājiet un pieņemiet SAVUS lēmumus.Kopā mēs varam!!!/Dr.E.Mednis/#AgenskalnaKlinika #GribuSportot #KopaMesVaram #DziveBezBailem"
153,09.05.2021 12:00:05,Āgenskalna klīnika,,,
154,10.05.2021 11:05:10,Āgenskalna klīnika,,,"Indijā vienā no slimnīcām pēc švakcinācijas (bez sarkasma) pret kovid miruši pāri par 100 cilvēkiem. Bet tā ir tikai viena slimnīcā milzīgā valstī. Cik ir kopā? Bet, protams, ja cilvēks mirst no infarktā, bet pēdējā mēneša laikā testēts pozitīvi pret C19, tad viņš ir miris no kovid. Ja cilvēks mirst pēc švakcīnas, tad pie vainas ir mutanti 😂, pret kuriem šīs švakcīnas esot bezspēcīgas. Tad jājautā: kādēļ mums tādas švakcīnas, kas ir bezspēcīgas? Protams, var jau ieņemt strausa politiku un neredzēt šo visu, neredzēt mirušo saistību ar švakcīnām un teikt, kas tad tur Indijā pāri par miljardu iedzīvotāju, tikai 100 mirušo. Bet padomājiet, jā kāds no šiem simts ir Jūsu tuvinieks, vai tad arī ir tik pat vienalga? Un kurš atbildēs par šīm nāvēm?Mūsu Veselības ministrs a.god. Pavļuta kungs gan minēja, ka viņš uzņemas personīgu atbildību par visām švakcīnu blaknēm, gan neprecizējot kā tā izpaudīsies. Vienīgais, ko varu ieteikt tiem, kam ir blaknes no kovid švakcīnām, vērsties pie Pavļuta kunga ar lūgumu kompensēt zaudējumus, gan morālos, gan materiālos. Kā nekā personīga atbildība. Tas ir svarīgi un drosmīgi no viņa puses. Redzēsim tikai kā tas reālajā dzīvē izskatīsies.https://greatgameindia.com/100-vaccine-deaths-india-hospital/amp/ Kopā mēs varam!!!/Dr.E.Mednis/#AgenskalnaKlinika #GribuSportot #KopaMesVaram #DziveBezBailem"
155,10.05.2021 16:45:20,Āgenskalna klīnika,,,
156,12.05.2021 10:34:27,Āgenskalna klīnika,,,"Apskāvieni. Tas ir viens no veidiem, kā cilvēki savā starpā sveicinās. Un tā notiek arī enerģijas apmaiņa starp cilvēkiem. Kā labi zināms, pieskārieni ir vajadzīgi mums visiem. Tie ir vitāli svarīgi. Katram no mums ir būtiski, lai kāds noglāsta, apskauj, galu galā sabučo. Tā ir NORMĀLA komunikācija cilvēcisko būtņu starpā. Interesanti cik tālu varneši var aiziet savā ne - beidzamajā izdomā - aizliegt apskāvienus. Sviests. Lasīju arī pagājušajā pavasarī, ka viens spāņu seksologs bija ieteicis kovid drošāko seksa pozu - sunītī. Un censties tomēr ievērot 2 metru distanci un darīt to pēc iespējas retāk. Kārtējais sviests. Un tad vēl visi tie apskāvienu ""prezervatīvi"" - kā apskāvienu aizkariņi un citas ārprāta idejas. Īsta trakomāja. Un pat ne infektoloģijas nodaļa.Šobrīd pasaules politika ir vērsta uz to, lai mūs atdalītu vienu no otra, lai pārrautu visas iespējamās saites starp mums kā cilvēciskām būtnēm. Bet jebkura cilvēciska būtne ir jūtoša, mīloša savā būtībā un grib būt mīlēta.  Tādēļ neaizmirstam satikt savus tuvākos, apskaut, noglāstīt un darām to regulāri. Arī caur šo, mūsu imūnsistēma tikai un vienīgi stiprināsies. Jo jebkura patīkama emocija stiprina mūsu imunitāti. Un mēs kļūstam neuzņēmīgāki pret jebkuru no vīrusiem.Pielikumā raksts par to sviestu, ko UK valdība izplata - kad drīkst apskauties un kad ne.  Kopā mēs varam!!!/Dr.E.Mednis/#AgenskalnaKlinika #GribuSportot #KopaMesVaram #DziveBezBailemhttps://www.spiked-online.com/2021/05/10/dont-let-the-state-tell-you-who-you-can-hug/"
157,18.05.2021 08:09:04,Āgenskalna klīnika,,,"Bailes. Kā tas viss strādā? Kāpēc šobrīd ir tik daudz nobijušos cilvēku? Un kā caur bailēm cilvēki tiek pakļauti? Bailes ir visvienkāršākais cilvēciskais instinkts, kas ir mantots no dzīvniekiem. Ja ticam Darvina evolūcijas teorijai un, ja tā ir patiesa. Ir ļoti maz dzīvnieku, kas ir patiesi bezbailīgi, par spīti briesmām. Caur bailēm ir ļoti vienkārši manipulēt ar cilvēku prātu. Jo nobijies cilvēks instinktīvi meklē  drošu patvērumu. Visā šajā vīrusa afēras scenārijā tas ir paredzēts - bailes no vīrusa = bailes no nāves un  tam sekojošs piedāvājums uz izglābšanos. Ar švakcīnu. Sākuma stadijā. Tālāk jau dzīve rādīs, ko vēl mums mēģinās iestāstīt, kas varētu būt mūsu ""patiesais"" glābiņš. Jo švakcīnas, kā zināms nestrādā. Un tās arī nemaz nav švakcīnas. tā ir gēnu terapija materiālā plānā un iniciācija kultā spirituālā plānā. Bet šoreiz ne par to. Gribu Jums piedāvāt īsu skaidrojumu kā strādā bailes sabiedrībā, kā tās tiek veidotas. It kā jau viss zināms, bet labi ir salikt visu pa plauktiņiem. Kopā mēs varam!!!/Dr.E.Mednis/#AgenskalnaKlinika #GribuSportot #KopaMesVaram #DziveBezBailemhttps://www.youtube.com/watch?v=QsRCmhjtekE"
158,18.05.2021 11:47:21,Āgenskalna klīnika,,,"Tiem, kam šķiet, kas tad tur, maska tikai uz 5 minūtēm. Vai tad grūti? Nu nē taču. Bet tas ir tikai sākums visam. tālāk ir 2 metri, sociālā distance, skolu slēgšana, aprūpes namu slēgšana apmeklētājiem, medicīnas pakalpojumu liegšana pacientiem ....... Nebeidzamais stāsts. Cik ilgi vēl? Un ko vēl no mums paprasīs? Tik ilgi un tik daudz, cik mēs paši ļausim. Ja ļausim...... Atcerieties veco labo teicienu par velnu un mazo pirkstiņu. Tā ir šodienas realitāte. Un nu jau nav vairs runa par mazo pirkstiņu un pat ne par roku. Te ir runa jau par visu un katru. Par mums, mūsu vecākiem, mūsu bērniem, mūsu mazbērniem. Par viesiem mums. Ceļamies kājās un beidzot sakām skaļu NĒ šim visam ārprātam. Kopā mēs varam!!!/Dr.E.Mednis/#AgenskalnaKlinika #GribuSportot #KopaMesVaram #DziveBezBailem"
159,18.05.2021 11:47:21,Āgenskalna klīnika,,,
160,19.05.2021 12:30:21,Āgenskalna klīnika,,,"Šprices, šprices un vēlreiz šprices. Mūsu vienīgais glābiņš un ceļš uz jauno pasauli. Tās dara tikai labu un no tām nav nevienas blaknes. Ja kādreiz bija vismaz apsārtums un pietūkums un ģimenes ārsts brīdināja, ka pēc šprices bērns var būt nemierīgs, tad tagad viss ir ļoti rožaini. Blakņu nav. Tikai nezin kāpēc mirstība ir palielinājusies pēc špricēšanas sākuma gandrīz katrā pasaules valstī. Jocīgi, vai ne? Špricējam vielu, kas nekaitīgāka par ūdeni, bet cilvēki tomēr mirst no tās. Un arī FDA, kā smejies, negrib autorizēt tās šprices. Interesanti kāds tam varētu būt iemesls? Varbūt, ka viss tomēr nav tik skaisti, kā mums mēģina iestāstīt? Katrā ziņā domājam, sajūtam un izdarām secinājumus. paturam prātā, ka šīs mRNA vakcīnas, nav nekādas vakcīnas tās ir eksperimentāla gēnu terapija, kas šobrīd tiek testēta visā pasaulē piespiedu brīvprātīgā kārtā, izmantojot visādus kārdinājumus = cepumus, naudu, virtuļus. Ko tik visu izdomā, lai iemānītu tautai šo draņķi. Un brīnumainā kārtā atrodas cilvēki, kas par sviestmaizi ir gatavi ziedot savu veselību. Šajā sakarā nāk prātā nepieklājīga bērnu dienu anekdote, kur Ļeņingradas blokādes laikā satiekas trīs prostitūtas. Pirmā saka: es atdotos par kukulīti maizes. Otrā: es atdotos pat riecienu maizes. Trešā saka: es atdotos par velti, vismaz kaut kas silts vēderā. Cik lētticīgi mēdz būt cilvēki. par virtuli ir gatavi ciest visu atlikušo mūžu. Jeb neciest, letāla iznākuma gadījumā. Vienmēr domāju - kāpēc cilvēkiem ir tādas suicidālas tieksmes? Bet izvēle jau katra paša rokās.Kopā mēs varam!!!/Dr.E.Mednis/#AgenskalnaKlinika #GribuSportot #KopaMesVaram #DziveBezBailem #IzglabDraugu"
161,19.05.2021 12:30:21,Āgenskalna klīnika,,,
162,20.05.2021 11:53:13,Āgenskalna klīnika,,,"jau labu laiku, šķiet ir skaidrs, ka visa šī ""pandēmija"" ir vismelnākie meli un tas ir kādas ļaužu grupas interesēs. Un visai šai afērai nav nekāda sakara ar medicīnu. Vismaz ne klasiskajā izpratnē. Medicīna tiek šobrīd izmantota par ieroci pret cilvēci. Jautājums ir: kas tad šobrīd notiek? Bet tas taču nu jau ir redzams ar neapbruņotu aci - demokrātijas demontāža, biznesa (mazā un vidējā) iznīcināšana, masveida cilvēku nogalināšana (pie tam apzināta un plānota), kā arī cilvēces pakļaušana nelielai ļaužu grupai. Tiem, kam tas nav vēl īsti skaidrs, būtu laiks pamosties un paskatīties plašāk. Plašāk par savu deguna galu un savtīgajām interesēm, plašāk par savām bailēm. Mēs zinām, ka planēta Zeme pēdējos gados vibrē arvien augstākā frekvencē. Tā ir Šūmaņa konstante, ko līdz šim zinātnieki uzskatīja par konstantu. Pēdējo pāris desmitgažu laikā tā paaugstinās. Lai cilvēki justos komfortabli, mums arī jāiet laikmetam līdzi un jā rūpējas par savas vibrācijas frekvences paaugstināšanu. Manuprāt ir ļaužu kliķes, kas nav spējīgi paaugstināt savu frekvenci, jo īsteno ļoti savtīgus mērķus, nemīl nevienu citu kā sevi un savu naudu. Un arī nevēlas mainīties. Bet komforta īsti nav. Līdz ar to kaut kas ir jādara, lai izdzīvotu. Tad tika izdomāta ""pandēmija"" - kolosāls veids kā pazemināt kopējo planētas iedzīvotāju frekvenci un, protams saraust kārtējo naudas kaudzīti. Kā zināms, bailes pazemina ķermeņa vibrācijas. Un tad vēl apšaubāmas šprices, kas tiek piedāvātas kā panaceja visam notiekošajam. Bet liels būs sašpricēto cilvēku pārsteigums, kad (ja) tie apjautīs, ka tā šprice, ko viņi saņēma, neko nemaina pamatlietās, tikai kaitē viņiem pašiem. Man ir vairāki pacienti, kas saņēmuši šīs šprices, tad visi apgalvo, ka pēc tā ir tāds kā apjukums. tad kas notiek cilvēka organismā no šīs injekcijas? Šķiet ir pēdējais laiks apvienoties un pateikt skaļu un pārliecinošu NĒ šim visam ārprātam.Pievienoju Maika Jīdona (Mike Yeadon) pārdomas šajā sakarā.Kopā mēs varam!!!/Dr.E.Mednis/#AgenskalnaKlinika #GribuSportot #KopaMesVaram #DziveBezBailem #IzglabDraugu"
163,20.05.2021 11:53:13,Āgenskalna klīnika,,,
164,20.05.2021 13:48:09,Āgenskalna klīnika,,,"Ļoti interesanta ziņa. Izrādās, ka donoru centri ASV, kas ir sarkanā krusta pakļautībā neņem vakcinētos. Kāpēc? Jo vakcīna ""noslaukot"" visas dabīgās antivielas. Tad jautājums: kāpēc mums vajadzīga tāda vakcīna?Kopā mēs varam!!!/Dr.E.Mednis/#AgenskalnaKlinika #GribuSportot #KopaMesVaram #DziveBezBailem #IzglabDraugu"
165,20.05.2021 13:48:09,Āgenskalna klīnika,,,
166,20.05.2021 23:16:53,Āgenskalna klīnika,,,"Ar vien vairāk parādās jaunas un arī vecas informācijas par to, kas šobrīd pasaulē notiek. Izrādās viss jaunais ir labi zināms vecais. Plāndēmija un cilvēku špricēšana ar aizdomīgām un līdz galam neizpētītām substancēm jau tika paredzēta pagājušā gadsimta beigās - 1995.gadā. Franču ārsts Pierre Gilbert runā par to, kā substanci ievada asinsritē un tā kristalizējas smadzenēs un kļūst par sava veida elektromagnētiskā starojuma uztvērēju. Skatieties un priecājieties. Smiekli gan nenāk.Kopā mēs varam!!!/Dr.E.Mednis/#AgenskalnaKlinika #GribuSportot #KopaMesVaram #DziveBezBailem #IzglabDrauguhttps://brandnewtube.com/watch/dr-pierre-gilbert-contaminating-the-bloodstream-will-be-enforced-by-law-1995_nf2RZbkZpVRLNW5.html"
167,22.05.2021 08:24:01,Āgenskalna klīnika,,,"Atkal un atkal ne viens vien šajā pasaulē uzdod gan sev gan arī citiem jautājumu: kāpēc tas viss, jeb kā vārdā? Šobrīd ir diezgan skaidra bilde - šobrīd populārais vīruss nav bīstamāks par gripu. Jā nedaudz atšķirīgs klīniskajās izpausmēs, bet mirstības ziņā lielas atšķirības nav. Toties vakcinācija, gan, šķiet, nodara lielāku ļaunumu kā pats vīruss. Tik daudz blakņu no kādas vakcīnas nav īsti vēsturē vēl pieredzēts. Tāda izmēra un apjoma klīnisko eksperimentu ar nepārbaudītu un uz dzīvniekiem testus neizgājušu vakcīnu arī pasaule vēl nav pieredzējusi. Pie tam tas viss notiek piespiedu kārtā un ar milzu mārketinga budžetu. Tos, ko nevar piespiest mēģina nopirkt un tos, ko nevar nopirkt mēģina piespiest. Bezprecedenta gadījums mierlaika pasaules vēsturē. Nesenā vēsturē zināmie šāda veida zāļu izmēģinājumi ir notikuši tikai Nacistiskajā Vācijā un Staļiniskajā Padomju savienībā. Vienīgi viņu mērķis bija tiešām izmēģināt jaunas un bīstamas zāles un ārstēšanas metodes. Šobrīd, šķiet, ka pamata mērķis nav izmēģināt zāles, bet kaut kas vairāk un zāles ir tikai iegansts un arī ierocis. Līdz ar to medicīna tiek devalvēta pilnībā. Tā tiek pārvērsta no labestīgas metodes, kuras mērķis ir palīdzēt cilvēcei par masu iznīcināšanas ieroci.Un vēl viena interesanta detaļa - pagājušā pavasarī visi, kas atļāvās saukt lietas īstajos vārdos, tika nodēvēti par konspirācijas teoriju piekritējiem. Šobrīd redzam, ka ļoti daudzas no ""konspirācijas teorijām"" piepildās un jau ir piepildījušās.  Tad spriediet paši kas ir konspirācijas teorijas un kas ir to patiesie izplatītāji. Pieliek klāt vēl cenzūru- faktčekerus un citus darboņus un bilde paliek pavisam skaidra. Pievienoju (jau atkal) Maika Jīdona (Mike Yeadon) pārdomas šajā sakarā. Un piedevām vēl Paula Šreiera (Paul Schreyer) vēstures apskatu, jeb atskatu vēsturē no Padomju Savienības sabrukuma līdz mūsu dienām.  Ir interesanti.Kopā mēs varam!!!/Dr.E.Mednis/#AgenskalnaKlinika #GribuSportot #KopaMesVaram #DziveBezBailem #IzglabDraugu"
168,22.05.2021 08:24:01,Āgenskalna klīnika,,,
169,22.05.2021 12:10:45,Āgenskalna klīnika,,,
170,22.05.2021 12:46:06,Āgenskalna klīnika,,,"Ir vērts noklausīties Kanādiešu ārsta Dr. Rodžera Hodkinsona (Roger Hodkinson) runu, kurā viņš skaidri un gaiši pasaka, ka šis viss, kā sauc visu šo, kas notiek pasaulē, cik vērtīgas ir maskas vīrusa apturēšanā un ierobežošanā un cik vērtīgi ir visi lokdauni, distancēšanās un pārējās muļķības, ko mums uzspiež vara. Ārsti pasaulē runā un domā. Neklusējam arī mēs. Kopā mēs varam!!!/Dr.E.Mednis/#AgenskalnaKlinika #GribuSportot #KopaMesVaram #DziveBezBailem #IzglabDraugu"
171,22.05.2021 12:46:06,Āgenskalna klīnika,,,
172,22.05.2021 20:26:40,Āgenskalna klīnika,,,Vēlos Jums piedāvāt nelielu sarunas fragmentu ar Medicīnas zinātņu doktori Inesi Jokstu par dažādām interesantām tēmām.Kopā mēs varam!!!/Dr.E.Mednis/#AgenskalnaKlinika #GribuSportot #KopaMesVaram #DziveBezBailem #IzglabDraugu
173,22.05.2021 20:26:40,Āgenskalna klīnika,,,
174,22.05.2021 20:31:43,Āgenskalna klīnika,,,"Pēc oficiāli neapstiprinātām ziņām šodien Vakcinācijas centrā pēc potes esot miris ap 30 gadus jauns vīrietis. Viņa draudzene esot reanimācijas nodaļā. Tā lūk. Vakcinējieties droši, jo tās ir pārbaudītas un atzītas par drošām esam. Tikai nav veikts pilns pētījumu cikls. Un šis vīrietis neizturēja eksperimentu. Bet viņš esot izglābis vairākus cilvēkus, kas tūdaļ pēc notikušā esot atstājuši vakcinācijas centru nesaņēmuši savu eksperimentālās gēnu terapijas devu.Līdzjūtība tuviniekiem.Kopā mēs varam!!!/Dr.E.Mednis/#AgenskalnaKlinika #GribuSportot #KopaMesVaram #DziveBezBailem #IzglabDraugu"
175,22.05.2021 20:31:43,Āgenskalna klīnika,,,
176,22.05.2021 22:38:35,Āgenskalna klīnika,,,"Cik saprotu informācija par šodien, iespējams, pēc vakcinācijas mirušo vīrieti tika atsaukta un tiks precizēta. Ja kādam ir kāda informācija šī iespējamā negadījuma sakarā, lūdzu dalieties. Palīdzēsim noskaidrot patiesību.Kopā mēs varam!!!/Dr.E.Mednis/#AgenskalnaKlinika #GribuSportot #KopaMesVaram #DziveBezBailem #IzglabDraugu"
177,22.05.2021 23:43:57,Āgenskalna klīnika,,,
178,24.05.2021 22:28:24,Āgenskalna klīnika,,,"Nu re, arī Japānā aizliedz būt par donoru modernās injekcijas saņēmējiem. Vai tam ir kāds iemesls? Iespējams, ka japāņi tomēr rūpējas par savu tautu un cilvēks, kam nepieciešama asins pārliešana, nav spēku pilnbriedā un ir novājināts. Viņam neder ģenētiski modificēta un ar nomāktu imūnsistēmu līdzbiedra ziedojums. Jo neviens nezina kādas būs vēlīnās reakcijas no  šīm injekcijām, neviens nezina kā mainīsies cilvēka ķermenis un organisms kā sistēma. Tādēļ arī mums pašiem būtu jāpadomā septiņreiz pirms iet saņemt savu ģenētiski modificētās un ģenētiski modificējošās injekcijas devu. Vislabāk gan ir neiet to saņemt. Un būt veselam.Kopā mēs varam!!!/Dr.E.Mednis/#AgenskalnaKlinika #GribuSportot #KopaMesVaram #DziveBezBailem #IzglabDraugu"
179,24.05.2021 22:28:24,Āgenskalna klīnika,,,
180,24.05.2021 23:53:08,Āgenskalna klīnika,,,"Lūk, te reāls stāsts par cilvēku, ka miris pēc otrās gēnu terapijas injekcijas. Pie tam testēts pozitīvs un ierindots statistikas ailē ""miris no COVID"". Sviestaini, bet fakts. Vismaz kā tādu to pasniedz. Un nav nekāda pamata tam neticēt. Lūk vēl viena iespēja padomāt vai vēlaties saņemt šāda veida injekcijas. Bez tam, ja kaut kas gadīsies, tad neviens neuzņemsies atbildību par notikušo - neviens filologs un arī neviens pianists neatbildēs. Jāatbild būt tikai pašam, jeb tuviniekiem. Tādēļ #IzglabDraugu un #KopaMesVaram Kopā mēs varam!!!/Dr.E.Mednis/#AgenskalnaKlinika #GribuSportot #KopaMesVaram #DziveBezBailem #IzglabDrauguhttps://www.facebook.com/story.php?story_fbid=10159520217581660&id=701816659"
181,25.05.2021 09:06:54,Āgenskalna klīnika,,,"Pasaulē ir tik daudz nezināmo. Sevišķi jau šīs, tā sauktās, pandēmijas sakarā. Var tās nosaukt par konspirācijas teorijām, var to visu uztvert nopietni. Var arī pasmieties. Kam bija taisnība un kas bija taisnība, to parādīs vēsture. Tikai daudziem, tas diemžēl būs par vēlu. Šeit ir Slovāku pētījums par deguna bakstāmajiem kociņiem - ar ko ņem PCR testus. Interesantas lietas atklājas. Un šis arī izskaidro, jeb daļēji izskaidro kāpēc siekalu testi nav vairs vērā ņemami un tiek par katru cenu uzspiesti deguna testi. Jocīgi jau tas ir, jo ja mums ir jāievēro 2 metru distance vīrusa izplatības dēļ, tad kādēļ tas ir jāmeklē dziļi degunā? Katrā ziņā viela pārdomām.Kopā mēs varam!!!/Dr.E.Mednis/#AgenskalnaKlinika #GribuSportot #KopaMesVaram #DziveBezBailem #IzglabDrauguhttps://www.nutritruth.org/single-post/analysis-of-test-sticks-from-surface-testing-in-the-slovak-republic-confirmation-of-genocide"
182,25.05.2021 10:47:06,Āgenskalna klīnika,,,
183,25.05.2021 15:20:57,Āgenskalna klīnika,,,"Re, arī Floridas pavalsts sarosījusies. Šoreiz gan cenzūras ziņā. Pareizāk gan būtu teikt decenzūras ziņā. Štata gubernators De Santis ir parakstījis likumu, kas aizliedz jebkādu cenzūru sociālajos tīklos Floridā. Un par šī likuma pārkāpšanu pienākas brangs naudas sods, kas būtu jāmaksā BigTech kompānijām cietušajiem. Pasaule mainās uz labu. Kopā mēs varam!!!/Dr.E.Mednis/#AgenskalnaKlinika #GribuSportot #KopaMesVaram #DziveBezBailem #IzglabDrauguhttps://www.flgov.com/2021/05/24/governor-ron-desantis-signs-bill-to-stop-the-censorship-of-floridians-by-big-tech/"
184,26.05.2021 10:39:46,Āgenskalna klīnika,,,"Šodien ieraudzīju ļoti labu iniciatīvu, kas ļauj mums pašiem paust attieksmi pret notiekošo un mainīt lietu kārtību. Mēs visi jau zinām, ka Facebook ir viens no galvenajiem brīvas informācijas plūsmas cenzoriem pasaulē. Nākošais youtube. Tad šādi mēs varam pateikt Zukerberga kungam ka tā īsti labi nav un mēs nepiekrītam šādām viņa darbībām.Piedalāmies.CALL TO ACTION 💪🏻💥 In order to respond to a dreadful shock to Facebook because of censorship, you must go to Google Play or App Store make a rating for Facebook with one star, and write a comment condemning and objecting to Facebook's racism towards antivaxxers & Palestine.  It’s rating was 4.2 a few days ago and currently 3.7 (update now 1,9), When the rating reaches 1, Google will automatically delete it from the store, which means that Mark will lose billions of dollars.  Now the number of people who rated is 220 thousand, we need about 100 thousand one-star ratings in order to get it to the stage of removing it from the Google / App Store. Please share this.I just did it, takes 2 seconds.Kopā mēs varam!!!/Dr.E.Mednis/#AgenskalnaKlinika #GribuSportot #KopaMesVaram #DziveBezBailem #IzglabDraugu"
185,27.05.2021 12:53:34,Āgenskalna klīnika,,,"Apvienotajā karalistē, izrādās gēnu injekciju saņēmēji tiek novēroti - monitorēta viņu uzvedība un pārvietošanās. Un tas viss notiek ar valdības ziņu. To darot ar viņu mobilā telefona palīdzību - tas tiek izsekots. Kā tas notiek pie mums Latvijā nav zināms. Vienīgi varam cerēt, ka, kā vienmēr, pie mums saule spīd spožāk un viss ir daudz labāk kā pie viņiem. Bet īstas ticības jau nav. Gan jau arī mums drīz parādīsies ziņas par to kā mēs tiekam novēroti un izsekoti.Bet jautājums jau paliek vecais - cik liela ir Latvijas iedzīvotāju pacietība? Cik daudz un cik lielas cūcības ar viņiem var darīt un viņi tās pacietīs? Cik ilgi vēl cietīsim un cietīsimies? Kopā mēs varam!!!/Dr.E.Mednis/#AgenskalnaKlinika #GribuSportot #KopaMesVaram #DziveBezBailem #IzglabDrauguhttps://reclaimthenet.org/uk-vaccine-recipients-were-secretly-surveilled/"
186,28.05.2021 22:52:37,Āgenskalna klīnika,,,"Atkal jau par tām gēnu špricēm, ko mūsu muzikanti un valodnieki sauc par vakcīnām. Izrādās viss nemaz nav ne tik skaisti, ne tik vienprātīgi. Izrādās francūžiem ne pārāk patīk šīs gēnu terapijas šprices. Francijas zāļu novērtēšanas centrs ir izpētījis visas četras ""vakcīnas"" - Pfizer, Moderna, Astra Zeneca un Jenssen (Johnson & Johnson) un devis savu secinājumu - tās visas ir nekavējoties jāatsauc no aprites. Re kā. Un viņiem ir arī pamatojums uz vairākām lapām. Galvenie iemesli ir nepabeigti testi (tie beigsies tikai 2024.gadā, ja beigsies), nav zinām to ietekme uz organismu kā arī nav izpētīta to sastāvā esošo vielu drošība. Ko domā mūsu Zāļu valsts aģentūra? Un ko domā mūsu Veselības ministrs ar svītu? Par valodniekiem nejautāšu, jo tie, kā izskatās, tikai izpilda pavēles. Varbūt tomēr mūsu atbildīgajiem tomēr būtu jāsaņem dūša un jāatzīst, ka viss nemaz nav tik skaisti un jāpadomā, iespējams, ka arī Latvijā vajadzētu šīs eksperimentālās šprices apturēt un izņemt no apgrozības līdz visu drošības testu pabeigšanai un arī izmēģinājumu uz dzīvniekiem pabeigšanai. Cerēsim un vērosim. Lai gan ilgi jau vairs nav palicis līdz visa šī ārprāta sabrukumam. Tāda agonija izskatās. Un tad jau šīs šprices automātiski tiks aizmēztas mēslainē, kopā ar visiem to īpašniekiem un vasaļiem.Kopā mēs varam!!!/Dr.E.Mednis/#AgenskalnaKlinika #GribuSportot #KopaMesVaram #DziveBezBailem #IzglabDrauguhttps://www.lifesitenews.com/news/french-drug-assessment-center-demands-removal-of-all-four-widely-used-covid-vaccines"
187,28.05.2021 23:30:34,Āgenskalna klīnika,,,"Labas ziņas no advokāta Rainera Fulmiha (Reiner Füllmich). Viņš, kā zināms gatavo Nirnbergu 2. Un starptautiskas tiesas priekšā būs jāstājas valdībām, to vadītājiem, farmas kompānijām, un ļoti daudziem citiem par noziegumiem pret cilvēci. Tas, kas šobrīd notiek ir milzu noziegums pret cilvēci sākot jau ar visu kovidšovu un beidzot ar eksperimentālo gēnu terapiju, ko daži sauc par vakcīnām.  Tas viss pārkāpj jebkuras cilvēcības robežas. Jebkuru ētiku un morāli. Tiešām jācer, ka solītais piepildīsies un šis process notiks un vainīgie tiks tiesāti. gaidām labas ziņas pēc 2-3 nedēļām. Mēs uzvarēsim šo ārprātu.Kopā mēs varam!!!/Dr.E.Mednis/#AgenskalnaKlinika #GribuSportot #KopaMesVaram #DziveBezBailem #IzglabDrauguhttps://www.brivibasplatforma.lv/rainers-filmihs-par-nirnbergu-2-pec-2-lidz-3-nedelam-saksies-lielas-tiesas-pravas/"
188,30.05.2021 18:50:36,Āgenskalna klīnika,,,"Interesants pavērsiens lidojumu sakarā - tie, kas ir sašpricējušies ar eksperimentālo gēnu injekciju, iespējams nevarēs lidot. Izskaidrojums ir ļoti vienkāršs - lidojot jau tā ir pastiprināts trombožu un s=asiņošanas risks augstuma dēļ. Un špricētajiem, injekciju dēļ ir paaugstināts trombu veidošanās un asiņošanas risks. Pie tam neatkarīgi no ražotāja. Līdz ar to aviosabiedrības šobrīd domājot ko darīt un kā tikt ārā no situācijas. Dzīve taču ir interesanta un pārsteigumu pilna. Vai ne? 😁👍Kopā mēs varam!!!/Dr.E.Mednis/#AgenskalnaKlinika #GribuSportot #KopaMesVaram #DziveBezBailem #IzglabDrauguhttps://greatreject.org/got-jab-no-more-fly/"
189,30.05.2021 23:16:49,Āgenskalna klīnika,,,"Pārlasīju Hipokrāta zvērestu. Jocīgas sajūtas pārņem to lasot šajos laikos. Mana prakse ārstniecībā ir nu jau 26 gadus ilga. Visus šos gadus esmu sekojis solītajam. Neesmu ne reizi pārkāpis sevis doto solījumu saņemot ārsta diplomu tālajā 1995.gadā. Vismaz apzināti nē. Un arī turpmāk es vadīšos pēc šiem pašiem principiem. Jo ārsta profesijas (aicinājuma) būtībā jau nekas nemainās. Nemainās kopš Hipokrāta laikiem. Un tā tam būtu jābūt arī turpmāk. Ļoti ceru, ka ārstu sabiedrība drīz atgriezīsies pie šiem principiem. Vismaz lielākā daļa. Un nevienas vadlīnijas nekad nebūs pārākas par šo zvērestu.Es ticu, ka tas notiks pavisam drīz.Nocitēšu Hipokrāta zvērestu arī šeit:    Kā ārstu profesijas pārstāvis        es svinīgi solu visu savu dzīvi veltīt kalpošanai cilvēcei;        mana pacienta veselība un labklājība man allaž būs vissvarīgākais;        es respektēšu sava pacienta autonomiju un cieņu;        visaugstākajā cieņā es uzlūkošu cilvēka dzīvību!        Es nepieļaušu, ka manu profesionālo pienākumu izpildi iespaidotu pacienta vecums, slimība vai nespēja, reliģiskā pārliecība, etniskā izcelsme, dzimums, pilsonība, politiskā piederība, rase, seksuālā orientācija, sociālais stāvoklis vai jebkādi citu apsvērumi;        es glabāšu noslēpumus, kas man uzticēti, – pat pēc pacienta nāves;        es veikšu savus profesionālos pienākumus pēc labākās sirdsapziņas, godprātīgi un saskaņā ar labu medicīnisko praksi;        es veicināšu ārsta profesijas godu un cildenās tradīcijas!        Es izturēšos ar pienācīgu cieņu un pateicību pret saviem skolotājiem, kolēģiem un studentiem;        es dalīšos ar savām medicīnas zināšanām pacienta un veselības aprūpes pilnveidošanas labā;        es gādāšu par savu veselību, labsajūtu un spēju attīstīšanu, lai nodrošinātu visaugstākā līmeņa veselības aprūpi;        es neizmantošu savas medicīnas zināšanas cilvēktiesību un pilsonisko brīvību pārkāpšanai, pat ja man tiktu draudēts!    Šo solījumu es dodu svinīgi, no brīvas gribas un apliecinu ar savu godavārdu!    Svinīgi solu!Manuprāt šo zvērestu katram ārstam derētu laiku pa laikam pārlasīt. Tas labi ""iezemē"".Kopā mēs varam!!!/Dr.E.Mednis/#AgenskalnaKlinika #GribuSportot #KopaMesVaram #DziveBezBailem #IzglabDraugu"
190,31.05.2021 12:36:24,Āgenskalna klīnika,,,"Noskaidroju par mirušā jaunieša gadījumu. Jā, informācija esot patiesa, bet neviens no tuviniekiem nevēlas runāt. Vai arī baidās. Ja tā, tad jautājums, kad mums atturīgajiem latviešiem, vienreiz mērs būs pilns un beigsim kurnēt un aprunāt citus un pukstēt par notiekošo savās virtuvēs un guļamistabās zem segas, bet sāksim to darīt atklāti. Cik no mums tuviem cilvēkiem ir jānomirst, lai tas beidzot notiktu. Cik par mums ir jāņirgājas, lai tas notiktu? kādi vēl spaidi ir nepieciešami, lai tas notiktu? Kas ir tas, kas var pamodināt mūsos lauvu. Cik ilgi mēs būsim gļēvuļi, kas nespēj atklāti pateikt ko domā, bet aiz muguras un pēc kaujas, jā, tad mēs lieli varoņi un katram no mums ir viedoklis par notikušo. Mostamies beidzot un sākam runāt. Jo cilvēki tiešām mirst. Un jauni. Tikko esot miris policists 40 gadu vecumā. Neilgi pēc potes. Cik vēl šādu cilvēku ir vajadzīgs?Ar to, ka atklāti runājam un stāstām par savu pieredzi, mums ir iespēja kādu izglābt. Mums ir iespēja kādam un kāda ģimenei ietaupīt šāda veida pieredzi.Mostamies un sākam runāt!!! Neviens mūsu vietā brīvību mums neizcīnīs. Mums pašiem tas ir jāizdara un mēs to varam. To pierādīja mūsu vectēvi un vecvectēvi jau 1918.gadā. Arī mēs varam!!! Kopā mēs varam!!!/Dr.E.Mednis/#AgenskalnaKlinika #GribuSportot #KopaMesVaram #DziveBezBailem #IzglabDraugu"
191,31.05.2021 20:03:37,Āgenskalna klīnika,,,"Lietas šobrīd no valdības puses sāk uzņemt bīstamus apgriezienus - tikšot atļautas dažādas lietas un darbības vieniem un otriem tās tikšot liegtas. Tie, kas saņēmuši eksperimentālās gēnu injekcijas drīkstēšot atrasties telpās bez maskas, apmeklēt kafejnīcas,  teātra izrādes un citas ""privilēģijas"", turpretim pārējie - tie, kas nepiekrīt būt izmēģinājuma trusīši šajā spēlē, to visu nedrīkstēs. Mēs būsim spiesti turpināt valkāt uzpurņus, nedrīkstēsim apmeklēt kafejnīcas, koncertus, teātrus. Kā to visu sauc? To sauc vienā vārdā - diskriminācija.  Un tā ir krimināli sodāma darbība. Juristi ir sastādījuši dokumenta paraugu, kuru jāaizpilda sastopoties ar diskriminējošām darbībām, jāsafotografē vai jāieraksta video vai audio ieraksts, kas pierāda šīs darbības un jāiesūta Tiesībsargam un iespējams arī vērties tiesā savu tiesību aizstāvībai. Šis ir veids kā mēs varam pastāvēt par savām tiesībām. Vai pareizāk sakot šīs ir veids kā mums JĀPASTĀV PAR SAVĀM TIESĪBĀM. Atkārtošos - neviens cits bez mums pašiem mūsu brīvību neizcīnīs. Tikai mēs paši.Pievienoju saiti uz lapu, kurā ir publicēts iesnieguma paraugs. Tur ir arī Pavļuta kunga koordinātes. tas ir tiem, kas vēlas izteikt viņam savu personisko viedokli.https://mainampasauli.news/diskriminacija/Kopā mēs varam!!!/Dr.E.Mednis/#AgenskalnaKlinika #GribuSportot #KopaMesVaram #DziveBezBailem #IzglabDraugu"
192,31.05.2021 20:16:42,Āgenskalna klīnika,,,Bez komentāriemLondonas centrs šī gada 29.maijshttps://odysee.com/@EvidenceNotFear:a/Mainstream-Media-You-Cannot-Ignore-This:8Kopā mēs varam!!!/Dr.E.Mednis/#AgenskalnaKlinika #GribuSportot #KopaMesVaram #DziveBezBailem #IzglabDraugu
193,01.06.2021 00:30:34,Āgenskalna klīnika,,,Te Austrālijas skaitļi. Nāve no Covid pārliecinoši zaudē nāvei no Covid vakcīnas - 1 : 210. Un tas viss nepilnu 5 mēnešu laikā. Izvēlamies to labāko un sev tīkamāko.Kopā mēs varam!!!/Dr.E.Mednis/#AgenskalnaKlinika #GribuSportot #KopaMesVaram #DziveBezBailem #IzglabDraugu
194,01.06.2021 00:30:34,Āgenskalna klīnika,,,
195,01.06.2021 00:42:39,Āgenskalna klīnika,,,"Sveiciens Starptautiskajā bērnu aizsardzības dienā.  Šeit ir ASV dati par ""kritušajiem"" no eksperimentālās gēnu terapijas. Tagad Latvijā sākšot špricēt jauniešus no 12 gadiem. Tas ir vienkārši ārprāts. Pārsteidzoši cik tālu var iet un cik zemu var krist mūsu farmācijas un Lielo aizjūras onkuļu pavadā ejošie vasaļi. Nepietiek, ka eksperimentālai gēnu terapijai kā izmēģinājuma trusīšus pakļauj pieaugušus cilvēkus, bet tagad ir ķērušies klāt bērniem. Šķiet, ka pat nacisti nebija tik nežēlīgi. ASV Konektikutas pavalstī 18 iepriekš veseliem nepilngadīgiem jauniešiem esot attīstījušās sirds problēmas pēc kovidšprices.Tāds īpatnējs Pavļuta un Kariņa kungu sveiciens mūsu bērniem šai dienā. Interesanti vai viņi savus bērnus jau ir pieteikuši rindā uz kovidšprici? Ja nē, tad kādēļ un ar kādām tiesībām viņi ir ķērušies pie mūsu bērniem?https://www.bitchute.com/video/5mErSPRbwYgI/Kopā mēs varam!!!/Dr.E.Mednis/#AgenskalnaKlinika #GribuSportot #KopaMesVaram #DziveBezBailem #IzglabDraugu"
196,01.06.2021 11:28:25,Āgenskalna klīnika,,,"Ļoti interesants kārtējais Golos Germanii video, kurā tiek citēti Vācu lielākie preses izdevumu un tiek runāts par maskām bērniem, kovidšpricēm bērniem un Vācijas valdības reakcijām. Atceramies, ka viss, kas notiek ASV un Vācijā ar nelielu laika starpību notiek arī Latvijā. Ir vērts noskatīties un aizdomāties. Sevišķa vērība kovidšpricēm bērniem. Bērni nav riska grupa. Skolās nav bijuši infekcijas uzliesmojumi. Lokdauna laikā pieaugusi vardarbība pret bērniem, bērnu suicīdi, psihiskās saslimšanas. Viss tas pats ir arī pie mums. Bez tam Vācijā no kroņa miruši 4 bērni, vardarbīgā nāvē 1000. Bīstams vīruss. vai ne?Kopā mēs varam!!!/Dr.E.Mednis/#AgenskalnaKlinika #GribuSportot #KopaMesVaram #DziveBezBailem #IzglabDrauguhttps://www.youtube.com/watch?v=UU0uq1KHoBk"
197,01.06.2021 23:23:34,Āgenskalna klīnika,,,
198,02.06.2021 22:44:49,Āgenskalna klīnika,,,"Ļoti interesantu rakstu ir uzrakstījis Aivis Vasiļevskis. Raksts zināmā mērā izskaidro gan to, kādēļ šīs gēnu injekcijas tiek tik ļoti uzspiestas par spīti visām blaknēm, kas ir neraksturīgi daudz. Izskaidro arī 5G varētu teikt vardarbīgu ieviešanu, t.i. nerēķinoties ar apkārtējo iedzīvotāju vēlmēm un viedokli.  Var jau, protams, runāt par folijas cepurītēm, tās piedēvēt kādam, bet nesenā vēsture rāda, kas tas, kas mums šodien šķiet pilnīgs sviests un neiespējamais, rīt izrādās sūrā dzīves īstenība. Lai atceramies pagājušā gada pavasari. Un to, kas tika rakstīts, kas tika ziņots un kam lielais vairums neticēja. Piepildījās par visiem 100 procentiem. Lasiet un spriediet paši.Kopā mēs varam!!!/Dr.E.Mednis/#AgenskalnaKlinika #GribuSportot #KopaMesVaram #DziveBezBailem #IzglabDrauguhttps://www.brivibasplatforma.lv/smadzenu-kontrole-caur-magnetisko-proteinu-vai-zinam-visu-par-injekciju-aferu/"
199,03.06.2021 14:09:24,Āgenskalna klīnika,,,"Turpinot tēmu par cilvēku digitalizāciju - šeit Maika Jīdona (Mike Yeadon) teiktais par īsto vakcīnu sūtību, tar to kā mums valdība melo un citām interesantām lietām. Šķiet, viņā der ieklausīties. Jo viņš ir strādājis pietiekami augstā amatā Pfizer kompānijā. Un var domāt, ka viņš zina ko runā. Jautājums ir tikai par to, cik mēs vēlamies ieklausīties un ko mēs ar to tālāk darām.Kopā mēs varam!!!/Dr.E.Mednis/#AgenskalnaKlinika #GribuSportot #KopaMesVaram #DziveBezBailem #IzglabDrauguhttps://rumble.com/vhxy5n-former-pfizer-vp-dr.-yeadon-governments-lied-about-virus-vaccines-to-force-.html"
200,03.06.2021 14:38:56,Āgenskalna klīnika,,,
201,03.06.2021 14:41:30,Āgenskalna klīnika,,,"Šeit ir bildīte ar ceļu, kas noiets un vēl ceļu, ko daži grib, lai mēs noejam. Mums pašiem tad jāizšķir, ko vēlamies. Ejam citu nospraustu ceļu, jeb ejam savējo. Man jau šķiet, ka ir daudzi citi ceļi kurp iet ar daudz skaistākiem mērķiem. Šis nav vienīgais. Izdarām katrs savu izvēli un dodamies savā ceļā.Kopā mēs varam!!!/Dr.E.Mednis/#AgenskalnaKlinika #GribuSportot #KopaMesVaram #DziveBezBailem #IzglabDraugu"
202,04.06.2021 22:51:54,Āgenskalna klīnika,,,
203,04.06.2021 22:54:50,Āgenskalna klīnika,,,"šo injekciju iniciē neticīgos velnišķīgā kultā. Padara par piederīgiem kultam. Par uzticamiem kalpotājiem.Jautājums ir tikai vai mēs katrs vēlamies šādu iniciāciju un piederību? Vai mēs vēlamies dzīvot ""Saules pilsētā""?Kopā mēs varam!!!/Dr.E.Mednis/#AgenskalnaKlinika #GribuSportot #KopaMesVaram #DziveBezBailem #IzglabDraugu"
204,04.06.2021 23:01:00,Āgenskalna klīnika,,,"Šeit vēl viena interesanta ziņa - ja kādam rodas juridiskas problēmas ar gēnu injekcijām darba vietā jeb kur citur, ir juristi, kas vēlas palīdzēt. Pārliecinieties paši.Kopā mēs varam!!!/Dr.E.Mednis/#AgenskalnaKlinika #GribuSportot #KopaMesVaram #DziveBezBailem #IzglabDrauguJūsu palīgs tieslietās- kanāls Tiesplēsis 🇱🇻 (http://t.me/Tiespleesis) t.me/TiespleesisNestandarta risinājumi, kas strādā arī sapuvušā sistēmā!Grupā Tiesplēšu Apspriede 🇱🇻 (http://t.me/Tiespleeshu_Apspriede) t.me/Tiespleeshu_Apspriede īsi uzrakstiet lietas būtību un noslēgumā lūdzu pievienojiet frāzi- draugi man nepieciešama jūsu palīdzība! Mēs ar jums noteikti sazināsimies 😊Dalāmies ar savu pieredzi un palīdzam tautiešiem!Aiciniet visus, kam nepieciešama palīdzība tieslietās!"
205,05.06.2021 21:12:12,Āgenskalna klīnika,,,"šajā laikā viens no vārdiem, kas strauji nāk dienas kārtībā ir ""Diskriminācija"". Tā notiek ik uz soļa. Un mūsu valdībnieki to sola ar vien vairāk. lai gan Veselības ministrija solīja, ka vakcinācija nebūs obligāta, solījums, iespējams, ir piemirsies. Vai arī labā roka nezina ko dara kreisā. Klajš diskriminācijas piemērs ir RSU. Tā ir universitāte, kas apmāca jaunos ārstus. Un rektors ir Aigars Pētersons. Arī ārsts. Un labs bērnu ārsts. Pats esmu pie viņa mācījies bērnu ķirurģiju. Kas pēkšņi ir noticis ar mūsu vadošajiem ārstiem? Kāpēc tie nevēlas vai negrib saprast, ka vakcinācija pret kovidu ir medicīnisks eksperiments. Un skaitļi liecina, ka mirstība no šīs ligas ir 0,15% pēc jaunākajiem datiem. Līdz ar to tā neatšķiras no gripas. tad kādēļ jaunie ārsti ir jāspiež vakcinēties? kādēļ tiem ir jārada situācija, ka mācīties bez kovidšprices ir faktiski neiespējami? Šī ir vistiešākā veidā diskriminācija. Un arī mobings. Tas attiecas arī uz citām iestādēm un darba vietām, kas pieprasa šīs injekcijas. Absolūti nelikumīgi pieprasa. Jo neviens iestādes vadītājs neuzņemas nekādu atbildību par sekām, kas var rasties no šīs eksperimentālās gēnu terapijas. Man ir paciente kas sašpricējusies pēc darba devēja pieprasījuma un tagad viņai ir jāārstējas. Kurš personīgi ir par to atbildīgs? Faktiski tas, kurš pieprasīja šo injekciju. Līdz ar to droši var sūdzēt tiesā un uzvarēt. Un piedzīt kompensāciju par morālu un materiālu kaitējumu. Tas viss IR iespējams. Un tas IR JĀDARA. Faktiski jau pie pirmā kovidšprices pieprasījuma ir jāpalūdz, lai darba devējs uzraksta to rakstiski un tad ar šo dokumentu jādodas pie Tiesībsarga, uz prokuratūru un daba inspekciju. RSU gadījumā tas noteikti ir jāapstrīd un ceļš tāds pats - Tiesībsargs, prokuratūra un vē, cik dzirdēju, tad Saeimas deputāte Jūlija Stepaņenko organizē juridisku palīdzību šajā gadījumā. Tad rakstiet arī viņai: julija.stepanenko@saeima.lv . Jo vairāk būs šādu iesniegumu, jo labāk. Jo skaidrāk mēs pateiksim valdībniekiem, ka mēs šim šovam nepiekrītam. ka mēs nepiedalāmies. Un šī IR DISKRIMINĀCJA. Un tā IR JĀSODA. Tas ir noziegums. Cīnāmies, darām un uzvarām. Mēs uzvarēsim.Klāt pievienoju iesniegumu par diskrimināciju. Aizpildiet un nosūtiet attiecīgajiem adresātiem. Šo iesniegumu var lietot plašāk, kā mēs varam iedomāties.Kopā mēs varam!!!/Dr.E.Mednis/#AgenskalnaKlinika #GribuSportot #KopaMesVaram #DziveBezBailem #IzglabDraugu"
206,05.06.2021 21:14:59,Āgenskalna klīnika,,,
207,06.06.2021 12:18:35,Āgenskalna klīnika,,,"Laiki mainās un mēs maināmies tiem līdzi. jau rakstīju, ka tas, kas notiek Vācijā un ASV pēc neliela brīža notiek arī pie mums. Kā vienmēr kanāls Golos Germanii apskata Vācijas galvenos masu medijus un to publikācijas. Izrādās, ka Vācijā mediji sāk lēnām ieslēgt atpakaļgaitu. Arī viņu galvenais epidemiologs Lautebahs, kas visu laiku baidīja ar milzu miruši skaitu, un visu pārējo mums labi zināmo ārprātu, jau sākot runāt, ka nav nemaz tik traki. Bez tam interesants fakts, ka Vācijā saslimušo gandrīz nemaz vairs nav, bet mirušie no Kovida tomēr nez no kurienes uzrodas. Kā tad tā? Vai marsieši mums tos piespēlē. Jeb tomēr ir kāda kļūda diagnostikā un uzskaitē? Domājiet paši. Un arī interesants moments, ka aptuveni 80% vāciešu neatbalsta Vācijas valdības politiku attiecībā pret Kovidārprātu. Interesanti kā ir pie mums? Varētu būt līdzīgi? Bez tam šeit ir arī dažas interesantas ziņas saistībā ar kovidšpricēm - dāņi uzdāvinājuši vāciešiem Astra Zeneca injekcijas, jo paši tās savā valstī aizliedza sakarā ar lielu blakņu skaitu un to nopietnību.  Kā arī ir parādījies pētījums par Pfizer BioNtech vakcīnas nanodaļiņām, kas it kā paliekot tikai injekcijas vietā, bet izmēģinājumā uz dzīvniekiem tās ir atrastas izkaisītas pa visu organismu, tai skaitā lielā daudzumā tās ir atrastas olnīcās.  Katram no mums ir sava izvēle.Katrā ziņā skatāmies kas notiek un baudām vasaru. nav vairs ilgi palicis, lai kovidārprāts noagonētu un beigtos. Arī viņi to zina. tādēļ tā plosās. Tādēļ arī tāds siediens šobrīd. Bet Saule vairs nav aiz kalniem. Kopā mēs varam!!!/Dr.E.Mednis/#AgenskalnaKlinika #GribuSportot #KopaMesVaram #DziveBezBailem #IzglabDrauguhttps://www.youtube.com/watch?v=yKxEPyKcIf8"
208,06.06.2021 22:23:44,Āgenskalna klīnika,,,"Vēsture atkārtojas, jeb drīzāk tā turpinās. Visa šī kovidšļura nav nekas cits kā globālā kapitāla pārdale un kapitālisma sistēmas krīze. Un kovids ir tikai iegansts, lai mainītu sistēmu. Sakars te ar medicīnu ir vienāds ar nulli. Par šiem un citiem ļoti interesantiem jautājumiem runā vēsturnieks Andrejs Fursovs. Ļoti interesanti un aizraujoši, lai izprastu šodien notiekošo. Konkrēti, saprotami, vienkāršā valodā. Tikai atkal ir par ko domāt. Bet domāšana, kā zināms, ir atkarība. Bet tā ir arī attīstība. Domājam!!!Kopā mēs varam!!!/Dr.E.Mednis/#AgenskalnaKlinika #GribuSportot #KopaMesVaram #DziveBezBailem #IzglabDrauguhttps://www.youtube.com/watch?v=GBOdBjb1HO4"
209,08.06.2021 11:54:22,Āgenskalna klīnika,,,"Turpinot tēmu par diskrimināciju, Latvijā kustība pret diskrimināciju notiek. Jauna juriste ir izveidojusi dokumentu, ko studēt gribošie un iniciēties kultā negribošie var izmantot savu tiesību aizstāvībai. Lietojam un cīnāmies par savu brīvību. Lai troļļi un kariņa goblini paši tiek galā ar savām injekcijām un eksperimentālām substancēm - lai lieto paši sev.Pievienoju saiti uz dokumentu un arī Ilze Jurčas pavadvēstuli.  Mums ir jāaizstāv savas tiesības uz izglītību bez aparteīda.https://docs.google.com/document/d/1CfnE7cS-2oCeFZ8TbxTkfyzH1vK7yONGukpq9K1ZV9c/mobilebasic?fbclid=IwAR3jBwBWQL2Dir3jiYolK2QeWpjF2KXidPAo3r_gDEXNMTPmmGvwsT-zZtMKopā mēs varam!!!/Dr.E.Mednis/#AgenskalnaKlinika #GribuSportot #KopaMesVaram #DziveBezBailem #IzglabDraugu"
210,08.06.2021 11:56:08,Āgenskalna klīnika,,,
211,08.06.2021 21:56:47,Āgenskalna klīnika,,,"Izcils raksts tika ierakstīts Klīnikas diskusiju sadaļā. Šausminošs, bet reizē patiess. Vēsture. Vēsture, kas šobrīd atkārtojas. Tikai cik tālu? Arī toreiz daudziem šķita, nekas, var jau paciesties. Pacietās. Vēl ilgi pasaule apraudāja kritušos, bija Ļeņingradas blokāde, Berlīnes ieņemšana, Nirnbergas prāva. Bojā gājušos skaits desmitiem miljonu. Cikls. Bet sākās viss ar kāda ūsaiņa uzrunu alus bārā. Tālāk vēss aprēķins. Un aukstasinīga rīcība. Ļoti līdzīgi kā tas notiek šodien. Tikai šodien mēs esam procesa vidū, kad tiek ierobežotas atsevišķas cilvēku daļas elementāras brīvības. Un izvēle ir jāizdara - brīvības, jeb veselība. Smaga izvēle. Runāju ar cilvēkiem, kas ir jau paspējuši sašpricēties. Viena daļa ir visai nerunīga un kā apmāta ar savu izredzētību. Otra daļa - apmuļķota. Viņi nav sapratuši risku veselībai, bet domāja tikai par savām brīvībām - ceļošanu, teātriem, koncertiem u.c. Skarba atklāsme, kad saproti, ka gribēji tikai labu, bet ......... Stulbi kaut kā. Vienīgais, ko varam darīt ir izglītoties cik nu katrs spējam. Lasīt, izzināt, domāt līdzi. Un neļauties klajai propagandai. Šobrīd faktiski ir karš. Tikai savādākā formā. Neviens nešauj un pilsētas nedeg. Bet kā savulaik teica mūsu valsts Prezidents Levita kungs - hibrīdkarš. Un kā pret tādu pret to ir arī jāattiecas. Un kara laikā, kā zināms, cilvēki nedomā par ceļojumiem, koncertiem un citām ekstrām. Bet, ja domā, tad tam ir sava cena. Paliela cena. Dārgi sanāk. Bet izvēle ir katra paša rokās.Kopā mēs varam!!!/Dr.E.Mednis/#AgenskalnaKlinika #GribuSportot #KopaMesVaram #DziveBezBailem #IzglabDraugu"
212,08.06.2021 21:56:47,Āgenskalna klīnika,,,
213,11.06.2021 10:22:57,Āgenskalna klīnika,,,"Meli, meli un vēlreiz meli. Tā īsumā varētu raksturot visu šo jezgu ap  un par vīrusu, kuru neviens nav spējis izolēt un pierādīt. Meli gan ASV, gan Vācijā, gan citās valstīs. Pie mums, kā vienmēr, vislabāk. Vācijā valdība melo par maskām, krāpjas ar iepirkumiem, melo ar statistiku, kukuļo slimnīcas un izveido situāciju, lai trūktu intensīvās terapijas gultu un slimnīcām būtu izdevīgi uzskaitīt pēc iespējas vairāk pacientu ar C19. Tādējādi ""uzpūšot"" statistiku. Un radot iespēju vaimanāt, ka trūkst intensīvās terapijas gultu. Lai gan nekā tāda tur nav. To sāk atzīt pat Vācijas lielākie mediji. Pie mums Latvijā - nekā tāda noteikti nav. Viss likumā noteiktajā kārtībā. Pie mums ir vislabāk. Igaunijā dzīvo jau bez maskām, Lietuvā arī. Pie mums vislabāk. Mēs joprojām ar. varbūt mēs varētu savu pieredzi piedāvāt Igauņiem. lai atbrauc pie mums mācīties kā jāmenedžē krīzi. Kā jāterorizē tautu. Viņi noteikti to nemāk tik labi, kā Sarkano strēlnieku un Arāja komandas pēcteči. Viņiem nav tik jaudīgas vēstures. Pie mums ir vislabāk. Šeit jau citētais Golos Germanii ar pavisam svaigiem Vācijas priekšvēlēšanu jaunumiem. Ir interesanti. Un sola, ka būs vēl. 😁 Bet pie mums noteikti nekā tāda nav.Kopā mēs varam!!!/Dr.E.Mednis/#AgenskalnaKlinika #GribuSportot #KopaMesVaram #DziveBezBailem #IzglabDrauguhttps://www.youtube.com/watch?v=Wnlxf1FbT-U"
214,14.06.2021 15:13:50,Āgenskalna klīnika,,,"Pēdējā laikā sāk parādīties pacienti ar sūdzībām pēc jaunajām gēnu injekcijām. Sūdzības ir visdažādākās - izsitumu uz ādas, nomāktība, drudzis, ārkārtīgi slikta pašsajūta, ""kaulu laušana"", strutaini izdalījumi un citas jaukas lietas. tās gan ne pārāk patīk pašiem pacientiem. Sākotnējās ziņas, ka nevarēs palīdzēt, par laimi neapstiprinājās. Palīdzēt var. Un arī vajag, jo komplikācijas ir reizēm visai nopietnas.Tikai viena lieta, kas būtu jāatceras, ka par visām komplikācijām pēc jebkurām injekcijām, būtu jānoziņo Zāļu valsts aģentūrai.parasti arī pajautāju par iemesliem kādēļ cilvēks ir izšķīries par šo soli. Interesanti - atbildes ir visdažādākās. saprotiet mani pareizi - es nenosodu nevienu. Es tikai pūlos saprast. ja cilvēks ir izlēmis, ka piedalās eksperimentā, tad tā ir viņa brīva izvēle. Bet vienīgais, ko gribētos ir, lai tā būtu INFORMĒTA PIEKRIŠANA. Bet parasti tā nav. Cilvēki ļoti vieglprātīgi (vairumā gadījumu) uztver šo injekciju. vai arī darba devējs - piespiedu brīvprātīgi uzstāj uz to. šajā gadījumā es parasti iesaku pajautāt darba devējam par kompensāciju, gan morālo, gan arī materiālo - par zālēm, ārsta konsultāciju u.t.t. Tas būtu tikai godīgi. Bet arī tas parasti nenotiek. tad visi rausta plecus un, kā vienmēr atbild: tā gadās. Ar to vien nepietiek, ja tu esi piespiedis darbinieku sašpricēties. Tad tu esi uzņēmies pilnu atbildību. Vismaz morālu. Un, protams, ne juridisku, bet karmisku Kosmosa, jeb dieva priekšā. radītāja priekšā. Un par to BŪS jāatbild. No tā nevarēs izvairīties. Līdz ar to katram darba devējam vajadzētu padomāt uz ko viņš mudina savus darbiniekus un kā vārdā. Tāpat kā Pavļuta un Kariņa kungiem. Jo šī brīža situācija Latvijā ir viņu personiskā atbildība. Un sašpricēto komplikācijas tāpat.Bet tādēļ ziņojam ZVA par katru komplikāciju, par katru gadījumu, pat, ja tikai šķiet, ka varētu būt saistība. Ziņojam. Lai tad speciālisti paši vērtē kas atbilst un kas nē. Tas ir viņu dabs. Mūsu ziņā ir dot viņiem informāciju.Kopā mēs varam!!!/Dr.E.Mednis/#AgenskalnaKlinika #GribuSportot #KopaMesVaram #DziveBezBailem #IzglabDraugu"
215,17.06.2021 13:58:26,Āgenskalna klīnika,,,"Rakstīts jau bezgala daudz par maskām, to jēgu - nozīmi vīrusa apkarošanā. Nu jau gandrīz visi zina, ka tās ir bezjēdzīgas no medicīniskā viedokļa. Un masku režīmam ir citi režīma noteiktie mērķi, par kuriem neviens nerunā. Nerunā skaļi. Runājam tīri latviski katrs savā virtuvē un guļamistabā. Tad šobrīd, šķiet ir pienācis laiks to pateikt skaļi. Sanāk visiem kopā un pateikt. Beidzot. Cik ilgi latviešu tauta klusēs? Cik ilgi Latvijas tautas klusēs? Mēs neesam tikai latvieši, mēs esam arī krievi, polī vācieši, baltvācieši, zviedru pēcteči, romi, ukraiņi un daudzi dadzi citi. Šis ir laiks beidzot apvienoties un teikt savu vārdu. Teikt skaļi.Šeit iniciatīva Mārupē, tepat pie Rīgas. Par maskām. Jeb pret masku režīmu. Pret režīmu kā tādu. Pret genocīdu pret tautu. Pret aparteīdu. Par brīvību. Par brīvu elpu. Par brīvu dzīvi. Par brīvu izvēli.Par....... Sanākam kopā.Kopā mēs varam!!!/Dr.E.Mednis/#AgenskalnaKlinika #GribuSportot #KopaMesVaram #DziveBezBailem #IzglabDraugu"
216,17.06.2021 13:59:03,Āgenskalna klīnika,,,
217,18.06.2021 10:56:19,Āgenskalna klīnika,,,
218,18.06.2021 14:44:49,Āgenskalna klīnika,,,
219,19.06.2021 23:55:21,Āgenskalna klīnika,,,
220,20.06.2021 13:13:22,Āgenskalna klīnika,,,"(turpinājums. Laikam zīmju skaits tika pārsniegts iepriekšējā ziņā) ka šobrīd koncentrācijas nometne ir daudz plašāka un cilvēki brīžiem neapzinās tās esamību. Tādēļ atveram acis, skatāmies pasaulē un  domājam. Gaisma aust. Lēnām, bet neatgriezeniski. Mēs uzvarēsim.Kopā mēs varam!!!/Dr.E.Mednis/#AgenskalnaKlinika #GribuSportot #KopaMesVaram #DziveBezBailem #IzglabDraugu"
221,20.06.2021 16:12:46,Āgenskalna klīnika,,,"Nu re, pamazām, kā puzzli liekam kopā. Gabaliņu pa gabaliņam. Arī pie mums mediķi, nezinu apzināti, jeb nē, sāk runāt. Un klajā nāk patiesība kā tas viss notiek. Izrādās, ka tik daudz Covid ""pacientu"", jeb ""saslimušo"", bija tāpēc, ka mediķiem bija piemaksas. Tagad piemaksu vairs nebūs un arī Covid vairs neesot. Tā Dr.Cipule NMPD direktore. Tas sasaucas ar to, ko Golos Germanii publicēja iepriekš par Vāciju, ka tur intensīvās un vispār slimnīcu gultu iztrūkums bija tieši šo piemaksu dēļ, jo katra slimnīca centās tās iegūt. Bet piemaksas maksāja par katru Covid pacientu. Interesanti. Vai ne?Kopā mēs varam!!!/Dr.E.Mednis/#AgenskalnaKlinika #GribuSportot #KopaMesVaram #DziveBezBailem #IzglabDraugu"
222,20.06.2021 16:12:46,Āgenskalna klīnika,,,
223,20.06.2021 16:19:02,Āgenskalna klīnika,,,"Šādi mūsu valstī tiek risināta citādi domājošo problēma. Pēc Iosifa Visarionoviča Staļina metodikas: ir cilvēks ir problēma, nav cilvēka, nav problēmas. Cilvēki bija sanākuši uz miermīlīgu pasākumu privātā teritorijā, bet Kariņam un Pavļutam paklausīgie izrīkojas šādi. To sauc par demokrātiju. Laipni lūgti jaunajā pasaulē. Bet labā ziņa ir tā, ka šāda izmisīga rīcība - par katru cenu apspiest un apklusināt citādi domājošos, gribēt teikt veselīgi domājošos, kas nepakļaujas kovidfašismam ir vājuma un baiļu izpausme. Jo nedod dievs viens pasākums izdosies bez policijas iejaukšanās un tad tauta ieraudzīs, ka drīkst un tad maisam gals būs vaļā. Un to vairs nevarēs apturēt. tādēļ arī tāda  panika valdoņu rindās.. Nu ko skatāmies kas būs tālāk.  Cik ilgi tā varēs.Kopā mēs varam!!!/Dr.E.Mednis/#AgenskalnaKlinika #GribuSportot #KopaMesVaram #DziveBezBailem #IzglabDraugu"
224,20.06.2021 16:19:02,Āgenskalna klīnika,,,
225,21.06.2021 20:33:37,Āgenskalna klīnika,,,"Beztiesiskums Latvijas tautas republikā sāka atgādināt bērnībā redzēto programmā Vremja, kur bija sižeti par militārām huntām Latīņamerikā. izrādās mums nav vairs tiesību rīkot privātus pasākumus privātā teritorijā un policijai ir tiesības ielauzties bez nekāda redzama iemesla, pielietot elektrošoku pret cilvēku, kas nepretojas, neuzvedas agresīvi un nekādā citādā veidā nerada nekārtības. To visu drīkst. Izrādās. Skumji. Bet varu piekrist sižeta veidotājam, ka diženais vadonis Kariņš ar rokaspuišiem, būtībā dara lielisku darbu - apvieno Latvijas tautu. Apvieno latviešus, krievus, ukraiņus, poļus un citas Latvijā dzīvojošās tautas un to pārstāvjus. Un cilvēki, kam līdz šim nebija skaidrs, kas notiek Latvijā, maz pamazām kļūst skaidrāks. Šobrīd Latvijā valda hunta, kas jautājumus risina vardarbīgā ceļā. Vardarbība ir tas, ko viņi piedāvā. Tas, ko piedāvā, kā vienīgo risinājumu huntas diženais vadonis Kariņš. Un nebūsim naivi, nav 1905.gads, kad cilvēki pēc asiņainajiem notikumiem domāja, ka Cars jau ir labs. Cars jau nezina, ko viņa padotie dara. Vadonis Kariņš brīnišķīgi to zina. Un, ja nē, tad viņam ir nekavējoties jāatkāpjas. Faktiski viņam tas būtu jādara jebkurā gadījumā pēc visa pieredzētā pēdējā gada laikā.Baudiet video.  Bet tikmēr tauta apvienojas. Apvienojas kopīgam mērķim - izbeigt šo ārprātu. izbeigt šo patvaļu, kam nav nekāda sakara ar medicīnu.Kopā mēs varam!!!/Dr.E.Mednis/#AgenskalnaKlinika #GribuSportot #KopaMesVaram #DziveBezBailem #IzglabDrauguhttps://www.youtube.com/watch?v=p3W9-GWgSas"
226,22.06.2021 17:15:14,Āgenskalna klīnika,,,"Kāmēr mūsu hunta ar dižo vadoni priekšgalā domā ko darīt, izrādās Indijā jau rīkojas - tur jau notiek vardarbīga piespiedu vakcinācija ar armijas palīdzību. Cerams, ka līdz mums šis ārprāts nenonāks, kaut gan ne par ko  nevaram šai pasaulē būt droši. Diemžēl.Atkārtošos, bet šī nav vakcīna, tā ir nepārbaudīta, eksperimentāla gēnu injekcija, ko mums mēģina pasniegt kā izeju no valdības un mediju radītās krīzes un kā vienīgo izdzīvošanas garantu. Lai gan nu jau pasaulē tiek minēti dažnedažādi slavenā vīrusa mutāciju varianti un tāpat pienāk ziņas, ko no vairākiem, kā izrādās šīs šprices nemaz nepasargā. Un tādēļ tomēr ierobežojumus nedrīkst atcelt. Nerunāsim par to, vai šīs injekcijas vispār no ka pasargā un kam tās patiesībā ir domātas, bet, ja jau nepasargā no variantiem, tad kādēļ tās mums vajadzīgas? Un, ja vadonis uzskata, ka vajadzīgas, tad lūdzu nejauciet šeit iekšā medicīnu. Tās šeit nav. Ne kripatiņas. Medicīna sākas tur, kur ir sašpricētie. Liela daļa no viņiem piedzīvo lielākas, jeb mazākas blaknes. Tikko runāju ar vienu savu paziņu - vakar dabūjis otro injekcijas devu. Vakar un šodien esot ""nekāds"". ""Grūti saņemties darbiem un saprast kas jādara"". Tad kādēļ mums tāda iela, kas neved uz baznīcu - kā vienā vecā padomju laika filmā jautāja personāžs? Domājam. Un pieņemam paši savus lēmumus.Kopā mēs varam!!!/Dr.E.Mednis/#AgenskalnaKlinika #GribuSportot #KopaMesVaram #DziveBezBailem #IzglabDraugu"
227,22.06.2021 17:15:14,Āgenskalna klīnika,,,
228,23.06.2021 10:37:41,Āgenskalna klīnika,,,
229,01.07.2021 10:21:03,Āgenskalna klīnika,,,"Britu ārsts un pētnieks Vernons Kolemans (Vernon Coleman) ir ierakstījis video, kurā viņš skaidro kāpēc vakcinācija ir bīstama. Bez tam izrādās, ka tā ir bīstama ne tikai pašiem špricētajiem, bet bīstama arī apkārtējiem. Tas notiekot tāpēc, ka špricētie palīdz vīrusam mutēt (mainīties) un, jo vairāk špricēto, jo vairāk būs mutāciju - jaunu vīrusa variantu. Un, kas ir sliktais šai stāstā, vīruss kļūs ar vien spēcīgāks un bīstamāks. Bez tam jaunās vakcīnas, kas tiks tuvākajā nākotnē saražotas, nepasargās, jo, kā tas zināms, no gripas vakcīnu pieredzes, zinātnieki un rūpniecība nespēj būt ātrāki par vīrusa spēju mutēt. Līdz ar to, tāpat kā gripas gadījumā, arī šajā tā ir cīņa ar vējdzirnavām. Tas ir mēģinājums noķert vēju. Bet vai tas ir mērķis? Dr.Kolemans domā, ka nē. Mērķis ir pavisam cits un tik šausmīgs, ka prāts atsakās to pieņemt. Un tas ir depopulācija. Faktiski visa šī jezga ir nekas cits kā cilvēku populācijas masveida samazināšana. Jo Bills Geits (Bill Gates) jau savulaik bija teicis, ka planēta ir pārapdzīvota. Briesmīgi. Bet patieso ainu parādīs rudens un ziemas periods. Tad būs redzams kas notiks. Tas, ko varu ieteikt visiem - gan špricētajiem, gan nešpricētajiem ir stiprināt savu imunitāti - ēst veselīgi un sabalansēti, sportot regulāri, meklēt un sameklēt pozitīvas emocijas ikdienā, katru dienu. Uzturēt sevī možu garu, izslēgt televizoru, nelasīt ziņas. Vismaz meinstrīmu nelasiet. Tas uzdzen depresiju un samazina jūsu imunitāti. Turamies. 🙂Kopā mēs varam!!!/Dr.E.Mednis/#AgenskalnaKlinika #GribuSportot #KopaMesVaram #DziveBezBailem #IzglabDraugu"
230,01.07.2021 10:23:21,Āgenskalna klīnika,,,
231,01.07.2021 10:52:30,Āgenskalna klīnika,,,"Šobrīd, skatoties un klausoties informāciju, kas pienāk, nāk prātā kadrs no filmas 17 pavasara mirkļi, kur Millers teica Štirlicam: Štirlic, veriķ neļzja ņikomu, mņe možno (Štirlic, ticēt nedrīkst nevienam, man drīkst). Ir ļoti, ļoti daudz un dažādas informācija, jo ir taču informatīvais karš. Līdz ar to tā ir ļoti kritiski jāizvērtē. Piemērs ir Klīnikas diskusiju lapā iesūtītais video ar pamācību kā novērst injekciju blaknes. Tad paskaidroju -tās šādā veidā NOVĒRST NEVAR. Vai tās vispār var novērst? Domāju, ka nē. Paskaidrošu - substance (jebkura) ievadīta organismā injekcijas veidā momentā sāk uzsūkties. Jo visur ir asinsvadi. Lielāki vai mazāki, bet ir. Intramuskulāra injekcija dod rezultātu jau pēc 10-15 minūtēm. Tas nozīmē ka pa šo laiku substance ir uzsūkusies un izraisījusi jau sekas. Līdz ar to kāmēr cilvēks nokļūst kaut kur, kur viņam veic šo jauko procedūru, viss jau ir noticis. Un substances vairs injekcijas vietā praktiski nav. tā ir iznēsāta pa visu organismu. Tā ir elementāra fizioloģija.Tādēļ esam, lūdzu kritiski un filtrējam paši.  Jo ir tāda sajūta, ka sistēma mums, citādi domājošiem, kā tādiem zvēriņiem būrī pamet gaļas gabaliņu un mēs kāri krītam virsū un to gremojam un atgremojam. Tādējādi tiem novērstas domas no būtiskā un mēs nodarbinām savus prātus ar lietām, kas nepastāv, vai kas ir vienkārši izdomātas. Un sistēma par mums uzjautrinās.  Un dara savas lietas.Domājam, pirms izplatām info.Kopā mēs varam!!!/Dr.E.Mednis/#AgenskalnaKlinika #GribuSportot #KopaMesVaram #DziveBezBailem #IzglabDraugu"
232,01.07.2021 18:03:27,Āgenskalna klīnika,,,"Ļoti interesantas ziņas no Taivānas. Šausminošas. Vairāki zīdaiņu vecuma bērni miruši atvemjot asinis pēc sašpricētas mātes piena lietošanas. Domāju, ka mums vēl daudz pārsteigumu priekšā. Un atbildību par šo visu neuzņemsies neviens. Jo tie, kas visu šo teātri režisē ir tālu, bet mūsējie ir tikai pakalpiņi, kas akli izpilda rīkojumus. Tas gan neatbrīvo no atbildības ne morālās, ne juridiskās. Ļoti smaga nasta, ko uzņemas mūsu varneši. Kā tajā dziesmā: Smaga ir tāda nasta, smaga. Vari pat aizmirst, ka esi bagāts.Kopā mēs varam!!!/Dr.E.Mednis/#AgenskalnaKlinika #GribuSportot #KopaMesVaram #DziveBezBailem #IzglabDraugu"
233,01.07.2021 18:03:27,Āgenskalna klīnika,,,
234,01.07.2021 22:13:02,Āgenskalna klīnika,,,"Te arī vakcinācijas sekas: Izraēlā cilvēki slimo vasarā ar tiem vīrusiem, ar kuriem tie parasti slimo ziemā. Tad iznāk tā, ka pirmkārt vīrusi nezināmu iemeslu dēļ cirkulē sabiedrībā ārpus gadalaika un otrs, ka vienā no visašpricētākajām valstīm pasaulē cilvēki nav spējīgi nostāvēt pretim parastiem vīrusiem vasaras laikā. Jautājums: kas notiks ziemā? Ziemā, iespējams būs respiratoro (elpceļu) vīrusu uzliesmojums, ko mums pasniegs kā kārtējo kovidvilni un testi būs pozitīvi un tad sāksies jautrība ar visiem iespējamiem jaunvārdiem - mājsēdēm un citām jautrām lietām. Tas jau scenārijā ir rakstīts droši vien. Bet par patieso saslimstības iemeslu neviens nerunās, izņemot dažus atkritējus. Un neviens nemēģinās saistīt šos elpceļu saslimstības uzliesmojumu ar ilgstošu un nemotivētu masku valkāšanu un arī protams jaunajām špricēm. Vainīgs būs kovic un arī nešpricētie, kas ir tik neapzinīgi, ka nerūpējas par sabiedrības veselību - lasi globālistu un viņu pakalpiņu plāniem, bt gan patiesi rūpējas, lai būtu veseli un spēcīgi cilvēki gan fiziski, gan arī garīgi.Bet viena lieta ir skaidra - šī ir viņu plāna agonija. Un mēs uzvarēsim. Visai drīz.Kopā mēs varam!!!/Dr.E.Mednis/#AgenskalnaKlinika #GribuSportot #KopaMesVaram #DziveBezBailem #IzglabDrauguhttps://www.jpost.com/health-science/covid-19-might-be-over-but-viral-infections-in-israel-are-surging-671354"
235,02.07.2021 09:01:33,Āgenskalna klīnika,,,
236,02.07.2021 09:06:15,Āgenskalna klīnika,,,
237,02.07.2021 10:55:07,Āgenskalna klīnika,,,
238,03.07.2021 11:22:50,Āgenskalna klīnika,,,"Dzīve reizēm izspēlē ļaunus jokus. Kādu laiku atpakaļ medijos parādījās ziņa, ka pēc eksperimentālās gēnu terapijas, ko daži dēvē par vakcīnu, mirusi 47 gadus jauna ASV TV seja, kas aktīvi reklamēja šo injekciju un vēējās pasaulei pierādīt tās nekaitīgumu. Tāpat Indiešu komiķis, kam bija 69 gadi. Atī vēlējās pierādīt šīs injekcijas drošumu sašpricējoties TV ekrānos. Diemžēl injekcija bija stiprāka par viņu. Viņš mira neilgi pēc injekcijas saņemšanas. . Šoreiz varam lasīt vēl vienu ziņu - bārmenis no ASV Ohio štata, kas rakstīja savos soctīklos: aizverieties un ejiet vakcinēties. Diemžēl arī viņš zaudēja, lai gan bija pieteicies loterijai - sašpricējies un vinnē miljonu. Ja vinnēs, tad viņa mantinieki. Tā lūk notiek. Tādēļ aktuāls ir jautājums, uz kuru tā arī neesmu saņēmis atbildi - kurš personīgi uzņemsies atbildību par sekām no šīs eksperimentālās injekcijas un kā tas izpaudīsies tīri praktiski? Pavļuta kungs gan teica, ka viņš uzņemas visu atbildību, bet neprecizēja kā tas izpaudīsies. Līdz ar to secinām, ka viņam tomēr pašam nav īsti skaidrs kā viņš varētu palīdzēt sašpricētajiem cilvēkiem kam ir blaknes, vai viņu tuviniekiem viņu nāves gadījumā. Turpinām uzdot jautājumus un gaidām atbildes. Bt pa to laiku paši domājam un pieņema savus lēmumus.https://bestnewshere.com/just-shut-up-and-get-the-vax-guy-dies-shortly-after-getting-vaxxed/Kopā mēs varam!!!/Dr.E.Mednis/#AgenskalnaKlinika #GribuSportot #KopaMesVaram #DziveBezBailem #IzglabDraugu"
239,09.07.2021 10:25:44,Āgenskalna klīnika,,,"Re kā. Špricējamies uz nebēdu. Bet cilvēki mirst. Mirst nevis dabīgā nāvē, bet pēc mūsu valdības dāsni uztieptajām injekcijām. Un ne tikai mūsu. Mirst arī pasaulē. Līdzšinējā prakse farmācijas industrijā bija tāda, ka pie sakritības, kad pēc kāda jauna medikamenta ieviešanas vai tā izmēģinājumu laikā ir vairāk smagu blakņu, tad to UZREIZ pārtrauc un izpēta vai gadījumā nav saistības starp medikamenta lietošanu un blaknēm. Kur nu vēl nāvēm. Šobrīd tas viss ir pagātnē. Vismaz attiecībā uz uzspiestajām gēnu injekcijām. Tām nekādi likumi nav rakstīti. Špricējamies tikai. Me jauniešu miokardīti (sirds muskuļa iekaisums), ne trombožu milzīgais skaits, ne mirušie pēc šīs šprices. Nekas nav svarīgs. Svarīgi ir iedabūt pēc iespējas vairāk cilvēkos šo indi. Jocīgi. Tas tiešām asociējas ar Hitleriešu nāves nometnēm pagājušā gadsimta 40tajos gados.  Jautājums, protams, paliek atklāts - kā vārdā? Kādēļ un kam ir vajadzīgi šie sakropļotie un mirušie cilvēki? Tas, kas pārsteidz visvairāk ir kolēģi, ārsti, kas uzspiež šīs injekcijas. It kā jau esam mācījušies vienā augstskolā, pie vieniem un tiem pašiem pasniedzējiem, pēc vienas un tās pašas programmas, bet ....... . Jocīgi.  Kur ir palicis veselais saprāts? Kur domāšana? Kur iejūtība pret pacientu? Tiešām dīvaini. Vai ārsti pārstājuši mācēt lasīt - tas taču melns uz balta ir uzrakstīts, ka šīs injekcijas NAV izgājušas pilnu aprobācijas kursu. Nav drošas - drošība nav pierādīta u.t.t. Tiešām kā tādā reliģiskā kultā. Kā reliģiskā sektā, kur ir kāds līderis, kas pauž doktrīnu un ir vesels bars apmāto, kas akli seko. Vispār neiedziļinoties lietas būtībā. Jo vadonis teica tā. tātad tā arī ir. Mums vietējais diženais vadonis ir Kariņa kungs. Es ceru, ka visai drīz viņam un arī viņa adjutantam Pavļuta kungam būs jāuzņemas personīga juridiska atbildība par nodarīto pret cilvēci, pret savu tautu. Šis viss, kas tagad notiek, izskatās pēc agonijas, kurā esošais valdošais režīms, jeb hunta velk pēdējo dvašu. Bet ir jāparauj līdzi pēc iespējas vairāk tautiešu. Briesmīgi.Turamies. Mēs uzvarēsim. Un tas būs visai drīz.Kopā mēs varam!!!/Dr.E.Mednis/#AgenskalnaKlinika #GribuSportot #KopaMesVaram #DziveBezBailem #IzglabDraugu"
240,09.07.2021 10:25:44,Āgenskalna klīnika,,,
241,13.07.2021 22:52:07,Āgenskalna klīnika,,,"Interesanti kādas vēl cūcības nāks gaismā sakarā ar visu šo kovidafēru? Tagad izrādās, ka visi špricētie būs kāda īpašums un sakarā ar izmaiņām genomā, būs nevis cilvēki, bet transcilvēki. Un uz viņiem nebūs attiecināmas cilvēktiesības, jo viņi nebūs cilvēki tradicionālā izpratnē.  Ziniet, kā to sauc? Verdzība. Visi sašpricētie, izrādās būs kāda vergi. Un ar viņiem varēs darīt jebko pēc saimnieka ieskatiem un samaitātības pakāpes. Diezgan baisi. Ja tā ir taisnība. Atgriežamies bez maz vai viduslaikos. Jeb dzimtbūšanā. Baudiet nepārbaudītās eksperimentālās injekcijas un kļūstiet pat vergiem.Par laimi, lielākajai daļai pietiek prāta atteikties no piedāvātās ""zinātnes"" un tai sekojošām špricēm. Cerams, ka mēs tomēr būsim vairākums. Tā, kā tagad esam. Un mums pietiks spēka nostāvēt pretim šim ārprātam un uzvarēt šajā hibrīdkarā.Kopā mēs varam!!!/Dr.E.Mednis/#AgenskalnaKlinika #GribuSportot #KopaMesVaram #DziveBezBailem #IzglabDraugu"
242,13.07.2021 22:52:07,Āgenskalna klīnika,,,
243,13.07.2021 22:59:08,Āgenskalna klīnika,,,"Diezgan smieklīgi notikumi risinās saistībā ar špricēšanos. Šobrīd ir milzu spiediens, lai sašpricētu maksimāli daudz cilvēku. Iemesls, iespējams, izrādās gauži prozaisks - derīguma termiņš substancēm. Tepat arī nesen lasītais paziņojums, ka tagad drīkst arī jaukt substances - ja pirmā šprice bija ar vienu, tad otrā var būt jau ar citu. Kurš to ir pārbaudījis? Uz dzīvniekiem, protams. Neviens. Bet no kurienes šāds paziņojums? Iespējams, tie paši derīguma termiņi, kas visiem ražotājiem nav vienādi. dažiem beidzas ātrāk, dažiem vēlāk, Tādēļ, lai iet viens ""kokčiks"".  Uz veselību. Vienkārši. Banāli.Kariņa un Pavļuta kungi, nepazemojiet sevi un savu tautu, vienkārši nododiet kādā aptieku ķēdē šo ""šļuru"" utilizācijai. Viņi labi to dara. Un Jūs izdarīsiet beidzot kādu labu darbu savai tautai un valstij.Kopā mēs varam!!!/Dr.E.Mednis/#AgenskalnaKlinika #GribuSportot #KopaMesVaram #DziveBezBailem #IzglabDraugu"
244,14.07.2021 00:43:09,Āgenskalna klīnika,,,
245,14.07.2021 11:08:13,Āgenskalna klīnika,,,
246,14.07.2021 14:08:50,Āgenskalna klīnika,,,
247,14.07.2021 14:10:56,Āgenskalna klīnika,,,
248,15.07.2021 00:03:08,Āgenskalna klīnika,,,"Ļoti interesants Jāzepa Baško juniora raksts par Helsinku deklarāciju, Nirnbergas kodu un to visu šī brīža špricēšanas sakarā. Rakstā ir detalizēti un ar atsaucēm pierādīts, ka šis ir nepārbaudītu zāļu eksperiments ar cilvēkiem. Un tas pārkāpj abus šos dokumentus - gan Nirnbergas kodu, gan arī Helsinku deklarāciju. Jocīgā pasaulē dzīvojam, kur melnu mēģina pataisīt par baltu un tiem, kas to atsakās pieņemt draud ar dažādām represijām.Tikai tas nebūs mūžīgi. Kā Juris Kulakovs savulaik teica: visas impērijas ir gājušas bojā no gremošanas traucējumiem. Arī šī kovidimpērija sabruks kā kāršu namiņš. Un tad šobrīd varenajiem nāksies stāties tiesas priekšā par saviem ""varoņdarbiem"". Un sods varētu būt bargs. Es ceru, ka būs bargs. Mēs uzvarēsim šai cīņā.https://telos.lv/par-vakcinam/ Kopā mēs varam!!!/Dr.E.Mednis/#AgenskalnaKlinika #GribuSportot #KopaMesVaram #DziveBezBailem #IzglabDraugu"
249,15.07.2021 11:08:54,Āgenskalna klīnika,,,
250,19.07.2021 22:24:28,Āgenskalna klīnika,,,
251,20.07.2021 11:23:00,Āgenskalna klīnika,,,"Latvijas valdība ir uzņēmusi bīstamu kursu un tādēļ cilvēkiem pamatoti rodas jautājumi. Veselības ministrija spītīgi atgaiņājas no tai uzdotajiem jautājumiem. Atbild ļoti formāli un izvairīgi. Ir nodibināta jauna biedrība ""Par izvēles brīvību"", kas iestājas par cilvēktiesību saglabāšanu Latvijā un cilvēka, kā indivīda izvēles brīvību. Arī vakcinācijas sakarā. Minētā biedrība ir sagatavojusi vēstuli Latvijas valdībai, Tiesībsargam un citām oficiālām iestādēm ar lūgumu skaidrot ar piespiedu vakcināciju neskaidros jautājumus. tai skaitā šīs jaunās gēnu injekcijas ietekmi ilgtermiņā uz cilvēk organismu. Tai skaitā uz grūtniecēm un bērniem. Visi esam aicināti parakstīties. Ir arī saites uz viņu iepriekšējo sagatavoto vēstuli un Veselības ministrijas un Tiesībsarga atbildēm uz to.Esam aktīvi. Neļaujam sevi nošpricēt. /Dr.E.Mednis/Kopā mēs varam!!!/Dr.E.Mednis/#AgenskalnaKlinika #GribuSportot #KopaMesVaram #DziveBezBailem #IzglabDrauguhttps://www.facebook.com/groups/2066288046850116/permalink/2513665638779019/"
252,21.07.2021 09:11:57,Āgenskalna klīnika,,,"Tie, kas nelieto Facebook, vēstuli var parakstīt šeit:https://forms.gle/HpzbcDNShduRx9Bm7Kopā mēs varam!!!/Dr.E.Mednis/#AgenskalnaKlinika #GribuSportot #KopaMesVaram #DziveBezBailem #IzglabDraugu"
254,26.07.2021 21:54:36,Āgenskalna klīnika,,,"Pateicoties Brīvvalsts.TV mums ir iespēja nobalsot vai esam par piespiedu vakcināciju. Piespiedu ir dažādās nozīmēs sākot ar šantāžu un beidzot ar atlaišanu no darba un vardarbīgu saduršanu. balsojiet. Šim balsojumam nav juridiska spēka, bet tas norāda cilvēku - tautas viedokli.Es savu viedokli jau paudu.Kopā mēs varam!!!/Dr.E.Mednis/#AgenskalnaKlinika #GribuSportot #KopaMesVaram #DziveBezBailem #IzglabDraugu"
255,26.07.2021 21:54:36,Āgenskalna klīnika,,,
256,27.07.2021 21:15:33,Āgenskalna klīnika,,,"Šis ir ļoti interesants un intensīvs laiks. Cilvēki noslāņojas un parāda savas patiesās sejas. Vieni ir iztapoņas nopirkti un nenopirkti. tri bailīgie, kam bail no visa - vīrusa, kas nav bīstamāks par gripu, ierobežojumiem, pat savas ēnas. Trešie ir drošie un reāli domājošie. Mūsējie. Interesants notikums ir noticis šajās brīvdienās - AB parkā ir ikdienas fona mūziku viņu piedāvātajām izklaidēm atskaņojuši vairāki mākslinieki  un izpildītāji. Varneši kangarīši tagad satraukušies par ""epidemioloģiskās drošības"" neievērošanu. Lasi - nepakļaušanos valdošās huntas direktīvām. Un, protams, jautājums tiks risināts no spēka pozīcijām - Valsts policija izmeklēs lietu. Smieklīgi. Citur pasaulē cilvēki vairs nezin kas ir maskas un ierobežojumi - Igaunijā, Anglijā un citur, pie mums viss, kā vienmēr ir vislabāk. Pie mums ir droši. Mums ir maskas, mums ir ""epidrežīms"", ierobežojumi. Viss pa skaisto. Jo drošība pirmajā vietā. Tikai jautājums - kāda drošība? Varas? Visdrīzākais.  Bet tas nebūs uz ilgu laiku. Cerams. Kā krievi saka: blokadu perežiļi i eto pereživjom*. Vairāk tādu drosmīgu uzņēmēju, kas nebaidās no valsts represijām. Mēs uzvarēsim.*blokādi (Ļeņingradas) pādzīvojām un arī šito pārdzīvosim.Kopā mēs varam!!!/Dr.E.Mednis/#AgenskalnaKlinika #GribuSportot #KopaMesVaram #DziveBezBailem #IzglabDrauguhttps://jauns.lv/raksts/izklaide/454075-bez-covid-19-sertifikatu-parbaudes-plecu-pie-pleca-laudis-bauda-muziku-uzstasanos-avarijas-brigade-parka"
257,29.07.2021 11:48:27,Āgenskalna klīnika,,,"Re kā notiek. Par viedokļa paušanu un atšķirīgu viedokli jau interesējas arī Valsts drošības dienests. Jānis Pļaviņš Latvijas Brīvības alianses vadītājs tiek saukts uz minēto iestādi paskaidrojuma sniegšanai. Šis ir ļoti svarīgs pagrieziena punkts. Jo maskas krīt. Demokrātijas vairs nav. Esam atgriezušies ""vecajos labajos"" Padomju laikos. Ne vēlīnajos, bet agrīnajos. Abstrahējamies no konkrētām personībām. Pļaviņš var patikt vai nepatikt, tam nav nozīmes, bet nozīme ir faktam, ka spēka struktūras mēģina ierobežot vārda brīvību. Šobrīd nebūtu jādalās grupējumos un sektās, bet jāapvienojas ar līdzīgi domājošiem - vienā virzienā ejošiem. Jo puses šobrīd ir divas - viena globālistu, otra tautas. Izvēlies kurā pusē tu gribi būt un kurā esi. Uzvaram šo karu, tad sēžamies pie sarunu galda un atrisinām visas domstarpības. Bet šobrīd apvienojamies un cīnāmies kopā. Pļaviņa vēstījumā ir trīs ļoti būtiskas lietas:1. Tiek ierobežota vārda brīvība (demokrātija) un to dara gan ar sociālo  tīklu palīdzību informāciju dzēšot, gan arī ar spēka struktūru palīdzību. Man pašam arī ir pieredze, kas godājamais Skrides kungs, kas ir Saeimas deputāts iespējams ļaunprātīgi izmantojot savu dienesta stāvokli mēģināja mani iebiedēt un apklusināt ar Valsts policijas palīdzību2. Atbildība. katram, kas piedalās genocīdā pret savu tautu būs jānes personiska atbildība. Vienalga vai tas būtu Valdības vadītājs, ministrs vai sētnieks. Katram pēc nopelniem. Un tā stunda pienāks, ka būs jāatbild. Un varneši no tā baidās, jo viņi zina, ka tas tā notiks. Vienīgi patreiz dzīvo ilūzijā, ka viss ir labi.  Tā nebūs vairs ilgi. Un viņi to zina. Mēs arī to zinām.3. Ļoti būtiski ir arī visu šāda veida informāciju publiskot. Tādējādi mēs stāvam pretim šim visam ārprātam, kas notiek. Labi zināms ir teiciens: klusēšana piekrišana. jau no bērnu dienām zinām šo. Tātad, ja mums ir informācija, kas var noderēt citiem - tautai, un mēs to nepaužam, vienalga kādu iemeslu dēļ - kautrības, muļķības, baiļu vai kā cita, mēs netieši piedalāmies valdošās huntas genocīdā pret tautu, pret mums pašiem. Mēs to visu atbalstām. Jebkura informācija, kas varētu būt noderīga citiem ir ziņas par represijām, blaknes pēc gēnu injekcijām, ko tagad nezin kāpēc pieņemts dēvēt par vakcīnām, atlaišanu no darba, jeb draudiem atlaist un citām, būtu momentā publiskojama. Un pēc iespējas plašāk. Tā mēs pateiktu varmākām, ka mēs neesam ar mieru šādi, mēs neesam viņu pusē un mēs nesadarbojamies, lai apspiestu savu tautu un izlaupītu savu valsti, savu zemi. Jo šobrīd ir vērojama tāda varmākas - upura situācija - upurim dara pāri, bet upuris saka, ka nemaz jau tik traki nav. Tā ir upura psiholoģija. Tā ir upura nostāja. Un tas varmākam dod tiesības un drosmi iet tālāk.Cik tālu mēs ļausim iet? Ko vēl mēs piecietīsim ""uz 5 minūtēm""?  Tam nebūs gala, ja mēs visi nepateiksim NĒ. Mums ir tas jādara. Tikai tā mēs varam izcīnīt atpakaļ sev atņemtās brīvības. Tikai tā mēs varam nodrošināt saviem bērniem spožāku nākotni, bez varmācības no valsts puses un bez apšaubāmu injekciju piespiedu veikšanu.Cīnāmies un uzvarām. Uzvara vairs nav tālu.Kopā mēs varam!!!/Dr.E.Mednis/#AgenskalnaKlinika #GribuSportot #KopaMesVaram #DziveBezBailem #IzglabDraugu"
258,29.07.2021 11:48:27,Āgenskalna klīnika,,,
259,04.08.2021 10:35:51,Āgenskalna klīnika,,,"Latvijā mediķi apvienojas. Esam nodibinājuši Latvijas mediķu aliansi, kurā nu jau ir pāri par 100 dalībnieku. Un skaits strauji aug. Tie ir ārsti, māsas, zobārsti, viņu asistenti, vetārsti, fizioterapeiti, kosmetologi. Visi kam patiesi rūp savu pacientu veselība.Kopā mēs varam!!!/Dr.E.Mednis/#AgenskalnaKlinika #GribuSportot #KopaMesVaram #DziveBezBailem #IzglabDrauguhttps://fb.watch/79ZUQtbh-t/"
260,06.08.2021 23:46:21,Āgenskalna klīnika,,,Piedāvājam manu sarunas fragmentu ar Dr. Līcīti. Interesanti. Vismaz man pašam tā šķiet. 🙂Kopā mēs varam!!!/Dr.E.Mednis/#AgenskalnaKlinika #GribuSportot #KopaMesVaram #DziveBezBailem #IzglabDraugu
261,06.08.2021 23:46:21,Āgenskalna klīnika,,,
262,10.08.2021 00:03:19,Āgenskalna klīnika,,,"Ir sākušās vajāšanas pret reāli domājošiem un veseliem cilvēkiem. Nupat (šodien) tika atlaista no darba medicīnas māsa, kas strādāja Medicīnas sabiedrībā ARS. Kādēļ? Jo nebija saņēmusi eksperimentālo gēnu terapiju un atļāvās publiski paust savu viedokli par notiekošo valstī un aicinājumu mediķiem apvienoties. Faktiski Dr. Māris Andersons māsiņu nostādīja grūtas izvēles priekšā - upurēt savu veselību piedaloties kādā no farmācijas kompāniju medicīniskā eksperimentā un pamest Latvijas Mediķu aliansi, vai arī zaudēt darbu. Viņa izvēlējās brīvību un saglabāt savu veselību.Es ļoti cienīju Medicīnas sabiedrības ARS vadītāju Dr. Māri Andersonu, viņa pieeju darbam un medicīnai, bet šis gadījums, kā jau daudzi šobrīd, liek pārvērtēt cilvēkus. Šajā laikā - paaugstināta un ilgstoša stresa un psiholoģiskā spiediena apstākļos daudzi salūzt. Sāk darīt iracionālas lietas, nespēj loģiski domāt, nespēj izdarīt elementārus secinājumus un apkopot vienkāršus datus. Skumji, bet tā nu tas notiek. Lai vai kā, bet jāpatur prātā, ka raganu medības ir sākušās un kādu laiku tās turpināsies. Visiem, kas nav sašpricējušies un nevēlas piedalīties medicīniskā eksperimentā ir jārēķinās ar to, ka viņi var tikt atlaisti no darba. Līdz ar to viņiem ir jābūt elastīgiem un jābūt gataviem noturēt taisnu savu mugurkaulu. Gataviem stāties pretim valdības spiedienam. Un izdarīt savu izvēli par labu savai un savu bērnu veselībai.Apbrīnoju tos, kas ir spējīgi stāvēt taisni, kā šī medmāsiņa. Vairāk tādu cilvēku. Un mūsu tauta būs veselāka un stiprāka kā jebkad.Kopā mēs varam!!!/Dr.E.Mednis/#AgenskalnaKlinika #GribuSportot #KopaMesVaram #DziveBezBailem #IzglabDraugu"
263,10.08.2021 11:43:17,Āgenskalna klīnika,,,
264,11.08.2021 13:04:02,Āgenskalna klīnika,,,"Ļoti labs un saprotams video, kurā parādīts, ka Spike proteīns, ko substances, ko nezin kāpēc šobrīd dēvē par vakcīnām, ir toksīns un izraisa asinsvadu sieniņu iekaisumu neatkarīgi no vietas cilvēka organismā - smadzenēs, nierēs, aknās, sirds muskulī u.t.t. Un to runā patologanatoms - ārsts, kurš tieši nodarbojas ar patoloģiskām izmaiņām organismā, bieži vien pēc nāves. tātad varam ticēt tam, ko viņš stāsta. Un, ja tas tā ir, tad mūsu bērnu nošpricēšana ir noziegums pret cilvēci, pret mūsu bērniem, pret mūsu nākotni. Ir pētījumi, kas apliecina, ka miokartdīti (sirds muskuļa iekaisumi) ir cieši siastīti ar vecumu - jo jaunāks bērns, jo biežāk. Bez tam, ka sirds muskuļa šūna iet bojā, tā neatjaunojas, bet aizvietojas ar rētu. tas nozīmē, ka sirds muskulis paliek vājāks un nespēj vairs pildīt to funkciju, kam viņš ir paredzēts. Tas, savukārt, nozīmē, ka nošpricējot bērnus, mēs viņus nolemjam lēnai mokpilnai nāvei ar sirds mazspēju un dekompensāciju. Vienkāršiem vārdiem runājot sirds funkcija lēnām samazināsies līdz tā lēnām pārstās funkcionēt. Skaisti, vai ne? Un to mums uzspiež mūsu valdība ar Dr. Kariņu un Dr. Pavļutu priekšgalā, un arī nekautrējas piebalsot arī Bērnu slimnīcas speciālisiti. Un, protams, visu bērnu draugs un aizstāvis Dr.Zavadska, kam visi spriedumi ir balstīti medicīnas zinātnē. Šos pētījumus, iespējams, viņa nav izlasījusi. Žēl. Bet tas nozīmē, ka ir vēl kur tiekties. Sargāsim savus bērnus un sevi arī no šīs nepārbaudītās, eksperimentālās gēnu injekcijas.Kopā mēs varam!!!/Dr.E.Mednis/#AgenskalnaKlinika #GribuSportot #KopaMesVaram #DziveBezBailem #IzglabDraugu"
265,11.08.2021 13:05:14,Āgenskalna klīnika,,,
266,13.08.2021 11:00:07,Āgenskalna klīnika,,,"Maskas krīt. Mūsu valstī, kā zināms, darbojas Valsts Imunizācijas padome, kurā ir speciālisti no dažādām institūcijām un tā lemj par to ko vakcinēt, ar ko to darīt un kā to darīt. Šeit ir interesants Imunizācijas valsts padomes sēdes protokols, gan īsā versija Saeimas deputātes Jūlijas Stepaņenko pārstāstā, gan variet arī iepazīties ar protokola pilno versiju. Savādāk kā par neizmērojamu cinismu to, kas notiek šajā padomē nevar nosaukt. Bet nu vērtējiet paši:📍 Jūlija Stepaņenko:🔴 Imunizācijas valsts padome- iestāde, kurā sarunājas par vakcināciju. Izlasiet saitē zemākpievienoto protokolu, kuru pārstāstu jums vienkāršā sarunvalodā.No 31.maija protokola (Kā es to lasu): - jā, bērnus no 12 gadiem vakcinēt drīkst, taču jāņem vērā, ka nekas līdz galam nav izpētīts, tā grupa, ko pētīja, bija par mazu, lai vispār kaut ko saprastu, tāpēc svarīgi ir novērot bērnus pēc vakcinācijas. (Nu tāpec, ka nav taču viss līdz galam izpētīts! Vai man vienai izskatās, ka šādi tiek ievīstīts un pasniegts tas, ka mūsu bērni vienkārši tagad būs tā lielākā grupa, kura jau varēs atainot kaut kādus rezultātus un atsķirību?.) Varot būt miokardīti un perikardīti jaunajiem cilvēkiem, kā pētījumos citviet novērots. Tikai divus mēnešus (!!!) esam pētījuši. Jāpēta vēl. Perevoščikovs (kā es to lasu): a varbūt viņi bija paši vainīgi, jo enterovīruss organismā! Tie, kas tur ar tiem miokardītiem. Lai nebojā pozitīvo vakcīnas tēlu! Dumpis(kā es to lasu): nevajag šķiest vakcīnas uz bērniem, jādod sirmgalvjiem, ar bērniem nav tik liels risks! Gardovska (pediatre) (kā es to lasu): bērni jāvakcinē tikai pie ģimenes ārsta, jo tomēr bailīgi un jānovēro pēc vakcinācijas. Dumpis (kā es to lasu): Nevajag tur neko uzraudzīt! Rullējam tālāk! Ir taču jautri! Dzalbs (ģimenes ārsts) (kā es to lasu): nē, nē, nu kāpēc tikai ģimenes ārsti? bērnus jau tā vakcinē arī vakcinācijas centros. Priekš kam lieki sarežģīt!?Savrasova (SPKC) (kā es to lasu): es vispār dzirdēju, ka jauniešiem ievada nepareizās vakcīnasDumpis (kā es to lasu): Ai, nu kas par muļķībām!? Bērniem der tikai Comirnaty! Un tad viņi nolemj: Vakcinējam un novērojam, jo ei nu sazin, kas tur beigās būs. Jo tā pētāmo grupa tomēr bija par mazu. Nu tagad būs tieši laikā. Sumpurņi. Es gaidu jaunu protokolu no sēdes, kurā viņi lēma par piecgadnieku potēšanu. Oriģinālais protokols no 31.05.21.https://www.vm.gov.lv/lv/media/6318/downloadKopā mēs varam!!!/Dr.E.Mednis/#AgenskalnaKlinika #GribuSportot #KopaMesVaram #DziveBezBailem #IzglabDraugu"
267,14.08.2021 14:16:38,Āgenskalna klīnika,,,"Man bija ļoti saturīga un interesanta saruna ar bērnu un pieaugušo neiroloģi Agnesi Tretjakovu. Noskatieties. Ir interesanti kā funkcionē mūsu smadzenes, kā veidojas mūsu stereotipi, kā mēs domājam un kā mūsu prāts meklē un atlasa informāciju. Šīs zināšanas mums noderēs. Faktiski noder jau tagad un noderēs arī nākotnē.Kopā mēs varam!!!/Dr.E.Mednis/#AgenskalnaKlinika #GribuSportot #KopaMesVaram #DziveBezBailem #IzglabDraugu"
268,14.08.2021 14:16:38,Āgenskalna klīnika,,,
269,18.08.2021 23:27:55,Āgenskalna klīnika,,,"Vēl viens izcils projekts ir tapis Latvijā. Ir palaista tautās Vislatvijas vidusskola. Tā ir laba alternatīva sistēmas maskotajām un špricētajām skolām. Cerams, ka šis projekts būs veiksmīgs un tam būs liela tautas atsaucība. Lai top!!!!!Kopā mēs varam!!!/Dr.E.Mednis/#AgenskalnaKlinika #GribuSportot #KopaMesVaram #DziveBezBailem #IzglabDraugu"
270,18.08.2021 23:27:55,Āgenskalna klīnika,,,
271,18.08.2021 23:39:30,Āgenskalna klīnika,,,"Tikko atgriezos mājās no protesta pret piespiedu vakcināciju pie prezidenta pils. Liels bija prieks, ka tik daudz sanākušo bija. Esot bijis virs 10 tūkstošiem cilvēku. pats gan nemāku saskaitīt, bet zinātāji tā teica. Bet nu katrā ziņā ļoti daudz. Tas nozīmē, ka kopā mēs varam. Mūsu tautas prezidents, kam rūp visa Latvijas tauta, gan neiznāca parunāt. Laikam bija ļoti aizņemts kādos svarīgos valstiskos darbos. Bet, liela tautas daļa viņu gaidīja pie pils. Žēl. varbūt nākošreiz. Varbūt šo pirmdien Baltijas ceļā viņš būs. Ja negadīsies atkal kas ļoti valstiski svarīgs.Bet Latvijā tauta mostas. Ar vien vairāk cilvēku saprot kas īsti notiek. Un ar vien vairāk vara baidās no šīs atmošanās. Tas nozīmē, ka viņu kāršu namiņš brūk. Un tas sabruks. Par to nav šaubu. Mums jābūt vienotiem. Mēs arī esam vienoti. Un mēs būsim vienoti. Mēs uzvarēsim!!!Kopā mēs varam!!!/Dr.E.Mednis/#AgenskalnaKlinika #GribuSportot #KopaMesVaram #DziveBezBailem #IzglabDraugu"
272,19.08.2021 21:55:34,Āgenskalna klīnika,,,
273,20.08.2021 10:05:53,Āgenskalna klīnika,,,"Pirms kāda laiciņa man bija interesanta saruna ar Dr. Jāni Bebri, kas ir strādājis ari administratīvos amatos un labi pazīst ""drēbi"" medicīnā. Runājām par maksām, situāciju medicīnā un arī korupciju un ietekmi. Noskatieties.  Ir interesanti.Kopā mēs varam!!!/Dr.E.Mednis/#AgenskalnaKlinika #GribuSportot #KopaMesVaram #DziveBezBailem #IzglabDraugu"
274,20.08.2021 10:05:53,Āgenskalna klīnika,,,
275,20.08.2021 13:58:19,Āgenskalna klīnika,,,"Vēsture atkārtojas. Atkal mums jāiziet ielās un ceļos cīnīties par savu brīvību tāpat kā pirms vairāk kā 30 gadiem. Tāpat kā toreiz stāvēsim uz Baltijas ceļa, sadevušies rokās, ar gaišu skatu nākotnē un uguni sirdī. Ar domu par brīvību. Par brīvību no vergturiem, par brīvību no karantīnām, par brīvību no eksperimentiem ar mums ar cilvēkiem laboratorijas žurciņu vietā, par brīvību brīvi paust savu viedokli bez cenzūras, par brīvību domāt un rīkoties. Mēs jau rīkojamies. To mēs parādījām 18.augustā un to mēs parādīsim arī tagad. Un vara baidās. Jo jau tagad godājamais Skrides kungs ir nācis klajā ar domu, ka vakcinācija tomēr varētu nebūt vienīgais veids kā saglabāt darbu. Kolosāli. To mēs esam panākuši. Protams tam vēl jāmaterializējas konkrētos valdības lēmumos, bet jau pati diskusija no valdoņu puses ir tā vērta. Tas nozīmē, ka ĶOPĀ MĒS VARAM!!!!!! Un KOPĀ MĒS ESAM SPĒKS!!!!!!Kopā mēs varam!!!/Dr.E.Mednis/#AgenskalnaKlinika #GribuSportot #KopaMesVaram #DziveBezBailem #IzglabDraugu"
276,20.08.2021 13:59:02,Āgenskalna klīnika,,,
277,22.08.2021 20:51:23,Āgenskalna klīnika,,,
278,22.08.2021 22:31:45,Āgenskalna klīnika,,,"Man rokās nonāca izcils videoieraksts no Krievijas, kurā viss salikt vienkārši un pa plauktiņiem - kas tas ir, kas šobrīd notiek, kā tas veidojās, kas ir testi, kas substances. Viss ir vienkārši. Un, kā smejies, no konspirācijas teorijas līdz dzīves īstenībai esot 6-12 mēneši. To, ko pirms gada runāja Deivids Aiks un citi ""disidenti un konspirologi"", to šobrīd jau runā ļoti plaši un runā zinātnieki. Cik vēl vajag, lai cilvēki mostos?  Bet visus, laikam, pamodināt nav iespējams un nevajag. Kopā mēs varam!!!/Dr.E.Mednis/#AgenskalnaKlinika #GribuSportot #KopaMesVaram #DziveBezBailem #IzglabDraugu"
279,22.08.2021 22:31:45,Āgenskalna klīnika,,,
280,22.08.2021 22:41:06,Āgenskalna klīnika,,,"Vēl viens baudām gabals no ""konspiroloģijas"" sērijas. Lai gan ļoti reālistisks un ticams. varbūt šajos abos video ir arī atbilde uz jautājumu: kāpēc mums par katru cenu mēģina ""iebarot"" šo eksperimentālo žļurgu un kāpēc to vajag iebarot bieži. Cienījamais Pavļuta kungs pirmā kāda laiciņa vēl nezināja cik bieži vajadzēs - ik pa 3 vai 6 mēnešiem. Šobrīd, šķiet, viss sliecas uz 6 mēnešiem. Izrādās izskaidrojums ir vienkāršs - organisms vada ārā grafēnu. Un tas notiek 4-6 mēnešu laikā. Līdz ar to ""krājumi"" jāpapildina. Tikai mirstības līknes iet uz augšu visās valstīs. Un tas sakrīt ar špricēšanās sākumu. Un nestāstiet, ka tas ir kāds tur grieķu burta štamms. Pārtrauciet špricēt šīs indes un mirstība atgriezīsies ikgadējā ritmā. Tāpat, kā tas bija pagājušā gadā. Kā zināms, 2020.gadā Latvijā mirstības palielinājuma nebija slaīdzinot ar pēdējo 10 gadu vidējo līmeni. Skatīsimies kā būs šogad. Interesati. Un vēl interesantāk būtu redzēt pa mēnešiem. Un vēl pipariņu piedos ikgadējā ""gripas"" sezona, kurā, ļoti iespējams, ""plosīsies"" kāds no grieķiem. Bet varbūt, tas nemaz nebūs grieķis? Varbūt tas būs kāds no farma grandiem - Faizeers, Zeneka vai Džonsons? Rezdēsim. Katrā ziņā paliek ar vien interesantāk. Mēs izturēsim. Un Uzvarēsim. Ņeļaujiet sevi un savus tuviniekus noindēt ar eksperimentālām gēnu injekcijām. Lai arī viņi var uzvarēt šajā bioloģiskajā karā, kā labpatikās izteikties de Gallas kundzei. Turamies!!Kopā mēs varam!!!/Dr.E.Mednis/#AgenskalnaKlinika #GribuSportot #KopaMesVaram #DziveBezBailem #IzglabDraugu"
281,22.08.2021 22:41:06,Āgenskalna klīnika,,,
282,23.08.2021 11:53:05,Āgenskalna klīnika,,,"Interesanta ziņa. Un vēl interesantāk ir ko Air Baltic iesāks ar 277 tūkstošiem faizera injekciju devām? Kur viņi tos liks? Špricēs lidojuma laikā? Ja jā, kas to darīs? Viņiem ir medicīniskais personāls? Gribētos air Baltic komentāru. Bet diezin vai saņemsim. Saragājam sevi un savus tuvākos.Kopā mēs varam!!!/Dr.E.Mednis/#AgenskalnaKlinika #GribuSportot #KopaMesVaram #DziveBezBailem #IzglabDraugu"
283,23.08.2021 11:53:05,Āgenskalna klīnika,,,
284,23.08.2021 22:06:49,Āgenskalna klīnika,,,
285,24.08.2021 21:22:41,Āgenskalna klīnika,,,
286,25.08.2021 11:42:06,Āgenskalna klīnika,,,"Tas, kas šobrīd notiek ir pilnvērtīgs karš. Tikai savādāks, kā pierasts. Bez bumbām, tankiem redzamiem upuriem. Bet tas viss ir. Tas viss IR reāls. Un tas patiešām notiek. Šobrīd notiek 3.pasaules karš. Un, jo ātrāk mēs to sapratīsim, jo pašiem labāk un vieglāk. Var jautāt: kā tad tā - viss it kā mierīgi. Bet tanki ir valdības un to lēmumi (likumi, MK noteikumi u.c.), bumbas ir eksperimentālas injekcijas un ziņu raidījumi, kā arī valdības institūciju preses relīzes, testi, statistika. Tas viss, kas grauj gan mūsu ekonomiku, gan arī paātrina cilvēku bojāeju un pastiprina viņu ciešanas. Upuri? Jā, tie ir. Pēc eksperimentālajām gēnu injekcijām, ko valdība dēvē par vakcīnām, cilvēki mirst. Mirst veci, mirst jauni, mirst veseli un mirst slimi. daudziem tiek sakropļota turpmākā dzīve. Jauniešiem būtiskākais ir miokardīti (sirds muskuļa iekaisumi) un iespējamā neauglība vēlāk. Pirmos mēs redzam jau tagad, otros redzēsim pēc krietna laiciņa. Un tad jau, kā parasts mūsdienu medicīnā, to neviens nesaistīs ar šo injekciju. Diemžēl. Tikai kāpēc mūsu un citas valdības tik spītīgi nerāda blaknes? Klīst runas, ka ir injekciju ražotāja līgumi ar valstu valdībām, kuros ir aizliegums izmeklēt un publicēt blaknes un nāves no vakcīnām. Šī līguma punkta pārkāpums draudot ar visai nopietnām sekām pašām valstīm. Nezinu cik šajā apgalvojumā patiesības, bet tas zināmā mērā izskaidro kādēļ blaknēm un cilvēku nāvēm ""nav pierādītas saiknes ar vakcīnu"". Domājam.Pievienoju Viestura Rudzīša, viena no Latvijas redzamākajiem un labākajiem psihoterapeitiem, rakstu, ko der izlasīt katram.http://www.viestursrudzitis.lv/ir-kars/ Kopā mēs varam!!!/Dr.E.Mednis/#AgenskalnaKlinika #GribuSportot #KopaMesVaram #DziveBezBailem #IzglabDraugu"
287,25.08.2021 22:12:32,Āgenskalna klīnika,,,"Vakcīnrealitāte Latvijā sadarbībā ar juristiem ir sagatavojusi iesniegumu paraugus iesniegšanai skolā. Kā labi zināms, skolās bērnus laidīs tikai testējot. jautājums - kur paliek DNS materiāls, kas tiek paņemts testa laikā? Kā tas tiks apstrādāts? Jautājums arī  - kas ņems paraugus? Vai skolā ir kvalificēts medicīnas personāls? Un vai skola ir klasificēta un likumā noteiktajā kārtībā reģistrēta kā medicīnas iestāde? Bez tam, kā zināms no Somijas piemēra, konkrēti Tamperes pilsētas - skolotājs mācību laikā klasi aizveda uz sporta zāli, kurā notika bērnu vakcinācijas pret Covid. Vairāki bērni esot tikuši hospitalizēti. Kopumā uzreiz cieta ap 20 bērniem. Tas ir krimināli sodāms. Jo neviens Jūsu un manam nepilngadīgajam bērnam neko nedrīkst darīt bez vecāku atļaujas. Par jebkuru medicīnisku manipulāciju ir jālūdz vecāku piekrišana. Jo, ja gadījumā, kaut kas notiek ar bērnu - kurš būs atbildīgs? Kurš iznesīs visu smagumu uz saviem pleciem? Skolotājs, kurš aizveda, jeb māsiņa, ka špricēja? Jeb skolas direktors, kas to pieļāva? Neviens izņemot vecākus. Tad varēsiet gadiem tiesāties [ar savu taisnību. Bet Jūsu bērna veselība būs neatgriezeniski sabojāta.Tādēļ, pirms laist savu bērnu skolā, iesniedziet skolai iesniegumu - kādu no variantiem, ko izvēlaties. Dariet to 2 eksemplāros - viens paliek skolai, otru palūdziet apzīmogot un parakstīt kā saņemtu. Un paglabājiet pie sevis. Otrais eksemplārs Jums noderēs, ja gadījumā skola pārkāps Jūsu doto pilnvarojumu.Sargiet savus bērnus un neļaujiet viņus noindēt.Kopā mēs varam!!!/Dr.E.Mednis/#AgenskalnaKlinika #GribuSportot #KopaMesVaram #DziveBezBailem #IzglabDraugu"
288,25.08.2021 22:12:32,Āgenskalna klīnika,,,
289,26.08.2021 00:55:39,Āgenskalna klīnika,,,"Jo tālāk mežā, jo vairāk malkas. Daži putni jau vairs pat nekaunas un neslēpjas. Tiešā tekstā, kā ar bomi pa pieri. Miljardieris Ginzburgs par visu šo kovidšovu, čipiem, universālo bāzes ienākumu un citām lietām. Krievu valodā. Ļoti aizraujošs materiāls. Un modinātājzvans tiem, kas vēl guļ un neko nedzird un nesaprot.https://www.instagram.com/tv/CS8nNbJjibW/?utm_medium=copy_linkKopā mēs varam!!!/Dr.E.Mednis/#AgenskalnaKlinika #GribuSportot #KopaMesVaram #DziveBezBailem #IzglabDraugu"
290,26.08.2021 12:29:34,Āgenskalna klīnika,,,
291,28.08.2021 11:19:49,Āgenskalna klīnika,,,
292,28.08.2021 14:08:34,Āgenskalna klīnika,,,
293,29.08.2021 16:57:46,Āgenskalna klīnika,,,"Kabalas tiesā Izraēlā uzklausīja Dr. Zelenko. Ļoti interesanta saruna, kurā Dr.Zelenko pamato gēnu injekciju kaitīgumu un skaidro kādēļ tās nedrīkst lietot. Ne tikai nevajadzētu, bet nedrīkst. Iemesls ir ļoti vienkāršs - tās nogalina. Jau tagad visā pasaulē palielinās gan saslimstība ar delta variantu, gan mirstība. Dr. Zelenko min 2020.gada decembri Izraēlā, kad tur strauji pieauga mirstība. Kas tajā laikā notika? Tikai viens svarīgs notikums - tika uzsākta vakcinācija pret Covid 19.  Viņš savā runā arī pamato kāpēc tas tā notiek. Min arī ārstēšanu, kas lēta un ļoti efektīva. Viņš or izstrādājis savu protokolu Covid 19 ārstēšanai ar kura palīdzību ir izglābis neskaitāmus pacientus. Varbūt mūsu dižie arī vēlētos ieklausīties?Sargājam sevi un savus tuvos. Īpaši bērnus.Izglāb draugu - neļauj vakcinēties!!!https://rumble.com/vlgoai-36049914.htmlKopā mēs varam!!!/Dr.E.Mednis/#AgenskalnaKlinika #GribuSportot #KopaMesVaram #DziveBezBailem #IzglabDraugu"
294,30.08.2021 00:28:07,Āgenskalna klīnika,,,"Viss šis kovidcirks, kas notiek ir viena milzīga afēra. Te nav nekāda sakara ar vīrusu vai tā izplatību. Tā ir pasaules mēroga krāpšana. Vācu advokāts Rainers Fuellmihs (Reiner Fuellmich) apgalvo, ka pienāks laiks, kad tiks sarīkota Nirnberga 2. Jo katram no mums ir jāatbild par saviem darbiem un nedarbiem. Esot uzvarētas jau pāris tiesas prāvas un tādu būšot daudz. Ir skaidrs, ka PCR testi NAV derīgi infekcijas noteikšanai, nav lietojami slimības kontrolē. Ir pilnīgi skaidrs, ka nav tāda jēdziena kā ""asimptomātisks vīrusa nēsātājs"". Tā nemēdz būt. tāpat visa šī tā saucamo vakcīnu sāga ir nekas vairāk kā cilvēka ģenētiska modifikācija. Bet mūsu uzvara vairs nav aiz kalniem. Mēs uzvarēsim. Faktiski jau esam uzvarējuši. Un tiesās arī mūsu pašu globālistu pakalpiņus. No taisna soda viņi nevarēs izvairīties. Jo piedalās noziegumos pret cilvēci. Piedalās noziegumos pret savu tautu. Un viņus tiesās. Par to nav šaubu.Kopā mēs varam!!!/Dr.E.Mednis/#AgenskalnaKlinika #GribuSportot #KopaMesVaram #DziveBezBailem #IzglabDraugu"
295,30.08.2021 00:34:25,Āgenskalna klīnika,,,
296,30.08.2021 10:47:08,Āgenskalna klīnika,,,"Austrālijā no trijām sastāvdaļām ""siltas drēbes, malka un smagā tehnika"" ir vajadzīga tikai viena - pēdējā. tā ir valsts, kurā genocīds sit augstu vilni - ir ieviesta obligātā vakcinācija. Bet, kā zināms, visā pasaulē uzsākot vakcināciju pret covid 19 ir palielinājusies iedzīvotāju mirstība. Un arī parādījies Delta variants, pret ko vakcīna nestrādā. jautājums ir - vai tā tiešām ir vakcīna, jeb tomēr gēnu inženierijas produkts, kas domāts depopulācijai nevis cilvēku dzīvību glābšanai? Jo līdz šīs injekcijas uzspiešanai, iemānīšanai ar viltu, piekukuļošanai ar bonusiem un loterijām un citām neģēlībām, mirstība bija tāda pat, kā caurmērā visus gadus - nekas īpašs.Līdz ar to mums ir stingri jāiestājas pret obligātu špricēšanu, pret obligātu depopulāciju, pret obligātu un masveida cilvēku nonāvēšanu. Tas vienkārši ir zemiski, kas tiek darīts visā pasaulē. Bet tam drīz pienāks gals un šie ļautiņi tiks tiesāti par noziegumiem pret cilvēci. Mēs uzvarēsim.Un tiekamies 18.09.2021 Krastmalā.Kopā mēs varam!!!/Dr.E.Mednis/#AgenskalnaKlinika #GribuSportot #KopaMesVaram #DziveBezBailem #IzglabDraugu"
297,30.08.2021 10:47:08,Āgenskalna klīnika,,,
298,01.09.2021 08:23:09,Āgenskalna klīnika,,,"Šis ir kārtējais pierādījums, ka KOPĀ MĒS VARAM!!!!!!! Valdība neturpinās virzīt likumprojektu par obligātu špricēšanos atsevišķām iedzīvotāju grupām. Šī ir viena uzvara, ko esam pa visiem izcīnījuši. Valdība nobijās. Ļoti labi. tas nozīmē, ka mums ir spēks. Tas nozīmē, ka apvienojoties mēs varam daudz ko panākt. Bet tas nenozīmē, ka karš ir uzvarēts. Maskas paliek, lai gan ir bezjēdzīgas no veselības viedokļa, testu (arī skolēniem) paliek, lai gan līdz pat 97% gadījumu tie ir nepatiesi, lokdaunu iespēja paliek, jo tūlīt sākas kārtējā slimošanas sezona, kurā satestēs vajadzīgo skaitu ""slimnieku"" un būs ierobežojumi. Paliek arī vakcīnpases, jeb vergu pases. Tātad cīņa turpinās. Un mēs TURPINĀM CĪNĪTIES PAR SAVU BRĪVĪBU. Mēs uzvarēsim arī karā. Mēs varam.!!!https://www.lsm.lv/raksts/zinas/latvija/saeima-atliek-likumprojektu-par-obligatu-konkretu-iedzivotaju-grupu-vakcinaciju-pret-covid-19.a419339/ Kopā mēs varam!!!/Dr.E.Mednis/#AgenskalnaKlinika #GribuSportot #KopaMesVaram #DziveBezBailem #IzglabDraugu"
299,01.09.2021 09:53:02,Āgenskalna klīnika,,,"Lai arī saldi, atslābt nedrīkst. Jo tas var būt arī taktisks manevrs. Pārgrupēšanās. Kā jau teicu, karš vēl nav uzvarēts.Bet šajā ziņā ir viena bīstamība - ja tiešām svarīgās lietas ar likumu deleģē Ministru kabinetam, tad viņi sev atvieglo procedūru - ar vienu likumu panāk visu, ko vēlas, jo Ministru kabinets var štancēt noteikumus kādus vien vēlas. Bez saskaņošanām, bez komisijām, bez nekā. Izlemj aiz slēgtām durvīm un gatavs. Bez tam atcerieties - pieņēma, vai gribēja pieņemt arī, ka deputāti nedrīkstēs piedalīties klātienes sēdēs bez verga sertifikāta. Ar vienu rokas mājienu tiek vaļā no opozīcijas. Skaisti. :))Tas tiešām sāk izskatīties un izskatās pēc huntas. Demokrātija vairs nepastāv, tagad mums ir kliķe, kas diktē ko darīsim un ko nē. Vismaz mēģina to darīt. Tādēļ ceļamies kājās. Pastāvam par savām tiesībām. Pastāvam par savu brīvību. Un tiekamies 18. septembrī krastmalā. Mums tur jābūt daudziem. Ļoti daudziem. Un mēs būsim. Mēs uzvarēsim. Kopā mēs varam!!!/Dr.E.Mednis/#AgenskalnaKlinika #GribuSportot #KopaMesVaram #DziveBezBailem #IzglabDraugu"
300,01.09.2021 22:19:03,Āgenskalna klīnika,,,"Kas šodien notika? Augsti godājamais Levita kungs nāca klajā ar interesantu paziņojumu.`Tā ir neliela mūsu uzvara. Viennozīmīgi. Vara no mums baidās. Tas arī ir skaidrs. Bet ir daži bet. Šeit cilvēks izskaidro īsi un kodolīgi kas šodien notika un ko vara domā tālāk. Tas, ka viņa nepadevās, domāju, ir skaidrs katram. Notiek pārgrupēšanās un vara noteikti nāks klajā ar kārtējo cūcību pret tautu. Arī viennozīmīgi. Jo savas pozīcijas tā neatdos tik vienkārši. Kā tas būs un kā tulkot Levita kunga izteikumus skatieties un klausieties video. Mums jābūt gudriem. Un jārīkojas gudri. Mēs uzvarēsim.https://www.facebook.com/aleksejs.roslikovs/videos/1281636905627709/?extid=NS-UNK-UNK-UNK-AN_GK0T-GK1C&ref=sharingKopā mēs varam!!!/Dr.E.Mednis/#AgenskalnaKlinika #GribuSportot #KopaMesVaram #DziveBezBailem #IzglabDraugu"
303,02.09.2021 12:54:59,Āgenskalna klīnika,,,
304,03.09.2021 22:11:39,Āgenskalna klīnika,,,"Tas nu ir noticis. Beidzot kāds runā. Un runā skaļi. Pirms neilga laiciņa ir mirusi 3 bērnu mamma, jauna sieviete (nedaudz virs 30 gadiem) pēc pilna kursa vakcinācijas ar vakcīnu Comirnaty (Phiser). Zāļu valsts aģentūra gan noliedz minētās sievietes nāves saistību ar vakcināciju, bet kā gan savādāk izskaidrot, ja jauna sieviete, kam nav hronisku saslimšanu vienā dienā mirst no plaušu trombembolijas. Jā, protams, tiek minēta saistība ar pretapaugļošanās tablešu lietošanu. Bet vai tas ir ticami? varbūt, ka tomēr saistība ir, ja cilvēks otrajā vai trešajā dienā pēc vakcīnas ievades sāk sūdzēties par aizdusu? vai arī liktenīga bija kombinācija - kontracepcijas tabletes + vakcīna? Abas substances izraisa trombozes. Katrā ziņā ir vērts padomāt un ir vērts ieklausīties šajā stāstā, lai, varbūt, ietaupītu vēl kādas sievietes aiziešanu mūžībā. Nemaz jau nerunājot par grūtnieču vakcināciju, kas, manuprāt, ir noziegums. Tāpat kā bērnu špricēšanas ar minēto substanci. Ieklausāmies un padomājam. Izglāb draugu - neļauj viņa špricēties!!!Kopā mēs varam!!!/Dr.E.Mednis/#AgenskalnaKlinika #GribuSportot #KopaMesVaram #DziveBezBailem #IzglabDraugu"
305,03.09.2021 22:11:39,Āgenskalna klīnika,,,
306,03.09.2021 22:22:23,Āgenskalna klīnika,,,"Un vēl. Bērnu iknedēļas testēšana ir nonsenss. Gan morāli, gan ētiski, gan arī ne īpaši likumīgi, jo, iespējams, nav atrisināta sensitīvo datu aizsardzība attiecībā pret bērniem. Nemaz jau nerunājot par nevakcinēto skolnieku mobingu skolās, ko īsteno valdošā hunta. Bet šeit, Ogres novada pašvaldības vadītājs Egīls Helmanis ir uzrakstījis vēstuli mūsu godājamajam veselības ministram Danielam Pavļutam, kurā pauž savu neizpratni par notiekošo valstī sakarā ar bērnu testēšanu un skolas darbinieku papildus darbu un papildus darba stundām. Interesanti.https://www.ogresnovads.lv/lv/jaunums/ogres-novada-pasvaldibas-domes-priekssedetaja-atklata-vestule-danielam-pavlutamKopā mēs varam!!!/Dr.E.Mednis/#AgenskalnaKlinika #GribuSportot #KopaMesVaram #DziveBezBailem #IzglabDraugu"
307,03.09.2021 22:39:15,Āgenskalna klīnika,,,"Bet viss nemaz nav tik slikti. Ir arī deputāti, kas par šo visu runā. Kas mēģina panākt, lai augsti godājamie Kariņa un Pavļuta kungi vismaz izskaidro sabiedrībai savas rīcības motīvus un likumību. Pavļuta kungam pēc iepriekšējā deputātu pieprasījuma bija grūtības atbildēt uz dažiem jautājumiem. Tādēļ te tie ir atkārtoti. Varbūt ar otro piegājienu laimēsies. Kaut gan kas zina...... Varbūt galvās karuselis ir tik liels, ka paskaidrot savu rīcību daudz maz sakarīgi vairs nav iespējams. Pielieku klāt divas deputātu vēstules - vienu Ministru kabinetam, ko vada visiem nu jau labi zināmais Krišjānis Kariņa kungs un otra Veselības ministrijai, ko vara godājamais Daniels Pavļuta kungs. Kungi, saņemieties un lūdzu atbildiet pēc būtības, nevis tukši atrakstieties. Šie jautājumi patiešām interesē lielāko sabiedrības daļu.https://titania.saeima.lv/LIVS13/saeimalivs_lmp.nsf/0/23c4ed611d3f997bc2258744004e1f45/$FILE/262.PDFhttps://titania.saeima.lv/LIVS13/saeimalivs_lmp.nsf/0/a66b8527b75d9e8bc2258744003d7e09/$FILE/261.PDFKopā mēs varam!!!/Dr.E.Mednis/#AgenskalnaKlinika #GribuSportot #KopaMesVaram #DziveBezBailem #IzglabDraugu"
308,08.09.2021 15:01:33,Āgenskalna klīnika,,,
309,08.09.2021 23:42:28,Āgenskalna klīnika,,,
310,12.09.2021 00:28:43,Āgenskalna klīnika,,,"Man bija ļoti interesanta saruna ar Vecmāti Lindu Gudri par sievietes organismu, attiecībām un daudz ko citu. Daudz es pats uzzināju no jauna.  Es izbaudīju mūsu sarunu. Baudiet arī jūs.Kopā mēs varam!!!/Dr.E.Mednis/#AgenskalnaKlinika #GribuSportot #KopaMesVaram #DziveBezBailem #IzglabDraugu"
311,12.09.2021 00:28:43,Āgenskalna klīnika,,,
312,12.09.2021 00:34:14,Āgenskalna klīnika,,,Un te ir neliels fragments no mūsu sarunas ar Vecmāti Lindu Gudri. Vārdu Vecmāte apzināti rakstu ar lielo burtu. Kāpēc? Noskatieties. Arī jūs gribēsiet to rakstīt tāpat.Kopā mēs varam!!!/Dr.E.Mednis/#AgenskalnaKlinika #GribuSportot #KopaMesVaram #DziveBezBailem #IzglabDraugu
313,12.09.2021 00:34:14,Āgenskalna klīnika,,,
314,12.09.2021 21:32:54,Āgenskalna klīnika,,,
315,16.09.2021 23:32:18,Āgenskalna klīnika,,,"Kas ir veselība? Katram no mums ir savs priekšstats par to. manuprāt veselība ir tad, kad tev nekas netraucē, nekas nesāp, nav par ko pasūdzēties, acis mirdz, esi spēka pilns, labā fiziskā, garīgā un emocionālā formā. Veselību nevar nopirkt, nevar iegūt, nevar saņemt. Tā atnāks pati. Tikai ar vienu noteikumu - jāmīl pašam sevi, jārūpējas par šo visjaukāko cilvēku pasaulē. Un jādara tas ikdienā. Un interesantākais ir tas, ka mēs pa gabalu atpazīstam veselu cilvēku. Tā šķiet, ka cilvēks, kas nes Veselības ministra amata nosaukumu, jeb Veselības konsultanta nosaukumu ir tas, kurš ir vesels un zina kas jādara, lai arī pārējie, par kuriem viņš ir atbildīgs, būtu veseli. Pavērojiet zemāk esošās fotogrāfijas. Vai Jūs domājat, ka šie cilvēki izskatās veseli? Vai viņi ir veseli. Un tik veseli, ka var arī mums pārējiem ko ietikt. tāpat jautājums ir arī par mūsu pašu Veselības ministru. vai varam viņam izticēties. vai varam viņam uzticēt pašu dārgāko, kas mums ir - savu veselību. Vai viņš zinās kā to uzlabot, vai kā to iegūt? Manuprāt nē. Es neuzticētu un neuzticu nevienam no šiem cilvēkiem savu veselību. Es par to rūpēšos pats, jo šo cilvēku publiskais tēls un darbība nevieš uzticību. Atvainojiet Pavļuta kungs. Es Jums neuzticos. Es patiešām neticu, ka Jūs spēsiet man iemācīt rūpēties par manu veselību. Jūs izskatieties smagi slims. Jūsu publiskās darbības ir uzticību neviesošas. Maigi sakot. ja saucam lietas īstajos vārdos, tās, iespējams, ir noziedzīgas. Bet par to, cerams, tuvākajā laikā lems tiesa.Bet tas, ko mēs varam darīt jau šodien ir rūpēties paši ar sevi, saviem bērniem, savu veselību un savu nākotni. Mēs varam šiem slimajiem pateikt un parādīt savu nostāju. Mēs varam izteikt tiem savu neuzticību. Un mēs varam viņus patriekt no politiskās skatuves. Tādēļ mums ir jāceļas kājās un jārīkojas. Jārīkojas jau drīz - parīt. Mums visiem IR jābūt 11.novembra krastmalā šo sestdien 18.septembrī plkst. 13.00. MUMS TUR IR JĀBŪT. Lai varam valdoņiem parādīt, ka mēs esam un, ka mēs nepiekrītam tam, ko viņi dara un spiež darīt arī mums. Tiekamies šo sestdien!!!!Kopā mēs varam!!!/Dr.E.Mednis/#AgenskalnaKlinika #GribuSportot #KopaMesVaram #DziveBezBailem #IzglabDraugu"
316,16.09.2021 23:32:37,Āgenskalna klīnika,,,
317,17.09.2021 14:52:30,Āgenskalna klīnika,,,"Neskatoties uz tā saucamo vakcīnu tirdzniecības aģentu (lasi veselības ministrijas un valsts mediju) solījumiem, ka viss ir labi, tik labi nemaz nav. Ja kovidnāves bija jāinscenē un režisors veidoja sižetus, lai izskatās ticami, tad šo jauno gēnu injekciju radītās nāve gan ir skaudra realitāte. Tās notiek un visai bieži. jautājums ir tikai kā un vai tās tiek fiksētas. Visbiežāk gan mūsu oficiozi tās neatzīst kā saistītas ar šprici un saka, ka tā ir sagadīšanās, jeb kādu citu saslimšanu sekas. Ko teikt, ja cilvēks bijis pilnīgi vesels? Bet tomēr miris īsā laikā pēc šprices? Bez tam, kas notiks vēlāk? Kas notiks pēc pusgada, pēc gada? kas notiks ar grūtniecēm? kas notiks ar viņu bērniem? Dzimušajiem un vēl nedzimušajiem? Šodien skatījos un klausījos Anša Bogustova vebināru, kā viņš pats to nosauca, ar 2 Rīgas dzemdību nama mediķēm un vienu Stradiņa slimnīcas ārsti, kas apgalvoja, ka kovidšprices grūtniecēm ir drošas. Un galvenais pārbaudītas. Tad šeit ir jautājums vai cilvēks ir muļķis, jeb nelietis? Atvainojos kolēģei par skarbumu un tiešumu. Bet savādāk es nevaru izteikties. Jo par Faizera šprices anotācijā ir teikts, ka tā uz grūtniecēm nav pietiekoši testēta un līdz ar to nav ziņu par to ietekmi uz pašu grūtnieci, grūtniecību un augli. Tad kā nosaukt kolēģes apgalvojumu? Tas ir vai nu idiotisms jeb klaji, apzināti un salti meli. Vai minētā kolēģe nes jebkādu atbildību par saviem vārdiem? Vai Ansis Bogustovs nes jebkādu atbildību par minēto ""vebināru""? Ko viņi var teikt acīs skatoties tām grūtniecēm, kam grūtniecība beidzas ar spontāno abortu šprices dēļ? Vai vispār kāds no viņiem spēs paskatīties acīs šai sievietei?Tāpat es vēlētos, lai visi, kas propagandē šīs nepārbaudītās un eksperimentālās gēnu šprices paskatīties acīs kādam no mirušo radinieku tuviniekiem un paskaidrot kādēļ tās ir tik ļoti jāuzspiež? Kāds tam ir iemesls? Jo, kā zināms, mirstība no kovida nepārsniedz jau ierasto iksezonas gripas līmeni. Tad kā vārdā tiek apgalvots, ka ""tomēr ieguvumi pārsniedz zaudējumus""? Ja tā tomēr ir, ta kas ir ieguvumi? Kādi konkrēti ir ieguvumi un kam? Kas to var atbildēt? Varbūt gēnu špriču galvenais tirdzniecības aģents Daniels Pavļuts? Pavļuta kungs, kam ir ieguvumi no  šo špriču izplatīšanas? Konkrēti. parasti jau ziepju tirdzniecības aģents saņem nelielu algu un plus vēl procentus no pārdotā. Vai šajā gadījumā būtu tāpat? Pavļuta kungs, kāds ir Jūsu procents, ko saņemiet? Gaidīšu atbildi. Domāju, ka ne es viens gaidu. Ierakstiet, lūdzu komentāros, cik ir Jūsu procents. Būtu interesanti uzzināt. jau iepriekš pateicos.Bet, kāmēr gaidām Pavļuta kunga atbildi, te reāls stāsts no dzīves par to, kas notiek pēc vakcīnām un kā cilvēks no pārliecināta vaksera kļūst par antivakseri balstoties tikai uz savas ģimenes pieredzi. Rūgtu pieredzi. Izglāb draugu, neļauj viņam špricēties!!!https://www.lsm.lv/raksts/zinas/latvija/masas-nave-padarija-mani-par-vakcinu-apsaubitaju--atvertie-faili-peta-covid-19-vakcinu-kaitigumu.a421605/Kopā mēs varam!!!/Dr.E.Mednis/#AgenskalnaKlinika #GribuSportot #KopaMesVaram #DziveBezBailem #IzglabDraugu"
318,17.09.2021 21:24:35,Āgenskalna klīnika,,,"Tiem, kas nesaprot gēnu injekciju nopietnību un domā, ka tas taču tāds nieks vien ir, jo uz teātri taču gribas aiziet, vai paceļot. Vai kādu izklaidīti lūdzu. Paskatieties uz šiem cilvēkiem. Paskatieties šajās acīs. palasiet šos stāstus. Tie ir īsti. Aiz katras fotogrāfijas ir skumjš stāsts. Aiz vienas ir nāve, aiz nākošās invaliditāte, aiz citas ..... Skumji. Tas varēja nenotikt. Ja vien cilvēki beidzot ieslēgtu domāšanu. ja vien cilvēki beidzot beigtu baidīties un atvērtu acis. Tad izrādītos, ka nav ne pandēmijas, ne pamats bailēm, ne kāds pamats špricēm. Viss ir tāpat kā parasti, ja vien valdības un mediji nebūtu radījuši mākslīgu haosu. Mākslīgu info pandēmiju. Bija tāds teiciens - mediji ir vīruss. Un arī valdības. Nekas vairāk. Beidza testēts ar šiem neko nepasakošajiem testiem un nākošajā dienā viss beigsies. Viss šis kāršu namiņš balstās uz testiem. Un šobrīd interesanti - skaitļi it kā aug, bet neviens neko. Un, cik zinu, testi nāk negatīvi. Lai kā cilvēki cer, ka beidzot būs pozitīvs un varēs dabūt sertifikātu. Bet nekā. Laikam nav vēl pienācis laiks pozitīvajiem. Vēl jāspiež cilvēki špricēties. Ja  dabūs pozitīvu testu, tad jau neaizies pēc indes devas. Un tādējādi rodas, šķiet, pamatotas aizdomas, ka tā visa ir vienkārši rupja manipulācija ar datiem. Cik pozitīvos vajag, tik satestē. Ja nevajag, tad nāk visi negatīvi. Kad pienāks brīdis ""uzdzīt ciparus"", tad arī testi būs pozitīvi. Smieklīgi. vai ne? Ja vien  mēs visi šajā spēlītē un manipulācijā nebūtu iesaistīti. Bet turamies. ja vajag, sakožam zobus un turamies. Mums ir jāiztur šis rudens. tad paliks vieglāk. kaut gan visādus brīnumus sola. Bet tas tikai stiprina manu pārliecību, ka esmu uz pareizā ceļa. Un ceru, ka jums ir tāpat. Turamies.Un tiekamies rīt krastmalā. Plkst. 13. Esot divi pulcēšanās punkti - Strēlnieku lakums un Pulvertornis.  Jau no 12.00. Esam visi tur. Ar savām ģimenēm un draugiem. Mums ir jā būt daudziem. Ļoti daudziem. Un mēs uzvarēsim.https://nomoresilence.world/Kopā mēs varam!!!/Dr.E.Mednis/#AgenskalnaKlinika #GribuSportot #KopaMesVaram #DziveBezBailem #IzglabDraugu"
319,17.09.2021 22:41:28,Āgenskalna klīnika,,,"Gribēju nedaudz jautrības un arī enerģijas pacēlumu. Kas var būt labāks par šo. 😁 Bungas. Un dzīvespriecīgi, sprigani jaunieši. https://www.youtube.com/watch?v=t8TvKGnSJ3EKopā mēs varam!!!/Dr.E.Mednis/#AgenskalnaKlinika #GribuSportot #KopaMesVaram #DziveBezBailem #IzglabDraugu"
320,18.09.2021 08:18:20,Āgenskalna klīnika,,,
321,18.09.2021 11:38:10,Āgenskalna klīnika,,,Šis varētu būt šīsdienas pasākuma motīvs.Kopā mēs varam!!!/Dr.E.Mednis/#AgenskalnaKlinika #GribuSportot #KopaMesVaram #DziveBezBailem #IzglabDraugu
322,18.09.2021 11:38:10,Āgenskalna klīnika,,,
323,24.09.2021 10:43:18,Āgenskalna klīnika,,,Garastāvokļa uzlabošanai un kritiskas domāšanas rosināšanai. Baudām piektdienu un skaisto laiku.Kopā mēs varam!!!/Dr.E.Mednis/#AgenskalnaKlinika #GribuSportot #KopaMesVaram #DziveBezBailem #IzglabDraugu
324,24.09.2021 10:43:18,Āgenskalna klīnika,,,
325,25.09.2021 13:46:39,Āgenskalna klīnika,,,"Nu re. Latvijas mediji beidzot ir sākuši arī ko jēdzīgu rakstīt. Apsveicu. Tik tagad rodas jautājums - daži Latvijā pazīstami ārsti, kā Veisa, Rezeberga, Zavadska un citi, sausu muti publiski ir apgalvojuši, ka minētās gēnu injekcijas ir drošas visiem, tai skaitā arī grūtniecēm. Vai šie skaitļi liecina par drošību un nekaitīgumu? Tādu, ka mēs varam tā ieteikt (lasi: uzspiest) arī bērniem? Domāju, ja minētie ārsti nav zaudējuši vēl pēdējās sirdsapziņas paliekas, tad publiska atvainošanās ir mazākais, ko viņi var darīt. Uz kariņa un Pavļuta kungiem cerības ir vājas. Bet nu vismaz ārsti varētu saņemties un padomāt. Jo mums augstskolā mācīja analītisko domāšanu. Varbūt, ka daži ir to pazaudējuši. Bet katrā ziņā lietas iet uz labo pusi. Mēs uzvarēsim!!!Kopā mēs varam!!!/Dr.E.Mednis/#AgenskalnaKlinika #GribuSportot #KopaMesVaram #DziveBezBailem #IzglabDraugu"
326,25.09.2021 13:46:39,Āgenskalna klīnika,,,
327,25.09.2021 22:32:56,Āgenskalna klīnika,,,"Man vislabāk patika pēdējais teikums. ka pirmo reizi vēsturē par kāda preparāta totālu izgāšanos (neefektivitāti) tiek vainoti tie, kas no šī preparāta atteikušies. Smieklīgi, ja nebūtu tik skumji. Un Skumjāk vē, ka valdība spītīgi negrib to redzēt. Un ne vien mūsu valdība vien. Bet acīm redzot ir kas pasūta mūziku un par šo cenu ir vērts spēlēt. Kopā mēs varam!!!/Dr.E.Mednis/#AgenskalnaKlinika #GribuSportot #KopaMesVaram #DziveBezBailem #IzglabDraugu"
328,25.09.2021 22:32:56,Āgenskalna klīnika,,,
329,26.09.2021 21:47:10,Āgenskalna klīnika,,,"Otrdien režīms lemšot par iespēju testēšanu pārcelt uz darba ņēmēju pleciem. Skaisti. Bet...... tā ir ekskluzīvi darba devēja kompetence. Darba devējam ir jāapmaksā visi ar darbinieka veselības pārbaudi saistītie izdevumi un to nosaka divi likumi: Darba likums un Darba aizsardzības likums. Un Latvijas republikas likums ir augstāks par jebkuriem MK noteikumiem. Tāpat kā Saeima ir augstāka instance par Kariņa vadīto huntu. Noklausieties Rosļikova teikto. Un cīnieties par sevi. Mums režīmam ir jāparāda, ka mēs esam un esam stipri. Ka mūs nevar salauzt. Kopā mēs varam!!!/Dr.E.Mednis/#AgenskalnaKlinika #GribuSportot #KopaMesVaram #DziveBezBailem #IzglabDraugu"
330,26.09.2021 21:47:11,Āgenskalna klīnika,,,
331,26.09.2021 23:15:43,Āgenskalna klīnika,,,"Nedaudz cita tēma. Pasena vēsture. Persijas līča karš. 1991. gads. ASV armijas invāzija Irākā. Tam sekojoša daudzu ASV un UK karavīru un viņu bērnu saslimšana, ko nosauca par Persijas kara slimību. Kāds tam ir iemesls? Izrādās  - urāns. Pārstrādājos urānu, lai iegūtu kodoldegvielu, pāri paliek urāna atkritumi. To ir ļoti daudz. Un tos izmanto ieroču ražošanā. Esot ļoti efektīvi prettanku ieroči, jo lādiņš iziet cauri tanka bruņām kā sviestam un sprāgst tanka iekšpusē. Iet bojā ne tikai tehnikas vienība, bet arī vis tajā esošie. Bet, šie lādiņi atstāj tālejošas sekas abām pusēm - gan tiem, kas tos lieto, gan arī Irākiešiem. dzimst bērni ar dažādām kroplībām, grūtniecēm iet bojā vēl nedzimuši bērni. Noskatieties dokumentālo filmu par šo tēmu. Interesanti.. Filmas moto: veltījums visiem NATO patriotiem.https://odysee.com/@%D0%93%D0%BE%D0%BB%D0%BE%D1%81%D0%93%D0%B5%D1%80%D0%BC%D0%B0%D0%BD%D0%B8%D0%B8:3/46d37c479a008b6-1:fKopā mēs varam!!!/Dr.E.Mednis/#AgenskalnaKlinika #GribuSportot #KopaMesVaram #DziveBezBailem #IzglabDraugu"
332,30.09.2021 09:52:28,Āgenskalna klīnika,,,"Ministru kabinets nodarbojas ar murgu idejām, kuras pats nezin kā realizēt. Likums ir mūsu pusē. Līdz ar to nevienu nevar atlaist tāpat vien. Nevienu nevar atlaist tāpēc, ka viņš nav piedalījies medicīniskā eksperimentā un arī testus nevar piespiest veikt par darbinieku līdzekļiem.  Testi ir jāapmaksā darba devējam. Un par nešpricēšanos nav tāda likuma panta, pēc kura var darbinieku atlaist. Tas viss būs jākompensē. Ir liels psiholoģisks spiediens, bet to var izturēt, ja mēs esam pārliecināti par to, ko darām un pārliecināti par savu taisnību. Likums ir mūsu pusē. Paklausieties Rosļikovu. Mēs uzvarēsim.Kopā mēs varam!!!/Dr.E.Mednis/#AgenskalnaKlinika #GribuSportot #KopaMesVaram #DziveBezBailem #IzglabDraugu"
333,30.09.2021 09:52:28,Āgenskalna klīnika,,,
334,04.10.2021 22:59:49,Āgenskalna klīnika,,,"Kariņa kungs ar savu huntu šodien atkal izcēlās. Dienas gaismu ieraudzīja nu jau atjauninātie MK noteikumi Covid infekcijas apkarošanā. Tādu tiesisko nihilismu pasaule sen nav pieredzējusi. Ar šiem noteikumiem faktiski cilvēki tiek piespiesti piedalīties medicīniskā eksperimentā. Un tas viss neskatoties uz Kariņa un Pavļuta kungu liekulīgajiem solījumiem, ka, tā sauktā, vakcinācija būs brīvprātīga. Brīvprātīguma princips tiek ievērots ar pistoli pie deniņiem - nestrādā un mirsti badu, vai špricējies. Bet, jācer, tauta būs attapīga un izdomās veidu kā izvairīties. Jo faktiski šis ir masu slepkavības mēģinājums, ja var ticēt kaut daļai no pieejamās informācijas par šo injekciju darbību. Protams, ka atbildība būs jāuzņemas jau minētajiem kungiem. Tikai, šķiet, ka viņi to negrib zināt. Bet tas nemazina atbildību.Es pats savu lēmumu esmu jau pieņēmis. Es nepiedalos šajā medicīniskajā eksperimentā. Un neviens mani nevar piespiest to darīt. Šobrīd risinu sarunas ar juristiem un meklējam izeju no situācijas. Izejas noteikti ir vairākas. Tādēļ izvēlēsimies labāko. Un gribu teikt saviem kolēģiem un līdzcilvēkiem - nebaidieties. Šī visa ir iebaidīšanas kampaņa. tajā brīdī, kad tu nebaidies, tu kļūsti patiesi brīvs. Jā, iespējams būs kādas neērtības, jā iespējams nevarēsi darīt to ko vēlies. Bet to visu atsver iegūtā brīvības sajūta, kad sistēmai nav varas pār tevi. Tā neko nevar tev izdarīt. Jo TU ESI BRĪVS. Un ārpus sistēmas. Tādēļ nebaidāmies. darām savu darāmo. Sakām savu sakāmo. Un esam brīvi.Kopā mēs varam!!!/Dr.E.Mednis/#AgenskalnaKlinika #GribuSportot #KopaMesVaram #DziveBezBailem #IzglabDraugu"
335,05.10.2021 09:22:37,Āgenskalna klīnika,,,
336,05.10.2021 11:59:47,Āgenskalna klīnika,,,
337,05.10.2021 14:39:01,Āgenskalna klīnika,,,"Te burvīgs piemērs no Ukrainas, kur skolas direktors iesūdzējis tiesā valdību par piespiedu vakcināciju. Kad mums būs šādi drosmīgi cilvēki, kas nebaidīsies no valdošās huntas un cīnīsies par savu brīvību? Kur ir drosmīgie skolotāji, ārsti, juristi? Kad jūs rīkosieties? Vai tomēr bailes pāri visam?Vakar runāju ar vienu it kā progresīvu ārstu. Kolēģi. Nešpricētu un tādu, kas ir pret šo tautas indēšanu un, kas saprot procesus. Aicināju viņu runāt. Kā jūs domājiet kāds bija rezultāts? Bailes. Saprot, bet nerunās, jo trīc par savu vietu, savu darbu, Uz jautājumu ko tad darīs tagad? Atbilde bija, ka nu pēdējais, ko varētu darīt ir nošpricēties. Bet nu padoma neesot. Bet reāli neko nedarīs, jo baidās. Tad kāda ir izeja? sagaidīt ""galējo variantu""? Vai tomēr aktīvi rīkoties? Saņemieties, nākiet ārā no savām guļamistabām un virtuvēm. Runājiet. Dariet. Sūdziet tiesā. Ejiet ielās. Kopā mums ir jāuzvar šī hunta. Citādi mums tāpat dzīves nebūs. Un mēs uzvarēsim. Jautājums tikai cik mēs paliksim, kas iznāks no šī kara veseli? Bet mēs uzvarēsim.Kopā mēs varam!!!/Dr.E.Mednis/#AgenskalnaKlinika #GribuSportot #KopaMesVaram #DziveBezBailem #IzglabDraugu"
338,05.10.2021 14:39:01,Āgenskalna klīnika,,,
339,05.10.2021 23:34:14,Āgenskalna klīnika,,,"Atkal jau par eksperimentālajām špricēm. Amerikāņu ārsts patologanatoms Raiens Kouls savā prezentācijā Balto halātu samitā šo eksperimentālo injekciju precīzi nodēvēja par ""izvarošanu ar šprici"". Tā tas arī ir. Absolūti nezinātniski un prettiesiski mums tie uzspiesta šī injekcija pārkāpjot visus iespējamos likumus. tai skaitā 1947.gadā uzrakstīto Nirnbergas kodu. Kāpēc nezinātnisku? Tāpēc, ka jebkuras blaknes pēc jebkurām zālēm tiek uzskaitītas un pieņemts, ka tās ir no tām zālēm kāmēr nav pierādīts pretējai. Tas nozīmē, ka a priori blakne IR no zālēm, un ir jāpierāda, ka tas tā nav. Nevis otrādi - jāpierāda, ka blakne tomēr ir. Un valdība un meinstrīma ārsti mums sausām mutēm apgalvo, ka tas taču nav no šīm špricēm. Bet trešās fāzes šo injekciju pētījumi notiek uz mūsu līdzcilvēkiem pie tam piespiedu kārtā. To nekā savādāk kā par genocīdu nevar nosaukt. Pie tam ņemot vērā, ka šīs injekcijas izraisa iekaisumus visos orgānos un arī trombu veidošanos, kas var novest pie sirds muskuļa sarētošanās, neauglības, dažādām autoimūnām saslimšanām, vēžiem un citām veselībai un dzīvībai bīstamām slimībām.Tādēļ ir nekavējoties jāpārtrauc šo injekciju lietošana. Ne tikai uzspiešana, bet lietošana. Un jātiesā to ieviesēji un mārketinga speciālisti, tādi kā Pavļuts, Kariņš, Dumpis, Zavadska un daudz citi. Par noziegumiem pret savu tautu. Par noziegumiem pret cilvēci. Ceru, ka tas pienāks drīz.Kopā mēs varam!!!/Dr.E.Mednis/#AgenskalnaKlinika #GribuSportot #KopaMesVaram #DziveBezBailem #IzglabDraugu"
340,05.10.2021 23:35:23,Āgenskalna klīnika,,,
341,07.10.2021 08:29:51,Āgenskalna klīnika,,,Kopā mēs varam!!!/Dr.E.Mednis/#AgenskalnaKlinika #GribuSportot #KopaMesVaram #DziveBezBailem #IzglabDraugu
342,07.10.2021 08:29:51,Āgenskalna klīnika,,,
343,07.10.2021 15:49:17,Āgenskalna klīnika,,,"Darba ņēmējam nav ko uztraukties par atlaišanu un NAV jāskrien špricēties un NAV jābaidās, ka testi būs pašam jāapmaksā. Jūs aizsargā 2 likumi - Darba likums un Darba aizsardzības likums. Un likums ir augstāks juridisks dokuments par MK noteikumiem. Tādēļ esam drosmīgi, stipri, nelokāmi un izturam šos murgus. Nav vairs ilgi. Drīz paliks vieglāk. Vēl pēdējā sistēmas agonija. Jau tagad daži labi pazīstami kungi izskatās pēc psihiski slimiem. Un viņu stāvoklis tikai pasliktināsies. Jo viņi strādā pret sevi un pret tautu. Un faktiski ir starp trim dzirnakmeņiem - saviem kungiem, kas diktē ko darīt, savu sirdsapziņu un tā ir visiem, lai vai kā mēs to negribētu dzirdēt un arī tautu, kas ir gudra un kļūst arvien spēcīgāka savā nostājā. Mēs uzvarēsim. Noskatieties video. Speciālists iesaka ko darīt, ja jūs mēģina šantažēt.Kopā mēs varam!!!/Dr.E.Mednis/#AgenskalnaKlinika #GribuSportot #KopaMesVaram #DziveBezBailem #IzglabDraugu"
344,07.10.2021 15:49:17,Āgenskalna klīnika,,,
345,07.10.2021 20:00:51,Āgenskalna klīnika,,,"Jā, interesanta ir Vācijas statistika. Mirstības statistika. No šī gada janvāra līdz jūnijam ieskaitot Vācijā ir nomiruši par 19 000 cilvēkiem vairāk kā vidēji no 2017 gada līdz 2020 gadam tajā pat laika periodā. Nav rudens datu. Un vēl viens interesants fakts, ka  gada decembrī Vācijā sāka veikt eksperimentus ar cilvēkiem - tiem sāka injicēt eksperimentālās gēnu injekcijas, ko nezin kāpēc sauc par vakcīnā. Ir interesantiTik vēl jautājums - kā ir pie mums? Noteikti labāk. Kopā mēs varam!!!/Dr.E.Mednis/#AgenskalnaKlinika #GribuSportot #KopaMesVaram #DziveBezBailem #IzglabDraugu"
346,07.10.2021 20:00:51,Āgenskalna klīnika,,,
347,07.10.2021 22:18:04,Āgenskalna klīnika,,,"Te vēl papildus informācija no Kalifornijas. Paliek interesanti. Mums gan mediji stāsta ko citu. 😁 Bet patiesība jau tāpat nāk ārā pa visām vīlēm, lai kā to mēģinātu noslēpt.Kopā mēs varam!!!/Dr.E.Mednis/#AgenskalnaKlinika #GribuSportot #KopaMesVaram #DziveBezBailem #IzglabDraugu"
348,07.10.2021 22:18:04,Āgenskalna klīnika,,,
349,07.10.2021 22:18:04,Āgenskalna klīnika,,,
350,07.10.2021 22:38:50,Āgenskalna klīnika,,,Francijā jau nevakcinētas medicīnas māsas vinnējušas tiesu un viņām tiesa sprieda arī samaksāt par visu nestrādāto laiku. Tā lūk. Tā būs arī pie mums. Viņiem nav nekādu variantu. Taisnība un likums ir mūsu pusē. Turamies.Kopā mēs varam!!!/Dr.E.Mednis/#AgenskalnaKlinika #GribuSportot #KopaMesVaram #DziveBezBailem #IzglabDraugu
351,07.10.2021 22:38:50,Āgenskalna klīnika,,,
352,08.10.2021 00:07:12,Āgenskalna klīnika,,,"Kā tas viss izskatās un kā ir patiesībā. Pēterburgas blogeris par šo vide saņēma 200 stundas piespiedu darba. Par nepatiesu informāciju ""svētās"" infekcijas sakarā. Interesanti. Kas viņiem ķērās pie sirds tik ļoti šajā video?Kopā mēs varam!!!/Dr.E.Mednis/#AgenskalnaKlinika #GribuSportot #KopaMesVaram #DziveBezBailem #IzglabDraugu"
353,08.10.2021 00:07:12,Āgenskalna klīnika,,,
354,08.10.2021 17:55:39,Āgenskalna klīnika,,,"Nu jau iet pa lielo. Latvijā valdošajai huntai pietrūkst argumentu. 😁 Lai gan vēl jau ir - policija un armija. Ceru, ka līdz tam nenonāks, lai piespiestu cilvēkus veikt ar sevi medicīniskus eksperimentus. Manuprāt tas IR NOZIEDZĪGI kā hunta Kariņa un Pavļuta vadībā rīkojas. Nu jau skatoties šos kungus, man kā ārstam, rodas pamatots jautājums par šo kungu veselību. Gan psihisko, gan arī fizisko. Psihiski vesels cilvēks tā nevar rīkoties, ja nu nav apveltīts ar milzīgu varaskāri. Kaut gan arī tā ir psihopatoloģija. Kariņa kungs, Jums patiešām steidzīgi ir nepieciešama psihiatra konsultācija. Izmantojiet iespēju vēl pēdējās dienas kāmēr pakalpojumi ir pieejami.Mums šajā laikā svarīgākais ir nepadoties. Un neskriet špricēties. Nepakļauties. Turamies. Mēs uzvarēsim. Šī ir sistēmas agonija. Ļausim sistēmai nomirt dabīgā nāvē. Un piedalāmies referendumā, kad CVK to izsludinās.Kopā mēs varam!!!/Dr.E.Mednis/#AgenskalnaKlinika #GribuSportot #KopaMesVaram #DziveBezBailem #IzglabDraugu"
355,08.10.2021 17:55:39,Āgenskalna klīnika,,,
356,08.10.2021 21:53:49,Āgenskalna klīnika,,,"Nu re, Pavļuta kungs pateica visu kā ir: vakcinēto cilvēku atnestais vīruss ir bīstams nevakcinētajiem. Interesanti gan, kāpēc mūs tagad spiež vakcinēties????https://www.facebook.com/Eva3oo8/videos/233216262158463/Kopā mēs varam!!!/Dr.E.Mednis/#AgenskalnaKlinika #GribuSportot #KopaMesVaram #DziveBezBailem #IzglabDraugu"
357,08.10.2021 21:56:24,Āgenskalna klīnika,,,
358,09.10.2021 09:11:07,Āgenskalna klīnika,,,"Arī Ņujorkā mediķi nav sapotējušies. Viņiem tie ir 16%. Vai tas nozīmē, ka viņus atlaidīs? Kas strādās? Ir taču pandēmija. Kā Cipules kundze teica pie slimnīcu uzņemšanas nodaļām ātrās palīdzības mašīnas stāv rindā, kas gan pēc dažādiem avotiem ne tuvu nav patiesība. Vai tad darba rokas nav vajadzīgas? Tāpat ugunsdzēsēji neesot špricējušies ap 70%. Ko tad viņus visus atlaidīs? Ieslēdzam smadzenes un lietojam vidējo pirkstu sistēmas virzienā. Viņi nevar visus atlaist. Mums ir jāsaprot, ka šī ir psiholoģiska spēle. Un šobrīd spiediens pieaug. Mums šis laiks ir jāiztur taisnu muguru. Un mēs uzvarēsim. Galvenais ir nepadoties. Izturam!!!!!Kopā mēs varam!!!/Dr.E.Mednis/#AgenskalnaKlinika #GribuSportot #KopaMesVaram #DziveBezBailem #IzglabDraugu"
359,09.10.2021 09:11:07,Āgenskalna klīnika,,,
360,09.10.2021 11:54:23,Āgenskalna klīnika,,,"Dimiters, kā vienmēr labs.Krieviski, bet jaudīgi par to, vai večiem ir vai nav ""olas""? Un kur tās palikušas pēdējā laikā?Beidzam bailēs trīcēt un rīkojamies.!!!!https://www.youtube.com/watch?v=-7mLI4U2BxEKopā mēs varam!!!/Dr.E.Mednis/#AgenskalnaKlinika #GribuSportot #KopaMesVaram #DziveBezBailem #IzglabDraugu"
361,11.10.2021 17:54:48,Āgenskalna klīnika,,,"Šobrīd spiediens no fašistiskās Latvijas valdības puses stipri pieaug. Mums tiek uzspiesta šī eksperimentālā injekcija neskatoties uz to, ka Veselības ministrs Pavļuta kungs solīja, ka piespiedu tā nebūs. Tas nozīmē, ka Pavļuta kungs melo. Un melo arī pārējā valdība. Viss šis cirks ir balstīts tikai melos, saltos melos. tāpat Cipules kundze un Dr. Rācenis abi vienā balsī apgalvoja, ka NMPD ir pārslogots un ātrās palīdzības mašīnas stāvot rindās pie uzņemšanas nodaļām un nav kur likt pacientus. Pavērojiet, kas notiek pie tām nodaļām. Rindu nav. Nav ātrās palīdzības mašīnu rindas. Kārtējie meli tātad. Un, ja paskatās hronoloģiju, tad sākumā parādījās šī ziņa, kam piebalsoja Latvijas ārstu biedrības viceprezidents Fūrmanis un nākošajā dienā tapa medicīniskā fašisma paraugs - jaunie MK noteikumi. Izcili. Bet nu mērs ir pilns. Un daudziem. Tūdaļ sāksies juridiskās lietas. Un valdībai būs jāatbild par to, ko tā dara ar Latvijas tautu. Tiesas priekšā. Un būs reāli cietumsodi galvenajiem izpildītājiem. Cerams, ka viņiem neļaus aizmukt pēdējā brīdī.Bet ko tagad darīt? Neko. Vienkārši neko. Nogaidīt. Neskrieniet špricēties. Neskrieniet pirkt ierakstu par šprici. Tas neko neatrisinās. Risinājums būs uz brīdi un mānīgs, jo nekas jau nebeigsies. Nāks nākošās cūcības. Nāks nākošās direktīvas un noziedzīgie lēmumi. Jau tagad špricētie var justies ""piečakarēti"", jo tāpat arī viņu tiesības ir ierobežotas. Tāpat, piemēram, Rīgas Jaunajā teātrī viņiem šonedēļ jāsēž respiratoros. Neceriet, ka tāpēc, ka sašpricēsieties, kaut kas mainīsies uz labo pusi. Nē, nemainīsies, paliks tikai sliktāk. Jo tad fašistiem būs skaidrs, ka tautu var nospiest uz ceļiem. Mums ir jānostāv. Mums ir jānoturās. Tikai tā mēs varam huntai parādīt, ka mūsos ir spēks. ja 70% ugunsdzēsēju ir nešpricēti un viņiem uzsaka darbu, tad kas notiks? Tāpat ar policistiem, skolotājiem. Nekas nenotiks. Jo sistēmai viņus vajag. Vajag glābējus, policistus, skolotājus, ārstus. Vajag visus, kas strādā sistēmā. Bez viņiem sistēma sabruks. Un tādēļ NAV jāiet špricēties. Lai sistēma pati aizrijas ar saviem atkritumiem. Un viņa to izdarīs. Un visai drīz. Šī ir sistēmas agonija. Tādēļ tik spēcīgs spiediens. Izturam. Un paliekam veseli, nešpricēti. Un taisnu muguru.Kopā mēs varam!!!/Dr.E.Mednis/#AgenskalnaKlinika #GribuSportot #KopaMesVaram #DziveBezBailem #IzglabDraugu"
362,13.10.2021 00:14:06,Āgenskalna klīnika,,,
363,13.10.2021 00:14:06,Āgenskalna klīnika,,,
364,13.10.2021 22:19:30,Āgenskalna klīnika,,,"Izskatās, ka visvaronīgāk cīnās mūsu ugunsdzēsēji/ glābēji. 600 no vieniem ir atteikušies pieņemt gēnu injekciju un verga pases. Tāpat 150 policistu ir mūsu pusē. Tas patiešām rada sajūtu, ka uzvara ir tuvu. Bez tam šie cilvēki rīt plkst 8.30 būs pie  Saeimas un iesniegs koloniālajai pārvaldei vēstuli. Kolosāla brīvības, drosmes un izturības demonstrācija. Šie ir cilvēki, kas noliks Kariņa fašistisko režīmu uz ceļiem. Un tas ir Kariņa huntas beigu sākums. Visi, kas var šajā laikā ierasties pie Saeimas, atbalstām cīnītājus. Esam tur. Un parādām Latvijas koloniālajai pārvaldei, ka mēs esam un mēs izturēsim. Tie, kas nevar ieraksties, atbalstām domās. Arī tās ir materiālas. https://nra.lv/latvija/360476-ugunsdzeseji-pretojas-atstadinasanai-rit-dosies-uz-saeimu.htmKopā mēs varam!!!/Dr.E.Mednis/#AgenskalnaKlinika #GribuSportot #KopaMesVaram #DziveBezBailem #IzglabDraugu"
365,13.10.2021 23:12:31,Āgenskalna klīnika,,,
366,13.10.2021 23:13:55,Āgenskalna klīnika,,,
367,15.10.2021 09:24:54,Āgenskalna klīnika,,,Tara Ramata sveiciens Kariņa huntai - savas tautas nodevējiem un kara noziedzniekiem.Kopā mēs varam!!!/Dr.E.Mednis/#AgenskalnaKlinika #GribuSportot #KopaMesVaram #DziveBezBailem #IzglabDraugu
368,15.10.2021 09:24:55,Āgenskalna klīnika,,,
369,15.10.2021 23:06:45,Āgenskalna klīnika,,,
370,16.10.2021 22:37:16,Āgenskalna klīnika,,,"Visiem IR izvēle. Tāda vai citāda, bet ir. Katram tā ir jāizdara. Un katrs arī izdara. Žēl, ka palēnām salūzt cilvēki. Ne visi var būt pietiekoši stipri. Bet ziniet, ka šī ir sistēmas agonija un mums vienkārši IR jāiztur spiediens. Citu variantu nav. Tas nebūs ilgi. Turamies. Izturam. Atbalstām viens otru, lai spējam. Un mēs spēsim. Kopā. Spēsim.Kopā mēs varam!!!/Dr.E.Mednis/#AgenskalnaKlinika #GribuSportot #KopaMesVaram #DziveBezBailem #IzglabDraugu"
371,16.10.2021 22:51:47,Āgenskalna klīnika,,,"Re, ne tikai ugunsdzēsēji - glābēji, policisti, bet arī gāzinieki nevēlas piedalīties Aušvicas cienīgā eksperimentā. Malači. Turamies. Mūsu ir daudz. Pasaules elite - teroristi ir 1%. Mēs taču viņus varam ar cepurēm vien nospiest pie zemes. Turamies. Esam stipri.Kopā mēs varam!!!/Dr.E.Mednis/#AgenskalnaKlinika #GribuSportot #KopaMesVaram #DziveBezBailem #IzglabDraugu"
372,16.10.2021 22:51:47,Āgenskalna klīnika,,,
373,16.10.2021 23:15:36,Āgenskalna klīnika,,,"Re  kur piemērs, ko darīt, ja darba devējs jūs mēģina piespiest špricēties. Noskatieties. Un rīkojieties tieši tāpat. Tad mēs uzvarēsim jau rīt.Kopā mēs varam!!!/Dr.E.Mednis/#AgenskalnaKlinika #GribuSportot #KopaMesVaram #DziveBezBailem #IzglabDraugu"
374,16.10.2021 23:15:36,Āgenskalna klīnika,,,
375,17.10.2021 00:43:57,Āgenskalna klīnika,,,Bez komentāriem. Domājiet paši.Kopā mēs varam!!!/Dr.E.Mednis/#AgenskalnaKlinika #GribuSportot #KopaMesVaram #DziveBezBailem #IzglabDraugu
376,17.10.2021 00:43:57,Āgenskalna klīnika,,,
377,18.10.2021 17:29:43,Āgenskalna klīnika,,,
378,19.10.2021 08:59:00,Āgenskalna klīnika,,,"Atkal jau mums kaut ko jaunu un interesantu ir sagatavojis koloniālais režīms - kārtējo lokdaunu. Šoreiz uz 3 nedēļām. Tie, kam Dāvida zvaigznes, sēdēs ilgāk. Tas jau nekas, ka pasaulē ir milzums pētījumu, ka neviens lokdauns nevienā valstī nav devis pozitīvu rezultātu uz saslimstību, bet tiem ir milzīgas negatīvas sekas. Faktiski negatīvo seku ir krietni vairāk kā ieguvumu. Bet tomēr režīms izvēlas šo ceļu. Jautājums: kāpēc? Kāds ir mērķis? Acīm redzot mērķis nav mūsu veselība. Tieši pretēji, tā ir kārtējā tautas mocīšana. Kārtējā spīdzināšana. Lai vēl vairāk tautu nospiestu uz ceļiem. Lai vēl vairāk iedzītu izmisumā, bailēs un nabadzībā. Un arī sagrautu morāli. Un faktiski noved situāciju līdz baltkvēlei. Režīms noved situāciju līdz baltkvēlei. Ja mēs kaut nedaudz zinām psiholoģiju, tad cilvēks izmisumā ir spējīgs sastrādāt visneiedomājamākās lietas. Un spējīgs uz dažādām darbībām, ko normālā stāvoklī nedarītu. Faktiski metodiski tiek darīts viss, lai cilvēkus sanaidotu un arī piespiestu viņus izdarīt kādus neapdomīgus soļus.  Paldies dievam ir ļoti daudz cilvēku, kas šo saprot un, kas spēj stāvēt pretim režīma genocīdam pret tautu. Un režīmam, cerams, neizdosies izprovocēt. Esmu pārliecināts, ka mēs spējam izturēt visu, ko mums piedāvā. Un esmu pārliecināts, ka mēs to izdarīsim. Mēs izturēsim un būs liela daļa cilvēku, kas nesalūzīs. Kā zināms viss, kas mūs nenogalina, padara mūs tikai stiprākus. Arī šis laiks mūs stiprina un lie pārvērtēt situācijas, cilvēkus, notikumus. Maina mūsu vērtību skalu. Daudz mazsvarīgā paiet malā. Paliek tikai būtiskais. Uz to tad arī koncentrējamies. Tie ir mūsu mīļie, mūsu patiesās vērtības, garīgums un katra mūsu personiskā izaugsme. Pieticība it visā. Un pateicība par to, kas mums ir.  Jo īstenībā patērētāju filozofija sevi ir izsmēlusi. Un tai ir jāaiziet no dienas kārtības. Ir augstākas vērtības. Un mēs katrs to zinām. Turamies. Un saglabājam vēsu prātu. Nepieņemam pārsteidzīgus lēmumus. Mēs izturēsim un uzvarēsim. Un iznāksim no šī kara stiprāki, gaišāki un nobriedušāki. Mums šī cīņa ir jāizcīna un jāuzvar. Un mēs to Varam.Kopā mēs varam!!!/Dr.E.Mednis/#AgenskalnaKlinika #GribuSportot #KopaMesVaram #DziveBezBailem #IzglabDraugu"
379,19.10.2021 11:09:17,Āgenskalna klīnika,,,"Mums ugunsdzēsēji, Triestē (Itālija) dokeri un ostas strādnieki. Apbrīnojama izturība un spīts. Vairāk tādus cilvēku, kas spēj nebaidīties no pārspēka. Jo īstais spēks ir mūsos pašos, nevis dažādās butaforijās ar ko apkarināti ""kārtības sargi"". Arī mēs varam. Paskatieties vēsturi. Nemaz ne tik tālu - 1914-1918. gads. Latviešu streļķi. Mēs esam viņu mazbērni un mazmazbērni. Arī mēs varam. Tikai jāsaņemas. Un jānotic sev. Jānotic sev, ka varam. MĒS VARAM!!!!Kopā mēs varam!!!/Dr.E.Mednis/#AgenskalnaKlinika #GribuSportot #KopaMesVaram #DziveBezBailem #IzglabDraugu"
380,19.10.2021 11:09:17,Āgenskalna klīnika,,,
381,19.10.2021 11:09:18,Āgenskalna klīnika,,,
382,19.10.2021 11:54:18,Āgenskalna klīnika,,,"❗️Dārgie draugi!❗️Lūdzu izturiet spiedienu, kas šobrīd tiek izdarīts uz valsts, pašvaldību, izglītības, iekšlietu un VUGD darbiniekiem!❗️Pašlaik juristi gatavo pieteikumus Administratīvajai tiesai, lai apstādinātu to Ministru kabineta noteikumu daļu (kas ir pretrunā ar Darba likumu un līdz ar tiem nav likuma spēka),  kuri piespiež Jūs vakcinēties vai arī draud ar sankcijām no darba devēja puses!❗️JUMS PAŠLAIK IR NEPIECIEŠAMS APVIENOTIES PROFESIONĀLĀS GRUPĀS, LAI PĒC TAM VARĒTU AR JURISTU PALĪDZĪBU IESNIEGT PRASĪBU ADMINISTRATĪVAJĀ TIESĀ APSTĀDINĀT MINISTRU KABINETU PAR PRETLIKUMĪGAJĀM PRASĪBĀM!❗️NEKUR DARBA LIKUMS NEPAREDZ IESPĒJU CILVĒKUS ATLAIST PAR TO, KA VIŅI NEPAKĻAUJAS PIESPIEDU VAKCINĀCIJAI!❗️LŪDZU APVIENOJIETIES GRUPĀS, ČATOS UN RAKSTIET ""BRĪVĪBAS MEMORANDA"" JURISTIEM!❣️MĒS GRIBAM UN VARAM JUMS PALĪDZĒT!✊🤝🏻❤️brivibasmemorands.mozello.lv❣️Lūdzu dalieties ar šo ziņu, tās ir izglābtas dzīvības!🙏"
383,20.10.2021 22:37:25,Āgenskalna klīnika,,,Jums NAV jāskrien potēties. Darbu jums neviens nevar atņemt Un arī darba algu nevar. Turamies. Sistēma sabruks. Un drīz. Kopā mēs varam!!!/Dr.E.Mednis/#AgenskalnaKlinika #GribuSportot #KopaMesVaram #DziveBezBailem #IzglabDraugu
384,20.10.2021 22:37:26,Āgenskalna klīnika,,,
385,22.10.2021 10:59:55,Āgenskalna klīnika,,,"Šeit ir ļoti interesants Vijas Beinertes raksts par situāciju mums apkārt.Un viens no pamata jautājumiem ir vēstījuma beigās: kāpēc pagājušā gadā, kad neviens vēl nebija potēts saslimstība (reālā, nevis uz papīra) bija krietni zemāka, kā tagad? Varbūt, ka ir kādas likumsakarības? Līdzīgi ir ar BCG jeb tuberkulozes vakcīnu. Valstīs, kurās vakcinē visus vai gandrīz visus problēma ir lielāka, nekā valstīs, kurās vakcinē tikai riska grupas. Un BCG vakcīna ir ""vecā tradicionālā"".  Bet arī tajā gadījumā ir zināmas likumsakarības kāpēc tā notiek un tas bija rakstīts agrākajās anotācijā, kas veiksmīgi tika izdzēstas.Lasām un domājam:Vija BeinerteVakar draugam, ar kuru mums ir atšķirīgi viedokļi vakcinācijas jautājumos, atbildēju uz komentāru. Šodien redzu, ka viņa komentārs ir pazudis un līdz ar to ir pazudusi arī mana atbilde.Bet tā kā šajā atbildē bija vairākas atziņas, kas varētu noderēt tiem, kam situācija nešķiet pilnīgi skaidra, dažas pamata lietas noformulēšu vēlreiz.Esmu vakcinējusies pret stabilām infekcijām, kur viena pote sniedz mūža imunitāti, bet nekad neesmu vakcinējusies pret mainīgiem vīrusiem, kam nepieciešama daudzkārtēja vakcinācija.Es no sirds priecājos par katru, kam pēc vakcinācijas pret Covid nav bijis blakņu. Bet vai tie, kam blaknes ir, dažkārt ļoti smagas, kā piemēram, profesorei Ausmai Cimdiņai, kuras vārdu pieminu ar viņas atļauju, nebūtu pelnījuši sabiedrības uzmanību? Un vai cilvēki nebūtu par tādām blaknēm jābrīdina?Nākamais jautājums: Kāpēc Latvijas medijos gandrīz nerunā par to, ka Covid ir ārstējams, turklāt ārstēšana ir jāsāk jau agrīnā stadijā? Jo no neārstēšanas vai nepareizas ārstēšanas rodas blaknes un nepieciešamība slimniekus hospitalizēt.Par ekspertiem: kad LZA prezidents Ivars Kalviņš, kas pats ir vakcinēts un atbalsta riska grupu pacientu vakcināciju, bija uzaicināts uz Covid-19 ierobežošanas stratēģiskās vadības grupas sēdi, kur pauda ne vien savu, bet arī piecu nopietnu organizāciju kopīgu pozīciju šajā jautājumā, un starp citu paskaidroja arī to, kāpēc tie, kas ir pārslimojuši Covid-19 un ieguvuši dabisku imunitāti, nebūtu jāvakcinē, kā arī uzsvēra, ka vakcinācijai jābūt brīvprātīgai, šis viedoklis netika ņemts vērā. Un netika atskaņots platstraumes medijos.Vēl par ekspertiem: dr. Roberts Melouns, sertificēts ārsts un infekcijas slimību pētnieks, RNS transfekcijas atklājējs ""in vitro"" un ""in vivo"", mRNS vakcīnu tehnoloģiju izgudrotājs, analizējot pašreizējo situāciju, atzīst, ka diemžēl notiek tas, ko var saukt par ""virusologa ļaunāko murgu"" (citēju): ""This is precisely what one would see if antibody-dependent enhancement was happening. What is antibody-dependent enhancement? Briefly, it’s that the vaccine causes the virus to become more infectious than would happen in the absence of vaccination, would cause the virus to replicate at higher levels than in the absence of infection.""Ja pavisam īsi: virusoloģijas milži dr. Melons, dr. Montanjē (Nobela prēmijas laureāts), dr. Martins Kuldorfs, dr. Gērts vanden Bose brīdina, ka šī vakcīna nevis aptur sērgu, bet padara vīrusu agresīvāku. Tā saukto ""ganāmpulka imunitāti"" var nodrošināt tie, kas, būdami nevakcinēti, būs pārslimojuši Covid un ieguvuši dabisko imunitāti.Tāpēc virkne augsti kvalificētu speciālistu, riskējot ar karjeru un reputāciju, uzdrošinās celt trauksmi sakarā ar neveiksmīgajām globālā biomedicīnas kompleksa Covid stratēģijām. Korporatīvie platstraumes mediji ir darījuši visu, lai šos cilvēkus diskreditētu un lai noklusētu viņu alternatīvo vēstījumu. Apzinoties, ka par šām lietām vērā ņemamu viedokli var paust tikai augstas raudzes speciālisti, esmu centusies darīt viņu viedokli zināmu plašākai sabiedrībai, jo citādi cilvēkiem ir jāpārtiek no tās informācijas, ko sniedz filologs Kariņš un pianists Pavļuts. Un no reklāmām, kurās par vakcinācijas vajadzību izsakās dziedoņi, aktieri un sportisti."
386,22.10.2021 10:59:55,Āgenskalna klīnika,,,"Un visbeidzot: pirms gada, kad vakcinēts vēl nebija neviens, saslimušo skaits bija daudz mazāks nekā tagad, kad liela daļa populācijas ir vakcinēta – vismaz Izraēlā, ASV un Apvienotajā Karalistē. Lai gan solīts tika, ka vakcīna sērgu apturēs. Vai tas nešķiet dīvaini?Kopā mēs varam!!!/Dr.E.Mednis/#AgenskalnaKlinika #GribuSportot #KopaMesVaram #DziveBezBailem #IzglabDraugu"
387,24.10.2021 21:02:52,Āgenskalna klīnika,,,"Noskatieties manu sarunu ar klīnisko imunologu Lauri Līcīti. Tajā vairākas interesantas tēmas, viena no kurām ir kāpēc pieaugot vakcinācijas aptverei pieaug arī saslimstība.Kopā mēs varam!!!/Dr.E.Mednis/#AgenskalnaKlinika #GribuSportot #KopaMesVaram #DziveBezBailem #IzglabDraugu"
388,24.10.2021 21:02:52,Āgenskalna klīnika,,,
389,29.10.2021 17:47:05,Āgenskalna klīnika,,,Vakar biju ciemos pie Zvejas un Smana Pasaku valstībā. Ļoti laba un interesanta saruna mums izvērtās. Piedāvāju arī jums noskatīties.Kopā mēs varam!!!/Dr.E.Mednis/#AgenskalnaKlinika #GribuSportot #KopaMesVaram #DziveBezBailem #IzglabDraugu
390,29.10.2021 17:53:08,Āgenskalna klīnika,,,
391,01.11.2021 23:22:41,Āgenskalna klīnika,,,"Kolēģu nāve nekad nav patīkama. Tāpat kā tuvinieku aiziešana mūžībā. Līdz ar to, dzirdot par kolēģa aiziešanu, pakavējos atmiņās par laiku un darbiem, kas kopā pavadīti un darīti. Dr.Ija Cimdiņa pirms dažām dienām. Tagad Jānis Volkolakovs. Abi jauni cilvēki. Iespējams, ka sašpricēti ar modernajām injekcijām. Ar Iju studiju laikā strādājām Ātrajā palīdzībā. Daudz redzējām, daudz strādājām, daudz smējāmies un jokojām. tāda viņa bija - dzīvespriecīga, apdomīga, jokus saprotoša, skanīgiem smiekliem. Toreiz vēl bijām studenti. Viņa nedaudz augstākā kursā. Jāni Volkolakovu tik tuvu nepazinu, bet sāp jau tāpat. Jo jauns cilvēks vēl bija. Un daudz varēja vēl izdarīt un daudziem palīdzēt.Cik daudz kolēģu vēl ies viņu pēdās tuvākā gada laikā, bail pat padomāt. Bet tāda, laikam ir dzīve. Vismaz šobrīd. Un ar to jāsamierinās.Ija un Jāni, lai mūžīgs miers jums abiem. Kopā mēs varam!!!/Dr.E.Mednis/#AgenskalnaKlinika #GribuSportot #KopaMesVaram #DziveBezBailem #IzglabDraugu"
392,04.11.2021 12:15:42,Āgenskalna klīnika,,,"Turpinot tēmu par mirstību, ļoti labu rakstu ar visām atsaucēm ir uzrakstījis bērnu ārsts Artis Žeigurs. Izlasiet. Secinājums ir viens: vakcinācijas pret Covid 19 ir nekavējoši jāpārtrauc, jo tā veicina mirstības palielināšanos.  Un līdz ar to prasība obligāti vakcinēties ir noziegums. Un par to tiesās. Arī šīs teritorijas koloniālās pārvaldes darboņus. Starptautiskā tribunālā. Un aizbēgt viņiem neizdosies, ne viesstrādniekiem, ne muzikantiem. http://www.bernuarsts.lv/plasaks-skaidrojums-kapec-prasiba-obligati-vakcineties-ir-noziegums/Kopā mēs varam!!!/Dr.E.Mednis/#AgenskalnaKlinika #GribuSportot #KopaMesVaram #DziveBezBailem #IzglabDraugu"
393,04.11.2021 13:37:24,Āgenskalna klīnika,,,"Re kur ziņa visiem pesimistiem, kas vaid, ka nekas nenotiek. Lūdzu, ir kustība. Tā ir ne tik ātra kā dīvāna bruņiniekiem gribētos, bet ir. Arī pacietība ir tikums.Kopā mēs varam!!!/Dr.E.Mednis/#AgenskalnaKlinika #GribuSportot #KopaMesVaram #DziveBezBailem #IzglabDraugu"
394,04.11.2021 13:37:24,Āgenskalna klīnika,,,
395,10.11.2021 00:14:21,Āgenskalna klīnika,,,"Latvijas mediķu alianse ir saņēmusi atbildes vēstuli no Veselības ministrijas. Faktiski tā arī ir vienīgā Valsts institūcijas, kas noreaģēja uz mūsu trauksmes zvanu. Ne Tiesībsargs, ne Saeima, neviens. Arī Veselības ministrija, protams atbildi sniedza jau paredzamu - vakcinēties ir veselīgi un nekādus riskus tas nerada. Protams, tas tā apkopojot uz vairākām lapas pusēm izklāstīto Veselības ministrijas traktātu par tēmu vakcinācija. Neko citu jau arī gaidīt nebija vērts. Bet tas ir tikai sākums. Cik zinu, tad Latvijas republikas tiesās ir iesniegti neskaitāmi pieteikumi par cilvēktiesību pārkāpumiem. Tādēļ nepadodamies. Noturam taisnu muguru. Neejam špricēties. Sistēma agonē. Un ap Ziemassvētkiem būs pagrieziens uz gaišo pusi. Paliks vieglāk. Mums ir jāiztur vēl šie pusotra mēneša. Neļaujam sevi salauzt. Un mēs uzvarēsim. Kopā mēs varam!!!/Dr.E.Mednis/#AgenskalnaKlinika #GribuSportot #KopaMesVaram #DziveBezBailem #IzglabDraugu"
396,10.11.2021 00:14:42,Āgenskalna klīnika,,,
397,11.11.2021 21:19:53,Āgenskalna klīnika,,,
398,12.11.2021 00:23:48,Āgenskalna klīnika,,,"Mēs nekritīsim uz ceļiem, bet sadosimies rokās.Kopā mēs varam!!!/Dr.E.Mednis/#AgenskalnaKlinika #GribuSportot #KopaMesVaram #DziveBezBailem #IzglabDrauguhttps://www.youtube.com/watch?v=4PeTQOXR_Dk"
399,12.11.2021 08:00:16,Āgenskalna klīnika,,,"Ar katru šādu vadošās kliķes lēmumu mēs paliekam arvien stiprāki un saliedētāki. Saeimas deputātei Jūlijai Stepaņenko draud atņemt tautas vēlēta deputāta pilnvaras tikai tādēļ, ka viņa atsakās piedalīties medicīniskā eksperimentā un ļaut sev iešļircināt indes devu. Esam nonākuši tālajos 1960jos gados Padomju savienībā. Varbūt pat agrāk.  Atgādināšu, ka deputāts ir tautas vēlēts un līdz ar to viņam mandātu var atņemt tikai tauta. Ja šobrīd var rīkoties šādi, tad kas būs nākošais solis? Būs ""troikas"", kas staigās pa mājām un liks pie sienas nošaušanai tos, kas atsakās špricēties? Turieties Jūlija. Turamies mēs visi. Apvienojamies. Un mēs uzvarēsim. Lai sistēma agonē. Ļausim tai nomirt.Kopā mēs varam!!!/Dr.E.Mednis/#AgenskalnaKlinika #GribuSportot #KopaMesVaram #DziveBezBailem #IzglabDrauguhttps://m.facebook.com/story.php?story_fbid=1809859922534269&id=100005308365667&sfnsn=mo"
400,15.11.2021 09:18:06,Āgenskalna klīnika,,,In reply to this message
401,15.11.2021 10:57:06,Āgenskalna klīnika,,,Šodien dzirdēju kolosālu ziņu: turpmāk 15. novembris būs svinamā diena - nevakcinēto brīvības diena. ❤️❤️❤️ To sāks atzīmēt jau šodien visā Latvijā brīvdabas pasākumos. Sekojiet līdzi savām reģionu grupām. Kopā mēs varam!!!/Dr.E.Mednis/#AgenskalnaKlinika #GribuSportot #KopaMesVaram #DziveBezBailem #IzglabDraugu
402,16.11.2021 22:03:31,Āgenskalna klīnika,,,"Interesantas ziņas no Beļģijas - intensīvās terapijas nodaļā visi ir pilnībā vakcinētie. Tāda ir arī mūsu nākotne, ja ne jau tagadne. Ziniet to joku: kāda starpība starp konspirācijas teoriju un īstenību? 6-12 mēneši.  Izrādās, ka katrā jokā ir daļa joka. lai cik tas skarbi arī nebūtu. Visas konspirācijas teorijas, par ko pirms gada šausminājāmies un neticējām ar matemātisku precizitāti ir piepildījušās. Un pavērojiet tagad kas notiek - ja rebalitika vai delfi kaut ko ļoti aktīvi noliedz, ziniet, pēc kāda laika tā būs īstenība. Lai gan tagad jau arī meinstrīma mediji sāk radīt brīnumainus sižetus. pavērojiet ar padomju pilsoņa acīm. daudz ko var saskatīt starp rindām. Ļoti interesantā laikā dzīvojam. Tāpat arī, kad Pavļuta kungs aizgūtnēm stāstīja, ka šī nevakcinēto pandēmija, zināju, ka drīz sāksies interesantākais. Te rai ir - Beļģijā jau tas ir noticis. Pie mums, šķiet, arī. Protams pēc neoficiālām ziņām. Lai gan oficiozi to noliedz. Bet ........ Kopā mēs varam!!!/Dr.E.Mednis/#AgenskalnaKlinika #GribuSportot #KopaMesVaram #DziveBezBailem #IzglabDraugu"
403,16.11.2021 22:03:31,Āgenskalna klīnika,,,
404,17.11.2021 10:17:47,Āgenskalna klīnika,,,Populārais mūziķis Ēriks Kleptons stāsta par savu pieredzi ar tā saucamā vakcīnas blaknēm sarunā ar Robertu F.Kenediju..Kopā mēs varam!!!/Dr.E.Mednis/#AgenskalnaKlinika #GribuSportot #KopaMesVaram #DziveBezBailem #IzglabDraugu
405,17.11.2021 10:17:47,Āgenskalna klīnika,,,
406,18.11.2021 19:36:33,Āgenskalna klīnika,,,"Re. Viss dzīvē ir vienkārši. Lai ko teiktu rebaltikas, dumpji, zavadskas, pavļuti un kariņi, tomēr Pasaules veselības organizācija, neskatoties uz savu saimnieku (Billa un Melindas Geitsu, kā arī Rokefellera fonda) dotācijām, ir publicējusi statistiku. Cik nevēlamas reakcijas, jeb blaknes ir bijušas no dažādu medikamentu lietošanas. Pievērsiet uzmanību, ka tās  ir sarindotas pieaugošā secībā. Un pēdējā rindiņā ir ....... nu protams, drošās Covid vakcīnas, no kurām pēc pašmāju bāleliņu izteikumiem blakņu praktiski nav. Tām neesot arī kontrindikāciju. Ja tomēr pasaulē pēc PVO datiem, šīs ir visnedrošākās zāles ar vislielāko blakņu skaitu, tad kā var nosaukt Latvijā valdošās huntas darbības, lai par katru cenu iedabūtu šīs substances mūsu ķermeņos? To sauc vienā vārdā - noziegums. Pret cilvēci. Pret savu tautu. Tādēļ stāvam taisnu muguru. sadodamies rokās. Palīdzam viens otram. palīdzam gan izturēt, gan arī grūtā brīdī ar plecu, padomu, pārtiku, drēbēm. Bet nostāvam.Kopā mēs varam!!!/Dr.E.Mednis/#AgenskalnaKlinika #GribuSportot #KopaMesVaram #DziveBezBailem #IzglabDraugu"
407,18.11.2021 19:36:33,Āgenskalna klīnika,,,
408,18.11.2021 19:57:07,Āgenskalna klīnika,,,"Latvija, daudz laimes tev dzimšanas dienā. Lai arī tu šobrīd neesi tā, par ko cīnījāmies mēs pirms 30 gadiem, mūsu senči pirms vairākiem gadu desmitiem un simtiem. Es ticu, ka mēs kopā tevi padarīsim par tādu...... skaistu, iekārojamu, spēcīgu. Par varoņu zemi. Par miera un mīlestības zemi. Par vietu, kur mēs varēsim labklājībā un pārticībā, mierā un mīlestībā audzināt savus bērnus un mazbērnus. Arī mazmaz bērnus un vēl tālāk. Mēs varam. Kopā. Rokās sadodoties. Mēs izturēsim. Jo gaisma vairs nav aiz kalniem. Un tā nāks ar mūsu uzvaru. Mēs uzvarēsim.Kopā mēs varam!!!/Dr.E.Mednis/#AgenskalnaKlinika #GribuSportot #KopaMesVaram #DziveBezBailem #IzglabDraugu"
409,18.11.2021 19:57:07,Āgenskalna klīnika,,,
410,25.11.2021 20:20:23,Āgenskalna klīnika,,,
412,29.11.2021 08:31:08,Āgenskalna klīnika,,,"Interesanti cik Latvija tautai vēl pietiks pacietības un tolerances? Tagad jau režīms ķersies klāt bērniem. Mūsu bērniem. Kurš būs tas brīdis, kad mēs pateiksim: PIETIEK? Varbūt tomēr šis? Jeb arī šo norīsim un pacietīgi vedīsim savus bērnus uz šo lopkautuvi, kas ir Covid injekcijas? ja to pieļausim, tad šī būs mirusī paaudze - viņi būs vārgi, slimi un neauglīgi. Viņiem, ļoti iespējams, nebūs savu bērnu. Un viņu bērni, ja tādi būs, būs vēl vārgāki par viņiem pašiem? Gribam? NĒ. Viennozīmīgi nē. Un, a tā, tad varbūt vienreiz pateiksim huntai to. Skaļi un nepārprotami. Pateiksim. Un to izdarīsim 13. 12. pie Pūkainīša alas, kurā viņš paslēpies ilūzijā, ka neviens viņu neredz un klāt netiek. Bet Nirnberga 2.0 ir jau izziņota. Un tiesa būs. Viņiem visiem. Tiekamies 13.12. Kopā mēs varam!!!/Dr.E.Mednis/#AgenskalnaKlinika #GribuSportot #KopaMesVaram #DziveBezBailem #IzglabDraugu"
413,29.11.2021 08:31:08,Āgenskalna klīnika,,,
414,01.12.2021 08:40:50,Āgenskalna klīnika,,,"Sabiedriski aktīvisti – Latvijas patrioti – ir izveidojuši apvienību ar mērķi aizsākt vislatvijas kustību Tautas nobalsošanas (referenduma) sarīkošanai. Šī ir nepolitiska apvienība, kuras mērķis ir iespējami ātri noskaidrot Tautas gribu par šobrīd aktuāliem jautājumiem, kā arī aktivizēt un sakārtot Tautas nobalsošanas (referenduma) instrumentu Latvijā.Kā pirmo soli, esam izveidojuši priekšparakstu vākšanas platformu oficiālām referenduma iniciatīvām:1.  Aizliegt ierobežojumu noteikšanu atkarībā no tā, vai cilvēks ir vakcinējies pret C@vid-192.  Samazināt parakstu skaita slieksni referenduma ierosināšanai no 150 000 uz 50 000 parakstu.PARAKSTIES, DALIES, ATBALSTI un PIEVIENOJIES!📍 Iepazīsties ar lapu http://www.referendums.info un reģistrē savu priekšparakstu par divām norādītajām referendumu iniciatīvām!📍 Pēc reģistrācijas saņemsi e-pastu ar saiti uz parakstu formu, ko publicēt sociālajos tīklos, kā arī izdrukājamu formu. Izdrukā to vairākās kopijās un izdali saviem tuviniekiem, draugiem un darba kolēģiem!📍 Pievienojies Telegram kanālam http://t.me/referendums_info un Telegram sarunu grupai https://t.me/joinchat/Gi8Qr5KIvro4N2Q0📍 Pievienojies kustībai un palīdzi savākt parakstus! Raksti mums, ja Tev ir labas idejas parakstu vākšanas organizēšanā!KOPĀ mēs to paveiksim! Kopā mēs varam!!!/Dr.E.Mednis/#AgenskalnaKlinika #GribuSportot #KopaMesVaram #DziveBezBailem #IzglabDraugu"
415,01.12.2021 08:41:12,Āgenskalna klīnika,,,
416,01.12.2021 09:52:14,Āgenskalna klīnika,,,
417,01.12.2021 15:19:21,Āgenskalna klīnika,,,"Režīms plāno nošpricēt arī mūsu bērnus. Tos viņiem neatdosim. Vismaz neatdos tie, kam kaut nedaudz veselā saprāta vēl ir palicis. Bērni nemaz nav riska grupā cirkulējošajam sezonālajam vīrusam un arī nav pārneses avots. Arī nāves gadījumu bērnu vidē no Covid īsti nav. Līdz ar to kādēļ, lai mēs pakļautu bērnus šim medicīniskajam eksperimentam. Šobrīd režīms mūs testē - cik mēs pieļausim. Kur ir tā sarkanā līnija, ko mēs novilksim. Kur būs tas punkts, kurā mēs viņus apturēsim. Atcerieties, ka bērni ir mūsu nākotne. Ja ļausim tos nošpricēt, tad nākotnes mums nav. Labi zināms ir nāvju un komplikāciju risks pēc šīs injekcijas pieaugušo vidū - neauglība, miokardīti, trombozes un citas tik pat ""jaukas"" lietas. kādēļ, lai mēs saviem bērniem ko tādu nodarītu? kādēļ režīms ko tādu grib nodarīt mūsu bērniem? Jo viņiem ir vajadzīga, nespējīga, padevīga un slima masa. Nevis personības. Mums ir jābūt stipriem un savi bērni jāaizstāv. Un mēs esam stipri.Kopā mēs varam!!!/Dr.E.Mednis/#AgenskalnaKlinika #GribuSportot #KopaMesVaram #DziveBezBailem #IzglabDraugu #izglabBernus"
418,01.12.2021 15:19:29,Āgenskalna klīnika,,,
419,03.12.2021 10:14:46,Āgenskalna klīnika,,,"Režīmam ļoti nepatīk cits viedoklis. Un tā jau ir autoritārisma pazīme. Tas izmanto visus līdzekļus, lai mēģinātu apklusināt citādi domājošos. Šis ir spilgts piemērs - BrīvvalstsTV ir uzlikts naudas sods 1900EUR apmērā par viedokļa paušanu. Lai gan formulējums ir cits. Bet, tos jau katrai situācijai var atrast. Būtu tikai ko sodīt. Interesanti. Vai kādam vēl ir ilūzija par demokrātisku valsti?Kopā mēs varam!!!/Dr.E.Mednis/#AgenskalnaKlinika #GribuSportot #KopaMesVaram #DziveBezBailem #IzglabDraugu #izglabBernus"
420,03.12.2021 10:14:46,Āgenskalna klīnika,,,
421,04.12.2021 23:34:03,Āgenskalna klīnika,,,"Ballīte vienas mājsaimniecības ietvaros. Nu varbūt divu. Citādi tas būtu pretlikumīgi. Un kur tad maskas? Jeb moderni sakot mutes un sejas aizsegs? vai varbūt dramatiskā pandēmija ir beigusies iekš SIA LV? Kā tad īsti ir?Šis ir jāizbeidz. Šī kliķe ir savu nodzīvojusi. Gaidām rudeni. Un cerība, ka tautai atmiņa ir īsa, šķiet nepiepildīsies. lai gan nav izslēgts, ka būs arī formāls valsts apvērsums (neformāls jau ir noticis, kad kliķe uzurpēja varu) un vēlēšanas nenotiks. Bet to redzēsim. Katrā ziņā mēs uzvarēsim.Kopā mēs varam!!!/Dr.E.Mednis/#AgenskalnaKlinika #GribuSportot #KopaMesVaram #DziveBezBailem #IzglabDraugu #izglabBernus"
422,04.12.2021 23:34:04,Āgenskalna klīnika,,,
423,06.12.2021 12:59:38,Āgenskalna klīnika,,,Te vēl interesanta ziņa.Kāda izeja ir lielveikaliem? Kur ir tie simti tūkstoši sašpricēto? Mums vienīgā izeja  ir nesadarboties ar režīmu. Nekādā veidā. Tas ir mūsu un mūsu bērnu dzīvības un nāves jautājums.mēs uzvarēsim šai cīņā. Un visai drīz.Kopā mēs varam!!!/Dr.E.Mednis/#AgenskalnaKlinika #GribuSportot #KopaMesVaram #DziveBezBailem #IzglabDraugu #izglabBernus
424,06.12.2021 12:59:38,Āgenskalna klīnika,,,
425,07.12.2021 18:14:07,Āgenskalna klīnika,,,"Represijas sāk atklāties arī ārstu vidē. jaunie ārsti mēģina izkalpoties sistēmai un kaut kā sevi parādīt. Viss jau būtu labi, ja vien tās nebūtu sūdzības Latvijas ārstu biedrības ētikas komisijai. Šoreiz apsūdzētā lomā ir cienījamais imunologs Dr. Līcītis. Jocīgi. Vai tiešām tagad stukači nāk modē?Kopā mēs varam!!!/Dr.E.Mednis/#AgenskalnaKlinika #GribuSportot #KopaMesVaram #DziveBezBailem #IzglabDraugu #izglabBernus"
426,07.12.2021 18:14:07,Āgenskalna klīnika,,,
427,08.12.2021 08:27:34,Āgenskalna klīnika,,,
428,08.12.2021 11:33:23,Āgenskalna klīnika,,,"Cenzūra pieņemas spēkā. Tikko sāk parādīties ziņas, ka Telegram cenzē grupas un rakstīto. Nedzēš, bet nerāda. Tas ir tiem, kam ir lejuplādētas Apple store vai Google play Telegram aplikācijas. Pārbaudiet savas. Un lietojiet tikai no paša telegram lejuplādētās: www.telegram.org. Tad visu redzēsiet un dzirdēsiet un varēsiet baudīt virtuālo brīvību. Jo gan Apple store, gan arī Google play ir apgraizītās aplikācijas un arī cenzējamas.Kopā mēs varam!!!/Dr.E.Mednis/#AgenskalnaKlinika #GribuSportot #KopaMesVaram #DziveBezBailem #IzglabDraugu #SargiBernus"
429,08.12.2021 21:46:44,Āgenskalna klīnika,,,
430,09.12.2021 11:29:00,Āgenskalna klīnika,,,"Vēsturē jau parasti jaunas lietas notiek reti. Vis iet pa riņķi un tā atkārtojas. Citreiz loks lielāks, citreiz mazāks. Šobrīd loks ir aptuveni  80 gadu. Un tas noslēdzies. Vai tuvu tam. Te ilustrācija. jautājums: kas būs tālāk? Cik tālu atļausim iet šiem režīma fašistiem? Kurš būs tas brīdis, kad tos apturēsim? 13.12 mums jābūt pie Pūkainīša alas. Visiem. Neatkarīgi no tautības, reliģiskās un politiskās piederības, kā arī ādas krāsas un uzskatiem. Mums jāparāda, ka mēs neatbalstām šo režīmu. ka neatbalstām to, kas notiek gan mūsu teritorijā, gan arī ārpus tās. Un mums ir jānosargā savi bērni, līdz ar to arī sava nākotne.Kopā mēs varam!!!/Dr.E.Mednis/#AgenskalnaKlinika #GribuSportot #KopaMesVaram #DziveBezBailem #IzglabDraugu #SargiBernus"
431,09.12.2021 11:29:01,Āgenskalna klīnika,,,
432,10.12.2021 08:02:27,Āgenskalna klīnika,,,
433,12.12.2021 15:01:51,Āgenskalna klīnika,,,"Nu re, arī pie mums sākas tas, par ko jau ilgu laiku runā ""konspirācijas teoriju"" piekritēji un, kas notiek citur pasaulē. Tas, par ko runāja Vernons Colemans (Vernon Coleman) un Maiks Jīdons (Mike Yeadon). Un faktiski tā sanāk, ka masu špricēšana ir masu slepkavība. Un par to kādam būs jāatbild. Mūsu valstī tie ir 3 galvenie špricētāji - Kariņš, Levits un Pavļuts, kā arī viņu ""eksperti"" -  Zavadska, Dumpis un citi. Kā arī tiem, kas to fiziski dara savām rokām - ģimenes ārsti, māsiņas špricētavu personāls. Katrs atbildēs par savu nodarīto. Gan tie, kas apzināti dzen cilvēkus nāvē, gan tie, kas savas muļķības un nezināšanas pēc, gan arī tie, kam bailes, ka tik NVD nenolauž līgumu un kas ""mīļā miera labad"" to dara.Attopieties. Gan tie, kas špricē, gan tie, kas iet uz ""karātavām"" galvu nodūruši, jo ""nav variantu"". Varianti ir vienmēr. Vismaz divi. Bet parasti vairāk. Šobrīd no mums prasa sevis sajušanu un kreativitāti.  Tā vajadzīga, lai spētu mainīt gadu gadiem iesīkstējušos stereotipus. Mēs gadiem darām kādu vienu darbu. Un, ja šobrīd to nav iespējams darīt valdības iespējams noziedzīgo lēmumu dēļ, mēs samulstam un apjūkam. Bet viss, ko jādara ir apsēsties un padomāt: ko es dzīvē vēlos visvairāk. Un ko es māku vēl darīt. Un ko es no sirds gribu darīt. Tad, kad mēs darām kaut ko no sirds un esam savā vietā, nauda pati mūs atrod. Ja darām tikai naudas dēļ, tad tā mums tiks atņemta, kas arī šobrīd notiek. tādēļ uz brīdi apstājamies, padomājam. Esmu pārliecināts, ka izeja ir vienmēr.Kā man viens labs draugs stāstīja: cilvēks stāv pie lieliem vārtiem un netiek iekšā. Mēģina vairākkārt. Netiek. Un savā pārcentībā nemaz nepamana, ka vārtu vienā stūrī ir mazas durtiņas, kas ir vaļā. Un tā ir arī mūsu dzīvē. Mēs bieži vien nepamanām šīs mazās durtiņas laužoties lielajos vārtos.Novēlu mums visiem atrast savas mazās durtiņas un palikt veseliem un stipriem savā garā. Tad mūs neviena vara nespēs salauzt.Kopā mēs varam!!!/Dr.E.Mednis/#AgenskalnaKlinika #GribuSportot #KopaMesVaram #DziveBezBailem #IzglabDraugu #SargiBernus"
434,12.12.2021 15:01:51,Āgenskalna klīnika,,,
435,13.12.2021 00:30:14,Āgenskalna klīnika,,,Rīt vakarā tiekamies. Tur būs visi.Kopā mēs varam!!!/Dr.E.Mednis/#AgenskalnaKlinika #GribuSportot #KopaMesVaram #DziveBezBailem #IzglabDraugu #SargiBernus
436,13.12.2021 00:30:14,Āgenskalna klīnika,,,
437,13.12.2021 11:06:46,Āgenskalna klīnika,,,"Bērnu nošpricēšana, manuprāt, ir noziegums. Jo tās ir eksperimentālas injekcijas, kas visā pasaulē ir reģistrētas ar nosacījumiem. Bez tam tās ir pierādījušas savu ""efektivitāti"" blakņu radīšanā. Bērniem un jauniešiem tie ir sirds muskuļu bojājumi. Bez tam ir korelācija - jo jaunāks, jo biežāk.Man bija tas gods piedalīties konferencē par bērnu špricēšanas tēmu, kurā piedalījās arī juriste Agita Galiņa, Indulis Emsis un citi. Nosargājam savus bērnu kopā.Kopā mēs varam!!!/Dr.E.Mednis/#AgenskalnaKlinika #GribuSportot #KopaMesVaram #DziveBezBailem #IzglabDraugu #SargiBernus"
438,13.12.2021 11:08:42,Āgenskalna klīnika,,,
439,13.12.2021 23:46:17,Āgenskalna klīnika,,,
440,14.12.2021 08:12:20,Āgenskalna klīnika,,,
441,15.12.2021 15:06:39,Āgenskalna klīnika,,,
442,15.12.2021 15:10:43,Āgenskalna klīnika,,,"13.12. pasākums ir vairumam beidzies. Bet ....... ir cilvēki, kas turpina būt pie Pūkainīša alas. Tās ir sava veida barikādes, tādas pat kā 1991.gadā. Tāda pat cīņa par brīvību. Tikai, šķiet, šoreiz daudz nopietnāk. Un nekās mums palīgā amerikāņi, vācieši vai kādi citi. Šī cīņa mums būs pašiem jāizcīna. Paldies drosmīgajiem un izturīgajiem, kas nepadodas. palīdzam viņiem izturēt ar labu vārdu, situ zupu, apskāvienu. Kā nu kurš varam un mākam.Kopā mēs varam!!!/Dr.E.Mednis/#AgenskalnaKlinika #GribuSportot #KopaMesVaram #DziveBezBailem #IzglabDraugu #SargiBernus"
443,15.12.2021 15:10:44,Āgenskalna klīnika,,,
444,15.12.2021 20:49:01,Āgenskalna klīnika,,,
445,15.12.2021 22:17:03,Āgenskalna klīnika,,,Viss turpinās. Kā barikādēs. Pagaidām jau trešo dienu. Gaidām reakciju no prezistrādājuma.Kopā mēs varam!!!/Dr.E.Mednis/#AgenskalnaKlinika #GribuSportot #KopaMesVaram #DziveBezBailem #IzglabDraugu #SargiBernus
446,15.12.2021 22:17:04,Āgenskalna klīnika,,,
447,18.12.2021 01:06:57,Āgenskalna klīnika,,,
448,18.12.2021 20:14:00,Āgenskalna klīnika,,,
449,20.12.2021 09:22:01,Āgenskalna klīnika,,,
450,20.12.2021 20:42:47,Āgenskalna klīnika,,,
451,21.12.2021 12:22:47,Āgenskalna klīnika,,,
452,23.12.2021 12:30:48,Āgenskalna klīnika,,,"Nezinu vai tā ir režīma muļķība, jeb apzināta kaitniecība, bet šobrīd jautājums ir pavisam atklāt - kam un kāpēc ir vajadzīgas šīs gēnu šprices? Kādam mērķim tā kalpo? Kāpēc ir par katru cenu jāsašpricē pieaugušie un nu jau arī bērni? Bez tam, ja vēl blakņu ir daudz vairāk nekā labuma no tām. Skatoties šo laika griezumā, tā vien šķiet, ka visa plāndēmija ir apzināta cilvēku muļķošana un apzināta kaitniecība kāda savtīgu interešu labā. Citādi to nevar nosaukt. Jo visas konspirācijas teorijas, ko ļoti aktīvi apkaroja oficiālie mediji, tai skaitā @re:baltica @re:check ir piepildījušās. dažām vēl laiks nav pienācis. Tātad mīļie oficiālo mediju žurnālisti, ja Jums ir kādi jautājumi, ja kaut kas nav zināms, jeb vienkārši parunāties gribas, kā Profesore Zavadska reiz teica: meklējiet interneta dzīlēs. Tur atbildes uz visiem jautājumiem ir atrodamas. Un palasiet arī ko ārpus Jums priekšā noliktā naratīva. Ir vērtīgi uzzināt arī otru pusi, ko Jums nestāsta.Šeit pats Tedross izpļāpājies. Interesanti tikai vai svētā LV trīsvienība to dzirdēs.Kopā mēs varam!!!/Dr.E.Mednis/#AgenskalnaKlinika #GribuSportot #KopaMesVaram #DziveBezBailem #IzglabDraugu #SargiBernusKopā mēs varam!!!/Dr.E.Mednis/#AgenskalnaKlinika #GribuSportot #KopaMesVaram #DziveBezBailem #IzglabDraugu #SargiBernus"
453,23.12.2021 12:30:53,Āgenskalna klīnika,,,
454,24.12.2021 10:49:58,Āgenskalna klīnika,,,"Izcils Bena Latkovska atskats uz Pavļuta kunga pirmo darba gadu kā Veselības ministram. Un viņam ir taisnība, Pavļutam kopā ar Kariņu un viņu kliķi ir izdevies ieviest aparteīda režīmu Latvijā un mūsu 30 gadus lolotā ilūzija par Latviju kā demokrātisku valsti ir izkūpējusi kā dūmu skurstenī. Ne velti jogi māca nepieķeršanos un to, ka viss šai dzīvē ir ilūzija. Un šis ir spilgts piemērs tam. Bet labā ziņa ir tā, ka visas impērijas ir sabrukušas gremošanas traucējumu dēļ un šī nebūs izņēmums. Tas beigsies. Drīz. Un viņiem būs jāatbild par padarīto. Aizmukt nevarēs.https://neatkariga.nra.lv/komentari/bens-latkovskis/367253-daniels-pavluts-gada-laika-mums-izdevas-uzbuvet-totalitaru-valstiKopā mēs varam!!!/Dr.E.Mednis/#AgenskalnaKlinika #GribuSportot #KopaMesVaram #DziveBezBailem #IzglabDraugu #SargiBernus"
455,29.12.2021 13:07:07,Āgenskalna klīnika,,,"Tikko pie manis viesojās Veselības inspekcija. Viņu jautājums bija: kāpēc iesaku Ivermektīnu. Lai gan saruna bija draudzīga, pagaidām nav zināms iznākums.  Jo gan jau, ka tie, kas veic pārbaudes nav tie, kas pieņem lēmumus. Tātad lēmums ir atkarīgs no Veselības inspekcijas vadības un/ vai no Veselības ministrijas. Jautājums laikam tajā, cik ļoti esmu kādu ""aizķēris"" ar Ivermektīna lietošanu. Jocīga tikai ir Veselības ministrijas politika - iepērk zāles, kas ne īpaši labi palīdz Covid ārstēšanai, bet neiepērk tās, ka reāli palīdz un vēl cenzē viedokli. Faktiski Veselības inspekcijas vizīte ir mēģinājums ierobežot mani kā ārstu savā medikamentu izvēlē. Jo ārsts ir brīvs savā izvēlē un medikamentu rekomendācijās balstās tikai uz savām zināšanām, praksi un pieredzi. Kā arī uz savu kolēģu pieredzi.katrā ziņā ziņošu par turpinājumu.Kopā mēs varam!!!/Dr.E.Mednis/#AgenskalnaKlinika #GribuSportot #KopaMesVaram #DziveBezBailem #IzglabDraugu #SargiBernus"
456,29.12.2021 20:24:51,Āgenskalna klīnika,,,
457,01.01.2022 11:19:43,Āgenskalna klīnika,,,
458,01.01.2022 11:52:56,Āgenskalna klīnika,,,
459,01.01.2022 22:47:37,Āgenskalna klīnika,,,"Satversmē ir noteiktas katra cilvēka tiesības un brīvības. Tāpat 2007. gada Satversmes tiesas spriedumā tika teikts, ka gadījumā, ja Latvijas konstitucionālā iekārta tie demontēta vai kā citādi grozīta bez tautas gribas, tad pilsoņiem ir PIENĀKUMS nesadarboties un pretoties prettiesiskiem varas lēmumiem. Nu jau nevienam veseli domājošam cilvēkam nav noslēpums, ka maskas ne tikai nepasargā no inficēšanās, bet ir kaitīgas organismam. Bez tam vīruss ja tas ir vīruss) kā cirkulēja, tā turpina cirkulēt. Un ļaudis kā slimoja, tā slimo. Sezonālo ""gripas"" sezonu vēl neviens  Latvijā nav atcēlis, līdz ar to, kā jau katru gadu, laika posmā no oktobra līdz aprīlim cilvēki pastiprināti slimo ar akūtām respiratorām saslimšanām. Līdz ar to kāds sakars vispār šeit ar maskām, kas brīvi laiž cauri vīrusus un lielu daļu baktēriju. Auduma maskas vispār ir kā drāšu siets pret odiem. Un, ja tā, tad kādēļ ar MK noteikumiem ir noteikta masku nēsāšana? Kāds no tās labums? Un kam? Medicīna? Nē. Tā nav medicīna. Tas ir totalitārisms. Tā ir absurda pilnīgi nevajadzīgu un pat kaitīgu aksesuāru uzspiešana veseliem cilvēkiem, lai padarīto tos slimus. Lai atņemtu tiem identitāti. Lai pazemotu. Cita izskaidrojuma man nav.Un šeit ir kolosāls piemērs - 2007.gada Satversmes tiesas spriedums dzīvē. Paraugstunda. Tā būtu jārīkojas katram. Apbrīnojami spēcīga meitene ❤️. Es dziļi paklanos viņas priekšā par viņas iekšējo spēku, par spēju tādā mierā nesadarboties ar režīma kalpiem. pat policistam balss aizlūza un aptrūkās argumenti. Bet viņš bija pietiekami vājš, lai meiteni atlaistu. Lai novērtētu. Tā vajadzētu rīkoties katram sevi cienošam brīvam cilvēkam, sevi cienošam brīvās Latvijas pilsonim. Tas ir Pilsoņa pienākums. Vairāk mums šādu cilvēku. Un Latvijas tauta būtu daudz laimīgāka.Kopā mēs varam!!!/Dr.E.Mednis/#AgenskalnaKlinika #GribuSportot #KopaMesVaram #DziveBezBailem #IzglabDraugu #SargiBernus"
460,01.01.2022 22:47:37,Āgenskalna klīnika,,,
461,01.01.2022 22:59:46,Āgenskalna klīnika,,,
462,03.01.2022 08:36:01,Āgenskalna klīnika,,,
463,03.01.2022 13:43:26,Āgenskalna klīnika,,,BrīvvalstsTV sveiciens saviem skatītājiem Jaunajā gadā.Kopā mēs varam!!!/Dr.E.Mednis/#AgenskalnaKlinika #GribuSportot #KopaMesVaram #DziveBezBailem #IzglabDraugu #SargiBernus
464,03.01.2022 13:43:26,Āgenskalna klīnika,,,
465,05.01.2022 00:01:23,Āgenskalna klīnika,,,"Špricēt bērnus ar eksperimentālajām gēnu injekcijām maigākajā gadījumā ir amorāli, smagākajā gadījumā tas ir noziegums. Par šo noziegumu tiks tiesāti ārsti. Tā teica vācu ārsts jautāts vai viņš vakcinētu bērnus, ja viņam to liktu.Es domāju, ka šo saprot gan valdības ierēdņi, gan Pavļuta kungs, gan arī tā saucamie valdības eksperti. Ne velti profesore Zavadska esot teikusi, ka bērnus nevajag vakcinēt pret moderno kaiti. Tikai  valdība cer, ka tiesās ārstus nevis viņus. Bet, kā zināms, pavēļu došana arī ir noziegums.Sargājam savus bērnus. Neļaujam viņus nošpricēt.Kopā mēs varam!!!/Dr.E.Mednis/#AgenskalnaKlinika #GribuSportot #KopaMesVaram #DziveBezBailem #IzglabDraugu #SargiBernus"
466,05.01.2022 00:01:23,Āgenskalna klīnika,,,
467,12.01.2022 18:20:38,Āgenskalna klīnika,,,"Tikko atgriezos no intervijas ar De Facto žurnālisti Olgu Dragiļevu. Interesantas pārdomas. kā Padomju Savienībā. ja nerunā partijas doktrīnu, tad tiec pataisīts par muļķi. Piekritu sarunai tikai tādēļ, ka cerēju (naivi), pacelt tomēr sabiedrībā diskusiju, tai skaitā medicīnas sabiedrībā, par Ivermektīna lietošanu. Un tā efektivitāti. Bet saruna bija uzbrūkoša no Dragiļevas kundzes puses, jebkuru apgalvojumu apstrīdoša un manu pārkāpumu meklēšana. Faktiski sajutos kā tāds peramais zēns. Tas tikai liecina par vienu - šajā valstī nevienu neinteresē pacientu ārstēšana. Pacientu veselība. Sevišķi jau šajos laikos. Un tie, kas atļaujas runāt savādāk kā politbirojs lēmis, ir apkarojami visos veidos. Ārsts vairs nedrīkst būt ārsts, ja neizpilda politbiroja norādījumus. Ārsts ir brīvs savā izvēlē ko un kā ārstēt savus pacientus. Jo pats pirmais nosacījums ir nekaitēt. Es līdz šim neesmu kaitējis nevienam no saviem pacientiem. Vismaz apzināti nē. Es, protams esmu kļūdījies, bet esmu vienmēr darījis to labāko, ko māku, savu pacientu veselības uzlabošanai. Ja es zinu, ka pie C19 palīdz Ivermektīns, tad es to iesaku. ja es zinu, ka gēnu injekcijas kaitē pacientu veselībai, tad tā arī saku. Un neviens mani nepiespiedīs darīt savādāk. Jo man ir svarīgi mani pacienti un viņu veselība.Vienīgi tagad pēc šīs intervijas, noteikti varu sagaidīt atkal kādas pārbaudes, kontroles, komisijas, iespējams sodus. Kāpēc? Tāpēc, ka politbirojs savādāk domā nekā es. Vai arī es domāju savādāk kā politbirojs. Es svēti ticu, ka pienāks brīdis, kas vairs nav tālu, kad maskas kritīs, mainīsies ceļavējš un tā pati Dragiļevas kundze pūtīs pavisam citā stabulē. Un, iespējams, slavēs Ivermektīnu. 🙂 Bez tam, viņa pat nezināja to, ka šīs gēnu injekcijas ir reģistrētas ar nosacījumiem. Tikko vēl pārbaudīju FDA mājas lapā.Mēs uzvarēsim!!Kopā mēs varam!!!/Dr.E.Mednis/#AgenskalnaKlinika #GribuSportot #KopaMesVaram #DziveBezBailem #IzglabDraugu #SargiBernus"
468,12.01.2022 23:43:57,Āgenskalna klīnika,,,"Tāda mums, apmēram, šodien notika saruna ar Dragiļevas kundzi no patiesības ministrijas. Kopā mēs varam!!!/Dr.E.Mednis/#AgenskalnaKlinika #GribuSportot #KopaMesVaram #DziveBezBailem #IzglabDraugu #SargiBernus"
469,12.01.2022 23:43:57,Āgenskalna klīnika,,,
470,13.01.2022 15:52:00,Āgenskalna klīnika,,,"Te Kenedijs Juniors runā par to kāpēc bērniem vajadzīgas šīs gēnu injekcijas. Tā nav bērnu veselība. sevišķi jau ņemot vērā, ka bērni slimo ļoti viegli, ja slimo un nemirst no šīs sezonas vīrusu variantiem.Kopā mēs varam!!!/Dr.E.Mednis/#AgenskalnaKlinika #GribuSportot #KopaMesVaram #DziveBezBailem #IzglabDraugu #SargiBernus"
471,13.01.2022 15:52:00,Āgenskalna klīnika,,,
472,13.01.2022 20:03:40,Āgenskalna klīnika,,,
473,14.01.2022 11:11:21,Āgenskalna klīnika,,,"Diezgan paskarbs 2021. gada izvērtējums. Bet trāpīgs un precīzs. Cilvēki 2021.gadā izrādījās pašnāvniecisku lemingu  bars, kas kopēja labuma vārdā nolēks no klints, ja to pieprasīs sistēma. Dīvaini, vai ne? Mani nebeidz pārsteigt kā cilvēki labprātīgi valkā uzpurņus, kaitējot sev un savai veselībai, kā arī to māca saviem bērniem. Vakar uz ielas pie veikala redzēji pirmo klašu vecuma bērniņu, meitenīti maskā, melnā kā zeme. Svaigā gaisā. Bet elpo kaut kādu netīru draņķi. mani nebeidz pārsteigt kā cilvēki priecājas par saslimšanu ar moderno slimību, jo ""būs cilvēka sertifikāts"". Kad mēs beidzot apzināsimies, ka šis nav cilvēk, bet gan verga sertifikāts. Sistēmai paklausīga verga apliecinājums. Kā vārdā? Lai varētu nopirkt jaunas apenes labā veikalā, lai varētu ceļot, lai varētu smukas kurpītes nopirkt. Nožēlojami un lēti. Lēti mēs esam gatavi pārdot savu brīvību. Un to dara un saka nevis kaut kādi atpalikuši un sistēmai draudzīgi ļautiņi. To saka tā saucamie disidenti. Un tas pārsteidz visvairāk.Bet cilvēki nav gatavi paciest neērtības, jo ""man taču pienākas"", ""man taču vajag"" u.t.t. Bet neapzinās, ka šīm prasībām nebūs gala līdz pilnīgai paverdzināšanai.Ja mēs spētu nostāvēt pretim, sen jau viss būtu beidzies. Ja ārsti un māsas pateiktu nē špricēm, policisti atteiktos kontrolēt maskas un citas muļķības, sen viss būtu beidzies. Sen mēs jau dzīvotu brīvi, bez lokdauņiem, bez maskām, bez ierobežojumiem, bez gēnu injekcijām. Padomājiet par to.Piemērs? Lūdzu - medicīnas darbiniekiem bija obligāti jānošpricējas, lai varētu strādāt. To pateica ar lielu pompu. Bet šī gada 6.janvārī paklusām MK no saviem fašistiskajiem noteikumiem ir svītrojuši punktu, kas pieprasa mediķiem sertifikātu. Tā lūk. Un tas tikai tāpēc, ka daudziem ārstiem, māsām, māsu palīgiem pietika veselā saprāta nenošpricēties, pietika mugurkaula, lai ļautos atstādināties un izturēt. Te ir redzams rezultāts. Vēl ir nostāsts par Rīgas Satiksmi, kas aizliedza nešpricētiem senioriem braukt ar atlaidēm sabiedriskajā transportā. Un paklusām šo normu atcēla, jo pasažieru skaits, acīm redzot, krietni samazinājās. Tā lūk. Šis ir mehānisms kā varam uzvarēt. Bez vardarbības, bez atklātas cīņas, bez šmaukšanās un bailēm. Vienkārši nesadarboties. Jo sistēma bez mums nespēj pastāvēt. Mēs tai esam vajadzīgi. Bet mums sistēma NAV vajadzīga. Mēs esam pašpietiekami un spējam pastāvēt arī bez vergturu kastas. Padomājam par šo. Un sevišķi jau gaidāmo vēlēšanu sakarā.Kopā mēs varam!!!/Dr.E.Mednis/#AgenskalnaKlinika #GribuSportot #KopaMesVaram #DziveBezBailem #IzglabDraugu #SargiBernus"
474,14.01.2022 11:11:21,Āgenskalna klīnika,,,
475,15.01.2022 09:33:39,Āgenskalna klīnika,,,"Dzīvojam greizo spoguļu karaļvalstī. Tagad, izrādās, piemaksas ārsts saņem par to, ka viņš pacientu neārstē. Kā labi zināms, kad cilvēks saslimst, tad ģimenes ārsts viņu nepieņem kāmēr nav veikts tests. Ja tests ir pozitīvs, tad tiek noteikta mājas karantīna, bet ģimenes ārsts saņem papildus piemaksu par ""īpaši bīstama"" pacienta ārstēšanu. Lai gan par ārstēšanu to nosaukt nevar. Jo parastie ieteikumi ir paracetamols un tējas, kas situāciju ja nepasliktina, tad labāku arī nepadara. Bet bieži vien pasliktina. Pasliktina tādēļ, ka šajā sezonā ļoti bieži un ļoti agrīni attīstās pneimonijas, jeb plaušu karsoņi. Tos ir jāārstē nekavējoties. Un adekvāti ārstēt var tikai pacientu apskatot un paklausoties. Bet šobrīd pacients saņem konsultācijas pa telefonu. Līdz viņš dekompensējas - stāvoklis kļūst nopietns un smags un ātrā palīdzība viņu uzņem un arī slimnīcā viņš tiek uzņemts. Bet tad jau bieži vien ārstēšana ir stipri novēlota. U tad tiek runāts par plašiem plaušu bojājumiem, kas atstāj paliekošas sekas. Un tiek vainots modernais vīruss un tā paveidi. Bet vienīgais vīruss , kas šo izraisa ir absolūti greizā valsts veselības politika. Tas, ka pacientu nav kas paklausās un nozīmē jau agrīni adekvātu ārstēšanu. Papildus tam, ja pacients ir karantīnā, tad policija viņu uzrauga, lai viņš neiet ārā no mājas. Tas nozīmē, ka valsts ir izdarījusi visu, lai pacienta stāvoklis kļūtu pēc iespējas smagāks un pacienta veselība ciestu maksimāli. Kā gan savādāk to visu var izskaidrot. Un otrādi - ja pacients vēlas saglabāt savu veselību, tad viņam nekas cits neatliek kā pārkāpt likumu un meklēt palīdzību pie ārsta, kas viņu pieņem un apskata. Absolūts nonsenss. Varbūt tomēr veselības aprūpe valstī būtu pirmkārt jāatdala no politikas un otrkārt par to būtu jālemj šīs jomas speciālistiem, nevis pianistiem u filologiem. Nav ja nekas pret šiem darboņiem, bet varbūt vairāk labuma viņi varētu dot sabiedrībai, ja uzņemtos rūpes par jomām, kurās viņi ir speciālisti.Sargājam sevi, savus bērnus un savus tuvākos. Un atceramies Padomju laikus, kad tauta dzīvoja diezgan atrauti no politikas - tās bija divas dažādas lietas. Visi zināja partijas doktrīnu, oficiāli māja ar galvu, bet praksē darīja savu. Tā arī tagad. Citas izejas mums nav, kā tikai pilnīga nesadarbošanās ar sistēmu. Un šo situāciju radīja sistēma. Ne tauta. Līdz ar to, ja kādam rodas jautājumi, vērsieties pie 100 gudrajām galvām. Viņiem noteikti ir atbildes. Tikai jautājums vai tās tiks publiskotas.Gaisma vairs nav aiz kalniem. Tā aust.❤️Kopā mēs varam!!!/Dr.E.Mednis/#AgenskalnaKlinika #GribuSportot #KopaMesVaram #DziveBezBailem #IzglabDraugu #SargiBernus"
476,18.01.2022 12:32:28,Āgenskalna klīnika,,,"Pie mums Latvijā tagad notiek šādi - tikko tu runā ne to, ko Politbirojs lēmis, tā tevi momentā cenšas nomelnot visi, kam nav slinkums un pie tam saskaņoti. Tikko Dragiļevas kundze no DeFakto, tagad Žukovas kunde - privātpersona, bet no tā brīvajā laikā delfi.lv redaktore un žurnāliste vērsusies gan Veselības inspekcijā, gan arī Latvijas Ārstu biedrības Ētikas komisijā ar lūgumu man anulēt sertifikātu un  līdz ar to liegt iespēju praktizēt kā ārstam. Interesanti gan kādēļ viņa tā slēpj savu darba piederību? Iespējams, ka tādēļ, ka delfi.lv varētu būt apmaksāts medijs, kas, iesējams, saņem naudu par kādas konkrētas doktrīnas paušanu. Varbūt kļūdos. Bet interesanti ir tas, ka Žukovas kundze ir tik aizrāvusies ar sūdzēšanos, ka pat nespēj pierakstīt pareizi kā mani stādīja priekšā viņas minētajā konferencē un raksta ar drukas kļūdām. Varbūt žurnālistiem nemāca latviešu valodas pareizrakstību. Nezinu. Bet, šķiet, ja jau taisi mēslus, tad vismaz skaisti. Bet šeit tā, pa roku galam. Galvenais, lai katliņš vārās un tiek izšķērdēts Valsts resurss.Es vēlos paskaidrot minētajām kundzēm un citām līdzīgi domājošām kundzēm un kungiem dragiļevām, žukovām un citām (iespējams viņas to nezina), ka būt par ārstu tā dziļākajā nozīmē nenozīmē izrakstīt tās zāles, ko kāds ir uzrakstījis priekšā vadlīnijās vai kādās nebūt rekomendācijās. Bet būt par ārstu nozīmē patstāvīgi domāt, rūpēties par saviem pacientiem, mīlēt tos un visiem spēkiem un izmantojot visus sev pieejamos resursus, un zināšanas palīdzēt sirgstošajiem atgūt veselību pēc iespējās ātrāk un viņiem nekaitējot. Vismaz mani tā mācīja. Iespējams, ka žurnālistu profesija ir līdzīga un tajā jāspēj domāt patstāvīgi, nevis atražot to, ko saimnieks pasūtījis. Neesmu žurnālistiku mācījies, bet domāju, ka tā varētu būt. Tādēļ aicinu katram darīt savu darbu, rūpēties par sev uzticēto lauciņu un to kopt pēc labākās sirdsapziņas. Ārstam ārstēt savus pacientus, žurnālistam rakstīt rakstus, kas ir noderīgi sabiedrībai. Un atturēties mācīt citus tur, kur pašam nav ne mazākās sajēgas. Respektīvi darīt labāko, ko spējam. Pielikumā Katrīnas Žukovas kundzes iesniegums LĀB Ētikas komisijai.Kopā mēs varam!!!/Dr.E.Mednis/#AgenskalnaKlinika #GribuSportot #KopaMesVaram #DziveBezBailem #IzglabDraugu #SargiBernus"
477,18.01.2022 12:32:49,Āgenskalna klīnika,,,
478,18.01.2022 12:48:32,Āgenskalna klīnika,,,Un tikmēr Polijā ..............Kopā mēs varam!!!/Dr.E.Mednis/#AgenskalnaKlinika #GribuSportot #KopaMesVaram #DziveBezBailem #IzglabDraugu #SargiBernus
479,18.01.2022 12:48:32,Āgenskalna klīnika,,,
480,20.01.2022 11:43:23,Āgenskalna klīnika,,,"Šodien atkal man bija Veselības inspekcijas vizīte. Interesanti - jautājums juristiem: kā šo sauc? Tautas valodā to sauca par kašķa meklēšanu. Staigās tikmēr kāmēr atradīs kaut ko kur piesieties un varēs laimīgi izrakstīt sodu? Vai kā? Interesanti kāds šīm vizītēm ir mērķis? Iebiedēt? Nebaidos. Izrakstīt sodu? Izrakstiet. Pamācīt kā dzīvot? Nemāciet. Pats zinu. Pakomunicēt kā cilvēkiem? Super. Nāciet biežāk, bet neviciniet apliecības un nemeklējiet kašķi. Parunāsim. Palīdzēšu cik varu.  Kā jebkuram, kas pie manis vēršas pēc palīdzības. Bet interesants ir formālais iegansts. Šodien gan nebiju uz vietas un nevarēju pagodināt Inspekciju ar savu klātbūtni. Ko vēl vēl var pārbaudīt? Viedokļus cenzēt Veselības inspekcijai vēl nav ļauts. Izpildīt formālās kādas prasības? Pakļauties histērisku vai nopirktu dāmīšu spiedienam? Jā, protams. Bet šķiet Krimināllikumā bija vai arī tiek ieviests pants pat Valsts iestāžu nelietderīgu noslogošanu. Un par to ir/būs atbildība. Krimināla. Likums jau dabā ir viens, jo liekās spiediens tiek izdarīts, jo trāpīgāk, laikam esmu runājis un neērtāks esmu sistēmai. Sistēmai, kas piesedzas ar ""uz pierādījumiem balstītu medicīnu"", bet tikai pašu pierādījumu jau nav. Pierādījumi ir pilnīgi pretēji tam, ko sistēma mēģina mums iebarot. Interesants laiks. Tagad Skrides kungs ar kompāniju Saeimas Sociālo lietu komisijā lemšot par ""dezinformatoru"" sodīšanu. Tas ir ļoti interesanti, jo s=zem šī likuma varētu pakļūt pamatā sistēmai draudzīgie ārsti kā Veisa, Dumpis, Zavadska un citi. Jo statistika un patiesā zinātne nepielūdzami pierāda, ka viss, kas šobrīd notiek ar plāndēmiju un gēnu injekcijām iz plašs kriminālnoziegums. Un atbildība tiks prasīta neatkarīgi no tā vai cilvēks apzināti jeb neapzināti piedalījies genocīdā pret tautu. Profesori Zavadsku jau pieķērām melos: ""farmācijas kompānijas nepelna uz vakcīnām"" viņa teica. Tikai nezin kāpēc par tām tiek prasīta nauda un nezin kāpēc minēto kompāniju peļņa iet debesīs. Un tādu piemēru ir daudz. Un tie pacelsies.Un patiesība beigās uzvarēs!!!Kopā mēs varam!!!/Dr.E.Mednis/#AgenskalnaKlinika #GribuSportot #KopaMesVaram #DziveBezBailem #IzglabDraugu #SargiBernus"
481,24.01.2022 21:44:05,Āgenskalna klīnika,,,"🔥Aicinājums pievienoties kolektīvajai vēstulei par vakcinācijas problemātiku!🔥Vēstule tiks nosūtīta rīt plkst.10:00, jo trešdien sociālo lietu komisijā tiks skatīts jautājums par pretstraumes ārstu sodīšanu par viedokļu paušanu, kas ir pretrunā varas ieviestajai vakcinācijas politikai.Kopā mēs varam!!!/Dr.E.Mednis/#AgenskalnaKlinika #GribuSportot #KopaMesVaram #DziveBezBailem #IzglabDraugu #SargiBernushttps://forms.gle/LoJUUb7rc9CmDrde9"
482,24.01.2022 22:23:30,Āgenskalna klīnika,,,"Rīt man kārtējā saruna ar Veselības inspekciju. Sajūta tāda, ka viņi vēlas pie manis pārvākties dzīvot. 😂 Nākšot uz sarunu. Uz jautājumu par sarunas tēmu atbilde bija: kovic . Interesanti, ko es varētu viņiem par šo tēmu pastāstīt? Īstenībā daudz. Nezinu gan cik daudz viņiem interesēs. Bet, ja nopietni, šis jau izskatās pēc pasūtījuma. Pēc pasūtījuma nomelnot un visādi citādi traucēt darbu un izdarīt spiedienu. Iespējams, ka kāds labvēlis atkal kaut ko uzrakstījis. Man ir pamatotas bažas, ka arī šī vizīte varētu būt saistīta ar to, ka nepaužu politbiroja doktrīnai savu apbrīnu un atbalstu. Ziniet, varu atklāt kādu mazu noslēpumu: es arī nepaudīšu šim politbirojam ne atbalstu, ne arī apbrīnu. Es uzskatu, ka tas, kas šobrīd notiek Latvijā un pasaulē ir noziegums pret cilvēci, tā ir maksimāla cūcība un genocīds pret tautu. Un arī zinu, ka par šādu rīcību pienākas tribunāls. Un tas notiks. Šobrīd jau pasaulē daudzas valstis ""ieslēdz atpakaļgaitu"". Daudzi politiķi, acīm redzot, ir sajutuši deguma smaku. Un tādēļ tiek atcelti dažādi ierobežojumi - UK, ASV un citur. Zviedrijā tā īsti nekas nav bijis, un īsti arī nekas tāds ārkārtējs nav noticis. Es vienmēr esmu ievērojis Hipokrāta zvērestu. Man allaž svarīgākais manā darbā ir bijis tikai un vienīgi mans pacients, lai kas viņš būtu un lai kāds viņš būtu.  Es neesmu šķirojis un nešķirošu savu pacientus ne pēc kādiem kritērijiem. Un vienmēr centīšos viņu labā izdarīt maksimālai daudz - visu, kas manos spēkos.Kopā mēs varam!!!/Dr.E.Mednis/#AgenskalnaKlinika #GribuSportot #KopaMesVaram #DziveBezBailem #IzglabDraugu #SargiBernus"
483,25.01.2022 08:08:05,Āgenskalna klīnika,,,
484,25.01.2022 08:14:38,Āgenskalna klīnika,,,"Un tikmēr Čehijā........ Man tikai ir viens jautājums: tad kad jāsataisa ziepes un jādzen izmisumā tauta tad LV režīms ir pirmajās rindās un pat nedaudz pa priekšu saimnieku dotajiem uzdevumiem, bet kad jāuzlabo tautas stāvoklis un jāatceļ pilnīgi nevajadzīgi likumi un noteikumi, tādi, kas kaitē cilvēkiem un tautai kopumā, tad to dara vai nu ļoti klusi, lai, nedod dievs, kāds neuzzinātu, jeb arī darīs to tikai tad, kad galīgi vairs nekā nevarēs uzturēt to ārprātu.Tas ir tā vietā, lai rūpētos par savu tautu, par saviem cilvēkiem. Es tiešām nesaprotu vai tas ir pilnīgs stulbums - nespēja un nevēlēšanās domāt jeb tā ir klaja ļaunprātība alkatības dēļ.Gaisma ir tuvu. Pamazām arī šis viss atnāks arī līdz mums.Kopā mēs varam!!!/Dr.E.Mednis/#AgenskalnaKlinika #GribuSportot #KopaMesVaram #DziveBezBailem #IzglabDraugu #SargiBernus"
485,25.01.2022 08:14:38,Āgenskalna klīnika,,,
486,25.01.2022 08:19:45,Āgenskalna klīnika,,,
487,26.01.2022 00:12:45,Āgenskalna klīnika,,,
488,26.01.2022 23:39:38,Āgenskalna klīnika,,,"Izcili jaunumi. Arī Baltijā beidzot jaunas vēsmas. Medicīniskais fašisms zaudē Igaunijā. Tur kodiņus vairs nevajadzēs. Ko darīs Latvijā mītošie pasaku tēli - muzikanti, filologi, pūkainīši? Laidīsies uz fāterlandi, jeb riskēs tomēr palikt? Bet viņus tiesās arī tur, kur viņi aizmuks. Bet visdrīzāk, viņu saimnieki viņus pametīs tautai saplosīšanai, kā jau tas vēsturē visai bieži ir noticis. Turēsim īkšķus, lai medfašisms beidzas visai drīz arī pie ums un lai tēli drīz stājas taisnas tiesas priekšā.Kopā mēs varam!!!/Dr.E.Mednis/#AgenskalnaKlinika #GribuSportot #KopaMesVaram #DziveBezBailem #IzglabDraugu #SargiBernus"
489,26.01.2022 23:39:39,Āgenskalna klīnika,,,
490,27.01.2022 16:04:47,Āgenskalna klīnika,,,"Vakar man bija saruna ar vienu jaunu cilvēku, kas jau 12. dienu guļ mājās ar ļoti augstu temperatūru - pie 39 grādiem. Spēki galā, piecelties nevar. Reibst. Nostāvēt kājās knapi. Slimo ar šobrīd populāro kaiti un pozitīvs tests. Kā ""vainu pastiprinošs"" apstāklis - nav saņēmis šobrīd moderno injekciju. Līdz ar to Dāvida zvaigzne ir uz muguras un var mierīgi ""nosprāgt"" mājās. Neviens palīdzību nesniegs. Ģimenes ārsts nozīmē dažādus medikamentus telefoniski. Tie nelīdz, bet arī netiek mainīta ārstēšanas taktika. Uz radinieku lūgumu uzlikt vismaz sistēmu, tika saņemts ģimenes ārsta atteikums. ""Ko jūs iedomājieties"" stilā. Cilvēks spēka gados - ap 40. Kas šobrīd valstī notiek? Kur šajā gadījumā ir gudrs un vēl gudrāks - skrides, kozlovskas, šilovi,dragiļevas, pavļuti un citi? Kur galu galā ir visu ārstniecības procesu uzraugs - cienījamā Veselības inspekcija, kam rūp mūsu visu veselība, bet kas var nākt n-tās reizes pie manis, skaldīt utis, piekasīties visādām birokrātiskām lietām, liegt izrakstīt Ivermektīnu, kas cilvēkiem reāli palīdz, bet nespēj, vai nevēlas darīt savu darbu godprātīgi - tas ir uzraudzīt, lai katrs pacients ir aprūpēts pēc labākās sirdsapziņas. lai katrs pacients tiek mīlēts, lolots un adekvāti ārstēts. Lai katrs pacients tiek izklausīts. Kur ir visi šie gudrie un viedie? Nav neviena. Kad Veselības inspekcijas amatpersonai šo klātienes vizītes likās stāstīju u jautāju - atbildi nesaņēmu, vien vienaldzīgu šaudīgu skatienu - kur vēl, lai šeit piekasās. Bet par jautājuma būtību - nē. tas nevienam nav vajadzīgs. Bet tas ir genocīds pret cilvēkiem. Tas ir NOZIEGUMS. Gan no ārstu puses, kas neiet pie pacienta, lai gan likums to paredz, no Veselības inspekcijas puses, jo viņi neko nedara, lai šis beigtos. No Veselības ministrijas puses, jo viņiem, šķiet, ir būtiskāk visus sadurt ar modernajām injekcijām, tās izlietot un apgūt naudu, nevis uzraudzīt, lai viņu pakļautībā esošā Veselības inspekcija darītu savu darbu godprātīgi un arī ārstus, lai tie apmeklētu pacientus. Kāda jēga ir visiem šiem ""aizsardzības"" pasākumiem - respiratoriem, aizsargtērpiem, injekcijām (jau kurām pēc kārtas), ja mēs nespējam parūpēties par tiem, kam tas ir vajadzīgs. ja mēs nespējam darīt savu darbu godprātīgi. Cienījamie kolēģi, atcerieties, ka mēs visi absolvējot RMI, LMA, RSU, LU esam nodevuši Hipokrāta zvērestu. Vai jūs atcerieties, kas tajā ir rakstīts? Vai jūs atcerieties ko solījāt dieva priekšā? Kosmosa priekšā? Kolēģu priekšā? Izskatās, ka nē. Pārlasiet. Ļoti vērtīgi. Un padomājiet cik ir to punktu, ko jūs izpildiet? Un kuri ir tie, ko jūs pārkāpiet. Attopieties. Cilvēki reāli iet bijā jūsu noziedzīgās bezdarbības dēļ. Tie esat jūs, dārgie kolēģi, kas slepkavo cilvēkus. Sākumā ar injekcijām, tad ar neārstēšanu, ar palīdzības nesniegšanu. Pat, ja jums izdosies izbēgt no cilvēku tiesas, jums neizdosies izbēgt no sava likteņa tiesas. Sauciet to kā gribiet - dieva, kosmosa, likteņa, karmas. Neizbēgsiet. Neviens. Mēs katrs atbildēsim par to, ko esam darījuši. Gan labu, gan ne tik labu. Par absolūti katru savu soli. Un būs skarbi. Kanādā jau ir sācies tiesas process Nirnberga 2. Tas nonāks arī līdz mums. Agri vai vēlu, bet būs. Un neviens kariņš, pavļuts vai levits jūs neglābs. Neglābs arī atruna, ka tikai pildījāt kaut kādus tur noteikumus. Attopieties. Un beidzot sāciet ārstēt. sāciet reāli palīdzēt saviem pacientiem. Nevis trīcēt par savu iedomāto iluzoro labklājību un izpildīt dažādas pavēles.Gaisma nāk. Un tā kļūst ar vien spožāka. Un arī mūsu uzvara ir tuvu. Mums tikai jāizglābj pēc iespējas vairāk cilvēku. lai arī viņi var svinēt uzvaru kopā ar mums.Kopā mēs varam!!!/Dr.E.Mednis/#AgenskalnaKlinika #GribuSportot #KopaMesVaram #DziveBezBailem #IzglabDraugu #SargiBernus"
491,27.01.2022 18:22:21,Āgenskalna klīnika,,,Un tikmēr Kanādā pie Parlamenta...........Mēs uzvarēsim šo genocīdu.Kopā mēs varam!!!/Dr.E.Mednis/#AgenskalnaKlinika #GribuSportot #KopaMesVaram #DziveBezBailem #IzglabDraugu #SargiBernus
492,27.01.2022 18:22:22,Āgenskalna klīnika,,,
493,29.01.2022 10:38:52,Āgenskalna klīnika,,,"Kanādā, izskatās, ka viss ir ļoti nopietni. Un viens no iespējamajiem kariņlevitpavļutbandas skolotājiem Trudo un uzraugiem esot aizmucis un paslēpies valdības bunkurā. Lai gan pirms neilga laiciņa esot draudējis tautai ar represijām par nešpricēšanos. Tā lūk notiek. Tas nozīmē, ka visa šī afēra sāk smirdēt pēc deguma. Un pavisam drīz tas beigsies. Arī pie mums. Turam īkšķus.Kopā mēs varam!!!/Dr.E.Mednis/#AgenskalnaKlinika #GribuSportot #KopaMesVaram #DziveBezBailem #IzglabDraugu #SargiBernushttps://youtu.be/UBUVd3zDlMk"
494,29.01.2022 16:09:37,Āgenskalna klīnika,,,"Īsti nezinu ko, kā un vai komentēt. varbūt labāk vērtējiet paši. Galvenajā lomā augsti godātais Latvijas Republikas Saeimas deputāts un ārsts kardiologs Andris Skride un viņa ""pērles"". Kopā mēs varam!!!/Dr.E.Mednis/#AgenskalnaKlinika #GribuSportot #KopaMesVaram #DziveBezBailem #IzglabDraugu #SargiBernus"
495,29.01.2022 16:09:37,Āgenskalna klīnika,,,
496,30.01.2022 22:45:14,Āgenskalna klīnika,,,"Šis ir ļoti zīmīgs un izglītojošs video, kurā profesors Christian Perrone runā par gēnu injekcijām. Viņš nav antivax, bet ilgus gadus strādājis Francijas valdībai un PVO par vakcīnu ekspertu. Ir vērts ieklausīties gan kariņlevitpavļut banfas locekļiem un dalībniekiem, gan profesorei Zavadskai gan dragiļevām un citām būtnēm, kas, iespējams, neko nejēdz no pasaulē šobrīd notiekošā bet spēj tikai atgremot savu saimnieku naratīvu.Kopā mēs varam!!!/Dr.E.Mednis/#AgenskalnaKlinika #GribuSportot #KopaMesVaram #DziveBezBailem #IzglabDraugu #SargiBernus"
497,30.01.2022 22:45:14,Āgenskalna klīnika,,,
498,01.02.2022 23:16:03,Āgenskalna klīnika,,,"Kaspars Dimiters, kā vienmēr ļoti tiešs, bet godīgs. Beidzot jāceļas kājās un jāsāk darīt.Kopā mēs varam!!!/Dr.E.Mednis/#AgenskalnaKlinika #GribuSportot #KopaMesVaram #DziveBezBailem #IzglabDraugu #SargiBernushttps://www.youtube.com/watch?v=EJS9qg2CN48"
499,02.02.2022 11:00:49,Āgenskalna klīnika,,,"Vēsture..... To neizmainīt. Vienīgi mēs varam no tās mācīties. Vai arī nemācīties. Vislabāk to darīt ir uzklausīt vēl dzīvus palikušos vēstures lieciniekus, jo grāmatās vēsture bieži vien tiek ""pielabota"" pēc vajadzības.Šeit daudz kas nevilšu savelkas ar šodienas izjūtām, notikumiem, procesiem, redzējumu. Un tieši tādēļ, šķiet, būtu svarīgi mācīties no vēstures.Kopā mēs varam!!!/Dr.E.Mednis/#AgenskalnaKlinika #GribuSportot #KopaMesVaram #DziveBezBailem #IzglabDraugu #SargiBernus"
500,02.02.2022 11:00:49,Āgenskalna klīnika,,,
501,02.02.2022 11:00:49,Āgenskalna klīnika,,,
502,02.02.2022 22:37:55,Āgenskalna klīnika,,,Tiekamies pirmdien 7.februārī Rīgā. Turpinām kanādiešu iesākto tagad savā zemē.Mēs uzvarēsim.Kopā mēs varam!!!/Dr.E.Mednis/#AgenskalnaKlinika #GribuSportot #KopaMesVaram #DziveBezBailem #IzglabDraugu #SargiBernus
503,02.02.2022 22:37:55,Āgenskalna klīnika,,,
504,03.02.2022 10:51:03,Āgenskalna klīnika,,,
505,03.02.2022 18:16:25,Āgenskalna klīnika,,,"Frāze ""es ticu zinātnei"" jeb ""uzticies zinātnei"" pēdējo divu gadu laikā ir skandēta miljoniem reižu no miljoniem mutēm. Dzirdēta ikdienā gan no vienkāršiem cilvēkiem, gan profesoriem. Jāsaka, apnikusi gan. KO tā īsti nozīmē neviens neko sakarīgu nevar pateikt. Vienkārši uzticies un viss. Jāšpricējas - uzticies zinātnei, jābaksta deguns - uzticies zinātnei, jādara vēl kādas dīvainas lietas - uzticies zinātnei. Kas tad ir šī mītiskā meitene, kam jāuzticas? Šis jautājums bieži vien paliek bez atbildes. Paralēli tam visos veidos tiek mēģināts apkarot atšķirīgi viedokļu paudējus - likums tiek bīdīts cauri, lai aizliegtu atšķirīgu viedokli, kā vien ""uzticies zinātnei"", Veselības inspekcija tiek uzrīdīta, lai piespiestu ""uzticēties zinātnei"". Interesanti laiki. Bet vēsture, kā vienmēr, ir nepielūdzama. Šeit daži piemēri no ""uzticies zinātnei"" arsenāla. Uzticēsimies? Nu diezin vai. Lai kā kariņiem, pavļutiem, skridēm un zavadskām to gribētos. Domāsim paši. Jo pavisam drīz šo ""zinātni"" aizslaucīs vēstures mēslainē tāpat kā šos. DOMĀSIM PAŠI!!!!!Kopā mēs varam!!!/Dr.E.Mednis/#AgenskalnaKlinika #GribuSportot #KopaMesVaram #DziveBezBailem #IzglabDraugu #SargiBernus"
506,03.02.2022 18:16:25,Āgenskalna klīnika,,,
507,03.02.2022 18:40:37,Āgenskalna klīnika,,,Kaspara Dimitera veltījums Brīvības konvojam 07.02.2022Kopā mēs varam!!!/Dr.E.Mednis/#AgenskalnaKlinika #GribuSportot #KopaMesVaram #DziveBezBailem #IzglabDraugu #SargiBernushttps://www.youtube.com/watch?v=XsENvoQpd1I
508,05.02.2022 08:38:31,Āgenskalna klīnika,,,"Šis genocīds nu jau ir iegājis savā galējā fāzē. Bērni smok maskās, mūs par katru cenu grib piespiest nošpricēties, atņem darbu un iztiku, vajā tos, kas nepiekrīt politbiroja teiktajam. Šo uzskaitījumu var turpināt vēl ilgi. Tādēļ sekojot Kanādas piemēram braucam jeb nākam 7.februārī 12 režīmam pateikt stingru nē. Tiekamies..Kopā mēs varam!!!/Dr.E.Mednis/#AgenskalnaKlinika #GribuSportot #KopaMesVaram #DziveBezBailem #IzglabDraugu #SargiBernus"
509,05.02.2022 08:38:31,Āgenskalna klīnika,,,
510,05.02.2022 08:55:00,Āgenskalna klīnika,,,"Re, te vēl viens iemesls braukt 7.02 pie Ministru kabineta un jautāt valdībai tiešu atbildi. Aleksejs Rosļikovs ar komandu papētījuši statistiku un parēķinājuši līdz. No tā viņiem ir radies jautājums. Noskatieties.Kopā mēs varam!!!/Dr.E.Mednis/#AgenskalnaKlinika #GribuSportot #KopaMesVaram #DziveBezBailem #IzglabDraugu #SargiBernus"
511,05.02.2022 08:55:00,Āgenskalna klīnika,,,
512,06.02.2022 19:14:16,Āgenskalna klīnika,,,"Interesantas ziņas par Pfizer vakcīnām. Pats faizers sāk atzīt to, ka viņu ražotās, tā saucamās, vakcīnas izraisa citokīnu vētru sašpricētam cilvēkam nonākot kontaktā ar SARS-COV-2 vīrusu. Interesanti, vai ne. Par šīm ""sazvērestības teorijām"" mūs sodīja un soda joprojām, visiem spēkiem mēģina aizbāzt muti. Tās noliedz, kā melus un maldu ziņas. Interesantā laikā dzīvojam. Un daudz tādu lietu vēl atklāsies. Melus, tāpat kā īlenu, maisā nenoslēpsi. Tas iznāks ārā. Meli atklāsies. Faktiski jau atklājas. Esam pieķēruši melos gan Prof Zavadsku, gan Saeimas deputātu un kardiologu Dr. Skridi.  jautājums ir tikai kā vārdā viņi melo - savas dumjības un vientiesības dēļ, jeb apzināti. Bet to, visā drīzumā skaidros tiesa. Par katru atsevišķi. Un par katru personīgi.Šeit interesanta lasāmviela:https://vaccines.news/2022-02-04-pfizer-document-admits-covid-vaccine-causes-vaed.html#Kopā mēs varam!!!/Dr.E.Mednis/#AgenskalnaKlinika #GribuSportot #KopaMesVaram #DziveBezBailem #IzglabDraugu #SargiBernus"
513,06.02.2022 22:05:06,Āgenskalna klīnika,,,Holandieši arī gatavojas rītdienai. Mēs uzvarēsim!!!!!Kopā mēs varam!!!/Dr.E.Mednis/#AgenskalnaKlinika #GribuSportot #KopaMesVaram #DziveBezBailem #IzglabDraugu #SargiBernus
514,06.02.2022 22:05:06,Āgenskalna klīnika,,,
515,06.02.2022 22:19:27,Āgenskalna klīnika,,,Skarbi un tiešiKopā mēs varam!!!/Dr.E.Mednis/#AgenskalnaKlinika #GribuSportot #KopaMesVaram #DziveBezBailem #IzglabDraugu #SargiBernus
516,06.02.2022 22:19:27,Āgenskalna klīnika,,,
517,08.02.2022 11:47:38,Āgenskalna klīnika,,,"Nu re, īlens tomēr no maisa sāk spraukties ārā. Arī Latvijas vietējie varneši ir spiesti atzīt, ka no patreiz modernajām gēnu injekcijām cilvēki tomēr mirst. Un cik tādu vēl būs? Un cik no viņiem tiks atzīti? Un cik būs sakropļoto pieaugušo, jauniešu, bērnu? Cik daudziem tiks sabojāta visa atlikusī dzīve? Visvairāk, protams, ir žēl bērnus un jauniešus. Jaunieši savā jaunības maksimālismā un visa darīt gribēšanās, bieži vien neapzinās cik lielu ļaunumu viņiem var nodarīt šīs injekcijas. Katrā ziņā dzīve rādīs. Turam acis, ausis un sirdis vaļā. Kopā mēs varam!!!/Dr.E.Mednis/#AgenskalnaKlinika #GribuSportot #KopaMesVaram #DziveBezBailem #IzglabDraugu #SargiBernushttps://www.lsm.lv/raksts/zinas/latvija/zva-latvija-viens-cilveks-miris-saistiba-ar-astrazeneca-vakcinas-lietosanu.a442548/"
518,09.02.2022 11:42:10,Āgenskalna klīnika,,,"Paliek ar vien interesantāk dzīvot. Viss sāk nākt gaismā. Mūs apsūdz diletantismā un viltus ziņu izplatīšanā, ""uz pierādījumiem balstītas zinātnes"" ignorēšanā. jautājums tikai r: kas ir šī uz pierādījumiem balstītā medicīna? Lasot ar vien vairāk šāda rakstura ziņas, sāk lēnā, izkristalizēties atbilde uz šo jautājumu. Vai tiešām esam nonākuši tik tālu, ka zinātnes fakta ierādījums ir mērāms banknotēs? Un banknošu skaits ir apliecinājums tam, ka tā ir zinātne? Negribētos tam ticēt. Bet kā tad lai saprot šāda veida informāciju, kad augsta valsts amatpersona saņem maksājumu no komersanta, pēc tam reklamē tā produkciju un vēl piedevām to kopā ar citām valsts amatpersonām uzspiež šo produktu tautai. Iespējams juristiem ir likuma pants zināms pēc kura to visu var traktēt. Un, iespējams, par šādām darbībām (amatpersonu) pienākas reāls cietumsods, ja tas ir darīts mega lielā apmērā. Protams, neaizmirstam arī citus pārkāpumus. Tas laiks pienāks. Un visai drīz. Tikai šie mazie gariņi nesaprot to, ka tie, kas viņus pamudina uz šādu rīcību, pametīs viņus zem riteņiem tad, kad tiešām deguma smaka būs spēcīgāka. gaidām turpmākos notikumus. Būs patiešām interesanti.Kopā mēs varam!!!/Dr.E.Mednis/#AgenskalnaKlinika #GribuSportot #KopaMesVaram #DziveBezBailem #IzglabDraugu #SargiBernus"
519,09.02.2022 11:42:10,Āgenskalna klīnika,,,
520,09.02.2022 11:42:10,Āgenskalna klīnika,,,
521,13.02.2022 17:16:56,Āgenskalna klīnika,,,"Interesants pavērsiens notikumu gaitā. Vai tiešām kādam ieslēdzās sen aizmirstā un labi noglabātā sajūta, ko sauc par sirdsapziņu?  Jācer. Mūsējiem gan, šķiet nē. Vai varbūt Tomēr? ja šī ziņa ir patiesa, tad tas ir milzīgs pavērsiens veselā saprāta virzienā un projām no kovidafēras. Ceram uz to labāko un gaidām arī pozitīvas izmaiņas mūsu dievzemītē.Kopā mēs varam!!!/Dr.E.Mednis/#AgenskalnaKlinika #GribuSportot #KopaMesVaram #DziveBezBailem #IzglabDraugu #SargiBernus"
522,13.02.2022 17:16:56,Āgenskalna klīnika,,,
523,13.02.2022 17:19:20,Āgenskalna klīnika,,,"Ja jums gadījumā kādreiz iznāk būt Ogrē, nobrauciet garām šai mājai. Varbūt uztaurējiet, varbūt vienkārši ar roku pamājiet, piezvaniet pie vārtiņiem, varbūt Jūs laipni ielūgs uz tēju. dalieties. :))Kopā mēs varam!!!/Dr.E.Mednis/#AgenskalnaKlinika #GribuSportot #KopaMesVaram #DziveBezBailem #IzglabDraugu #SargiBernus"
524,13.02.2022 17:19:20,Āgenskalna klīnika,,,
525,14.02.2022 19:15:34,Āgenskalna klīnika,,,"Manās rokās nonāca interesanta īsflma. Kāds ir uzfilmējis kurp mēs dodamies, jeb pareizāk sakot kurp mūs ved. Ķīnā, jau šis tas ir ieviests. Vai gribam ko tādu pie mums?Un interesantākais ir tas, ka vājais posms ir jaunieši, kas nav piedzīvojuši PSRS laikus un kam nav ne mazākās nojausmas par to, kas notiek un ne mazākās vēlēšanās to saprast. Jo dzīve taču rit. Bet būtu jāsaprot. Pašu nākotnes labad.https://www.youtube.com/watch?app=desktop&v=MDZAYWVjcqIKopā mēs varam!!!/Dr.E.Mednis/#AgenskalnaKlinika #GribuSportot #KopaMesVaram #DziveBezBailem #IzglabDraugu #SargiBernus"
526,15.02.2022 19:45:30,Āgenskalna klīnika,,,"Atļaušos pārkāpt Veselības inspekcijas nelikumīgo aizliegumu runāt par Ivermektīnu. Es kā ārsts nevaru un nedrīkstu slēpt šādu informāciju, kas var palīdzēt daudziem izveseļoties. Šeit japāņu ārsts runā par Ivermektīna efektivitāti. Viņam tā esot tuvu 100%. Es no savas prakses varu to apstiprināt. Tas patiešām strādā.Kopā mēs varam!!!/Dr.E.Mednis/#AgenskalnaKlinika #GribuSportot #KopaMesVaram #DziveBezBailem #IzglabDraugu #SargiBernus"
527,15.02.2022 19:45:30,Āgenskalna klīnika,,,
528,15.02.2022 22:28:46,Āgenskalna klīnika,,,"Un te neliela atkāpe vēsturē. Šī gada 22.janvārī pie manis viesojās Veselības inspekcijas amatpersonas. Šīs vizītes rezultātā tapa kontroles akts, kurā man tika uzdots ""pārtraukt rekomendēt Ivermektīna lietošanu pacientiem Covid 19 ārstēšanā"". Tāds jocīgs uzdevums ņemot vērā, ka ārsts savā izvēlē ir brīvs un vadās no savas pieredzes, kā arī no citu kolēģu pieredzes. Tiktāl nu būtu skaidrs. Neiedziļinoties juridiskās niansēs. Bet tad Latvijas Veselības ministrs Pavļuta kungs nāk klajā ar brīnišķīgu teikumu, ka ""ārstam ir gan tiesības, gan pienākums izvēlēties situācija atbilstošu ārstēšanas taktiku"". Tā ir ārsta profesionālās brīvības klauzula. Tad kā to saprast? Gandrīz kā 1905.gadā sanāk, ka cara tētiņš jau ir ļoti labs, tikai viņa apakšnieki nelieši visu šo putru savārīja. Jeb tomēr tā ir Pavļuta kunga divkosība - vienā vārdā jā, ārsts ir brīvs, nākošajā - izmantojot visu pieejamo administratīvo arsenālu, panākt to, ka brīvi domājoši un runājoši ārsti tiktu maksimāli ierobežoti gan savā izvēlē, gan darbībā.Kā tad tomēr ir? Varbūt Pavļuta kungs var šeit pat diskusijās iekomentēt kā viņš to redz? Būtu interesanti uzzināt viņa viedokli, tā teikt, no pirmajām rokām.Kopā mēs varam!!!/Dr.E.Mednis/#AgenskalnaKlinika #GribuSportot #KopaMesVaram #DziveBezBailem #IzglabDraugu #SargiBernus"
529,15.02.2022 22:31:10,Āgenskalna klīnika,,,
530,15.02.2022 22:31:28,Āgenskalna klīnika,,,
531,16.02.2022 13:11:45,Āgenskalna klīnika,,,"Tādu cilvēku priekšā vienkārši gribas noņemt cepuri dziļā cienā un paklanīties. Cilvēciska izvēle un brīvība pāri visam. Un totāla sistēmas ignorance. Nekādi tituli, nekāda nauda, nekādi pasaulīgi labumi neatsver to, ko zaudējam aizejot uz injekciju - iniciāciju sātaniskā kultā, jeb sektā. Un otrādi - šādi turot savu stāju, mēs iegūstam brīvību. Gara un dvēseles brīvību. Sekojam savai sirdsbalsij un atmetam visas bailes. Un ar mums viss būs labi.Kopā mēs varam!!!/Dr.E.Mednis/#AgenskalnaKlinika #GribuSportot #KopaMesVaram #DziveBezBailem #IzglabDraugu #SargiBernus"
532,16.02.2022 13:11:45,Āgenskalna klīnika,,,
533,17.02.2022 18:59:24,Āgenskalna klīnika,,,"Prieks, ka pasaulē ir daudz drosmīgu un pašaizliedzīgu cilvēku. Šeit vēl viens - smagās mašīnas īpašnieks un šoferis Kanādā. Viņš ir gatavs zaudēt savu mašīnu brīvības vārdā. Brīvība ir daudz, daudz būtiskāka, viņš saka.Ko tu esi gatavs zaudēt, lai atgūtu brīvību? Vai uz ko tu esi gatavs, lai atgūtu brīvību? Šis jautājums ir jāuzdod katram pašam sev. Un jābūt tik drosmīgam lai dzirdētu arī atbildi. Kopā mēs varam!!!/Dr.E.Mednis/#AgenskalnaKlinika #GribuSportot #KopaMesVaram #DziveBezBailem #IzglabDraugu #SargiBernus"
534,17.02.2022 18:59:24,Āgenskalna klīnika,,,
535,20.02.2022 12:14:23,Āgenskalna klīnika,,,"Nezinu kā lai tā pieklājīgāk formulē attieksmi pret valsts pārvaldes iestādi, kuras funkcijās ietilpst veselības nozares uzraudzība un kontrole ar mērķi nodrošināt “drošu un veselīgu dzīves vidi” valsts mērogā? Īpaši tad, ja šādas iestādes pārstāves mani šajā gadā ar savu klātbūtni aplaimojušas jau N-tās reizes (nu četras vismaz man ir bijis tas gods sastapties savas prakses telpās aci pret aci). Jāatzīst, sieviešu nedalīta uzmanība mēdz būt patīkama, tomēr visam ir savas robežas.Stāsts ir par iestādi, kura nupat jau būs pilntiesīgi nopelnījusi apzīmējumu “Vajāšanas inspekcija”. Pirms pāris dienām saņēmu sesto (6.!) dokumentu un ar šo jau otro reizi man tiek piešķirts tituls – pie administratīvās atbildības saucamā persona. Protams, lai varētu piemērot lielāku administratīvo sodu, pie atbildības sauc nevis ārstu, bet gan juridisku personu – SIA. Katram savs darbs, tā nu tas ir. Drošas un veselīgas dzīves vides nodrošināšanas vārdā var arī pacensties. Tikai kaut kā nevilšus sāk izskatīties, ka centība rada krietnu pārcentību.Krimināllikumā ir paredzēts sods par vajāšanu. Ierēdņu vēlme mani par visām varītēm apklusināt, iebiedēt un sodīt, sākotnēji lika pasmaidīt, taču, ņemot vērā darbību ilgumu, intensitāti un sistemātiskumu, jau sāk nedaudz apnikt. Viņu darbībās ietilpst nevēlama saziņa, augstprātīga bravūra, subjektīvu pieņēmumu paušana kontroles aktos un lēmumos, pat viltus pacientu pieteikšana telefoniski. Tā vien izskatās, ka esmu lielākais valsts drošības apdraudējums un manis “novēršanai” novirzīto resursu apjoms šajā laikā ir pilnīgi adekvāts. Cik labi, ka veselības aprūpes sistēma valstī ir pilnīgā kārtībā – visiem pieejama bez diskriminācijas un ierobežojumiem! Un cik labi, ka šī pati inspekcija ir visām ārstniecības personām skaidri un nepārprotami izskaidrojusi, kā pildīt savus pienākumus, nepārkāpjot likumu normas (zināms, ka MK noteikumi un rīkojumi ir ar zemāku juridisko spēku kā likumi un likumus izgrozīt tik vienkārši nevar).  Ar ierēdnēm gan jau vēl tiksimies. Ticu, ka viņas un arī tie “viņi”, kuru intereses un iegribas tiek īstenotas ar minēto amatpersonu rociņām, labi pārzina savas kompetences un pilnvaras. Krimināllikumā ir daudz pantu. Piemēram 317.pants. Dienesta pilnvaru pārsniegšana - par valsts amatpersonas izdarītām tīšām darbībām, kas acīmredzami pārsniedz valsts amatpersonai ar likumu vai uzliktu uzdevumu piešķirto tiesību un pilnvaru robežas, ja šīs darbības radījušas būtisku kaitējumu…Turpinājums sekos.Kopā mēs varam!!!/Dr.E.Mednis/#AgenskalnaKlinika #GribuSportot #KopaMesVaram #DziveBezBailem #IzglabDraugu #SargiBernus"
536,20.02.2022 13:51:45,Āgenskalna klīnika,,,"Kas notiek Kanādā? Vara cenšas saglābt savu ādu ar vardarbību pret mierīgiem un nevardarbīgiem protestētājiem. Protestētajiem par savu un līdzpilsoņu brīvību. Brīvību brīvi runāt, paust savu viedokli, strādāt un izdarīt izvēli ar ko piesārņot vai nepiesārņot savu organismu. Un, kā izskatās, jo liekāks izmisums un vardarbība no varas puses, jo vairāk cilvēki apvienojas neatkarīgi no tautības, ādas krāsas, reliģiskās piederības. Tas pats notiek arī pie mums. Neatceros kad vēl latvieši un krievi nebūtu savā starpā kāvušies vai citādi cīnījušies. Vienmēr ir bijušas divas kopienas. Tagad, pateicoties  režīma neatlaidīgiem pūliņiem visus vēl vairāk sašķelt, cilvēki apvienojas. Arī latvieši ar krieviem. Ir jauna anekdote: krievi nāk. Par to smejas un to stāsta gan latvieši, gan krievi. Super. Beidzot. Laiks ir mainījies. Un cilvēkiem vērtības un mērķi pavisam citi.Gaisma aust. Un mūsu uzvara ir tuvu, lai cik kādam arī to ne-gribētos. Labais vienmēr uzvar. ❤️Kopā mēs varam!!!/Dr.E.Mednis/#AgenskalnaKlinika #GribuSportot #KopaMesVaram #DziveBezBailem #IzglabDraugu #SargiBernus"
537,20.02.2022 13:51:45,Āgenskalna klīnika,,,
538,24.02.2022 08:11:16,Āgenskalna klīnika,,,"Kanāda, kā izskatās, ir brīvības cīņu poligons šobrīd. Ja šī informācija ir patiesa, tad interesanti laiki mums stāv priekšā. Tad, izskatās, ka arī mūsu zemes tārpiņi tiks pie tribunāla visai drīz. Par cilvēku vajāšanām, visām karantīnām, lokdauniem, maskām, kodiem un pārējām noziedzīgajām darbībām.. Es domāju, ka viņi to saprot. Bet naudas jau ""ir tik daudz kā nekad"". Tikai vajadzētu šo naudas daudzumu, kas būs jāatmaksā aizdevējam, pārlikt uz šo izveicīgo seftmaņu personīgajiem pleciem. Jo mms, kā tautai, ar to nav nekāda sakara. Mums nav jāapmaksā savu spīdzināšanas rīku iegāde. Tā kā sekojam līdzi informācijai. Būs daudz ļoti interesantu notikumu tuvākajā laikā. https://youtu.be/zYtMgAEot5EKopā mēs varam!!!/Dr.E.Mednis/#AgenskalnaKlinika #GribuSportot #KopaMesVaram #DziveBezBailem #IzglabDraugu #SargiBernus"
539,25.02.2022 09:25:19,Āgenskalna klīnika,,,"Lai arī kādi laiki tagad un vēl nākotnē, mums vissvarīgākais šobrīd ir saglabāt mieru, vēsu prātu, tikt vaļā no bailēm, jeb tā neielaist sevī. Jo viss, kas ir vajadzīgs šiem ""vecajiem krabjiem"", kas vēlas saglabāt veco pasaules kārtību un iedzīt mūs vēl dziļāk verdzībā un tumsā, ir mūsu zemās vibrācijas. Zemās vibrācijas tās ir bailes, neziņa, dusmas, iesaistīšanās dažādu konfliktu un procesu aktīvā vērošanā. Šīs vibrācijas nāk no dažādu mediju, sociālo tīklu un grupu puses. Manuprāt šobrīd vairāk kā jebkad ir nepieciešams pievērsties garīgām lietām, garīgām praksēm - tādām, kas paaugstina vibrācijas, atrauj no visām turbulencēm. Tādām, kas atjauno un stiprina saikni ar savu patieso ES, saikni ar kosmosu, saikni ar radītāju. Darām to. Vairojam gaismu sevī un līdz ar to arī pasaulē. Kopā mēs varam!!!/Dr.E.Mednis/#AgenskalnaKlinika #GribuSportot #KopaMesVaram #DziveBezBailem #IzglabDraugu #SargiBernus"
540,25.02.2022 11:52:24,Āgenskalna klīnika,,,"Kā paaugstināt vibrācijas? Kā palīdzēt citiem? Kā palīdzēt izbeigt šo cīņu? Viens no veidiem ir meditācija. Jo, kā zināms, galvenā cīņa nerisinās kaujas laukos. Galvenā cīņa risinās pavisam citā plānā - garīgajā. Katrā no mums. Un tādēļ piedāvāju apvienoties kopīgā meditācijā, kas ir viens no ceļiem. Bet vērtīgs.Kopā mēs varam!!!/Dr.E.Mednis/#AgenskalnaKlinika #GribuSportot #KopaMesVaram #DziveBezBailem #IzglabDraugu #SargiBernus"
541,25.02.2022 11:52:24,Āgenskalna klīnika,,,
542,26.02.2022 18:20:08,Āgenskalna klīnika,,,
543,28.02.2022 00:23:06,Āgenskalna klīnika,,,"Kāmēr mēs te esam iekrituši Krievijas Ukrainas batālijās, Brīvības konvojs dzīvo savu dzīvi. Šoreiz ASV. Mums, šķiet, būtiskāk ir nevis līdzi just kādai no pusēm šajā kariņā (jo neko no tās spēles nezinām) bet tomēr cīnīties par savu brīvību. Un, kā zināms, mēs esam pārāk mazi, lai tas izšķirtos mūsu zemē, bet noteikti tas izšķirsies Amerikas kontinentā un vēlāk arī Eiropā. Arī slavenais ārsts Zeļenko ziedo naudu Amerikas brīvības konvojam. Visu cieņu. Sekojam līdzi pozitīvām ziņām. Un mēs uzvarēsim.Kopā mēs varam!!!/Dr.E.Mednis/#AgenskalnaKlinika #GribuSportot #KopaMesVaram #DziveBezBailem #IzglabDraugu #SargiBernus"
544,28.02.2022 00:23:06,Āgenskalna klīnika,,,
545,03.03.2022 00:00:49,Āgenskalna klīnika,,,
546,03.03.2022 00:16:08,Āgenskalna klīnika,,,"Un vēl interesants dokuments, kurā atspoguļotas Pfizer injekcijas blaknes. Diezgan šausminoši skaitļi. Un tie ir tikai oficiāli pierādītie dati. Cik vēl tādu ir, ko neviens nav pierādījis? Būtu interesanti dzirdēt Dr. Veisas komentāru pārtraukto grūtniecību sakarā. Vai viņa vēl joprojām apgalvos, ka šīs injekcijas ir pavisam drošas grūtniecēm un nekādu nevēlamu iespaidu uz grūtniecību neatstāj? Vienmēr esmu domājis: kur paliek ārsta ētika, kur paliek Hipokrāta zvērests, kur paliek loģiskā domāšana un kur paliek elementāra cilvēcība? Vai tiešām šīs kvalitātes ir tikai dūmi, kas izkūp un izzūd? Ārstam vajadzētu būt apveltītam ar empātiju, maksimālu cilvēcību un iejūtību pret savu pacientu, pret līdzcilvēkiem. Ārstam būtu jābūt tam, kurš iestāsies par savu pacientu un neļaus nodarīt kaitējumu viņa veselībai. Un kur nu vēl pats pacels roku pret savu pacientu. Bet, kā izrādās, laiki mainās. Un šīs kvalitātes šobrīd nav cieņā. Klausoties savus kolēģus, brīžiem pārņem šausmas un izmisums. Vai tiešām......? Jā, tiešām tā viņi runā. Nezinu vai tā domā, bet runā. Cerams, ka nav vairs ilgi palicis līdz viss mainīsies. Līdz viss nostāsies savās vietās un ārsts būs sava pacienta aizstāvis. Diemžēl, dažiem kolēģiem nākotnē varētu būt grūti saskatīt sauli aiz biezajiem mūriem. Laiks rādīs.https://phmpt.org/wp-content/uploads/2021/11/5.3.6-postmarketing-experience.pdfKopā mēs varam!!!/Dr.E.Mednis/#AgenskalnaKlinika #GribuSportot #KopaMesVaram #DziveBezBailem #IzglabDraugu #SargiBernus"
547,03.03.2022 20:30:06,Āgenskalna klīnika,,,"Floridas gubernatora ieteikums Dienvidfloridas universitātes studentiem. Novelc masku, tā neko nedara. Un valkāt masku, tas ir smieklīgi. kad mūsējiem simts gudrajiem beidzot nāks šī apskaidrība? Izbeigt ākstīšanos ar lupatiņām, kuras ir pilnīgi bezjēdzīgas no veselības uzlabošanas un aizsardzības viedokļa. Šim stulbumam beidzot būtu jāpieliek trekns punkts.Kopā mēs varam!!!/Dr.E.Mednis/#AgenskalnaKlinika #GribuSportot #KopaMesVaram #DziveBezBailem #IzglabDraugu #SargiBernus"
548,03.03.2022 20:30:06,Āgenskalna klīnika,,,
549,05.03.2022 12:26:37,Āgenskalna klīnika,,,"Konkrēts stāts iz dzīves ar konkrētu cilvēku. Un tādu ir daudz. Katrs, diemžēl, izdara savu apzinātu izvēli. Bet režīmam ir iespēja šos cilvēkus pasargāt PIRMS liktenīgās izvēles. Tāpat kā mums visiem. Bet, diemžēl, režīms dara pilnīgi pretējo - pamudina cilvēkus iet nāvē. Par to būs jāatbild. Visai drīz.Kopā mēs varam!!!/Dr.E.Mednis/#AgenskalnaKlinika #GribuSportot #KopaMesVaram #DziveBezBailem #IzglabDraugu #SargiBernus"
550,05.03.2022 12:26:37,Āgenskalna klīnika,,,
551,07.03.2022 20:17:17,Āgenskalna klīnika,,,"Pasaulē jau nekas jauns nav izdomāts. Ja kāds produkts ir ""jābīda"" tirgū, tad nauda ir vislabākais lubrikants visām darbībām. Un, jo vairāk šī lubrikanta nepieciešams, jo lielāks jautājums, kāpēc tas vispār vajadzīgs. Ja jau produkts ir nežēlīgi labs un nepieciešams sabiedrībai un tās veselībai. Izskatās, ka ar laiku mēs daudz tādas āža kājas ieraudzīsim visai kovid afērai.Kopā mēs varam!!!/Dr.E.Mednis/#AgenskalnaKlinika #GribuSportot #KopaMesVaram #DziveBezBailem #IzglabDraugu #SargiBernus"
552,07.03.2022 20:17:17,Āgenskalna klīnika,,,
553,08.03.2022 12:57:57,Āgenskalna klīnika,,,"Laiki mainās un mums jāmainās tiem līdzi. Jaunās demokrātijas normas ir sekojošas: drīkst runāt par visu, izņemot par kovidu un injekciju blaknēm uzmanīgi, bet notikumi Ukrainā ir tabu tēma, ja tu domā savādāk nekā Panorāma un Delfi. Kā jau zināms, vakar, iespējams tas bija Valsts Drošības dienests, aizturēja Aivi Vasiļevski. Par ko? Par to, ka viņš atļāvās paust atšķirīgu viedokli no tā, ko mums stāsta galvenās plūsmas mediji. Tie, kas mums divus gadus atklāti un rupji meloja, bet tagad, kā izrādās, mums tiem ir jātic, jo tie stāsta patiesību. Es neesmu nevienā pusē. Neaizstāvu ne krievus, ne ukraiņus. Un uzskatu, ka karš pats par sevi ir noziegums. Abu pušu noziegums. Jo tas ir ticis pieļauts. Acīm redzot, nav bijis pietiekoša diplomātiskā jauda un vēlēšanās to novērst. Skarbi? Jā. Uzskatu, ka jebkuru konfliktu ir iespējams novērst, ja vien kādam ir patiesa vēlme to darīt. Tikai patiesi žēl vienkāršās tautas - gan krievus, gan ukraiņus, ebrejus un citus, kas dzīvo tajā zemē. Jo viņi nav vainīgi. Bet viņi cieš. Kāmēr citi, varošāki, kārto savas intereses ar brutāla spēka palīdzību. Bet stāsts nav par to. Stāsts joprojām ir par demokrātiju un cik demokrātiskā valstī un iekārtā mēs dzīvojam. Un vai Aivja aizturēšana ir jāsaprot kā mājiens mums visiem pārējiem - turiet mutes, ja negribiet problēmas? Nupat godājamais Pavļuta kungs ir teicis viedus vārdus, ka Hāga (tribunāls) gaida varmākas. Interesanti kuru viņš bija domājis? Abstrahējoties no ""karstajiem"" notikumiem, šis ir brīdis, kad laiks paliek ļoti ātrs. Un mūsu katra realitāte kļūst ļoti personiska. Mums katram ir jāsāk uzņemties atbildība par savu dzīvi. Beidzot. Un jāsāk saprast, ka mūsu katra realitāte ir tā, ko esam veidojuši un panākuši. Neviens cits nav par to atbildīgs. Turpmākās 40 dienas, līdz pat aprīļa beigām, būšot mūsu katra garīgās nobriešanas ceļš. Sastapšanās ar sevi. Mēs varēsim ieraudzīt un izkristalizēt to, ko esam šajā gadā sastrādājuši. Dažam tie būs pārbaudījumi, kas viņu stiprinās, dažam tā būs elle, ko viņš pats savā prātā radījis, citam vienkārši izaugsmes laiks. Skaisti. Baudām šo laiku. Turamies savā centrā, lai kas ari notiktu. Kultivējam sevī un ap sevi gaismu, skaidrību gan domās, gan darbos. Un viss mums izdosies. lai cik drūmi arī šobrīd viss šķiet. Bet nekas nav tā, kā izskatās. Mēs uzvarēsim. Katrs atsevišķi un visi kopā.Kopā mēs varam!!!/Dr.E.Mednis/#AgenskalnaKlinika #GribuSportot #KopaMesVaram #DziveBezBailem #IzglabDraugu #SargiBernus"
554,09.03.2022 00:07:34,Āgenskalna klīnika,,,"Interesanta intervija ar Dr. Kārenu Hamakeri - Zondagu (Karen Hamaker - Zondag). Astroloģi, psiholoģi, zinātnieci. Runa ir par vēsturi, kas noveda līdz šīm ""ekstrēmajām pārvērtībām"", kas notiek patreiz. Kādi bija priekšnoteikumi, kādi darbojošies personāži, to darbības un motīvi. kā arī astroloģiskā šo darbību puse. Nedaudz arī par tuvāko nākotni un kāpēc viņu plāns nevar izdoties.https://youtu.be/VamMeZdBZYMKopā mēs varam!!!/Dr.E.Mednis/#AgenskalnaKlinika #GribuSportot #KopaMesVaram #DziveBezBailem #IzglabDraugu #SargiBernus"
555,09.03.2022 00:30:23,Āgenskalna klīnika,,,
556,09.03.2022 10:09:38,Āgenskalna klīnika,,,"Paldies mūsu lasītājam Dmitrijam, kas atrada Kārenas Hamakeres Zondagas video citā avotā un ielika Klīnikas diskusijās. Pārlieku to galvenajā kanālā, lai pēc iespējas vairāk cilvēku to būtu iespēja noklausīties. PaldiesKopā mēs varam!!!/Dr.E.Mednis/#AgenskalnaKlinika #GribuSportot #KopaMesVaram #DziveBezBailem #IzglabDraugu #SargiBernus"
557,09.03.2022 10:09:39,Āgenskalna klīnika,,,
558,09.03.2022 10:09:39,Āgenskalna klīnika,,,
559,09.03.2022 18:16:18,Āgenskalna klīnika,,,Bez komentāriem.Kopā mēs varam!!!/Dr.E.Mednis/#AgenskalnaKlinika #GribuSportot #KopaMesVaram #DziveBezBailem #IzglabDraugu #SargiBernus
560,09.03.2022 18:16:19,Āgenskalna klīnika,,,
561,10.03.2022 14:41:41,Āgenskalna klīnika,,,"Kurš gan nezin Aivi Vasiļevski. Un kurš gan nezin, ka viņš ir ""Brīvās"" Latvijas pirmais potiieslodzītais. Neiedomājami, kā režīms cenšas iebiedēt visus citādi domājošos. Citādi to nosaukt nevar. Lai vai ko viņš ir runājis tās garīgās biedrības telpās, tā nevar tikt traktēta kā publiska uzstāšanās. Un arī lai vai kas šobrīd notiktu Ukrainā, lai vai kā ciestu Ukrainas tauta, mēs šobrīd nevaram runāt par kara noziegumiem, jo mēs nezinām kurš ir vainīgs civiliedzīvotāju bojāejā un arī tiesa vēl nav bijusi. Līdz ar to visām tām darbībām, lai vai kādas tās būtu, nevar piemērot terminu ""kara noziegumi"". Jo jebkurš no noziegumiem ir jāpierāda. Līdz tam tās var būt tikai aizdomas par noziegumu. Un par aizdomām nevar ne tiesāt, ne arī apcietināt.  Saprotiet mani pareizi - es neesmu nevienas no pusēm atbalstītājs. Es esmu tajā kategorijā, ko Zatlera kungs atļāvās nosaukt par kara atbalstītājiem, jo esmu par mieru. Nevis par karu. Es uzskatu, ka jebkurš miers ir labāks par jebkuru karu. Un šajā konfliktā šobrīd ir vairāk jautājumu nekā atbilžu, kā klāt pievienotajā video minēja Jānis Pļaviņš.Tā ir neiedomājama varas rīcība un faktiski tas ir mēģinājums veidot kaut kādu paraugprāvu, jeb vismaz iebiedēšanas kampaņu. Kuru iebiedē ar Veselības inspekcijas regulārām vizītēm un dažnedažādu dokumentu un administratīvo lietu plūdiem, citu mēģina iebiedēt ar apcietinājumu. Katram savs. Bet šis viss ar pavērsties ļoti interesanti gan pret šīs teātra izrādes pasūtītājiem, gan arī medijiem. Jo pants, ko Aivim Vasiļevskim inkriminē ir par publisku kara noziegumu attaisnošanu un tajā ir minēti arī noziegumi ret cilvēci. Padomājam nedaudz tālāk - ja nu, laiki mainās un tas notiks, vai šis pants derēs arī Kariņpavļutlevita trīsvienībai un tāpat arī mūsu zemē plaši pazīstamo galvenās plūsmas mediju darboņiem? Interesantā laikā dzīvojam. Katru reizi varu šo teikt. Un ar interesi vēroju notikumu attīstību. Šobrīd mums ir iespēja palīdzēt Aivim Vasiļevskim. Palīdzam.Kopā mēs varam!!!/Dr.E.Mednis/#AgenskalnaKlinika #GribuSportot #KopaMesVaram #DziveBezBailem #IzglabDraugu #SargiBernus"
562,10.03.2022 14:41:42,Āgenskalna klīnika,,,
563,10.03.2022 14:42:39,Āgenskalna klīnika,,,
564,10.03.2022 22:36:01,Āgenskalna klīnika,,,"Sākumā domāju rakstīt diskusijās, bet labāk šeit.  Stress ir visiem. Cits ""grib diskutēt"" cits lamā antivakserus, cits kliedz mītiņā par Ukrainu. Katrs pa savam tiek ar to galā. Nav attaisnojuma karam kā tādam. Un tas ir briesmīgi, kas tur notiek. Bet mērķis ir panākts. Tikko cilvēki sāka apvienoties un nešķirot vaksētos un ""tīros"", tā karš Ukrainā. Vēl arī krīze pie mums - degvielas cenas iet kosmosā. Visiem šoks, ka maz neliekas. Un sabiedrība momentā sašķēlās atkal. Mērķis sasniegts. Jo mēs būsim sašķeltāki, jo mūs vieglāk vadīt. Jo mēs vairāk baidīsimies, jo mūs vieglāk vadīt. Ja mēs mēģinām abstrahēties no tām šausmām - ko mēs reāli varam darīt? Tīri praktiski. Uzņemt bēgļus, palīdzēt dažādos veidos konkrētiem cilvēkiem. Bet, tas, ka mēs trīcam aiz šausmām vai bailēm par to, kas tur notiek, ka mēs nostājamies vienā vai otrā pusē, nevienu neglābj. Un nevienam nepalīdz. Tas, ka mēs šķeļamies, tikai kaitē mums pašiem. Un, protams, arī enerģētiskā puse. Kur mūsu uzmanība, tur mūsu enerģija. No iepriekšējiem kariem ir zināms, ka to organizētāji ir abās pusēs. Jeb sadarbojas, jeb vada abas puses. Neko nezinu par šo karu. Bet, ja pieņemam pēc analoģijas, tad iesaistoties, kaut vai emocionāli un aizstāvot kādu no pusēm, mēs ar savu enerģiju barojam kara aizsācējus, jeb organizētājus. Arī lamājot vai nosodot kādu, mēs viņam atdodam savu enerģiju. Un līdz ar to dodam degvielu karam. Es nevēlos atbalstīt karu. Un to nedaru un nedarīšu. Līdz ar to, es uzskatu, ka vienīgais, kas var karu izbeigt ir nedot savu enerģiju, tas ir ievērot pilnīgu neitralitāti. Gan fizisku, gan emocionālu. Arī politisku. Tikai tā mēs varam izmainīt šī kara gaitu un palīdzēt to izbeigt. Ar politisku neitralitāti mēs varam pasargāt savu zemi no svešiem tankiem un raķetēm. Ziniet enerģijas likumu - no kā baidies, to pievelc. Vajag mums to? Enerģētiku vēl neviens nav atcēlis, ne kara, ne miera laikā. Tā strādā neatkarīgi no mums. Tā strādā šajā laikā daudzkārt ātrāk un precīzāk un jaudīgāk kā agrāk. Un politiski - mēs šeit varam vicināties ar saukļiem, rupjiem plakātiem un retoriku, ka mums ir veseli 8 NATO karavīri. Smieklīgi. Labāk būtu pastāvēt klusu un padomāt kā novērst briesmas pašu zemei. Jo lidmašīnas visiem nepietiks, ja nu gadījumā, pat tiem, kas domā, ka viņus jau pirmkārt..... Tā nav gļēvulība. Tās nav bailes. Man nav bail. Man tikai šķiet, ka mums būtu tā gudri pašiem jāpadomā kā tikt ar sarežģīto situāciju galā. Tā pragmatiski un bez rozā brillēm un ilūzijām, ka mūs kāds glābs. Viss būs jāizdara pašiem. Tādēļ darām jau šodien. Vismaz nevairojam bailes un naidu. Vairojam saticību un mīlestību. Vairojam ticību labajam, nevis koncentrējamies uz ļauno (kur uzmanība, tur enerģija). Labais tāpat uzvarēs. Viss ir atkarīgs no mums pašiem. No katra personīgi. Kur katrs no mums ieguldīs savu vērtīgāko pienesumu - enerģiju, karā, jeb mierā? Pretstatos, jeb saticībā? Naidā, jeb mīlestībā? Es izvēlos mieru, saticību un mīlestību. ❤️❤️❤️🙏Kopā mēs varam!!!/Dr.E.Mednis/#AgenskalnaKlinika #GribuSportot #KopaMesVaram #DziveBezBailem #IzglabDraugu #SargiBernus"
565,11.03.2022 10:19:58,Āgenskalna klīnika,,,"Interesants viedoklis. Video kvalitāte gan ir pašvaka, bet audio labs un informācija pārdomām.Kopā mēs varam!!!/Dr.E.Mednis/#AgenskalnaKlinika #KopaMesVaram #DziveBezBailem #IzglabDraugu #SargiBernus"
566,11.03.2022 10:19:58,Āgenskalna klīnika,,,
567,15.03.2022 12:44:16,Āgenskalna klīnika,,,"Lai gan Veselības inspekcija (lasi Vajāšanas inspekcija) man ir aizliegusi rekomendēt Ivermektīnu pacientiem, atļaušos par to tomēr runāt. Jo Ivermektīns ir ļoti iedarbīgas zāles Covid 19 ārstēšanā. Kā jau jebkuras no zālēm tās nav absolūtas, bet efektīvas un labi panesamas gan. jautājums ir tikai kāpēc mūsu oficiozi tik ļoti pretojas šim vienkāršajam un iedarbīgajam medikamentam. Vai tā tiešām ir tautas nošpricēšana un depopulācija? Tad jau Pavļuta kungs varētu būt kas līdzīgs Dr. Mengelem, bet tikai mūsu lokālā izpildījumā. Bet to tad, lai tiesa vērtē. Tā neizbēgami būs.Kopā mēs varam!!!/Dr.E.Mednis/#AgenskalnaKlinika #KopaMesVaram #DziveBezBailem #IzglabDraugu #SargiBernus"
568,15.03.2022 12:44:17,Āgenskalna klīnika,,,
569,16.03.2022 22:49:01,Āgenskalna klīnika,,,"Izrādās, ka Latvijas Ārstu biedrība ir viena no organizācijām, kas atbalsta, piedalās un veicina sabiedrības šķelšanu un segregāciju. Minētā biedrība šī gada 26. martā rīko konferenci ""Mūsdienīgas metodes tuberkulozes un citu plaušu slimību ārstēšanā"". Visnotaļ interesanta un nepieciešama tēma katram ārstam. Sevišķi jau šajos laikos. Bez tam pateicoties sponsoru atbalstam konference klātienē ir bez maksas. Un brīnišķīga iespēja to noskatīties ierakstā. Tikai ir viena būtiska nianse - klātienē tā ir ar QR kodiem un bez maksas, turpretim ierakstā ir ar 40 EUR dalības maksu, kas ir paliela pat pēc LĀB mērogiem. Jautājums ir kāpēc tā. To arī e-pastā uzdevu pašai Latvijas Ārstu biedrībai. Ar nepacietību gaidīšu ticamu viņu skaidrojumu, neaizbildinoties ar tādām jau sen devalvētām un jau par smieklīgām kļuvušām lietām kā epidemioloģiskā drošība un citām līdzīgām. Jo tām šobrīd tic vien retais. Paturu arī tiesības par LĀB atbildi informēt sabiedrību.Saite uz konferenci:https://www.arstubiedriba.lv/notices/26-03-2022-starpdisciplinara-konference-musdienigas-metodes-tuberkulozes-un-citu-plausu-slimibu-arstesana/Kopā mēs varam!!!/Dr.E.Mednis/#AgenskalnaKlinika #KopaMesVaram #DziveBezBailem #IzglabDraugu #SargiBernus"
570,20.03.2022 23:14:14,Āgenskalna klīnika,,,"Ļoti interesanta un neparasta filma. Atgādina savulaik redzēto Tarkovska Stalkers. Ir vērts noskatīties. Tajā ir ļoti daudz atziņu un domu graudu. Stāts ir par nodomu. Viss šai pasaulē balstās uz nodomu un viss ir no tā atkarīgs un izrietošs.Piezīme tiem, kas meklē kašķi un klauvē, kur pienākas - šeit nav nekādas politikas, vismaz manā nodomā. Tikai māksla.https://www.youtube.com/watch?v=Fu6kqH4mvMkKopā mēs varam!!!/Dr.E.Mednis/#AgenskalnaKlinika #KopaMesVaram #DziveBezBailem #IzglabDraugu #SargiBernus"
571,21.03.2022 10:46:11,Āgenskalna klīnika,,,"Eksperimentālo injekciju blaknes. Cik tādu ir, cik tādu vēl būs..... Aivja Vasiļevska pēdējā intervija pirms viņa apcietināšanas.Kopā mēs varam!!!/Dr.E.Mednis/#AgenskalnaKlinika #KopaMesVaram #DziveBezBailem #IzglabDraugu #SargiBernus"
572,21.03.2022 10:46:12,Āgenskalna klīnika,,,
573,21.03.2022 23:47:09,Āgenskalna klīnika,,,"Kā jau bija paredzams, Latvijas Ārstu biedrība rīkojot konferenci klātienē bezmaksas un pēc tam ierakstu ļaujot noskatīties par 40 EUR dalības maksu, attaisno ar tehniskās uzturēšanas izmaksām. Nekā jauna. Bet grozi kā gribi segregācija vien sanāk. Jo vai tad klātienē sanāksmju telpa ir par velti, tai nav uzturēšanas izmaksas, tāpat tualetes, ūdens, ventilācija, projektors, elektrības izmaksas, personāla darba apmaksa. tas viss ir pa velti, protams. Bet attālināti piedāvājot to pašu materiālu, rodas izmaksas. Nekā jocīga jau te nav. Bet labais visā šajā situācijā ir tas, ka pa vienam vien izkristalizējas segregācijas un genocīda veicēji. Cilvēki palēnām parāda savu patieso seju. Tāpat arī organizācijas. Esmu pateicīgas par šo iespēju ieraudzīt kas ir kas.Tepat zemāk pievienoju LĀB atbildes vēstuli.Labdien!Mana kolēģe sekretariātā bija saņēmusi Jūsu vēstuli un lūdza Juma atbildēt.Latvijas Ārstu biedrība nekad nav atbalstījusi un nav ieviesusi segregāciju.Organizējot konferenci: https://www.arstubiedriba.lv/notices/26-03-2022-starpdisciplinara-konference-musdienigas-metodes-tuberkulozes-un-citu-plausu-slimibu-arstesana/  divos atšķirīgos formātos – klātienē un attālināti, kā arī nosakot dalības maksu, tika ņemtas vērā iespējas rīkot klātienes pasākumu, kā arī tehniskās izmaksas, kas nepieciešamas kvalitatīva konferences ieraksta sagatavošanai un uzturēšanai trīs gadu garumā.Jānorāda, ka konferences dalībnieku vidū ir atšķirīgi viedokļi par to, kāda dalības forma ir uzskatāma par vērtīgāku. Pretēji Jūsu paustajam viedoklim, ka noteikti vērtīgāka ir klātienes dalība, ir dalībnieki, kuri iespēju noklausīties konferences ierakstu vērtē augstāk nekā dalību klātienē.Latvijas Ārstu biedrība augsti vērtē abus viedokļus. Ar cieņuAntra PlaneKopā mēs varam!!!/Dr.E.Mednis/#AgenskalnaKlinika #KopaMesVaram #DziveBezBailem #IzglabDraugu #SargiBernus"
574,26.03.2022 08:47:31,Āgenskalna klīnika,,,
575,26.03.2022 23:01:59,Āgenskalna klīnika,,,"Šeit ir interesants pētījums (ar visām atsaucēm un pierādījumiem) globāli izvērstajiem un plaši lietotajiem PCR testiem, jeb tautā sauktiem par puļķējamajiem testiem. Izrādās tas ir masu genocīda ierocis. Ļoti iespējams, jo medicīniski šī testa nepieciešamību ir grūti pamatot. Ja jau mums iesaka distancēties - nenākt viens otram tuvāk par 2 metriem, tad kāpēc vīruss jāmeklē deguna dziļumā? ja jau tas vīruss tā lido tad iešņaucam nedaudz trauciņā, bet pabraucam pa nāss priekšu ar ""puļķi"" un materiāls rokā. Bet nē, jābāž cik dziļi vien var. Vai esiet dzirdējuši kaut cik loģisku pamatojumu šai procedūrai? Es nē. Varbūt neesmu klausījies. Kas zina? Un arī tas pats vecais labais Ivermektīns. Izrādās tas izjauc visu tik labi ieplānoto, jo ""noēd"" DARPA hydrogela rūpīgi veidotos režģus. Šis viss iet loģiski kopā. Lai gan šobrīd ir kara apstākļi - informatīvais karš, jeb kā Levita kungam labpatikās to nosaukt: hibrīdkarš, kad nevar ticēt nevienas puses informācijai. Bet pa kripatiņai jau tāpat tas puzlis kopā saliekas. https://www.australiannationalreview.com/health/warning-covid-tests-are-not-what-you-think-they-are/Kopā mēs varam!!!/Dr.E.Mednis/#AgenskalnaKlinika #KopaMesVaram #DziveBezBailem #IzglabDraugu #SargiBernus"
576,31.03.2022 19:01:26,Āgenskalna klīnika,,,"Ļoti interesanta Lielbritānijas statistika. Pie mums jau ir līdzīgi. Tikai pagaidām mums mālē acis ar terminu jaukšanu - nevakcinēts ir gan pilnībā nevakcinēts, gan tie, kas saņēmuši pa devai līdz 14 dienai pēc otrā prieciņa. Līdz ar to liela daļa saslimstības un nāvju ""iekrīt"" sadaļā nevakcinētie, lai gan tas tā nav korekti. Bet papīrs jau pacieš visu.Domājam, ko darām. kaut gan nevienam jau nevar liegt izklaides. Lai arī tās ir injekciju veidā. Bet tomēr piedomājam par savu darbību sekām.Un sevišķi jau par bērniem. Gan saviem, gan svešiem. Viņi bieži vien neapzinās ko dara. Sevišķi, ja vēl ir skolotāju, skolu un vienaudžu spiediens.Kopā mēs varam!!!/Dr.E.Mednis/#AgenskalnaKlinika #KopaMesVaram #DziveBezBailem #IzglabDraugu #SargiBernus"
577,31.03.2022 19:01:27,Āgenskalna klīnika,,,
578,02.04.2022 22:15:58,Āgenskalna klīnika,,,
579,04.04.2022 00:11:24,Āgenskalna klīnika,,,"Uzrakstīt mani pamudināja divas ziņas: viena, ka Latvijā paliek pāri 2 miljoni tā saukto vakcīnu - lasi nāves injekciju desmitu miljonu eiro vērtībā, kas, visdrīzākais, tiks utilizētas, ja neatradīs kādu pamestu pasaules nostūri, kam aizsūtīt humāno palīdzību un otrā - jaunas meitenes stāsts par viņas darbību Zemessardzē un gatavību iet ar ieroci rokā aizstāvēt Latviju. Skumji. Pirmkārt skumji par to, ka saujiņa veiklu darboņu rīkojas izšķērdīgi ar mūsu kopīgo naudu, ko sauc par valsts budžetu un ir aizmirsuši banku saukli - aizņemies atbildīgi, apsver vai varēsi atmaksāt. Viņiem jau nebūs jāatmaksā. To darīsim mēs un mūsu bērni un mazbērni. Vismaz 3 paaudzes maksās par šo darboņu veiktajām manipulācijām. Bet mani tomēr interesē vai mūsu valstī pastāv personīga atbildība par izšķērdību lielā apmērā. Manuprāt tam, kurš parakstīja 4,7 miljonu indes devu iepirkumu, būtu no personīgajiem līdzekļiem jāatmaksā šī nauda valsts budžetā. Jo jau sākotnēji bija skaidrs, ka šis daudzums Latvijas teritorijā mītošajiem iedzīvotājiem ir krietni par daudz. Skumji arī par jauno meiteni. Ko tieši viņa ir gatava aizstāvēt? Kā vārdā viņa ir gatava nogalināt cilvēku? Iespējams vairākus, daudzus. Es esmu pret vardarbību kā tādu jebkurā tās izpausmē. Tai skaitā arī pret karu. Kas tad ir karš? Karš, manuprāt, ir varas vīru - valstu vadītāju nespēja vienoties par saviem darījumiem, jeb arī, iespējams, nepamatotas ambīcijas uz vēl lielāku varu. Kāda man, kā vienkāršam cilvēkam daļa gar Kariņa, Pavļuta, Baidena, Putina, vai jebkura cita valsts vadītāja ambīcijām vai politiskām, biznesa, ģeopolitiskām vai jebkurām citām interesēm? Un kādēļ man tādēļ būtu jāņem ierocis rokā un jāšauj uz cilvēkiem - jāatņem kādam dzīvība? Ja viņiem ir savas lietas kārtojamas, lai, kā jaunībā, iziet klajā laukā aci pret aci un nokārto, kas kārtojams. Tādēļ jau nav viss ciems jāaicina palīgāMums runā par iespējamu mobilizāciju. Līdz tai, es patiešām gribētu dzirdēt ko katrs personīgi no 100 Saeimā sēdošajiem un ministri kabinetā esošajiem ir izdarījis, lai novērstu jebkura veida agresiju pret Latvijas valsti. Katrs personīgi. Bordāns, Pavļuts, Kariņš, Levits, Gobzems u.t.t. Ko katrs no šiem kungiem ir paveicis, lai novērstu draudus. Un ko katrs no viņiem pēc mobilizācijas ir gatavi darīt, lai glābtu valsti, lai nepieļautu agresiju un vardarbību pret šeit mītošajām tautām un cilvēkiem? Aviobiļetes iegāde uz ASV vai kādu citu attālu valsti neskaitās. Es neaizstāvu un neatbalstu karu un agresiju. Es tiešām jūtu līdzi Ukrainas tautai par tām ciešanām, kas tai ir jāpiedzīvo.  Bet es neesmu gatavs šaut ne uz vienu cilvēku. Tāpat es esmu gatavs kā ārsts palīdzēt jebkuram cietušajam neatkarīgi no rases, politiskās, etniskās, reliģiskās vai kādas citas piederības. Mums ir jāsaprot, ka Latvija kā teritorija visos laikos ir bijusi kā maiņas  monēta - gājusi no rokas rokā. Mēs esam bijuši zem zviedriem, krieviem, vāciešiem. Mūsos rit tāds asiņu kokteilis, ka diezin vai ir kāda cita tauta, kas var ar mums sacensties. Kāpēc mūsos tiek sēts naids pret citām tautām? Pret citiem cilvēkiem. Atbilde, iespējams, ir viena - tā mūs vieglāk ir vadīt un valdīt. Pavisam nesen es rakstīju, ka priecājos, ka beidzot Latvijā apvienojas latvieši ar krieviem. Vairs nepastāv domstarpības. Un še tev. Sanaidoja atkal. Tikai tādēļ, ka katram ir jābūt kādā pusē. Es esmu tautas pusē. Ne valdoņu pusē.  Un vai jaunā meitene ir gatava  nogalināt cilvēku kādu darboņu interešu nesaskaņu dēļ? Lai viņi varētu atkal turpināt izšķērdēt mūsu naudu? Es neaicinu uz dumpi, es neaicinu uz valsts varas maiņu. Manuprāt Latvijai vislabākais pastāvēšanas veids ir neatkarīga valsts, sadarbībā ar citām līdzīgi domājošām neatkarīgām valstīm. Bet es neatbalstu valsts budžeta - mūsu kopīgās naudas neapdomīgu, vai ļaunprātīgu (to noteiks tiesa) izmantošanu."
580,04.04.2022 00:11:25,Āgenskalna klīnika,,,"Tādēļ aicinu ikvienu cienīt un mīlēt savus līdzcilvēkus, lai kurā pasaules malā tie arī mīt. Tikai mīlestība un līdzcietība pret sev tuvāko var palīdzēt mums visiem šajā jaudīgajā pārmaiņu laikā. Katrs mēs pats par sevi veidojam savu nākotni. Katrs pats. Savām rokām, domām un rīcību. Jā, arī domām. Domas, kā zināms ir materiālas. sevišķi jau šobrīd. Neļaujamies sanaidoties. ❤️❤️❤️Kopā mēs varam!!!/Dr.E.Mednis/#AgenskalnaKlinika #KopaMesVaram #DziveBezBailem #IzglabDraugu #SargiBernus"
581,07.04.2022 21:50:27,Āgenskalna klīnika,,,
582,08.04.2022 20:55:45,Āgenskalna klīnika,,,
583,14.04.2022 21:42:59,Āgenskalna klīnika,,,
584,15.04.2022 22:10:06,Āgenskalna klīnika,,,"Nu re, arī The Lancet, kas ir, viens no visietekmīgākajiem medicīnas žurnāliem pasaulē, gatavo rakstu, ka SARS-CoV2 vīruss nav izolēts un visi PCR testi, kā arī viss pārējais, kas saistīts ar šo tā saucamo pandēmiju ir baltiem diegiem šūts. Meli nāk gaismā. Un ar vien vairāk tā būs. Meli nekad nav mūžīgi, lai cik tie lieli un profesionāli nostrādāti arī būtu. Vienkārši izbaudām šo laiku, kad viss šis kāršu namiņš  brūk. Tik skaisti tas ir. Baudām.Kopā mēs varam!!!/Dr.E.Mednis/#AgenskalnaKlinika #KopaMesVaram #DziveBezBailem #IzglabDraugu #SargiBernus"
585,15.04.2022 22:10:06,Āgenskalna klīnika,,,
586,16.04.2022 09:02:47,Āgenskalna klīnika,,,
587,19.04.2022 13:41:44,Āgenskalna klīnika,,,"Ko darīt ar esošo sistēmu? kas vispār notiek pasaulē un kāpēc? Kas ir pandēmija, kas ir karš kaimiņos, kas ir mūsu ciešanas? To var skatīt arī kā slimības simptomus. Slimības ar ko slimo mūsu zeme, mūsu cilvēce, mēs paši. Tikai jautājums ir viens - vai mēs vēlamies izveseļoties? Vau vēlamies, lai mūsu zeme atkal uzplaukst? lai mūsu sabiedrība uzplaukst? Lai beidzas varmācība? Jā, es to vēlos. Jā, es apzinos to, ka šādi, kā mēs dzīvojām pēdējos 100 gadus, tas ir strupceļš mums visiem. Es apzinos to, ka medicīna savā pašreizējā veidolā sevi ir pilnībā izsmēlusi. Jo medicīna šobrīd neārstē cilvēku. tā ārstē simptomus. Un bieži vien katrs nākošais simptoms ir iepriekšējai slimībai izrakstīto zāļu blakne, kam tiek rakstītas jaunas zāles. Un tā bez gala. Cilvēki lieto saujām tablešu, bet veselāki nepaliek. Kaut kur redzēju, ka pēdējos simts gados medicīnas budžets ir n-kāršojies. Vienas slimības ārstēšanai vajadzīgas ar vien vairāk līdzekļu, bet cilvēki veselāki nepaliek. Tie tikai ar vien vairāk patērē zāles. Un loģika jau šeit ir - farmācijas industrijai, veselības apdrošinātājiem, valdībai un citiem iesaistītajiem nemaz neinteresē, lai cilvēki būtu veseli. Jo, kā nupat izrādījās - mūsu ir par daudz. Mēs esot ""useless eaters"". Mani tomēr pārsteidza šis termins. Pat pēc šo pēdējo divu gadu pieredzes. Bet, lai nu kā būtu. Mēs katrs šobrīd izdarām savu izvēli. Mēs katrs nostājamies uz savas takas. Gribot negribot, cilvēce tiek sašķirota. Vai, pareizāk sakot, tā pati sašķirojas. Svarīgi ir tikai tas, kur mēs katrs pats redzam savu vietu. Un cik aktīvi mēs to ieņemam. Kā rainers Fulemihs savulaik teica, pat, ja mēs paliksim 10-20%, ar to pietiks, lai mēs spētu pavērst visu uz labu. Tā arī būs.https://rumble.com/v1101t2-62148134.htmlKopā mēs varam!!!/Dr.E.Mednis/#AgenskalnaKlinika #KopaMesVaram #DziveBezBailem #IzglabDraugu #SargiBernus"
588,19.04.2022 22:01:45,Āgenskalna klīnika,,,"Interesanta un, manuprāt, apsverama ir Jāņa Pļaviņa vīzija par nodokļiem Latvijas brīvvalstī. Par to, kādai būtu jābūt nodokļu politikai. Un, kas interesantākais un apsveicamākais, aicinājums uz diskusiju. Piedalāmies.Kopā mēs varam!!!/Dr.E.Mednis/#AgenskalnaKlinika #KopaMesVaram #DziveBezBailem #IzglabDraugu #SargiBernus"
589,19.04.2022 22:01:46,Āgenskalna klīnika,,,
590,22.04.2022 10:57:19,Āgenskalna klīnika,,,
591,23.04.2022 00:13:00,Āgenskalna klīnika,,,
592,29.04.2022 09:50:40,Āgenskalna klīnika,,,
593,29.04.2022 22:50:39,Āgenskalna klīnika,,,
594,04.05.2022 09:29:10,Āgenskalna klīnika,,,"Izcils Aivja Vasiļevska vēstījums un savā veidā arī apsveikums šīsdienas svētkos. Kas īsti ir neatkarība? Vai tā tiešām Latvijai kā valstij ir jebkad bijusi? īsta neatkarība? Manuprāt šobrīd mums katram neatkarība vai nu ir vai nav savā sirdī. Vienīgi tur mēs varam svinēt īstus svētkus. Un ne jau noteiktos datumos, bet katru dienu. Tikmēr, kāmēr jūtamies patiesi neatkarīgi. Neatkarīgi no visām šīm varas un starpvaru spēlītēm. Visas šīs dualitātes - šie ir ļaunie, šie labi, šis ir labs, šis slikts. Kā zinām nav labuma bez ļaunuma un faktiski viss ir viens. Tā visa ir mūsu pieredze. Katram personīga. Sava. Tādēļ vēlu Jums vairot savu neatkarību savā sirdī. Un stāvēt pāri visām mahinācijām un manipulācijām. Tikai tā mēs uzvarēsim.Kopā mēs varam!!!/Dr.E.Mednis/#AgenskalnaKlinika #KopaMesVaram #DziveBezBailem #IzglabDraugu #SargiBernus"
595,04.05.2022 09:29:10,Āgenskalna klīnika,,,
596,04.05.2022 09:29:11,Āgenskalna klīnika,,,
597,05.05.2022 12:32:37,Āgenskalna klīnika,,,"Re kā notiek - mūsu valstī esot vārda brīvība. Tikko sāc runāt pret ""meinstrīm"" tā atrodas kāds, kas norej. Te gan jautājums ir vai nu par analfabētismu, jeb totālu nevēlēšanos zināt. Vai arī, iespējams, korupciju. Vārda brīvību, vismaz pagaidām neviens nav atcēlis un, ja cilvēks dalās ar savu dzīves stāstu, tad tas nevar būt dezinformācija.https://rebaltica.lv/2022/05/homeopats-maldina-par-vakcinu-blaknem/Kopā mēs varam!!!/Dr.E.Mednis/#AgenskalnaKlinika #KopaMesVaram #DziveBezBailem #IzglabDraugu #SargiBernus"
598,05.05.2022 12:35:08,Āgenskalna klīnika,,,"Te rečekistam Ronaldam Siliņa kungam izglītojošs materiāls. Varbūt der ieklausīties arī citā viedoklī un nedaudz savas, iespējams, merkantilās intereses pastumt malā. Ja tas tā ir, kas ir šeit teikts, tad tas ir diezgan šausminoši. Bet, kā saka, dzīvosim redzēsim.Kopā mēs varam!!!/Dr.E.Mednis/#AgenskalnaKlinika #KopaMesVaram #DziveBezBailem #IzglabDraugu #SargiBernus"
599,05.05.2022 12:35:08,Āgenskalna klīnika,,,
600,05.05.2022 12:37:30,Āgenskalna klīnika,,,"Un te vēl Sveiciens rečeksitiem. Saprotu, ka viņu patroni ir ASV un Vācijas pieredze un arī masu informācijas līdzekļi nav īpaši sasitoši, bet varbūt tomēr....... Vācijā mediji sāk arī publicēt materiālus par blaknēm pēc modernajām indes devām, kas tiek uzspiestas cilvēkiem visā pasaulē. Protams, pēc brīvprātības principa.https://odysee.com/@%D0%93%D0%BE%D0%BB%D0%BE%D1%81%D0%93%D0%B5%D1%80%D0%BC%D0%B0%D0%BD%D0%B8%D0%B8:3/%D0%92-%D0%BD%D0%B5%D0%BC%D0%B5%D1%86%D0%BA%D0%B8%D1%85-%D0%A1%D0%9C%D0%98-%D0%B7%D0%B0%D0%B3%D0%BE%D0%B2%D0%BE%D1%80%D0%B8%D0%BB%D0%B8-%D0%BE-%D1%83%D0%B6%D0%B0%D1%81%D0%BD%D1%8B%D1%85-%D0%BF%D0%BE%D1%81%D0%BB%D0%B5%D0%B4%D1%81%D1%82%D0%B2%D0%B8%D1%8F%D1%85-%D0%BE%D1%82-%D0%B2%D0%B0%D0%BA%D1%86%D0%B8%D0%BD%D0%B0%D1%86%D0%B8%D0%B8!-%D0%A1%D0%BC%D0%BE%D1%82%D1%80%D0%B5%D1%82%D1%8C-%D0%B2%D1%81%D0%B5%D0%BC-%D1%83%D0%BA%D1%80%D0%B0%D0%B8%D0%BD%D1%86%D0%B0%D0%BC-%D0%B2-%D0%95%D0%B2%D1%80%D0%BE%D0%BF%D0%B5!:3?r=4sZZafAYVrUyDyrSB9sYWdurKhYb8FKCKopā mēs varam!!!/Dr.E.Mednis/#AgenskalnaKlinika #KopaMesVaram #DziveBezBailem #IzglabDraugu #SargiBernus"
601,05.05.2022 15:44:32,Āgenskalna klīnika,,,"Te vēl papildus dati neredzīgajiem un kurlajiem. Varbūt čekisti tomēr sadzirdēs? Bet tam nav būtiskas nozīmes. Kaķa iesnas jau nespēj pasauli mainīt. Un tas, ka kāds negrib ieraudzīt acīm redzamu patiesību nemaina lietas būtību.Vienkārši domājam, klausāmies, redzam.Kopā mēs varam!!!/Dr.E.Mednis/#AgenskalnaKlinika #KopaMesVaram #DziveBezBailem #IzglabDraugu #SargiBernus"
602,05.05.2022 15:44:32,Āgenskalna klīnika,,,
603,05.05.2022 23:04:03,Āgenskalna klīnika,,,"Te vēl viela pārdomām.  Gan par Faizerīša efektivitāti, gan blaknēm. Ir vērtīgi sevī ļaut sadurt to, kam nav nekāda sakara ar veselības uzlabošanu vai aizsardzību pret slimību, tikai iedzīvoties vairāk vai mazāk nelabojamās blaknēs. lai kā čekistiem tas nepatiktu. Šie ir oficiāli dokumenti.Kopā mēs varam!!!/Dr.E.Mednis/#AgenskalnaKlinika #KopaMesVaram #DziveBezBailem #IzglabDraugu #SargiBernus"
604,05.05.2022 23:04:03,Āgenskalna klīnika,,,
605,05.05.2022 23:15:31,Āgenskalna klīnika,,,"Un te, redziet, ir viņu peļņa tirgojot savas indes, kam 95% efektivitātes vietā ir nieka 12%. Toties naudiņa gan laba ripo. Lai gan pirms laiciņa mums cienījamā profesore Zavadska teica, ka vakcīnu ražotāji neko nepelna uz vakcīnām. Kur čekisti?Kopā mēs varam!!!/Dr.E.Mednis/#AgenskalnaKlinika #KopaMesVaram #DziveBezBailem #IzglabDraugu #SargiBernus"
606,05.05.2022 23:15:31,Āgenskalna klīnika,,,
607,06.05.2022 10:03:09,Āgenskalna klīnika,,,
608,06.05.2022 23:07:12,Āgenskalna klīnika,,,
609,08.05.2022 11:54:13,Āgenskalna klīnika,,,"Mums kādreiz teica, ka tie, kas atsakās špricēties ar piedāvāto indi ir neizglītoti ļautiņi ar zemiem ienākumiem. Te pētījums, ka tā tiešām ir - jo zemāks izglītības līmenis, jo procentuāli mazāk iet špricēties un līdz ar to mazāk arī mirst.Viss ir skaisti, bet tad rodas jautājums - kāpēc? Un, ja jau izglītoti cilvēki akli uzticas vadonim un droši iet nāvē, tad kaut kas ar izglītības sistēmu, iespējams, nav kārtībā. Tas jau atgādina pirms kāda laika dzirdēto par kādu sektu, kur, šķiet,  ar zarīna gāzi noindējoties vadoņa vadībā drošā nāvē aizgāja ap tūkstotis cilvēku, tai skaitā sievietes un bērni. Interesanti, vai ne? Visas šīs mūsdienu izdarības ar ""ticību zinātnei"", kaut kādām mistiskām injekcijām, cenzūru un citām regālijām ar vien vairāk atgādina reliģisku kultu. Kāpēc man būtu jātic ""zinātnei"" tur, kur īstā zinātne runā pilnīgi pretējo. ""Zinātnei"", ko izdomājuši ne jau pašmāju gudrīši, bet viņi saņēmuši naratīvu no saviem vadoņiem. Bet stāsts par izglītību. Ja šie fakti atbilst patiesībai, tad faktiski mūsdienu izglītības sistēma visā pasaulē veido pakļāvīgu un paklausīgu masu, kas ""zina"" kā jādara, jo vadonis tā teica. To mēs redzam šobrīd arī Latvijas medicīnā - vadlīnijas pāri visam. Domāt? Kāpēc, jo ir taču vadlīnijas. Protams visur ir patīkami izņēmumi. Un šo izņēmumu dēļ daudzi tomēr bojā neaizies. Kaut gan nav jau labas vai sliktas lietas, tā visa ir pieredze. Reizēm skaudra. Bet katram sava. Un, ja mēs esam šādu vai tādu pieredzi guvuši, tātad mums tā ir bijusi absolūti nepieciešama.Domājam par savu bērnu izglītību. Rīkojamies atbilstoši savai pārliecībai. Jo vecā sistēma strauji brūk, bet jaunā tikai vēl rodas. Katrā ziņā, ļoti interesants laiks. Es tiešām priecājos un esmu pateicīgs, ka man ir iespēja ko tādu piedzīvot un pieredzēt ""uz savas ādas"".Kopā mēs varam!!!/Dr.E.Mednis/#AgenskalnaKlinika #KopaMesVaram #DziveBezBailem #IzglabDraugu #SargiBernus"
610,08.05.2022 11:54:13,Āgenskalna klīnika,,,
611,09.05.2022 10:39:08,Āgenskalna klīnika,,,"Re, cik viss ir vienkārši. Viss pa gabaliņam vien saliekas kopā. Te atbilde kā noteikt vai cilvēks ir faktiski saņēmis savu indes devu jeb nav. Tikai nesakiet, ka tas viss veselības uzlabošanas dēļ. Tā ir kontrole pār cilvēkiem. Kādēļ kādam būtu jāzina vai es par savu veselību rūpējos un kā es to daru? Ir ļoti daudz veidu kā par veselību parūpēties un indes ievadīšana sevi nav labākais veids. Jeb arī iniciācijas pieņemšana caur indes ievadīšanu, kādā nezināmā reliģiskā kultā.  Šis ir ticams avots.Kopā mēs varam!!!/Dr.E.Mednis/#AgenskalnaKlinika #KopaMesVaram #DziveBezBailem #IzglabDraugu #SargiBernus"
612,09.05.2022 10:39:09,Āgenskalna klīnika,,,
613,09.05.2022 20:51:48,Āgenskalna klīnika,,,"Tādas, lūk, ir prezidenta vēlēšanas Bolīvijā. Vai kaut kas ir atšķirīgs pārējā pasaulē? Un kā ir/ būs pie mums? Vai būs godīgas vēlēšanas, jeb atkal dabūsim tos pašus vēžus tikai citā kulītē, kā Bolīvijā? Tikai kurš no mums būs tas, kas ""pārķers"" vajadzīgo balsu mašīnu, ja tāda būs?Kopā mēs varam!!!/Dr.E.Mednis/#AgenskalnaKlinika #KopaMesVaram #DziveBezBailem #IzglabDraugu #SargiBernus"
614,09.05.2022 20:51:48,Āgenskalna klīnika,,,
615,11.05.2022 10:29:58,Āgenskalna klīnika,,,"Interesanti dati. Faktiski jau nekas jauns. Tas bija gaidāms jau pirms vispār sākās masveida špricēšanās. Bet labi ir tas, ka arī zinātniski pētījumi apstiprina visas ""sazvērestības teorijas"". Izskatās, ka kovidfanātiķu kāršu namiņš brūk.Kopā mēs varam!!!/Dr.E.Mednis/#AgenskalnaKlinika #KopaMesVaram #DziveBezBailem #IzglabDraugu #SargiBernus"
616,11.05.2022 10:29:58,Āgenskalna klīnika,,,
617,20.05.2022 11:02:03,Āgenskalna klīnika,,,"Skaistā, jaunā pasaule. :) Te Šri Lankas modelis. Tas kā viņi iet cauri krīzei, pašu radītai, vai arī radītai pēc ārvalstu diriģentu norādītajām notīm. galvenais taču ir izpildīt rīkojumus. Līdzīgi kā mūs dievzemītē. Pilnīgi nedomājot par valsti un tautu, ka tikai pašu āda vesela. Tad vēl runas par ""vēl nāvējošāku vīrusu"" no Bilonkuļa mutes. Un saliekas viss pa plauktiņiem - saujiņa pilnīgu psihopātu vēlas pārņemt zem savas totālas kontroles pasauli. Līdzīgi kā ir redzēts Holivudas grāvējos. Tikai tur viņiem parasti tas nav izdevies, jo vienmēr atrodas kāds supervaronis, kas izglābj pasauli. Šobrīd mums katram ir iespēja par tādu būt. katrs savā jomā un savu iespēju robežās darām. darām, lai nepieļautu mākslīgās pārtikas krīzes, mākslīgu jaunu vīrusu izplatību, jaunas ""supervakcīnas"", kas nodara vairāk ļaunuma nekā labuma. Un vienā vārdā to sauc - diktatūra. Nepieļausim. Darām.Kopā mēs varam!!!/Dr.E.Mednis/#AgenskalnaKlinika #KopaMesVaram #DziveBezBailem #IzglabDraugu #SargiBernus"
618,20.05.2022 11:02:03,Āgenskalna klīnika,,,
619,20.05.2022 21:10:44,Āgenskalna klīnika,,,
620,30.05.2022 21:51:44,Āgenskalna klīnika,,,"Mērkaķbakas........ Interesants scenārijs mums tiek piedāvāts. tauta jau smej - Moneypox. Te nav drukas kļūda. Pēc tā tas izskatās. Ar kroņa vīrusu vairs nenobiedēsi. Divu gadu laikā tauta jau pieradusi pie šī jēdziena un vairs nebaidās. Arī maskas un dezinfekcija vairs nav modē. Toties tam mērkaķbakas. tas ir kas jauns un nebijis. Vismaz pie mums. ASV, izrādās, jau bijis notikums 2003.gadā. Mums būs jaunums. Kā vienmēr, kas citiem paliek pāri, mēs par lielu naudu iepērkam. Interesanti, kam pieder franšīze uz šo bubuli? Kaut gan tālu jau nav jāmeklē - tie, noteikti, ir tie paši ļautiņi, kas mums kroni piedāvāja pirms diviem gadiem. Vismaz nav garlaicīgi. kaut kas jauns būs. Vai tik tās nevarētu būt ""vērtīgo un brīvprātīgo"" injekciju sekas, kas tādā veidā ar izsitumiem izpaudīsies? Bet to laiks rādīs. Kā dakteris Pavļuts nesen teica, ka ir iespējami 3 scenāriji rudenim. To viņš domāja par kovidu. Bet, ja jau kovic būs ""sezonāla lieta"", tad vajag ko jaunu un mērkaķu slimība pašā laikā. Tikai interesanti ir fakts, ka šāds scenārijs jau tika parādīts 1995.gada filmā Outbreak ar populāro aktieri Dastinu Hofmanu (Dustin Hoffman) galvenajā lomā. Interesanti vai viņi skatās filmas, jeb viņi mums rāda filmās, ko izdomājuši? Katrā ziņā interesanti ir. Ar nepacietību gaidām rudeni ar jaunu teātra izrādi. jautājums tikai kurš gals šoreiz būs jālīmē ciet ar zilu lupatiņu? Turamies un nezaudējam humora izjūtu.Kopā mēs varam!!!/Dr.E.Mednis/#AgenskalnaKlinika #KopaMesVaram #DziveBezBailem #IzglabDraugu #SargiBernus"
621,30.05.2022 21:51:44,Āgenskalna klīnika,,,
622,14.06.2022 22:32:09,Āgenskalna klīnika,,,
623,15.06.2022 22:19:23,Āgenskalna klīnika,,,
624,17.06.2022 10:56:18,Āgenskalna klīnika,,,
625,18.06.2022 11:46:02,Āgenskalna klīnika,,,"Patiesība nāk pa visām vīlēm ārā. vairs jau nevar noslēpt, un, šķiet, neviens arī necenšas vairs noslēpt, kā patiesībā viss ir. Ka pēdējos 2 gadu garumā mēs esam pieredzējuši lielāko krāpšanu pasaules vēsturē, lielāko, iespējams, korupciju (atklātu) pasaules vēsturē un arī plašāko genocīdu pret cilvēci. Ne tikai kādas lokālas teritorijas apmēros, bet pasaules apmērā. Iespējams apzinātu cilvēku slepkavošanu, gan ar super iedarbīgiem medikamentiem ārstēšanā, kur efektivitāte ir vien nepilni 20%, gan arī eksperimentālu, nepārbaudītu, bet ļoti toksisku injekciju uzspiešanu cilvēkiem. Kā arī efektīvu, lētu un pieejamu medikamentu liegšanu infekcijas ārstēšanā. Apbrīnoju savu kolēģu gļēvulību, stulbumu, nezināšanu, nevēlēšanos zināt, nedomāšanu, nelietību. katrs, lai pielasa sev atbilstošo epitetu un īpašību pats. Maz ir tādu, kas atļaujas runāt. Un pārsteidzoši maz ir kolēģu, kas saprot, kas īsti notiek. It kā jau esam vienā skolā mācījušies, pie tiem pašiem docētājiem un profesoriem. Bet....... Te ir viens raksts, starp citu, no autoritatīva avota un ar visām atsaucēm, par to, kas notiek. Un nestāstiet man un tautai par mērkaķbaku. Jūs taču paši ziniet, kas tas ir. Ka, iespējams, vara ar šo mēģinās piesegt vai izskaidrot blaknes, ko radījušas eksperimentālās injekcijas. Un neizdosies mūs vairs iedzīt krātiņos ar čipiem zem ādas un policijas kontroli aiz durvīm.Šķiet cilvēki sāk apzināties savu vērtību, savu cilvēka būtību un vēlas būt brīvi, brīvā valstī. Un mēs esam un būsim brīvi.https://www.ncbi.nlm.nih.gov/pmc/articles/PMC9062939/Kopā mēs varam!!!/Dr.E.Mednis/#AgenskalnaKlinika #KopaMesVaram #DziveBezBailem #IzglabDraugu #SargiBernus"
626,18.06.2022 21:34:34,Āgenskalna klīnika,,,"Un šeit ir kārtējā Pfizer dokumentu pakete, kas tiek atslepenota ar tiesas lēmumu un tiek publicēta. Variet palasīties kādas ir iespējamās blaknes no šīs injekcijas. Speciālu uzmanību gribētu pievērst grūtnieču sadaļai - priekšlaicīgas dzemdības, pēcdzemdību tromboze un citas. Vēl interesanti ir priekšlaicīga menopauze. Un tad jautājums Dr. Veisai , kas ļoti aktīvi un neatlaidīgi apgalvoja, ka šīs injekcijas ir absolūti drošas grūtniecēm - kā ir tagad? Vai tagad, Dr.Veisa, atsauksiet savus apgalvojumus tik pat publiski, kā tos teicāt? Un ko darīt ar tām grūtniecēm, kas paļāvās Jūsu apgalvojumam un zaudēja bērniņu, jeb dzemdēja priekšlaicīgi? Kā Jūs, Dr.Veisa, kompensēsiet šīm sievietēm zaudējumus? Kā Jūs skatīsieties viņām acīs?Un tas jau ir tikai sākums. Būs jau vēl interesanta lasāmviela. Gaidām.Kopā mēs varam!!!/Dr.E.Mednis/#AgenskalnaKlinika #KopaMesVaram #DziveBezBailem #IzglabDraugu #SargiBernus"
627,18.06.2022 21:34:34,Āgenskalna klīnika,,,
628,18.06.2022 21:34:34,Āgenskalna klīnika,,,
629,18.06.2022 21:34:34,Āgenskalna klīnika,,,
630,18.06.2022 21:34:34,Āgenskalna klīnika,,,
631,18.06.2022 21:34:34,Āgenskalna klīnika,,,
632,18.06.2022 21:34:34,Āgenskalna klīnika,,,
633,18.06.2022 21:34:34,Āgenskalna klīnika,,,
634,18.06.2022 21:34:34,Āgenskalna klīnika,,,
635,18.06.2022 21:34:35,Āgenskalna klīnika,,,
636,18.06.2022 21:34:35,Āgenskalna klīnika,,,
637,20.06.2022 11:11:55,Āgenskalna klīnika,,,"Dzīvojam, tur, kur dzīvojam. Un dzīvojam ar tādiem cilvēkiem, ko paši esam izvēlējušies. Un ievēlējuši. Tie nav ne labi, ne slikti. Tie vienkārši ir. Vienīgi jautājums gribam mēs katrs ar tādiem jeb nē. Un, ja jā, tad kādā mērā. Te mūsu Veselīgais ministrs visā savā krāšņumā Latvijas Praidā. Danco kopā ar tautu. Pirmajās rindās. Tas taču ir skaisti, vai ne? https://www.facebook.com/100050312353449/posts/565408368479570/?d=nKopā mēs varam!!!/Dr.E.Mednis/#AgenskalnaKlinika #KopaMesVaram #DziveBezBailem #IzglabDraugu #SargiBernus"
638,26.06.2022 11:21:05,Āgenskalna klīnika,,,"Atvaļināts amerikāņu ārsts Russell L. Baylock ir uzrakstījis atmaskojošu rakstu šai visi laiku lielākajai krāpšanai pasaules vēsturē, ko mums mēģina saukt par pandēmiju. Patiesībā tā ir viena lēta afēra ar savtīgiem mērķiem tās organizatoriem. Saujiņa super bagātu ļautiņu, kas ir kāri pēc varas un vēl lielākas naudiņas uzrīkojuši sev ballīti - kārtējo biznesa plānu. Sākot jau ar ārstēšanas protokolu (vadlīniju) koriģēšanu un liegšanu pacietiem ārsta palīdzību slimības agrīnajā stadijā un super toksiska un ārkārtīgi dārga, bet neefektīva (efektivitāte 20%) medikamenta kā Remdesivirs nozīmēšanu, lēta, efektīva un pasaulē atzīta preparāta Ivermektīna demonizēšanu un aizliegšanu, līdz nepārbaudītu un toksisku substanču, ko nezin kāpēc dēvē par vakcīnām uzspiešanai. Tāpat notiek arī progresīvu ārstu vajāšanas visā pasaulē. Kā agrākajos čekistu laikos. Man pašam arī bija vairākkārtēja saskare ar Veselības (vajāšanas) inspekciju, kas man aizliedza runāt labu par Ivermektīnu, kas aizliedza strādāt, izrakstīja nepamatotas soda naudas bez jebkādiem pierādījumiem. Tikai uz subjektīvu viņu (ierēdņu) pieņēmumu pamata. Turpretim no valsts mediju un valsts doktrīnai pietuvinātu ārstu mutēm plūst meli straumes. Lētu melu straumes. Bezprecedenta gadījums visā pasaulē. Bet tomēr jāpatur prātā, ka par visu mums katram būs jānes sava personiskā atbildība. Par katru savu darbu un nedarbu. Arī ģimenes ārstiem - par savlaicīgas palīdzības nesniegšanu saviem pacientiem. Tiešām brīnos par saviem kolēģiem, ka tik klaji drīkst pārkāpt gan likumu, gan mīt kājām Hipokrāta zvērestu un savu sirdsapziņu. pazītu daudzus ļoti jaukus kolēģus, kas, diemžēl, ir spiesti pakļauties sistēmas spiedienam jeb aiziet no darba. Ir uz vienas rokas pirkstiem saskaitāmi tie ārsti, ka nav pakļāvušies un ļāvuši sevi atlaist. Pārējie ar lielākiem vai mazākiem sirdsapziņas pārmetumiem turpina strādāt. Es savulaik vienai savai brīnišķīgai kolēģei ģimenes ārstei jautāju: kā jūs abas ar māsiņu tiksiet galā ar savu sirdsapziņu un karmu, ko sastrādājiet nošpricējot tautu? Atbilde bija: tu par to nerūpējies, mēs pašas ar to tiksim galā. Un to saka ārsts, kas it kā saprot, kas notiek. Es nevienu nenosodu,tikai tā līdz galam neizprotu.Labā ziņa tomēr šai visā ir tā, ka tas beigsies. Un visai drīz. Zemes vibrācijas turpina paaugstināties un tie, kas šo organizē nespēj turēt līdzi.  Tādēļ arī tāda panika un tādas metodes. Jo laika viņiem nav vairs daudz atlicis. Un viņi to zina un saprot. Un vienīgais ko viņi var darīt ir mēģināt mūsos iedzīt bailes, sanaidot mūs savā starpā. Mūsu lieta ir cik mēs tam paļaujamies un pakļaujamies. Turam savas vibrācijas augstu, nebaidāmies, neķildojamies, nenīstam savus tuvākos, rūpējamies par sevi un saviem apkārtējiem un neviens mums neko nevar padarīt. Ar savu mieru un pozitīvo attieksmi pret dzīvi mēs varam pietuvināt šī pasākuma beigas ātrāk. Lai mums izdodas.Kopā mēs varam!!!/Dr.E.Mednis/#AgenskalnaKlinika #KopaMesVaram #DziveBezBailem #IzglabDraugu #SargiBernus"
639,26.06.2022 11:21:09,Āgenskalna klīnika,,,
640,26.06.2022 11:54:47,Āgenskalna klīnika,,,"Šeit vēl interesants video skaidrojums par vēlēšanām. Kādēļ tās vajadzīgas un kam tās vajadzīgas. Nepievērsiet uzmanību politnekorektajai valstij, kas tur minēta, tā tas notiek visā pasaulē. Arī pie mums. Domājam paši, rīkojamies paši, un izslēdzam bailes. Tad viss būs labi.https://www.youtube.com/watch?v=cE8-phcesIsKopā mēs varam!!!/Dr.E.Mednis/#AgenskalnaKlinika #KopaMesVaram #DziveBezBailem #IzglabDraugu #SargiBernus"
641,26.06.2022 16:20:51,Āgenskalna klīnika,,,Tā lūk...... Kopā mēs varam!!!/Dr.E.Mednis/#AgenskalnaKlinika #KopaMesVaram #DziveBezBailem #IzglabDraugu #SargiBernus
642,26.06.2022 16:20:51,Āgenskalna klīnika,,,
643,01.07.2022 09:53:43,Āgenskalna klīnika,,,"No šīs pasaules ir aizgājis viens no spožākajiem ārstiem un brīvības cīnītājiem Dr. Zev Zelenko. Viņš ir izstrādājis Zelenko protokolu kovida ārstēšanā, veiksmīgi izārstējis ļoti daudzus cilvēkus, tai skaitā bijušo ASV prezidentu Trampu.Jūtam līdzi sērās viņa ģimenei, draugiem, kolēģiem.Kopā mēs varam!!!/Dr.E.Mednis/#AgenskalnaKlinika #KopaMesVaram #DziveBezBailem #IzglabDraugu #SargiBernus"
644,01.07.2022 09:53:43,Āgenskalna klīnika,,,
645,01.07.2022 10:37:46,Āgenskalna klīnika,,,"Rudens solās būt gana interesants mūsu dievzemītē. Pieņemtie (labotie) MK noteikumi, Kanādas karavīru papildus kontingents, runas par piespiedu špricēšanu.......  Bez tam arī vēlēšanas. Tikai interesanti kā šis fakts iet kopā ar liela Nato militārā kontingenta ievešanu Latvijā? Vai atkārtojas 1940.gads? Demokrātiskas vēlēšanas? Toreiz zem PSRS armijas stobriem, šoreiz zem Nato. īstena demokrātija jauno (vai varbūt veco) laiku stilā. Nekas jau jauns nav izdomāts. Viss jaunais, kā zinām, ir labi aizmirsts vecais. Toreiz mūs glāba no tumsonības krievi, šoreiz kanādieši. Domāju tikai, kā mums paveicies, ka ik palaikam atrodas kāds, ka ielej gaismu šajā tumšajā nostūrī un šeit dzīvojošo tumšo ļautiņu sirdīs un prātos. Aizraujošs seriāls. Vai tas nozīmētu, ka globālistu plāni brūk un ir vajadzīgi papildus resursi, lai tos īstenotu? Un ko darīt mums? Diezin vai pietiks ar atsevišķu ierakstu izdarīšanu interneta vietnēs un jau ierasto papukstēšanu savās virtuvēs un guļamistabās, kā arī parasto pakašķēšanos savā starpā. Kāds ir risinājums? Veidot tautas pašaizsardzības vienības? Un ne tikai pašaizsardzības, arī medicīnas, skolu un citas. Mukt projām? Rakt bunkurus savā zemes gabaliņā? Katram noteikti savs. Bet risinājums ir jāmeklē mums kopīgi. Tautai ir jāapvienojas. Latvijas tautai. Gan latviešiem pašiem, gan krieviem, ukraiņiem, lietuviešiem. Visiem, kas dzīvo šajā teritorijā. Tikai tad mēs varam uzvarēt. Un viņi to zina, jo tādēļ jau tik centīgi tiek piestrādāts pie tautas sašķelšanas - pote, nepote, piemineklis, vēlēšanas - iet vai neiet u.t.t.. Vienmēr jājautā kam tas ir izdevīgi. Un mūsu šķelšanās ir izdevīga Kariņlevitpavļutveidīgajam pūķim un viņu globālistu saimniekiem. Mūsu ziņā ir pieļaut to vai nē.Kopā mēs varam!!!/Dr.E.Mednis/#AgenskalnaKlinika #KopaMesVaram #DziveBezBailem #IzglabDraugu #SargiBernus"
646,01.07.2022 10:47:34,Āgenskalna klīnika,,,
647,01.07.2022 12:27:16,Āgenskalna klīnika,,,Pievienojos par visiem 100%.Kopā mēs varam!!!/Dr.E.Mednis/#AgenskalnaKlinika #KopaMesVaram #DziveBezBailem #IzglabDraugu #SargiBernus
648,01.07.2022 12:27:16,Āgenskalna klīnika,,,
649,01.07.2022 23:03:08,Āgenskalna klīnika,,,"Šādu aicinājumu saņēmu un nolēmu padalīties. Iespējams, ka vēl kādam šī tēma kremt.Dārgie ceļabiedri! Gribu painformēt par kultūras cilvēku Kristas Burānes un Jāņa Baloža iniciētu piketu pret valdības pieņemtajiem grozījumiem koku ciršanas noteikumos, kas turpmāk ļaus cirst gandrīz uz pusi jaunākus mežus. Ukrainas karoga aizsegā tika pa kluso pieņemts arī šis. 😔 Ja gadījumā vēl kādam tas sāp, tad priecāšos satikt otrdien 5.jūlijā 9:00 pie Ministru kabineta.Kopā mēs varam!!!/Dr.E.Mednis/#AgenskalnaKlinika #KopaMesVaram #DziveBezBailem #IzglabDraugu #SargiBernushttps://www.facebook.com/events/769659104037758/?ref=newsfeed"
650,03.07.2022 11:08:33,Āgenskalna klīnika,,,"Kādreiz jāparunā ari par ko skaistu. Brīvības studijā esam izveidojuši jaunu raidījumu ciklu ""Uz laukiem"". Tas domāts mums visiem, kas apsver domu pārvākties dzīvot uz laukiem. Prom no elektromagnētiskā smoga, prom no cilvēkiem, prom no izplūdes gāzēm. Tuvāk pie dabas. Lai saplūstu ar dabu. Tas nav nemaz tik vienkārši, kā tas sākumā izskatās. Lai šo jautājumu izlemtu ir nepieciešamas zināšanas. Studijā aicināsim cilvēkus, kas dzīvo laukos, kam ir reāla pieredze, kurā viņi laipni dalīsies.  Tās ir dažādas.Nupat klajā nācis pirmais raidījums - saruna ar Melitu Janušu Raubu un viņas pieredzi.https://www.youtube.com/watch?v=sZcCXLf1hogKopā mēs varam!!!/Dr.E.Mednis/#AgenskalnaKlinika #KopaMesVaram #DziveBezBailem #IzglabDraugu #SargiBernus"
652,13.07.2022 11:02:55,Āgenskalna klīnika,,,"Turpinām lauku tēmu. Šoreiz ar Aināru Iesavu, kam ir paliela lauku dzīves pieredze. Kopā mēs varam!!!/Dr.E.Mednis/#AgenskalnaKlinika #KopaMesVaram #DziveBezBailem #IzglabDraugu #SargiBernus"
653,13.07.2022 11:02:55,Āgenskalna klīnika,,,
654,13.07.2022 11:05:46,Āgenskalna klīnika,,,"Re, labas ziņas. Gāze paliekot lētāka, arī nafta. Tad drīz varam gaidīt labas ziņas arī savos gāzes rēķinos un arī benzīntankos. Ja vien ....... kariņlevitpavļut trejgalvu pūķis nelems savādāk. To redzēsim visai drīz.Kopā mēs varam!!!/Dr.E.Mednis/#AgenskalnaKlinika #KopaMesVaram #DziveBezBailem #IzglabDraugu #SargiBernus"
655,13.07.2022 11:05:46,Āgenskalna klīnika,,,
656,14.07.2022 14:11:46,Āgenskalna klīnika,,,"O čom mi tak dolgo govoriļi (par ko mēs tik ilgi runājām)? Fragments no vienas vecas anekdotes. Bet šobrīd smiekli tā īsti nenāk. Nupat izgaismojas tas, par ko runājām jau kopš špricēšanas sākuma. Shēma ļoti vienkārša: sākumā cilvēku sabaida (nāvējošs vīruss), tad piedāvā risinājumu (injekcijas). daļa no tām atstiepj kājas, daļa izdzīvo. Tiek panākts divi vienā efekts. Samazinās populācija (Bill Geitss jau nes ir teicis: ja mēs kārtīgi pastrādāsim ar vakcīnām, tad ir iespējams samazināt populāciju par 10-15 %) un tiek izmainīta cilvēka DNS. Tagad nāk gaismā iemesls, kāpēc tik ļoti bija jāiedabū katrā cilvēkā šī indes deva - izmaiņas DNS. Līdz ar šīm izmaiņām cilvēka ķermenis kļūst par ""intelektuālu īpašumu"" kādam, kam ir patents. Apsveicu laimīgos uzvarētājus (špricētos) - jūs esiet kļuvuši par Geitsa kunga un tam pietuvināto intelektuālo īpašumu. Un tas, pie tam, notika pēc cilvēka brīvas gribas, par ko liecina katra parakstīts dokuments. Balvas studijā...... Tikai nav īsti vēl skaidrs kas notiek ar tiem, kas ierakstu par šprici ir nopirkuši.Sakiet paldies tautas tēviem, partijai un valdībai par šo unikālo iespēju. Nākošais solis būs tas, ka uz špricētajiem neattieksies cilvēktiesības, jo viņi ir ""intelektuālais īpašums"". Tātad īpašums. Tātad vergi. jauki, vai ne? Dod dievs, ja es kļūdos. Bet, vismaz šobrīd, izskatās, ka nē. Tādēļ, tie, kas nav vēl saņēmuši iniciāciju šajā kultā, turamies. Neļaujamies iebiedēties, neļaujamies pazemoties un nekļūstam par īpašumu kādam. Kopā mēs varam!!!/Dr.E.Mednis/#AgenskalnaKlinika #KopaMesVaram #DziveBezBailem #IzglabDraugu #SargiBernus"
657,14.07.2022 14:11:47,Āgenskalna klīnika,,,
658,16.07.2022 10:33:25,Āgenskalna klīnika,,,"Stāsti par genocīdu Latvijā turpinās. Šoreiz Brīvības studijā mana saruna ar skolotāju Litu Ventiņu par atlaišanu no darba. Viņa ir skolotāja 3.paaudzē ar vairāk kā 30 gadu pieredzi, bet izrādījās nevajadzīga mūsu izglītības sistēmai, jo atteicās no iniciācijas sātanistu kultā. Saruna par viņas pieredzi, darbu, dzīvi.https://www.youtube.com/watch?v=GK5NWhxYA_QKopā mēs varam!!!/Dr.E.Mednis/#AgenskalnaKlinika #KopaMesVaram #DziveBezBailem #IzglabDraugu #SargiBernus"
659,19.07.2022 20:35:31,Āgenskalna klīnika,,,Turpinām lauku tēmu ar Aināru Iesavu. Kā sākt dzīvot laukos. Par ko jāparūpējas pārceļoties uz laukiem. Kas jāsagatavo.Kopā mēs varam!!!/Dr.E.Mednis/#AgenskalnaKlinika #KopaMesVaram #DziveBezBailem #IzglabDraugu #SargiBernus
660,19.07.2022 20:35:32,Āgenskalna klīnika,,,
661,19.07.2022 23:19:14,Āgenskalna klīnika,,,"Ļoti vērtīgs Viestura Rudzīša raksta par ārsta brīvību. Un arī pacienta brīvību izvēlēties kā, pie kā un ar kādu metodi ārstēties. Raksts ir papildināts ar viņa paša pieredzi viesojoties Vācijā, Gersfeldē pie netradicionālās medicīnas ārsta Jurgena fon Rozena (Juergen von Rosen), ar kuru man arī bija tas gods iepazīties un mācīties viesojoties viņa vadītajā klīnikā.https://www.viestursrudzitis.lv/arsts-briviba/Kopā mēs varam!!!/Dr.E.Mednis/#AgenskalnaKlinika #KopaMesVaram #DziveBezBailem #IzglabDraugu #SargiBernus"
662,20.07.2022 14:24:14,Āgenskalna klīnika,,,Te arī solītā saruna ar skolotāju Litu Ventiņu. Kopā mēs varam!!!/Dr.E.Mednis/#AgenskalnaKlinika #KopaMesVaram #DziveBezBailem #IzglabDraugu #SargiBernus
663,20.07.2022 14:24:15,Āgenskalna klīnika,,,
664,21.07.2022 11:56:59,Āgenskalna klīnika,,,"Nu re, arī labas ziņas. Šoreiz no Itālijas.  Tur ar tiesas lēmumu atcelts aizliegums strādāt nešpricētam psihologam. Un pamatojums, kas šis aizliegums ir nacistu fašisma izpausme. Interesanti, kad mūsu valsts Vajāšanas Veselības) inspekcija atcels visus savus pieņemtos fašistiskos aizliegumus praktizēt ārstiem un māsām, kas nav pieņēmuši un nevēlas pieņemt iniciāciju šajā dēmoniskajā kultā, ko nezin kāpēc sauc par Covid 19? Ceru, ka ilgi nebūs jāgaida līdz šo aizliegumu atcelšanai arī pie mums.https://report24.news/italien-gericht-hebt-berufsverbot-fuer-ungeimpfte-psychologin-auf-einzelne-opfern-ist-nazi-faschismus/?feed_id=19148Kopā mēs varam!!!/Dr.E.Mednis/#AgenskalnaKlinika #KopaMesVaram #DziveBezBailem #IzglabDraugu #SargiBernus"
665,01.08.2022 00:57:06,Āgenskalna klīnika,,,"Andris Ciekurs apskata FDA dokumentus, kuros minēti, beidzot publicēti, Pfizer dati par viņu populārajām injekcijām grūtniecēm, kas esot ""drošas un efektīvas"". Efektīvas jā, jo izraisa spontānos abortus un nedzimušo bērnu nāvi. Drošas? Kas ir tas, kā Pfizer saprot jēdzienu ""drošas"".? Protams arī jautājums Dr. Veisai un Dr. Rezebergai, kā arī, protams, Imunizācijas valsts padomes priekšsēdētājai profesorei Dacei Zavadskai. Gribētos dzirdēt pamatotu viņu skaidrojumu šiem ar tiesas lēmumu publicētajiem dokumentiem.https://www.facebook.com/gaismastimeklis/videos/990836278251731/?extid=NS-UNK-UNK-UNK-AN_GK0T-GK1C-GK2C&ref=sharingKopā mēs varam!!!/Dr.E.Mednis/#AgenskalnaKlinika #KopaMesVaram #DziveBezBailem #IzglabDraugu #SargiBernus"
667,01.08.2022 22:52:15,Āgenskalna klīnika,,,
668,01.08.2022 22:53:07,Āgenskalna klīnika,,,
669,02.08.2022 23:52:35,Āgenskalna klīnika,,,"Vai vēzis ir ārstējams? Ja jā, tad kā to var izdarīt? Uzsākam jaunu sarunu ciklu par alternatīvo ārstēšanu dažādām kaitēm. Šī, pirmā, saruna ir ar Maiju Pohodņevu un Modri Pelsi par to kā tikt galā ar vēzi. Modra stāsts no viņa personīgās pieredzes.https://www.youtube.com/watch?v=PYsDImkWy_MKopā mēs varam!!!/Dr.E.Mednis/#AgenskalnaKlinika #KopaMesVaram #DziveBezBailem #IzglabDraugu #SargiBernus"
670,03.08.2022 23:19:23,Āgenskalna klīnika,,,
671,03.08.2022 23:19:23,Āgenskalna klīnika,,,
672,04.08.2022 15:20:21,Āgenskalna klīnika,,,"Šis ir ļoti vērtīgs materiāls. Katram derētu izlasīt. Bez tam ir aizdomas, ka grafēns patreiz tiek pievienots arī citām ""konvencionālajām"" jeb ""vecajām"" vakcīnām. Arī tām, ko ievada bērniem. Protams, ka ""speciālisti"" to noliegs. Katrā ziņā turam acis un ausis vaļā. Nu vairs mēs neesam tik naivi kā pirms pāris gadiem. Daudz kas ir nācis gaismā un daudz kas vēl nāks. Interesantā laikā dzīvojam;Kopā mēs varam!!!/Dr.E.Mednis/#AgenskalnaKlinika #KopaMesVaram #DziveBezBailem #IzglabDraugu #SargiBernus"
673,04.08.2022 15:20:21,Āgenskalna klīnika,,,
674,04.08.2022 15:20:21,Āgenskalna klīnika,,,
675,04.08.2022 16:23:30,Āgenskalna klīnika,,,"Interesanta informācija šeit. Par to, kur paliek jūsu nodotie testi. Iespējams arī asins paraugi. Ir zināms, ka pasaulē šobrīd ir ļoti daudz dažādas patiesas un ne tik patiesas informācijas. Bet katrā ziņā aizdomāties par šo vajadzētu. Jo kādēļ tad ar šantāžu cilvēkus piespiež nodot testus - netiek pie ārsta bez tā, netiek slimnīcā bez tā, skolēniem skolās u.t.t.. Bez tam šī testa ticamība diagnostiskos nolūkos ir tā maigi sakot apšaubāma. Bet jātaisa visiem.Vienkārši padomājam.Kopā mēs varam!!!/Dr.E.Mednis/#AgenskalnaKlinika #KopaMesVaram #DziveBezBailem #IzglabDraugu #SargiBernus"
676,04.08.2022 16:23:30,Āgenskalna klīnika,,,
677,04.08.2022 22:23:22,Āgenskalna klīnika,,,"Ārsti runā. Te Dr. stāsta par Pfizer bērnu vakcinācijas izmēģinājumu un tā rezultātiem. Slēdziens - vakcīnas ir drošas un efektīvas. Ja papēta viņu pašu dotos skaitļus, tad tā vis nesanāk. Neļaujiet sašpricēt savus bērnus ar šo indi.Kopā mēs varam!!!/Dr.E.Mednis/#AgenskalnaKlinika #KopaMesVaram #DziveBezBailem #IzglabDraugu #SargiBernus"
678,04.08.2022 22:23:22,Āgenskalna klīnika,,,
679,07.08.2022 19:03:12,Āgenskalna klīnika,,,
680,09.08.2022 09:11:38,Āgenskalna klīnika,,,
681,11.08.2022 08:53:50,Āgenskalna klīnika,,,"Labrīt visiem. Te nu beidzot ir iespēja izpausties. RSU sagatavojuši anketu par Covid vakcīnu drošību. Laipni lūgti izpausties.  Vienīgi, vismaz Veselības aprūpes speciālisti neesot pētījuma grupa. Līdz ar to anketu viņiem ""norauj"". Iespējams arī citas prioritārās specialitātes.Izpaužamies.https://www.rsu.lv/aktualitates/latvijas-iedzivotaji-aicinati-piedalities-aptauja-par-covid-19-vakcinu-drosuma-uztveriKopā mēs varam!!!/Dr.E.Mednis/#AgenskalnaKlinika #KopaMesVaram #DziveBezBailem #IzglabDraugu #SargiBernus"
682,11.08.2022 11:41:04,Āgenskalna klīnika,,,"Kā strādā nākotnes medicīna? Tā meklē cēloņsakarības. Bet nevis tikai fiziskajā līmenī, bet globāli. Katrai slimībai ir savs iemesls, sākums. Ne vienmēr tas ir vīrusu vai kādu citu ļaundaru sekas, kā bieži mums tiek iegalvots. par iemēru var ņemt nabaga papillomas vīrusu, kam pieraksta dzemdes kakla vēža izraisītāja ""godu"". Bet, varbūt ir vērts paskatīties nedaudz plašāk? Iespējams, ka tur ir patiesais cēlonis. Šdā gadījumā, gan vakcīnu neizdosies uzradīt un līdz ar to kāds miljons ies garām kabatai. Bet toties varēs reāli palīdzēt cilvēkiem. Piemēram, kā šajā video. Izrādās, ka vīriešiem sēklinieka audzēja cēlonis ir tuva cilvēka zaudējums. Tāpat arī sievietēm ar olnīcu audzējiem. Ir vērts aizdomāties? Jā, protams. Domājam.Kopā mēs varam!!!/Dr.E.Mednis/#AgenskalnaKlinika #KopaMesVaram #DziveBezBailem #IzglabDraugu #SargiBernus"
683,11.08.2022 11:41:04,Āgenskalna klīnika,,,
684,11.08.2022 15:15:45,Āgenskalna klīnika,,,"Kolosāls Aināra Kadiša teksts par piedalīšanos vēlēšanās. Grūti nepiekrist.⚡️🗝🔥🔔 AinārsKadišs10.08.22.Vēlētāja ābece. Aksiomas.1.Demokrātiskas sabiedrības princips ir vairākuma (kvorums) vara pār mazākumu. Mērķtiecīgas un ilgstošas cilvēku ideoloģiskās apstrādes un smadzeņu skalošanas rezultātā sabiedrības vairākums ir pārvērties par trulu patērētāju sabiedrību. Balsojot pēc labākajiem demokrātijas principiem par to, kas šodien būs pusdienās, piedaloties, vilkam, šakālim, hiēnai un aitai, pēdējai tikt pie pusdienām izredžu nav.Fabula – Nevelciet svešu jūgu kopā ar neticīgajiem. Jo kāda daļa ir taisnībai ar netaisnību?Kas ir gaismai kopējs ar tumsību?(2.Kor.16-18)Tikai garīgi attīstītā sabiedrībā ar emocionāli inteliģentu, gaišu un dievbijīgu cilvēku skaitlisko pārsvaru, vēlēšanas pēc kvoruma principa varētu būt ar pozitīvu pienesumu. Nepiedalies pasākumos un nespēlē pēc noteikumiem, kuri jau pēc definīcijas tavu uzvaru neparedz.2.Latvijā vara jau sen faktiski tautai nepieder, tātad – tā pieder tautai naidīgiem spēkiem. To nepārprotami parāda, izgaismo un pierāda MK lēmumi un Saeimas pieņemtie likumi, kuri klaji vērsti pret tautu, tās interesēm, jau nesuši smagas sekas un ir pielīdzināmi sankcijām. Attiecīgi secināms, ka Latviju pārvalda okupācijas administrācija.Brīvprātīga piedalīšanās okupācijas administrācijas rīkotos pasākumos (piemēram - vēlēšanas), kuri leģitimizē un stiprina tās varu, ir sadarbošanās ar to un klasificējama kā kolaboracionisms, kas ir noziegums.Fabula – dari ko darīdams, apdomā galu! Lai gan īstermiņā sadarbošanās ar tautai naidīgu režīmu var būt materiāli un visādi citādi izdevīga, tā ir nodevība pret tautu un – varas maiņas gadījumā – kolaboranti stāsies tautas tiesas priekšā.3. Antihumānie režīmi tradicionāli turās gan ar propagandas, gan kolaboracionistu, gan militāra spēka palīdzību. Ja varas maiņas gadījumā svešzemju algotņi, visticamāk, Latviju pametīs un dosies mājās, tad vietējiem policistiem un citiem spēka struktūru darbiniekiem šādas iepējas nebūs. Par to ieteiktu padomāt jau savlaicīgi, veicot represijas pret tautu, iekasējot netaisnīgus, nesamērīgus un pazemojošus sodus utt. Varas mainās pat viena cilvēka dzīves laikā. Nav nekāda pamata domāt, ka šī pastāvēs mūžīgi.Fabula – ko sēsi, to pļausi. Dari citiem tā, kā tu gribētu, lai dara tev.4.“Viņi” - antihumānie globālie spēki ar metastāzi Latvijā, daudz augstāk vērtē piemānīšanu, piekrāpšanu, iebiedēšanu, nekā brutālu piespiešanu ar varu. Tādēļ, piemēram, pat pirms slavenās injekcijas cilvēkiem liek parakstīties. Tiem, kuri parakstīties atsakās, šļura injicēta netiek (līdz šim – 11.08.22). Tas pats ar sodiem, nodokļiem, nodevām un netaisnīgiem, neatbilstošiem tarifiem. Tie visi ir noformēti kā brīvprātīgi maksājumi. Ja maksājuma uzdevumā nepierakstīsiet, ka nauda vai tās daļa ir izspiesta, vēlāk to būs grūti pierādīt un vainīgos saukt pie atbildības, kā arī saņemt kompensāciju.Tas pats ar “vēlēšanām”. Piedalīšanās tajās ir brīvprātīga - ar varu nevienu nespiež. Bet, lai varētu netraucēti, “leģitīmi” un nesodīti turpināt darīt savas nelietības un vest Latvijas tautu nebūtībā, “viņiem” tautas aktivitāti šajā pasākumā vajag.Gan saucamo “opozīcijas partiju”, gan “pretšļuras trenda” aktīvistu, gan citu “gaismas spēku” piesaistīšana vēlēšanu farsam ir ar vienu mērķi – aktivizēt un iesaistīt elektorātu. Brīžīem šī vēlme izpaužās gluži smieklīgi un histēriski, kā tas ir ar ideju par balsošanu ar nederīgiem personu apliecinošiem dokumentiem. Nākamā stadija būtu atļaut balsot arī mirošo radinieku vietā. Kā saka - āža kāja lien laukā. Sak, - balso, par ko vēlies, galvenais – atnāc un paraksties...Fabula – bailēm lielas acis! un - “Gudrais paredz nelaimi un paglābjas, bet neprātīgie drāžas taisni tai cauri un dabū ciest. (Sal.pam.22:3)Kopā mēs varam!!!/Dr.E.Mednis/#AgenskalnaKlinika #KopaMesVaram #DziveBezBailem #IzglabDraugu #SargiBernus"
685,13.08.2022 17:22:26,Āgenskalna klīnika,,,"Protests Nīderlandē, kur globālisti grib fermeriem atņemt zemes un darbu. Līdz ar to arī iztiku.Kopā mēs varam!!!/Dr.E.Mednis/#AgenskalnaKlinika #KopaMesVaram #DziveBezBailem #IzglabDraugu #SargiBernus"
686,13.08.2022 17:22:26,Āgenskalna klīnika,,,
687,13.08.2022 17:22:56,Āgenskalna klīnika,,,Līdzīgi arī Spānijā. Pasaule mostas.Kopā mēs varam!!!/Dr.E.Mednis/#AgenskalnaKlinika #KopaMesVaram #DziveBezBailem #IzglabDraugu #SargiBernus
688,13.08.2022 17:22:56,Āgenskalna klīnika,,,
689,14.08.2022 22:10:10,Āgenskalna klīnika,,,
690,17.08.2022 22:50:27,Āgenskalna klīnika,,,
691,19.08.2022 10:28:10,Āgenskalna klīnika,,,"10.08.22Ainārs KadišsVēlētāja ābece. Aksiomas.1.Demokrātiskas sabiedrības princips ir vairākuma (kvorums) vara pār mazākumu. Mērķtiecīgas un ilgstošas cilvēku ideoloģiskās apstrādes un smadzeņu skalošanas rezultātā sabiedrības vairākums ir pārvērties par trulu patērētāju sabiedrību. Balsojot pēc labākajiem demokrātijas principiem par to, kas šodien būs pusdienās, piedaloties, vilkam, šakālim, hiēnai un aitai, pēdējai tikt pie pusdienām izredžu nav.Fabula – Nevelciet svešu jūgu kopā ar neticīgajiem. Jo kāda daļa ir taisnībai ar netaisnību?Kas ir gaismai kopējs ar tumsību?(2.Kor.16-18)Tikai garīgi attīstītā sabiedrībā ar emocionāli inteliģentu, gaišu un dievbijīgu cilvēku skaitlisko pārsvaru, vēlēšanas pēc kvoruma principa varētu būt ar pozitīvu pienesumu. Nepiedalies pasākumos un nespēlē pēc noteikumiem, kuri jau pēc definīcijas tavu uzvaru neparedz.2.Latvijā vara jau sen faktiski tautai nepieder, tātad – tā pieder tautai naidīgiem spēkiem. To nepārprotami parāda, izgaismo un pierāda MK lēmumi un Saeimas pieņemtie likumi, kuri klaji vērsti pret tautu, tās interesēm, jau nesuši smagas sekas un ir pielīdzināmi sankcijām. Attiecīgi secināms, ka Latviju pārvalda okupācijas administrācija.Brīvprātīga piedalīšanās okupācijas administrācijas rīkotos pasākumos (piemēram - vēlēšanas), kuri leģitimizē un stiprina tās varu, ir sadarbošanās ar to un klasificējama kā kolaboracionisms, kas ir noziegums.Fabula – dari ko darīdams, apdomā galu! Lai gan īstermiņā sadarbošanās ar tautai naidīgu režīmu var būt materiāli un visādi citādi izdevīga, tā ir nodevība pret tautu un – varas maiņas gadījumā – kolaboranti stāsies tautas tiesas priekšā.3. Antihumānie režīmi tradicionāli turās gan ar propagandas, gan kolaboracionistu, gan militāra spēka palīdzību. Ja varas maiņas gadījumā svešzemju algotņi, visticamāk, Latviju pametīs un dosies mājās, tad vietējiem policistiem un citiem spēka struktūru darbiniekiem šādas iepējas nebūs. Par to ieteiktu padomāt jau savlaicīgi, veicot represijas pret tautu, iekasējot netaisnīgus, nesamērīgus un pazemojošus sodus utt. Varas mainās pat viena cilvēka dzīves laikā. Nav nekāda pamata domāt, ka šī pastāvēs mūžīgi.Fabula – ko sēsi, to pļausi. Dari citiem tā, kā tu gribētu, lai dara tev.4.“Viņi” - antihumānie globālie spēki ar metastāzi Latvijā, daudz augstāk vērtē piemānīšanu, piekrāpšanu, iebiedēšanu, nekā brutālu piespiešanu ar varu. Tādēļ, piemēram, pat pirms slavenās injekcijas cilvēkiem liek parakstīties. Tiem, kuri parakstīties atsakās, šļura injicēta netiek (līdz šim – 11.08.22). Tas pats ar sodiem, nodokļiem, nodevām un netaisnīgiem, neatbilstošiem tarifiem. Tie visi ir noformēti kā brīvprātīgi maksājumi. Ja maksājuma uzdevumā nepierakstīsiet, ka nauda vai tās daļa ir izspiesta, vēlāk to būs grūti pierādīt un vainīgos saukt pie atbildības, kā arī saņemt kompensāciju.Tas pats ar “vēlēšanām”. Piedalīšanās tajās ir brīvprātīga - ar varu nevienu nespiež. Bet, lai varētu netraucēti, “leģitīmi” un nesodīti turpināt darīt savas nelietības un vest Latvijas tautu nebūtībā, “viņiem” tautas aktivitāti šajā pasākumā vajag.Gan saucamo “opozīcijas partiju”, gan “pretšļuras trenda” aktīvistu, gan citu “gaismas spēku” piesaistīšana vēlēšanu farsam ir ar vienu mērķi – aktivizēt un iesaistīt elektorātu. Brīžīem šī vēlme izpaužās gluži smieklīgi un histēriski, kā tas ir ar ideju par balsošanu ar nederīgiem personu apliecinošiem dokumentiem. Nākamā stadija būtu atļaut balsot arī mirošo radinieku vietā. Kā saka - āža kāja lien laukā. Sak, - balso, par ko vēlies, galvenais – atnāc un paraksties...Fabula – bailēm lielas acis! un - “Gudrais paredz nelaimi un paglābjas, bet neprātīgie drāžas taisni tai cauri un dabū ciest. (Sal.pam.22:3)Iepriekšminēto apsvērumu dēļ un:Kamēr Latvijā nebūs sabiedriski – ekonomiski -politiskas iekārtas, kuras centrā ir nevis nauda, bet cilvēks; - kamēr Latvija ir tikai kolonijas statusā; - kamēr vara ir ārzemju aģentiem un viņu dibenlaižām; -"
692,19.08.2022 10:28:50,Āgenskalna klīnika,,,"kamēr minētie personāži organizē vēlēšanas un skaita balsis; - kamēr pastāv partokrātija; - kamēr vēlēšanas skaitās notikušas pat tad, ja tajās piedalās viens cilvēks(!); - kamēr deputātiem ir “neaizskaramība”, bezatbildība un tie nav atsaucami; - kamēr, galu galā, vēlēšanas nepauž tautas gribu - nav neviena iemesla tajās ņemt dalību un, attiecīgi – atbalstīt.Tādēļ, draugs – atstāj vien savu balsi pie sevis un lūko, ko var darīt “lietas labā” citos veidos...Kopā mēs varam!!!/Dr.E.Mednis/#AgenskalnaKlinika #KopaMesVaram #DziveBezBailem #IzglabDraugu #SargiBernus"
693,19.08.2022 10:39:41,Āgenskalna klīnika,,,
694,22.08.2022 10:59:56,Āgenskalna klīnika,,,"Ienākušas diezgan satraucošas ziņas. Nezinu gan cik taisnība vai dezinformācija. Bet ņemot vērā, ka katrā jokā ir daļa joka, tāpat katrā dezinformācijā ir savs patiesības grauds, nolēmu par to tomēr runāt. Tātad ziņa:Ļoti svarīgi VISIEM SKOLĒNU VECĀKIEM❗️❗️❗️Izglītības ministrija jau ir nodevusi instrukcijas par to, ka skolēni bez vecāku piekrišanas tiks “potēti” šoruden (pote būs orāli uzņemama, ne adatas veidā). Ļoti precīzi jālasa jaunie noteiktumi, ko vecāki parakstīs ar jauno mācību gadu, jo tur šis ir viltīgi noslēpts. Par šo nekaunību privāti ziņoja kāds pedagogs no Rīgas skolas, kas to savām acīm lasījis. Līdz ar to esam īpaši uzmanīgi un neļaujamiem manipulācijām ar saviem bērniem! ❗️❤️❗️Vērtējam paši un domājam paši. Lasām dokumentus, ko mums liek parakstīt. Un sargājam savus bērnus. Un, protams, ziņojam par jebkādiem mēģinājumiem bērnus saindēt pēc iespējas plašāk.Kopā mēs varam!!!/Dr.E.Mednis/#AgenskalnaKlinika #KopaMesVaram #DziveBezBailem #IzglabDraugu #SargiBernus"
695,24.08.2022 10:38:30,Āgenskalna klīnika,,,"Latvijas aktīvākie un gaišākie jaunieši ir uzrakstījuši Brīvības deklarāciju. Piedāvāju parakstīt. Es to izdarīju. Jo: Neviens mums nepiešķirs brīvību, jo mēs esam dzimuši brīvi (citāts no Brīvības deklarācijas).https://declarationoffreedom.net/Kopā mēs varam!!!/Dr.E.Mednis/#AgenskalnaKlinika #KopaMesVaram #DziveBezBailem #IzglabDraugu #SargiBernus"
696,26.08.2022 22:20:02,Āgenskalna klīnika,,,"Dīvainas darbības norisinājās Pārdaugavā. Esot viens cilvēks visu paveicis. Tā teikt mazs cinītis gāž lielu vezumu. Tā dēvēto Uzvaras pieminekli beidzot, kā solīts nojauca. Bet..... Dīvaini ir tas, ka 30 gadus tas nevienam īsti netraucēja, bet tagad..... Tagad sasparojās ļautiņi un to izdarīja. Varam minēt tikai kas tam bija par iemeslu. Zinām, ka nejaušību nav. Zinām to, ka šādas darbības nenotiek tāpat vien. Zinām to, ka brīdis nojaukšanai ir izvēlēts apzināti - karš Ukrainā, vēlēšanas un vēl, noteikti citi faktori, par kuriem es nezinu. Es neatbalstu karu Ukrainā. Es neatbalstu agresiju kā tādu. Bet, es neatbalstu arī savu spalvu spodrināšanu uz citu rēķina un otram acīs spļaušanu, lai arī viņš būtu izdarījis ko aplamu.Viss notiek pēc scenārija -  sākumā rīdīja potētos pret nepotētajiem, tad turpināja ar Ukrainas un Krievijas atbalstītājiem, tagad nācis klajā nacionālais jautājums - latvieši pret krieviem. Nelietīgi, manuprāt. Un jebkura šāda manipulācija tiek veikta tikai un vienīgi, lai sanaidotu cilvēkus savā starpā, jo tad viņi ir viegli vadāmi. Interesanti ko vēl izdomās, lai šķeltu? Būtu labāk apvienojuši tautu. Bet tas, redz, nav izdevīgi.Skumji. Vienkārši skumji. Mūsu uzdevums šajā laikā, kā izskatās ir neļauties provokācijām, neatbalstīt esošo režīmu. Mums pat tika izsūtītas instrukcijas kādu laiciņu atpakaļ ar rīcības plānu okupācijas gadījumā. Iespējams, šis ir tas gadījums. Jo jebkura okupācijas vara darbojas pretēji tautas interesēm. Ja esošā vara darbojas pretēji šeit dzīvojošo tautu interesēm, tad iespējams tā ir okupācijas vara. Sevišķi, ja to vada ārzemju pilsoņi. Vai tad ne? Kopā mēs varam!!!/Dr.E.Mednis/#AgenskalnaKlinika #KopaMesVaram #DziveBezBailem #IzglabDraugu #SargiBernus"
697,26.08.2022 22:20:03,Āgenskalna klīnika,,,
698,03.09.2022 11:42:10,Āgenskalna klīnika,,,"Ticiet zinātnei. Uzticieties tai. Akli. Nedomājot. Tādi saukļi ir dzirdēti pēdējo divu gadu laikā bezgala daudz. Bet, vai zinātne ir kāds ticības objekts? Reliģija? taču nē. Zinātniskiem faktiem jābūt skaidri un gaiši pierādāmiem. Un tos jāvar izskaidrot tā, lai tauta saprot. Nevis akli ticēt. Uzticēties. Izskaidrojiet lūdzu. Bet tas nav iespējams, jo šajā visā cirka programmā zinātnes nav. Tas viss ir no pirksta izzīsts burbulis, ko arī mūsu trejgalvu pūķis saprot. Un nu jau, paldies dievam, saprot arī liela tautas daļa. Šeit, pievienotajā ziņojumā ir aprakstīts, kurai zinātnei uzticēties. :)) Kā, iespējams, tiek veidoti pētījumi farmācijas industrijā. Kā fakti tiek pievilkti tā, kā pētniekam izdevīgi. Patiesības laikmets. Skatāmies un baudām. Vēl daudz interesantu lietu parādīsies.Kopā mēs varam!!!/Dr.E.Mednis/#AgenskalnaKlinika #KopaMesVaram #DziveBezBailem #IzglabDraugu #SargiBernus"
699,03.09.2022 11:42:10,Āgenskalna klīnika,,,
700,04.09.2022 11:51:45,Āgenskalna klīnika,,,"Kārtējā sagadīšanās, kam, protams, nav nekāda sakara ar špricēm. Laikam bija, ko nelāgu apēduši. Un tā visā pasaulē, dažādos sporta notikumos. Krīt kā mušas. Varbūt jāpārdomā ēdienkarte.Kopā mēs varam!!!/Dr.E.Mednis/#AgenskalnaKlinika #KopaMesVaram #DziveBezBailem #IzglabDraugu #SargiBernus"
701,04.09.2022 11:51:45,Āgenskalna klīnika,,,
702,05.09.2022 23:17:10,Āgenskalna klīnika,,,"Lasu Kadiša tekstus un priecājos - cik precīzi cilvēks formulē notiekošo un notikušo. Pievienojos viņa šeit rakstītajam par visiem 100%. Nav mums pēdējo 30 gadu laikā bijis valdības, kas aizstāvētu tautas intereses. Un tādā gadījumā, kas mainīsies šoreiz? balsosim par mazāko ļaunumu? tātad balsosim par ļaunumu? Es nē. Es balsošu par labumu. Bet ne šajās vēlēšanās. tajās es nepiedalīšos. Un nepiedalīšos zemāk minēto iemeslu dēļ. palasiet Kadišu. Vienkārši izcili. Un nesakiet: ja neaiziesim uz vēlēšanām, tad mūs te visus kā trusīšus nošpricēs piespiedu kārtā un vēl sazin ko. Nevienu nešpricēs piespiedu kārtā. Nevienam nekas nenotiks, ja vien paši būsim stipri un zināsim ko gribam. Zeme tomēr ir brīvās izvēles planēta. Un jebkurā situācijā mums IR izvēle. Un šīs izvēles izdarām mēs paši. Arī baidīties vai nebaidīties ir mūsu pašu izvēle. Tāpat kā ticēt visādiem šausmu stāstiem, kas būtu, ja būtu. Nebaidieties. Un ar jums nekas slikts nenotiks. Jā, varbūt nebūs viegli, varbūt būs kaut kas dzīvē jāmaina, bet nenotiks nekas slikts. Esiet elastīgi un atvērti. Un viss būs LABI. Faktiski jau IR labi.❤️Kopā mēs varam!!!/Dr.E.Mednis/#AgenskalnaKlinika #KopaMesVaram #DziveBezBailem #IzglabDraugu #SargiBernus⚡️Ainārs KadišsVēlēšanasPiedalīties vai ignorēt?Pēc vairāku lasītāju lūguma mēģināšu “izvilkt esenci” un īsi pamatot savu jau vairākkārt pausto viedokli par “vēlēšanām” mūsdienu Latvijā un to lomu Latvijas tautu pakļaušanā un iznīcināšanā.1) Latvija kā valsts, faktiski, nepastāv. Pat neraugoties uz to, ka tā reģistrēta kā komercuzņēmums, Latvijai jau sen nav suverēnas valsts galveno pazīmju, proti:a) nav robežu (izņemot austrumu virzienu),b) nav savas naudas,c) nav savas teritorijas (lielākā daļa mežu un zemju pieder ārvalstniekiem),c) nav savas valdības (tā, kas ir, nepārstāv Latvijas tautu un tās intereses). Lai gan juridiski vara Latvijā pieder tautai (Satversme 2.p.), faktiski – sadarbībā ar vietējiem, ASV apmācītiem un arī neapmācītiem kolaborantiem - Latviju pārvalda no ārzemēm iesūtīti, tautai toksiski aģenti. Viņi ir izveidojuši un turpina veidot likumisko bāzi Latvijas teritorijas attīrīšanai no pamatiedzīvotājiem. d) nav savas armijas. Kopš Latvija ir iestājusies NATO, tās teritorijā atrodas svešzemju karaspēks, bet Latvijas armijas kareivji tā vietā, lai pildītu Latvijas militārās drošības garantu funkciju, piedalās visai apšaubāmās lielvalstu politiski ekonomiskajās, ciniskajās “spēlēs” Austrumos, dažkārt pat nogalinādami tur vietējos cilvēkus, kuri nekad un neko sliktu Latvijai nav nedz vēlējuši, nedz darījuši. e) huntai iznīcinot ražošanu, LR jau sen ir padarīta par atkarīgu no saucamajiem “starptautiskajiem aizdevumiem” un vairs nespēj sevi apgādāt pat ar pārtiku. Faktiski – Latvija vēl spēj eksistēt tikai uz parāda, kurš jau tuvojas 20 miljardiem eur. Atgādināšu, ka Latvija pirms trīsdesmit gadiem uzsāka savu “neatkarības” ceļu bez parādiem. Acīmredzami, ka Latvijas “likumīgā” valdība ir veikusi ļaunprātīgu ekonomisko sabotāžu pret valsti un tās iedzīvotājiem.2)Vēlēšanas ir okupācijas administrācijas rīkots pasākums, lai piešķirtu leģitimitāti un solīdumu līdz šim paveiktajiem, pašlaik realizētajiem, un nākotnē plānotajiem noziegumiem. Pierunājot tautu piedalīties “vēlēšanās”, hunta viltīgi noveļ atbildību par saviem noziegumiem un to sekām uz visu elektorātu, sak, - tauta mūs ievēlēja un mēs darām tās gribu!Uzmanību! Katrs, kurš piedalās okupācijas administrācijas rīkotajā pasākumā un “atdod savu balsi”, stiprina un atbalsta šo režīmu un kļūst līdzatbildīgs par tā veiktajiem noziegumiem!3) Ar piedalīšanos LR administrācijas rīkotā pasākumā, mēs atzīstam to par likumīgu un piešķiram šai kliķei autoritāti un svaru. Tas ir tikpat pretīgi, kā dot godu cilvēkam, kurš to nav pelnījis."
703,05.09.2022 23:17:10,Āgenskalna klīnika,,,"4) Huntai ir pilnīgi vienalga, par ko jūs “vēlēsiet”. Galvenais – lai jūs atnāktu! Viņiem ir vajadzīgs jūsu paraksts par savu pilnvaru nodošanu uz četriem gadiem kādai partijai vai cilvēkiem tajās; pārējo viņi paši “sakārtos”. Atceraties Viņķeli? Viņai piederēja antirekords kā visvairāk svītrotajam deputāta kandidātam. Un?! Vai tas traucēja viņai kļūt par veselības ministri?! Un no kurienes tāds Kariņš uzradās?! No kādas kloākas savulaik uznira V.V,Freiberga, kura tagad sludina piedalīšanos vēlēšanās?!5) Saucamo “opozīcijas partiju” un “protesta balsojumu” mērķis ir piesaistīt un “atvilkt” uz vēlēšanām tos cilvēkus, kuri jau sen uz šo tukšo pasākumu ir nospļāvušies un tajā piedalīties neplāno. Tāda loma savulaik bija nelietīgajam Kaimiņam. Jāatzīst, ka šī, diemžēl, bija visspožāk nospēlētā loma viņa karjerā, kā rezultātā uz vēlēšanu iecirkņiem devās pat tādi cilvēki, kuri to nebija darījuši jau sen. Rezultātā Latvijas politisko mēslu vara tika stiprināta vēl uz četriem gadiem. Tagad ir uzradušies daudzi “kaimiņi”, kuru vienīgais mērķis ir nodrošinat savu materiālo labklājību nākam ajos četros gados. Jo deputāti, kā zināms, ir “neaizskarami”, nav atsaucami un par savu darbību personisko atbildību nenes. Iespējams, ka kāds no kandidātiem nav negodīgs. Tad viņš ir bezgala naivs un vientiesīgs. Kā aitiņa vilku barā...Minēto apsvērumu dēļ es tev, draugs, iesaku septiņreiz apdomāt, pirms kādu pilnvarosi lemt savā vietā.Pēc tam būs par vēlu…"
704,06.09.2022 20:16:58,Āgenskalna klīnika,,,"Bravo Dr. Dumpi. 👏💥 Es ilgi gaidīju šādu ziņu no Jums. Tas tikai nozīmē to, ka būs arī vēl citi ""atklājumi"", tikai tiem vajadzīgs laiks. Un Jums Dr. Dumpi ir vajadzīgs laiks, lai tos ietērptu vārdos.Kopā mēs varam!!!/Dr.E.Mednis/#AgenskalnaKlinika #KopaMesVaram #DziveBezBailem #IzglabDraugu #SargiBernus"
705,06.09.2022 20:16:58,Āgenskalna klīnika,,,
706,08.09.2022 00:25:03,Āgenskalna klīnika,,,"Vakar man bija ļoti jauka saruna ar Kristīni Lindenblati un Lauri Boču. Parunājām par pērtiķu bakām un špricēm, ko nezin kāpēc sauc par vakcīnām. Ļoti dinamiska un optimistiska mums sanāca saruna.Noskatieties arī Jūs.https://fb.watch/foHiqpmCU8/Kopā mēs varam!!!/Dr.E.Mednis/#AgenskalnaKlinika #KopaMesVaram #DziveBezBailem #IzglabDraugu #SargiBernus"
707,08.09.2022 11:56:35,Āgenskalna klīnika,,,"Arvīds Ulme. Īsi un kodolīgi par Profesoru Ugu Dumpi un viņam līdzīgajiem un vispār situāciju pasaulē saistībā ar ""ļoti bīstamo"" vīrusu.Kopā mēs varam!!!/Dr.E.Mednis/#AgenskalnaKlinika #KopaMesVaram #DziveBezBailem #IzglabDraugu #SargiBernus"
708,08.09.2022 11:56:36,Āgenskalna klīnika,,,
709,08.09.2022 15:03:24,Āgenskalna klīnika,,,
710,12.09.2022 23:33:02,Āgenskalna klīnika,,,
711,14.09.2022 10:57:15,Āgenskalna klīnika,,,"Interesanti. Astra Zeneca Viceprezidente nespēj atbildēt uz vienkāršiem jautājumiem. Tātad vai nu viņi nezina atbildes vai vienkārši melo, jo īstā bilde nemaz nav tik saulaina. Vai arī īstais, tā saucamās, vakcinācijas iemesls ir pavisam cits.Kopā mēs varam!!!/Dr.E.Mednis/#AgenskalnaKlinika #KopaMesVaram #DziveBezBailem #IzglabDraugu #SargiBernus"
712,14.09.2022 10:57:15,Āgenskalna klīnika,,,
713,14.09.2022 11:15:54,Āgenskalna klīnika,,,"Vēl interesants fakts. Mūsu slimnīcās smagos Covid gadījumos cilvēkiem tiek nozīmēts Remdesivir. Tās ir zāles, ko nozīmē trīs ārstu konsīlijs un, kas maksā ap 3000EUR. Un visai interesanta ir ziņa, kas ik pa laikam parādās neoficiālajā ziņu apritē, ka mirstība ir ļoti augsta, ja cilvēks tiek pieslēgts pie mākslīgās plaušu ventilācijas aparāta. Un tāpat ir ziņas, ka cilvēks ieiet savām kājām slimnīcā, tur viņa stāvoklis strauji pasliktinās un nedēļas laikā viņu iznes ar kājām pa priekšu. Tad, lūk, šeit varētu būt atbilde, vai arī viena no atbildēm. Tā publicēta prestižajā medicīnas žurnālā Lancet. Un tad lūk pētījuma rezumē ir šāds - mirstība ir tieši divas reizes lielāka, ja pacientam, kas pievienots mākslīgās plaušu ventilācijas aparātam tiek dots Remdesivir. Vai tiešām tie trīs dakteri, kas nozīmē šīs zāles to neredz? Tiešām nerodas jautājumi? Jeb divu gadu maskas ar sekojošu hipoksiju (hronisku skābekļa trūkumu) un regulāras mRNA injekcijas, kā arī paaugstinātais atalgojums par katru Covid slimnieku ir padarījušas kolēģus nejūtīgus un spriest nespējīgus. Nevilšus nāk prātā dziesma: trīs dakteri, trīs slakteri pie manas gultas stāv .......Vai tiešām tā ir? Kopā mēs varam!!!/Dr.E.Mednis/#AgenskalnaKlinika #KopaMesVaram #DziveBezBailem #IzglabDraugu #SargiBernus"
714,14.09.2022 11:15:54,Āgenskalna klīnika,,,
715,14.09.2022 11:31:12,Āgenskalna klīnika,,,
716,18.09.2022 11:41:57,Āgenskalna klīnika,,,"Patiesība lēnām nāk gaismā. Izrādās, ka Pfizer ""vakcīnas"" pret kovidu nav ieteicamas ne grūtniecēm, ne arī barojošām māmiņām. Drošības apsvērumu dēļ. Aleluja. Par ko mēs visu laiku runājām? Gribētos dzirdēt Dr. Veisas un Dr. Rezebergas skaidrojumus par šo injekciju ""drošību"" minētajās pacientu kategorijās.  Jo visu laiku tās no viņu abu mutēm tika proponētas kā drošas. Varbūt varētu ieteikt kolēģēm mazāk klausīties propagandu, bet vairāk tiešām iedziļināties zinātniskos pētījumos. Un arī mazāk izpildīt pasūtījumu. Citādi vēlāk var būt gan konflikts ar savu sirdsapziņu (ja tāda vēl palikusi) un arī juridski varētu būt grūtības.Gaidām arī ziņas, kas visas šīs injekcijas atmaskos kā absolūti nederīgas vīrusa apkarošanā un arī pats vīruss ir mega krāpšana. Kopā mēs varam!!!/Dr.E.Mednis/#AgenskalnaKlinika #KopaMesVaram #DziveBezBailem #IzglabDraugu #SargiBernus"
717,18.09.2022 11:41:57,Āgenskalna klīnika,,,
718,19.09.2022 22:28:50,Āgenskalna klīnika,,,"Šis ir, iespējams, vērā ņemams viedoklis. Izglītības sistēma, manuprāt, tiešām degradējas. Tāpat kā medicīna. Tikko skolotāji bija nodomājuši streiku. Tas, nezin kāpēc izčibēja. Laikam politnekorekti būtu pirms kazino spēles, ko sauc par vēlēšanām rīkot vēl arī streiku. tādēļ to ""noraka"". Ja sistēmas spēlētāji norok, tad tauta varētu uztvert ideju un likt sistēmai mainīties. Un tā ar visu.Jo mēs paši esam radītāji. Mēs radām visu, kas ir ap mums un mūsos.Kopā mēs varam!!!/Dr.E.Mednis/#AgenskalnaKlinika #KopaMesVaram #DziveBezBailem #IzglabDraugu #SargiBernus"
719,19.09.2022 22:28:50,Āgenskalna klīnika,,,
720,19.09.2022 22:28:50,Āgenskalna klīnika,,,
721,20.09.2022 15:58:43,Āgenskalna klīnika,,,"Inta Blūma, šķiet precīzi nodefinējusi šī brīža situāciju:Pārmaiņu laikā bieži vien cilvēki nepamana, kurā brīdī viņu dzīvēs vecais jau ir beidzies un sācis dominēt jaunais. Ja vēl nesen varēja teikt, ka esošā sistēma (politiskā, ekonomiskā, izglītības, utt.) ir vairākuma izvēļu atspoguļojums, tad pašlaik tā ir pamazām kontroli zaudējoša mazākuma izmisīgi centieni saglabāt veco varu...Mazākums vēl nav sapratis, ka ir pēkšņi kļuvis mazākumā un jūtas sistēmas atbalstīts.Taču vecā sistēma brūk un, jau tuvāko pāris gadu laikā tā nobruks pavisam, kopā ar visādām savienībām, organizācijām un ekonomikām. Un pamazām sāks izpausties vairākuma izpaustā realitāte, kurā ekoloģija, dabiskums,  vienotība un garīgums būs pamatā. Nav jēgas ar savu uzmanību barot mazākuma izvēlēto realitāti, tā drīz izbeigsies pati...Inta BlūmaKopā mēs varam!!!/Dr.E.Mednis/#AgenskalnaKlinika #KopaMesVaram #DziveBezBailem #IzglabDraugu #SargiBernus"
723,20.09.2022 23:24:27,Āgenskalna klīnika,,,"Nedaudz ezotērikas vēlam vakaram kopā ar Ivo Puriņu. Par laiku, kas patreiz notiek un tuvāko nākotni. Variet ticēt vai nē. tas ir Jūsu ziņā. 🌼https://www.facebook.com/ivo.purinsh/videos/1121064111868539/Kopā mēs varam!!!/Dr.E.Mednis/#AgenskalnaKlinika #KopaMesVaram #DziveBezBailem #IzglabDraugu #SargiBernus"
724,22.09.2022 00:04:37,Āgenskalna klīnika,,,"Ārsti neklusē. Viņi runā. Un ne tikai runā, bet arī tiesājas ar valsti. Un ārstiem bieži vien ir taisnība. Dr. Artis Žeigurs ir iesūdzējis valsti tiesā par aizliegumu strādāt nepieņemot eksperimentālu, nepārbaudītu un daudz nopietnām blaknēm apveltītu nāves injekciju. Tiesas sēde ir bijusi. Gaidām spriedumu.  Interesantākais, ka valsts pārstāvim nav atbilžu z daudziem jautājumiem. Vai arī šīs atbildes tiek apzināti slēptas, jo ir neērtas un neizdevīgas valdošajai kliķei.Novēlu Dr. Žeiguram izdošanos uzvarēt šajā tiesas procesā.http://www.bernuarsts.lv/pardomas-gaidot-spriedumu-pec-tiesas-sedes/Kopā mēs varam!!!/Dr.E.Mednis/#AgenskalnaKlinika #KopaMesVaram #DziveBezBailem #IzglabDraugu #SargiBernus"
725,22.09.2022 13:27:05,Āgenskalna klīnika,,,"Ainārs Kadišs, kā vienmēr, precīzs un tiešs. ⚡️🇱🇻🗝  Ainārs Kadišs 20/09/22Tev ir jāmaksā par visu:Par piedzimšanu un par apbedīšanu, par ūdeni un siltumu, par izglītību un medicīnu, par savas automašīnas un savas mājas vai dzīvokļa lietošanu, par atkritumiem un OIKiem, par televīziju un par katru izziņu, par tualeti un par auto stāvvietu, par nama apsaimniekošanu un neadekvāti dārgtajām zālēm aptiekās, par tiesu un par aizstāvību, par bērnu mūzikas skolu un sporta pulciņu, par maskām un par testiem, un te, pēkšņi - BĀC! - VAKCĪNAS PAR VELTI! Viena, otra, trešā, ceturtā! VISAS PAR VELTI! Galds klāts! Nāciet, stājieties rindā, saņemiet! Lieli un mazi - sanāciet, saduriet, salaidiet savā miesā bezmaksas šļuru!.. Jums vairs nebūs problēmu!Cilvēki - kas ar jums?! Es negribu domāt, ka esat debīli - labāk domāšu, ka esat noburti. Vai - apmāti. Jo tikai cilvēks ar bojātu prātu var ticēt tam, ka hunta, kura sistemātiski un metodiski, visdažādākajos veidos un jomās Latvijā ir veikusi iznīcinošas, klaji pretvalstiskas un antihumānas darbības, pēkšņi ieinteresējusies par jūsu veselību un pat sākusi par to rūpēties! Tu tam tici? Nopietni?!Ja tā - mēs attālināmies. Tas nav par toleranci vai tās trūkumu. Tas ir par dzīvi uz vienas planētas, bet dažādās dimensijās... Bet - kas zina - varbūt tieši šis dramatiskais melu, nāves, mantkārības un visatļautības orģiju laiks daudziem liks izvēlēties un palīdzēs spert pirmo, drosmīgo soli pretī brīvai, skaistai un taisnīgai pasaulei, kurā nav baiļu, melu un viltus. Un šī skaistā pasaule sākas mūsu apziņā...Kopā mēs varam!!!/Dr.E.Mednis/#AgenskalnaKlinika #KopaMesVaram #DziveBezBailem #IzglabDraugu #SargiBernus"
726,22.09.2022 17:24:38,Āgenskalna klīnika,,,"Visā pasaulē mirušo skaits laika vienībā ir palielinājies pēdējā gada laikā. Ļoti iespējams, ka tā ir sakritība un tam nav nekāda sakara ar špricēšanu ar nezināmas izcelsmes toksisku vielu mākslīgi radīta vīrusa aizsegā. Kopā mēs varam!!!/Dr.E.Mednis/#AgenskalnaKlinika #KopaMesVaram #DziveBezBailem #IzglabDraugu #SargiBernus"
727,22.09.2022 17:24:38,Āgenskalna klīnika,,,
728,23.09.2022 09:47:44,Āgenskalna klīnika,,,"Neliels komentārs vēlēšanu sakarā. Tikko sociālajos tīklos parādījās video, kurā sabiedrībā pazīstami cilvēki aicina balsot. Pārsvarā mediju pārstāvji. Tas man savilkās kopā ar laiku pirms gada pusotra, kad populāri cilvēki aicināja iet špricēties.  Shēma jau nemainās. Un, ja jau sistēma atkal izmanto veco triku un aicina, tad varbūt, ka der atcerēties nesenu pagātni. Pie kā noveda špricēšanās mēs zinām. Un vēl daudz par to uzzināsim. Tad šobrīd jautājums - kādēļ mūs tik intensīvi un izmisīgi aicina atdot savu balsi / parakstu? Acīm redzot visas konspirāciju teorijas ar matemātisku precizitāti piepildās. Arī šai būs lemts piepildīties. Vēlēšanas ir koloniālās pārvaldes īstenots fikcija. Ja mēs tajās nepiedalāmies, tad nākošā būs pašpasludināta Saeima un līdz ar to neleģitīma. Jo mazāk cilvēku aizies šajā kazino piedalīties, jo mazāka likumība šai Saeimai. Tikko jau bija pirmie ziediņi - Šlesera saraksts ar Pļaviņu un citiem opozicionāriem. Kad viņam jautāja kas notiks, ja kādā jautājumā viņa un, piemēram, Pļaviņa viedoklis atšķirsies uz ko viņš (Šlesers) atbildēja, ka būšot ļoti stingra partijas disciplīna. Tad par ko mēs runājam? Kāda opozīcija? Un vēl - mediji jums meloja pēdējos divus gadus nemaz nekautrējoties no atklātiem meliem un tad nu tagad tie stāsta jums tīru patiesību un aicina uz cēliem un jums nepieciešamie darbiem? Mostieties. Pēc būtības nekas nav mainījies. Un tikai mēs paši spējam izmainīt lietu kārtību. Un nevis piedaloties kazino spēlē, kurā noteikumi ir rakstīti tā, lai uzvarētājs jau iepriekš būtu zināms. Domājam vēsu prātu. Bez bailēm. Ar tām mūs atkal mēģina dabūt iekšā peļu slazdā. Domājam, rīkojamies, nebaidāmies. Kopā mēs varam!!!/Dr.E.Mednis/#AgenskalnaKlinika #KopaMesVaram #DziveBezBailem #IzglabDraugu #SargiBernus"
729,23.09.2022 09:49:09,Āgenskalna klīnika,,,
730,23.09.2022 10:17:28,Āgenskalna klīnika,,,
731,24.09.2022 21:29:25,Āgenskalna klīnika,,,"Kārtējā gripas sezona ir klāt un čaklie darboņi jau piedāvā jums injicēt kārtējo gripas vakcīnu, Doma, iespējams, nav slikta, ja vien tā (gripas vakcīna) nesaturētu dzīvsudrabu, kas kā zināms ir inde. Pēdējie divi gadi bija, manuprāt, ļoti vērtīgi mums visiem, jo iemācīja lasīt, iemācīja domāt, iemācīja analizēt. Ne visus. Bet katrs ir pats savas laimes kalējs. Anotācijas IR jālasa. Ja kāds Jums piedāvā injicēt jebkuras zāles, jautājiet VISPIRMS anotāciju. Nevis pēc. Jums ir tiesības zināt, kāds risks pastāv, injicējot jebkuras no zālēm. Un anotācijām ir jābūt pilnīgi visām zālēm. Pie tam latviešu valodā. Cik man zināms, vienīgās zāles, kam Latvijas republikā nav anotācijas latviešu valodā, ir BCG (tuberkulozes) vakcīnai. Jo tā nav reģistrēta ne Eiropā, ne Latvijā un faktiski tiek lietota ne īpaši likumīgi. Un bez anotācijas valsts valodā. Lai gan Perevoščikova kungs man personīgi pirms trijiem gadiem solīja šo jautājumu noskaidrot. Zāļu anotācijas ir varen jauka lasāmviela. Interesanta un aizraujoša. Tā rosina arī domāšanu. Kopā mēs varam!!!/Dr.E.Mednis/#AgenskalnaKlinika #KopaMesVaram #DziveBezBailem #IzglabDraugu #SargiBernus"
732,24.09.2022 21:29:25,Āgenskalna klīnika,,,
733,24.09.2022 21:33:00,Āgenskalna klīnika,,,Te labotā un salabotā versija. Vajadzētu visam strādāt un varēt noskatīties līdz galam.
734,24.09.2022 21:33:01,Āgenskalna klīnika,,,
735,25.09.2022 23:47:00,Āgenskalna klīnika,,,"Pirms kāda laiciņa Vajāšanas (veselības) inspekcija, pašiem neko nesajēdzot no reālu pacientu ārstēšanas, aizliedza man runāt par Ivermektīnu kā ļoti efektīvu ārstēšanas līdzekli Kovid gadījumā. Tas gan īsti neko nemainīja pēc būtības, jo nu jau ar vien plašāk ārsti visā pasaulē runā par šo. Interesanti, kurš bija tas, kurš lūdza inspekcijai šo pakalpojumu izdarīt? Varbūt Dr. Skride? Vai vēl kāds cits?  Nevienu citu nespēju iedomāties un Vajāšanas inspekcija pati nebūtu šādu gājienu izdarījusi, jo resursu ir tik, cik viņu ir. Tagad, kad kovids ir kļuvis par ikdienišķu parādību un Ivermektīns par ikdienišķu kovida ārstēšanas līdzekli, varbūt Veselības inspekcija būtu tik laipna un savas aplamības labotu. Citādi visai nelāgi viņi izskatās. Analfabētisms nav slavējama lieta. Jo pētījumi ir, tos tikai jāspēj izlasīt. Vai arī jābūt vēlmei to darīt.Kopā mēs varam!!!/Dr.E.Mednis/#AgenskalnaKlinika #KopaMesVaram #DziveBezBailem #IzglabDraugu #SargiBernus"
736,25.09.2022 23:47:01,Āgenskalna klīnika,,,
737,27.09.2022 16:35:20,Āgenskalna klīnika,,,
738,30.09.2022 09:59:19,Āgenskalna klīnika,,,Pavecāks Aināra Kadiša raksts zem kura es arī varētu parakstīties - piekrītu katram vārdam.Kopā mēs varam!!!/Dr.E.Mednis/#AgenskalnaKlinika #KopaMesVaram #DziveBezBailem #IzglabDraugu #SargiBernus
739,30.09.2022 09:59:19,Āgenskalna klīnika,,,
740,30.09.2022 09:59:20,Āgenskalna klīnika,,,
741,30.09.2022 09:59:20,Āgenskalna klīnika,,,
742,30.09.2022 09:59:20,Āgenskalna klīnika,,,
743,30.09.2022 09:59:20,Āgenskalna klīnika,,,
744,03.10.2022 23:19:17,Āgenskalna klīnika,,,"Tā saucamās vēlēšanas, jeb lētticīgo ļautiņu krāpšanas jeb loterijas pasākums ir beidzies. Un, šķiet, paģiras šoreiz iestājās uzreiz. Nebija jāgaida mēnesis vai divi. Cik klausos cilvēkus sev apkārt, neviens nav balsojis par Kariņu un viņa ""blici"". Bet viņi tomēr līderi ar vislielāko tautas atbalstu. Vai Jūs tam ticiet? Es īsti nē. Jo nav jau svarīgi kas un kā balso. Svarīgi ir kas skaita balsis. Un svarīgi ir tas vai Jūs atdodiet savu balsi viņiem jeb nē. Es paturēju sev. Un tādējādi izvairījos no paģirām. Runājot ar cilvēkiem pirms vēlēšanām dzirdēju faktiski vienu argumentu - ko, tu traks? Nevēlēt? Tu taču atdosi savu balsi Kariņam.  Tu sekmēsi viņa ievēlēšanu. Tas nozīmē, ka bailes cilvēkos ir tās, ka joprojām liek pieņemt absurdus lēmumus. Un neļauj redzēt pasauli kāda tā ir. Dīvaini. Vai ne? Bet savu realitāti veidojam mēs paši. Katrs savu. Ar bailēm nevar neko labu izveidot, jo tās pēc būtības ir destruktīvas.Interesantā laikā dzīvojam....... Mums viss izdosies. ❤️Kopā mēs varam!!!/Dr.E.Mednis/#AgenskalnaKlinika #KopaMesVaram #DziveBezBailem #IzglabDraugu #SargiBernus"
745,08.10.2022 00:11:13,Āgenskalna klīnika,,,
746,09.10.2022 11:00:17,Āgenskalna klīnika,,,"Mana saruna ar brīnišķīgu skolotāju, bērnu grāmatu autori un mākslinieci Initu Zērieti.Kopā mēs varam!!!/Dr.E.Mednis/#AgenskalnaKlinika #KopaMesVaram #DziveBezBailem #IzglabDraugu #SargiBernus"
747,09.10.2022 11:00:17,Āgenskalna klīnika,,,
748,11.10.2022 23:05:14,Āgenskalna klīnika,,,"Es lēnām kļūstu par Aināra Kadiša fanu. Jāveido klubiņš :) Cik skaudri un precīzi viņš atkal apraksta situāciju, šoreiz vēsturisku atskatu uz Latvijas tautas čakarēšnu un izģērbšanu ""brīvības"" vārdā. Iluzoras brīvības, ko mums iebaroja 30 gadus atpakaļ kā zivij slieku uz āķa. Un mēs to norijām. Redzēsim vai mums kopā pietiks spēka izrauties no šīm lamatām. Es zinu, ka pietiks. Varbūt ne visiem. Bet būs, kam pietiks. Un ar to būs gana.Kopā mēs varam!!!/Dr.E.Mednis/#AgenskalnaKlinika #KopaMesVaram #DziveBezBailem #IzglabDraugu #SargiBernus"
749,11.10.2022 23:05:14,Āgenskalna klīnika,,,
750,11.10.2022 23:05:15,Āgenskalna klīnika,,,
751,11.10.2022 23:05:15,Āgenskalna klīnika,,,
752,11.10.2022 23:23:52,Āgenskalna klīnika,,,"Interesanti, ka pats Faizers atzīst, ka tā saucamās vakcīnas nav pārbaudītas uz cilvēkiem un nav ne drošas, ne arī efektīvas vīrusa pārneses pārtraukšanā.https://twitter.com/rob_roos/status/1579759795225198593?s=46&t=N7cTYzOHvKcSHxaYEKAvFAEs domāju, ka mēs vēl daudz interesantu atklājumu redzēsim un dzirdēsim šīs afēras sakarā.Ir arī atslepenotie Faizer dokumenti, kas atklāj klaju krāpšanos ar grūtnieču datiem. Pareizāk sakot ar šo injekciju drošības pārbaudēm grūtniecēm. Interesanti, bet reizē arī baisi. Nezinu tikai vai tie, kas falsificēja šos datus, apzinājās kādu postu tas nesīs cilvēkiem.  Kopā mēs varam!!!/Dr.E.Mednis/#AgenskalnaKlinika #KopaMesVaram #DziveBezBailem #IzglabDraugu #SargiBernus"
753,17.10.2022 20:17:11,Āgenskalna klīnika,,,
754,17.10.2022 22:16:41,Āgenskalna klīnika,,,"Šis ir ļoti labs teiciens, kas atspoguļo jeb izgaismo pēdējos divos gados pieredzēto un saprasto. Farmācijai nav nākotnes. Bet nākotne ir dabas dziedniecībai un visai tagad dēvētai par netradicionālo medicīnu. kaut gan pēc būtības tā ir pamata medicīna un visai tradicionāla ar visai ilgu vēsturi. Pretstatā Rokefellera farmācijai, kam ir nieka 100 gadi tikai. Kopā mēs varam!!!/Dr.E.Mednis/#AgenskalnaKlinika #KopaMesVaram #DziveBezBailem #IzglabDraugu #SargiBernus"
755,17.10.2022 22:16:41,Āgenskalna klīnika,,,
756,17.10.2022 23:53:41,Āgenskalna klīnika,,,"Varbūt pat derīga ideja. Pamēģinām izdarīt tā, ka FB algoritms viņus nobloķē.Kopā mēs varam!!!/Dr.E.Mednis/#AgenskalnaKlinika #KopaMesVaram #DziveBezBailem #IzglabDraugu #SargiBernus"
757,17.10.2022 23:53:41,Āgenskalna klīnika,,,
758,19.10.2022 09:36:16,Āgenskalna klīnika,,,Ainārs Kadišs par mūsu mūsu morālajām vērtībām un elkdievību.  Ir vērts izlasīt.Aust jauna diena.Kopā mēs varam!!!/Dr.E.Mednis/#AgenskalnaKlinika #KopaMesVaram #DziveBezBailem #IzglabDraugu #SargiBernus
759,19.10.2022 09:36:16,Āgenskalna klīnika,,,
760,19.10.2022 09:36:16,Āgenskalna klīnika,,,
761,19.10.2022 09:36:16,Āgenskalna klīnika,,,
762,19.10.2022 09:36:16,Āgenskalna klīnika,,,
763,20.10.2022 10:48:35,Āgenskalna klīnika,,,"Interneta dzīlēs uzgāju šo bildi. Izklausās loģiski par to, ka visas nebūšanas mūsu organismā veidojas no skābekļa trūkuma un paskābināšanās. Tas nozīmē - sēžam birojā, vēlams pie kompjūtera, uzgraužam ik pa laikam kādu buciņu vai citu saldumiņu, padzeramies kafiju ik pa laiciņam kopā ar kolēģiem un būsim izdarījuši visu, lai pieaicinātu slimības. Vēlams nekāda sportiņa, lai skābekļa arī nedaudz pietrūkst šūnām. Izrādās dzīvē viss ir vienkārši un atkarīgs tikai no mums pašiem, no mūsu gribas un saprāta. laika trūkums ir tikai atrunas, jo viss šai dzīvē ir atkarīgs no prioritātēm. Bet tās mēs paši sev uzstādām. Līdz ar to visās savās likstās un slimībās nav neviena vainīgā. Esam tikai mēs paši, kas šādu realitāti izveidojām. Tādēļ uzņemamies pilnu atbildību par savu dzīvi. Beidzam vainot ārējos apstākļus, paši un tikai paši mēs atbildām par visu, kas ar mums notiek. Ne Kariņš, ne Pavļuts, ne Baidens, pat ne dievs, neviens cits, tikai paši mēs nosakām kā dzīvosim. Mēs paši esam dievs un paši radām savu realitāti. paskatāmies uz to. Patīk? Ja jā, tad  esam labi pastrādājuši. ja nē, tad zinām pie kā jāiestrādā. Atrotām piedurknes un uz priekšu.Kopā mēs varam!!!/Dr.E.Mednis/#AgenskalnaKlinika #KopaMesVaram #DziveBezBailem #IzglabDraugu #SargiBernus"
764,20.10.2022 10:48:35,Āgenskalna klīnika,,,
765,27.10.2022 23:05:36,Āgenskalna klīnika,,,"Vakcīnas ir drošas un efektīvas. Tās ir nepieciešamas, lai samazinātu saslimstību. Ja vakcinēsieties, slimosiet vieglāk jeb neslimosiet nemaz. Tādus un līdzīgus saukļus, noteikti, ir dzirdējis ikkatrs. Daudzi arī ir ""uzķērušies"" uz šīs makšķeres un ļāvušies pierunāties. tas attiecas gan uz konvencionālajām vakcīnām kā bērnu kalendārā paredzētās, gan arī to indes devu pret moderno vīrusu, kuru nezin kāpēc sauc par vakcīnu. Šobrīd vairāk kā jebkad šī tēma ir aktuāla. Ir ļoti daudz blakņu. Gan no tām indes devām, jeb grafēna injekcijām, gan arī no gripas potēm. Šeit ir viens skaudrs stāsts. Māmiņa ir zaudējusi mazuli 23. grūtniecības nedēļā. Zaudējusi, iespējams, tāpēc, ka ļāvusies ginekoloģei pierunāties uz gripas vakcīnu, jo ""dažas grūtnieces nomirst"" no gripas.Es kādreiz biju diezgan lojāls pret konvencionālo vakcināciju. Bet redzot, kas notiek pēdējo divu gadu laikā, redzot un dzirdot tos melu kalnus, kas tiek stāstīti gan masu medijos, gan citur, klausoties kolēģu teiktajā vispār reizēm pārņem šausmas - vai tiešām, Jūs, kolēģi, tā domājiet? Jā, pēc pēdējo divu gadu melu kalniem, man nācās pārskatīt savu ļoti lojālo attieksmi šajā jautājumā. Tik skaidri uzzīmējās iespējamā korupcija ne tikai Latvijas līmenī, bet Eiropas un pasaules, tik skaidri parādījās visas ""biznesa"" shēmas, farma lobijs politikā, likumu pieņemšanā un valstu politikas noteikšanā. Brrrr. Šermuļi skrien pār kauliem par to visu domājot. Dīvaina pasaule.Bet atceramies, ka savu realitāti veidojam mēs paši. Par savu dzīvi atbildīgi esam mēs katrs pats. Un nav labu vai sliktu lietu, kas ar mums notiek. Tā visa ir pieredze. Tā visa ir laba. lai gan reizēm skaudra. Bet, acīm redzot, tā kādu iemeslu dēļ, mums ir bijusi nepieciešama. Tas, protams, neattaisno ārstus, kas pilnīgi neiedziļinoties jautājumā, nezinot un neizskaidrojot iespējamās blaknes, nozīmē tādu nopietnus medikamentu kā vakcīna. Arī viņiem ir jāatbild, ja ne likuma, tad savas sirdsapziņas un dieva priekšā. Kā mums visiem par saviem labajiem un ne tik labajiem darbiem.Un šis stāsts ir vērtīgs ar to, ka, iespējams, liks ļoti daudziem padomāt, un pārvērtēt savu nostāju un rīcību.Katrā ziņā, lai kā mūs kāds censtos par kaut ko pārliecināt, mums vienmēr ir izvēle. Domājam līdzi un neļaujamies lozungiem mūs apmānīt. Domājam.https://www.vakcinrealitate.org/aktualitates/partraukta-grutnieciba-pec-gripas-vakcinas/Kopā mēs varam!!!/Dr.E.Mednis/#AgenskalnaKlinika #KopaMesVaram #DziveBezBailem #IzglabDraugu #SargiBernus"
766,28.10.2022 20:33:15,Āgenskalna klīnika,,,
767,29.10.2022 14:21:33,Āgenskalna klīnika,,,
768,30.10.2022 00:02:35,Āgenskalna klīnika,,,"Varbūt pēc vēlēšanām Amerikā šī gada novembrī arī mēs varam sagaidīt ko līdzīgu, kā Albertas provincē Kanādā, kur provinces premjerministre atvainojās par visām nelietībām, ko valdība darīja šos divus gadus. Būtu skaisti, ja Kariņa kungs sadūšotos uz ko līdzīgu.  Un, ja vēl visa mūsu svētā trīsvienība šo izpildītu .......Kopā mēs varam!!!/Dr.E.Mednis/#AgenskalnaKlinika #KopaMesVaram #DziveBezBailem #IzglabDraugu #SargiBernus"
769,30.10.2022 00:02:35,Āgenskalna klīnika,,,
770,31.10.2022 11:43:01,Āgenskalna klīnika,,,
771,31.10.2022 20:09:32,Āgenskalna klīnika,,,Ļoti vērtīgi. Un emocionāli:https://www.facebook.com/1607740610/posts/pfbid0vRfECpsoQ2Qe1SfmBhnAX1NF9HSZekHAufGYPG4DbBb2CfEkwDsTtUQPFwVZdGZxl/?sfnsn=moKopā mēs varam!!!/Dr.E.Mednis/#AgenskalnaKlinika #KopaMesVaram #DziveBezBailem #IzglabDraugu #SargiBernus
772,01.11.2022 10:57:33,Āgenskalna klīnika,,,"Lasot Aināra Kadiša rakstīto reizē paliek gan skumji, gan priecīgi. Skumji tāpēc, ka daudzi gaiši cilvēki, ko pazinu, mēģināja iekāpt tajā mēslu bedrē. Priecīgi par to, ka viņiem neizdevās un viņiem ir iespēja saglabāt savu cilvēcisko tēlu un būtību. Ik pa laikam uzpeld kādas pēcvēlēšanu atraugas ar pārmetumiem, bet tas tā, tas ir saprotams, jo tie, kas to dara, tādējādi pauž savu vilšanos un sāpes ar neiekļūšanu labāko simtniekā. Acīm redzot nav vēl pilnīgi degradējušies, lai tur iekļūtu. Bet vilšanās, noteikti ir liela. Tā vietā, lai meklētu blusas viens otram, padomāsim kā mēs katrs varam padarīt šo zemi gaišāku, labāku, pārticīgāku. Nevis raujoties pie varas, bet klusām strādājot un apkopjot katrs savu lauciņu. Esmu pārliecināts, ka tas ir iespējams.Kopā mēs varam!!!/Dr.E.Mednis/#AgenskalnaKlinika #KopaMesVaram #DziveBezBailem #IzglabDraugu #SargiBernus"
773,01.11.2022 10:57:33,Āgenskalna klīnika,,,
774,01.11.2022 10:57:33,Āgenskalna klīnika,,,
775,01.11.2022 13:16:32,Āgenskalna klīnika,,,
776,02.11.2022 11:07:01,Āgenskalna klīnika,,,
777,02.11.2022 19:59:41,Āgenskalna klīnika,,,
778,03.11.2022 00:36:54,Āgenskalna klīnika,,,"Tagad esam arī jūtūbā. Pirmais video ir ielikts. Plānojam šeit apkopot visas manas sarunas, kas bijušas.https://www.youtube.com/channel/UClAqslgQQPbj8N0_7rt2bVA/featuredKopā mēs varam!!!/Dr.E.Mednis/#AgenskalnaKlinika #KopaMesVaram #DziveBezBailem #IzglabDraugu #SargiBernus"
779,04.11.2022 00:54:54,Āgenskalna klīnika,,,"Ik pa laikam man kāds uzraksta ar jautājumu vai pie manis var nopirkt Ivermektīnu. Vienmēr uzdodu pretjautājumu - kāpēc vajag. Un atbilde parasti ir vienkārša - temperatūra un slikta pašsajūta. Tādēļ nolēmu, ka jāuzraksta plašāk un sīkāk. Neskatoties uz Vajāšanas inspekcijas aizliegumu par Ivermektīnu runāt. Tomēr domāju, ka šajā gadījumā IR jārunā.Vai tad esam aizmirsuši ko nozīmē paaugstināta temperatūra? Pie augstas temperatūras parasti ir slikta pašsajūta. Tas ir likums. Un šie simptomi NAV pamats stiprām zālēm. Cilvēki ir iebaidīti ar pirmā gada plāndēmijas slimošanām, kad slimoja patiešām smagi. Patreiz, varu teikt, ka slimo nu jau ierastā ritmā. Slimošana ir viegla vairumā gadījumu un arī īslaicīga. Reizēm mēdz būt augstas temperatūras - 38 - 39 grādi. Bet atceramies, ka paaugstināta temperatūra ir NORMĀLA organisma aizsargreakcija, kas ir nepieciešama, lai organisms ātrāk tiktu vaļā no  ""iebrucēja"". Līdz ar to vismaz pirmās 3-5 dienas, atkarībā no papildus simptomiem, ir nepieciešamas pavisam nedaudz lietas - miers un šķidrums (lielākā daudzumā). Parasti ar to pietiek. Un nevajadzētu krist panikā un meklēt stipras zāles, lai to visu izārstētu nevis 3, bet trijās dienās. Nepārrakstījos. Domāju, ka šobrīd Ivermektīns diezin ko nepaātrinās izveseļošanos. Joprojām uzskatu, ka Ivermektīns ir ļoti derīgas un iedarbīgas zāles, bet, kā jau visām zālēm, arī Ivermektīnam ir savas indikācijas. Es to iesaku tikai ļoti smagos gadījumos. Vieglākos gadījumos var tikt galā ar vieglākām zālēm, vai vispār bez tām.Tādēļ aicinu būt saprātīgiem, nekrist panikā un zāles lietot tikai tad, kad tas ir nepiciešams un citas iespējas ir izsmeltas.Kopā mēs varam!!!/Dr.E.Mednis/#AgenskalnaKlinika #KopaMesVaram #DziveBezBailem #IzglabDraugu #SargiBernus"
780,04.11.2022 23:48:04,Āgenskalna klīnika,,,Būs sarunas turpinājums.Kopā mēs varam!!!/Dr.E.Mednis/#AgenskalnaKlinika #KopaMesVaram #DziveBezBailem #IzglabDraugu #SargiBernus
781,04.11.2022 23:48:04,Āgenskalna klīnika,,,
782,05.11.2022 21:50:38,Āgenskalna klīnika,,,
783,07.11.2022 12:04:07,Āgenskalna klīnika,,,
784,08.11.2022 11:09:52,Āgenskalna klīnika,,,"Pamazām nāk gaismā daudzas lietas, kas saistītas ar tā saucamajām ""vakcīnām"". Iespējams, tā ir advancēta nanotehnoloģija, kas pašbūvējas mūsu organismā un kam noteikti ir arī iemesls un pielietojums. Gribiet ticiet, negribiet neticiet. Tikai pārdomām.Kopā mēs varam!!!/Dr.E.Mednis/#AgenskalnaKlinika #KopaMesVaram #DziveBezBailem #IzglabDraugu #SargiBernus"
785,08.11.2022 11:09:52,Āgenskalna klīnika,,,
786,08.11.2022 11:20:23,Āgenskalna klīnika,,,
787,09.11.2022 19:58:55,Āgenskalna klīnika,,,
788,09.11.2022 19:58:55,Āgenskalna klīnika,,,
789,09.11.2022 20:13:08,Āgenskalna klīnika,,,Vai kovic ir tikai slikts? Gan jau ka nē. Jāmāk tikai gūt labumu no jebkuras situācijas dzīvē. Te skats no nedaudz citas puses. Ar nelielu daļu sarkasma.Kopā mēs varam!!!/Dr.E.Mednis/#AgenskalnaKlinika #KopaMesVaram #DziveBezBailem #IzglabDraugu #SargiBernus
790,09.11.2022 20:13:08,Āgenskalna klīnika,,,
791,09.11.2022 20:42:40,Āgenskalna klīnika,,,Te mēs arī jūtūbā:https://www.youtube.com/watch?v=0DdaKeAbBk0Kopā mēs varam!!!/Dr.E.Mednis/#AgenskalnaKlinika #KopaMesVaram #DziveBezBailem #IzglabDraugu #SargiBernus
792,09.11.2022 23:30:20,Āgenskalna klīnika,,,"Interesanta ziņa, bet kaut gan tā ir no sērijas - kas arī bija jāpierāda. Par šo mēs runājām jau pirms gada. Cik daudzām māmiņām un viņu nedzīvi dzimušajiem bērniņiem bija jācieš, lai kāds tomēr apjēgtu, ka te IR sakarība. Sakarība starp kovidinjekciju un nedzīvi dzimušiem bērniem. Starp šo injekciju un  spontānajiem abortiem.Bet, kā Makss un Morics teica - vēl daudz notikumu priekšā, liekam jaunu bildi iekšā. Ļoti daudz kas vēl atklāsies. Un par ļoti daudz ko vēl sāks runāt arī medijos. Visas ""sazvērestības teorijas"" kļūst par mūsu ikdienu.Vienīgi interesanti, ko par šo saka mūsu ginekoloģijas un dzemdniecības flagmaņi - Dr. Veisa un Prof. Rezeberga? Vai kovidinjekcijas joprojām viņuprāt ir drošas un efektīvas arī grūtniecēm?Kopā mēs varam!!!/Dr.E.Mednis/#AgenskalnaKlinika #KopaMesVaram #DziveBezBailem #IzglabDraugu #SargiBernus"
793,09.11.2022 23:30:20,Āgenskalna klīnika,,,
794,12.11.2022 09:22:22,Āgenskalna klīnika,,,"Šo ierakstu sāku rakstīt vakardien. Nepabeidzu. Tagad esmu gatavs paturpināt.Šodien Lāčplēša diena. Mums būtu jāgodina savi varoņi - tie, kas krita kaujās par Latviju. Braucot pa pilsētu ļoti reti redz plīvojam sarkanbaltsarkano karogu. Sevišķi privātajā sektorā. Kāpēc? Iespējams, ka pēdējie gadi kaut ko mainījuši cilvēku (tautas) apziņā. Un ne uz to labāko pusi. Mums nav īstu līderu, vai arī tie pagaidām plašākai publikai nav parādījušies. Pagaidām, tie, kas redzami, izpilda tikai vasaļu lomu ārvalstu kungiem un pilnīgi neko nelemj šai zemē. ja nu vienīgi kādas sīkas intrigas. Pārējo neko. Nav mums tādu ārlietu ministru, kā savulaik Zigfrīds Anna Meierovics, valsts vadītāji kā Kārls Ulmanis, kam patiešām rūpēja valsts (ne privātās kabatas) attīstība. Kas attīstīja rūpniecību un lauksaimniecību mūsu zemē. Sāpīgi ir noskatīties, kā šobrīd dzīvojam kā pie svešu dzīru galda, izpārdodot un likvidējot rūpniecību, pārdodot zemi ārvalstniekiem, pazeminot koku ciršanas vecumu (jo cita vairs nekā nav), lai tikai vēl kaut ko no šīs zemes varētu noslaukt. Kad viss būs pa tīro, vasaļi sakrāmēs savus čemodānus un muks pie saviem saimniekiem. Ja vien nepaspēsim viņus notiesāt par nodarīto. Skumji skatīties šo visu.Bet vienīgais, ko varam darīt, ir kopt katrs savu lauciņu, rūpēties par sevi, saviem tuvākajiem un savu zemi pašiem, cik nu labi to spējam un dzīvot līdzi pārmaiņām, kas neapšaubāmi notiek. tās notiek ne vien pie mums, bet arī globāli. Un tās nav atkarīgas no viena vai otra ""demokrātiski ievēlēta"" personāža. Tās ir tikai un vienīgi atkarīgas tikai no katra no mums. No tā, kā darām savu darbu, no tā ko domājam, kā izturamies pret saviem līdzcilvēkiem. Pret savu zemi. Pret vietu, kur dzīvojam.Es ticu, ka visai drīz pienāks laiks, kad patiešām gribēsies izkārt karogu, savas zemes karogu, savu karogu un svinēt dzīvi, jo būsim uzvarējuši katrs pats sevi pirmkārt, un tad arī visus glumos un savtīgos, naidīgos un muļķīgos. Un būsim patiešām saimnieki savā zemē.Kopā mēs varam!!!/Dr.E.Mednis/#AgenskalnaKlinika #KopaMesVaram #DziveBezBailem #IzglabDraugu #SargiBernus"
795,12.11.2022 10:44:30,Āgenskalna klīnika,,,
796,12.11.2022 10:45:47,Āgenskalna klīnika,,,
797,14.11.2022 10:28:15,Āgenskalna klīnika,,,
798,14.11.2022 20:37:55,Āgenskalna klīnika,,,
799,15.11.2022 10:21:01,Āgenskalna klīnika,,,"Kaut ka dīvaini - vairākas, tā saucamās, vakcinācijas sejas, jau ir beigušas savas šīs dzīves gaitas. tā bija Indijā, tā arī ASV, tagad Argentīnā. Šī, laikam, pagaidām ir visjaunākā ""seja"". Vakcīnas ir drošas un efektīvas? Patiešām?Kopā mēs varam!!!/Dr.E.Mednis/#AgenskalnaKlinika #KopaMesVaram #DziveBezBailem #IzglabDraugu #SargiBernus"
800,15.11.2022 10:21:01,Āgenskalna klīnika,,,
801,15.11.2022 10:21:01,Āgenskalna klīnika,,,
802,16.11.2022 00:18:17,Āgenskalna klīnika,,,
803,16.11.2022 20:11:08,Āgenskalna klīnika,,,
804,16.11.2022 23:06:19,Āgenskalna klīnika,,,Tagad arī jūtūbā labākā kvalitātē:https://www.youtube.com/watch?v=NIKkH9-cj9YKopā mēs varam!!!/Dr.E.Mednis/#AgenskalnaKlinika #KopaMesVaram #DziveBezBailem #IzglabDraugu #SargiBernus
805,18.11.2022 21:25:45,Āgenskalna klīnika,,,"Kārtējais Aināra Kadiša rakstītai, kuram grūti nepiekrist. Šobrīd ir tāda sajūta, ka dzīvojam Brežņeva laika PSRS. Īsti ne ar ko neatšķiras - ne ar savas naudas neesamību, ne ar savas Savai zemei LOJĀLAS valdības neesamību, tautsaimniecības izsaimniekošanu, rūpniecības likvidēšanu u.t.t. Šo sarakstu, šķiet, var bezgalīgi turpināt. Faktiski savas valsts mums NAv. Un tas, kas ir, ir tikai ilūzija, ko mums ārzemju onkuļi cenšas iepārdot ietītu skaistā faņķikā. Drūmi. Svētku sajūtas nav. Un īsti tai arī nav pamata būt.Kopā mēs varam!!!/Dr.E.Mednis/#AgenskalnaKlinika #KopaMesVaram #DziveBezBailem #IzglabDraugu #SargiBernus"
806,18.11.2022 21:25:45,Āgenskalna klīnika,,,
807,22.11.2022 23:32:24,Āgenskalna klīnika,,,"Vērtīga filma ir iznākusi - ""Pēkšņi miris"". Filma par kovid indes devu radītajām sekām. Ir vērts noskatīties. https://rumble.com/v1wac7i-world-premier-died-suddenly.htmlKopā mēs varam!!!/Dr.E.Mednis/#AgenskalnaKlinika #KopaMesVaram #DziveBezBailem #IzglabDraugu #SargiBernus"
808,25.11.2022 00:31:17,Āgenskalna klīnika,,,"Tagad esam arī citās platformās:Skatieties mūs arī šeit:▶️ Odysee kanāls:https://odysee.com/@EdgarsMednis▶️ Bitchute kanāls:https://www.bitchute.com/channel/blakneshttps://www.youtube.com/channel/UClAqslgQQPbj8N0_7rt2bVAUn arī iepriekšējās, vecākās sarunas tagad kanālos - visas vienuviet.Kopā mēs varam!!!/Dr.E.Mednis/#AgenskalnaKlinika #KopaMesVaram #DziveBezBailem #IzglabDraugu #SargiBernus"
809,27.11.2022 20:19:58,Āgenskalna klīnika,,,"Interesantas ziņas nāk gaismā. paturēsim prātā vienu lietu - farma neko par velti nedod. Daudzas vakcīnas tā ir ienākušas. 1993. gadā valstij esot uzdāvināts ap 200 tūkstošiem devu Hemofilus influencae, jeb viena no mengītu paveidiem vakcīna. Tajā laikā, ģimenes ārsti, kā vienmēr, neko daudz nepaskaidrojot, bet tomēr piedāvāja nevis vienkārši iedūra šo jauno vakcīnu. 1995. gadā es sāku strādāt kā iecirkņa pediatrs Purvciemā un pats savām acīm redzēju šīs vakcīnas blaknes - to bija uzkrītoši daudz. gandrīz katram otrajam. Neskatoties uz to, Profesore Rozentāle tomēr publiski paziņoja, ka šī vakcīna esot ""droša un efektīva"" un līdz ar to iekļaujama obligātajā vakcinācijas kalendārā. tas jau nekas, ja vien ne sīkums, ka tajā laikā mums nebija pieejama hemofilus influenae diagnostika. Interesanti kā tika noteikta efektivitāte?Kopā mēs varam!!!/Dr.E.Mednis/#AgenskalnaKlinika #KopaMesVaram #DziveBezBailem #IzglabDraugu #SargiBernus"
810,27.11.2022 20:19:58,Āgenskalna klīnika,,,
811,27.11.2022 20:41:39,Āgenskalna klīnika,,,"Esmu izveidojis savu jūtūba kanālu, kurā ir publicētas arī vecākas manas sarunas, kā arī dažas Aivja Vasiļevska sarunas:https://www.youtube.com/@dr.mednasarunas7876Tas pats būs arī Bitchute un Odysee zem nosaukuma Spēkavots. Linkus publicēšu vēlāk.Kopā mēs varam!!!/Dr.E.Mednis/#AgenskalnaKlinika #KopaMesVaram #DziveBezBailem #IzglabDraugu #SargiBernus"
812,28.11.2022 11:29:46,Āgenskalna klīnika,,,
813,28.11.2022 12:09:31,Āgenskalna klīnika,,,Jūtūbs arī mani dzēš. Pagaidām tika izdzēsti sekojoši video:22  LAURIS LĪCĪTIS  Edgara Medņa saruna ar klīnisko imunologu Lauri Līcīti  30 03 2022EDGARS MEDNIS ar ALEKSEJU ROSĻIKOVUBērni -  augstākā prioritāteTos tad varēsiet noskatīties Odysey un Bitchute. Meklējiet pēc kanāla nosaukuma Spēkavots.Kopā mēs varam!!!/Dr.E.Mednis/#AgenskalnaKlinika #KopaMesVaram #DziveBezBailem #IzglabDraugu #SargiBernus
814,28.11.2022 23:48:46,Āgenskalna klīnika,,,"Esam jau pirmos video augšuplādējuši savā Odysee kanālā. Sākām ar tiem, ko jūtūbs nodzēsa. Tie tad ir pieejami šeit:https://odysee.com/@Sp%C4%93kavots:cKopā mēs varam!!!/Dr.E.Mednis/#AgenskalnaKlinika #KopaMesVaram #DziveBezBailem #IzglabDraugu #SargiBernus #Spekavots"
815,29.11.2022 20:23:57,Āgenskalna klīnika,,,
816,29.11.2022 22:24:10,Āgenskalna klīnika,,,"Dr. Tess Lawre vēršas pie Latvijas bērnu vecākiem. vērts noskatīties un izplatīt tālāk, jo tādējādi mēs varam kādam bērnam izglāb dzīvību un arī veselību.Saite video lejuplādei šeit:https://worldcouncilforhealth.org/safer-to-wait/Kopā mēs varam!!!/Dr.E.Mednis/#AgenskalnaKlinika #KopaMesVaram #DziveBezBailem #IzglabDraugu #SargiBernus #Spekavots"
818,29.11.2022 22:25:31,Āgenskalna klīnika,,,
819,30.11.2022 23:35:20,Āgenskalna klīnika,,,
820,02.12.2022 09:44:30,Āgenskalna klīnika,,,"Elektriskos transporta līdzekļus mums pasniedz kā videi draudzīgus, jo tie itkā neizdala apkārtējā vidē piesārņojumu. Tas, ka no tiem nekas nekūp ārā, nenozīmē, ka tie nav toksiski apkārtējai videi. Runa ir par elektrības iegūšanu, cik tā vienmēr ir videi draudzīga un, protams, ar`p par baterijām, kas, iespējams, ir lielāks piesārņojums nekā fosilā degviela. Šeit ir attēls, kurā redzama elektrisko skūteru kapsēta. Tā tie tur rūsē, un pienāks brīdis, kas baterijas sāks tecēt un tas viss nomāks vidē. Arī pie mums tādi ir - tie sarkanie. Ekoloģiski tīrs transporta veids?Kopā mēs varam!!!/Dr.E.Mednis/#AgenskalnaKlinika #KopaMesVaram #DziveBezBailem #IzglabDraugu #SargiBernus #Spekavots"
821,02.12.2022 09:44:30,Āgenskalna klīnika,,,
822,02.12.2022 10:06:56,Āgenskalna klīnika,,,Kolosāla ziņa. Ir taču labi un saprātīgi cilvēki pasaulē.Kopā mēs varam!!!/Dr.E.Mednis/#AgenskalnaKlinika #KopaMesVaram #DziveBezBailem #IzglabDraugu #SargiBernus #Spekavots
823,02.12.2022 10:06:57,Āgenskalna klīnika,,,
824,04.12.2022 23:17:00,Āgenskalna klīnika,,,"Esam izmēģinājuši vairākas platformas mūsu filmētajiem video un par patreiz labāko esam atraduši bitchue. Mūsu kanāls šajā platformā:https://www.bitchute.com/channel/ETFw6axQxy71/Centīsimies arī jūtūbā izvietot video, pēc lieguma beigām.Jāpielāgojas situācijai un jāmeklē labākais risinājums.Kopā mēs varam!!!/Dr.E.Mednis/#AgenskalnaKlinika #KopaMesVaram #DziveBezBailem #IzglabDraugu #SargiBernus #Spekavots"
825,07.12.2022 10:22:55,Āgenskalna klīnika,,,"Pirms dažām dienām runāju ar cilvēku no UK, kurš man satraukti stāstīja, ka tajā valstī daudz bērnu mirstot no skarlatīnas. Skarlatīna ir streptokoku izraisīta saslimšana, kam nevajadzētu būt dzīvībai bīstamai, ja vien to daudz maz adekvāti ārstē. Tādēļ izklausījās dīvaini, ka bērni no tās mirst. Bez tam bērniem ir ļoti labi attīstīti dažādi kompensācijas mehānismi, kas spēj darīt brīnumus. Un bērniem attīstītā valstī nebūtu jāmirst no streptokoka izraisītas saslimšanas. Un tad šodien ieraudzīju šādu ziņu (pielikumā). Tad uzreiz rodas jautājums - kas tas ir, ko tagad dažādos veidos cilvēkiem mēģina dabūt iekšā un, šķiet, ka ideja par zelta miljardu nav tikai dažu galīgu plānprātiņu iztēles auglis, bet politika, kas tiek sistemātiski īstenota visā pasaulē. Acīmredzamais neticamais. Bet nekas cits neatliek kā noticēt. Par kovidindēm nemaz nerunājot. Jo sarunājoties ar cietušajiem pēc tām, mati ceļas stāvus no šiem stāstiem. Un tālāk rodas pamatots jautājums - cik vispār mēs un mūsu bērni varam būt droši un pasargāti veicot jebkuru medicīnisku manipulāciju, iestājoties slimnīcā akūtā vai plānveida kārtā, aizejot pie ģimenes ārsta, saņemot ""obligāto"" bērnu vakcināciju u.t.t.. Izskatās, ka tagad ir izmēģināts ar kovidindi, tagad visu to labo, kas bija tajā, mēģina pievienot gan gripas potēs, gan, nav izslēgts, arī pārējās. Tādēļ sargājam sevi, savus bērnus un savus vecākus. Neļaujiet neko sev darīt, nevienu medicīnisku manipulāciju, kāmēr neesiet saņēmuši loģisku un skaidru izskaidrojumu kas tas ir ko kādi ir riski. Ja redziet, ka ārsts mēģina tikai iebiedēt vai atrunāties un izpratnes viņam nav par šo tēmu, mūciet.  Un jo ātrāk, jo labāk. Tā, iespējams, jūs izglābsiet veselību un arī dzīvību.Vēl nedaudz ir jāiztur sistēmas agonija, bet būs labi. Acīm redzot mums ir jāmaina skatījums uz lietām un notikumiem. Nekas vairs nav un nebūs pa vecam. Kopā mēs varam!!!/Dr.E.Mednis/#AgenskalnaKlinika #KopaMesVaram #DziveBezBailem #IzglabDraugu #SargiBernus #Spekavots"
826,07.12.2022 10:22:55,Āgenskalna klīnika,,,
827,07.12.2022 11:06:36,Āgenskalna klīnika,,,
828,07.12.2022 11:24:39,Āgenskalna klīnika,,,"Un te vēl dati. Un tad mums piedāvā pneimokoka (tas pats streptokoks vien ir) vakcīnu, lai ""pasargātu no streptokoku plaušu karsoņa. Dīvaini. Vai ne? Kopā mēs varam!!!/Dr.E.Mednis/#AgenskalnaKlinika #KopaMesVaram #DziveBezBailem #IzglabDraugu #SargiBernus #Spekavots"
829,07.12.2022 11:24:39,Āgenskalna klīnika,,,
830,10.12.2022 23:50:50,Āgenskalna klīnika,,,"Patiesi un, kā vienmēr, tieši. Ainārs Kadišs:"
831,10.12.2022 23:50:50,Āgenskalna klīnika,,,
832,10.12.2022 23:50:50,Āgenskalna klīnika,,,
833,12.12.2022 20:29:39,Āgenskalna klīnika,,,
834,14.12.2022 14:20:18,Āgenskalna klīnika,,,
835,14.12.2022 20:48:45,Āgenskalna klīnika,,,
836,14.12.2022 22:10:34,Āgenskalna klīnika,,,"Nu jau jūtūbā esmu nopelnīji garāku straiku, līdz ar to jaunus raidījumus kādu laiciņu nevarēšu tur ielādēt. Līdz ar to par galveno kanālu internetā mums kļūst Bitchute, kurā ir visas manas un mūsu komandas sarunas. Šeit links uz kanālu:https://www.bitchute.com/channel/ETFw6axQxy71/ Kopā mēs varam!!!/Dr.E.Mednis/#AgenskalnaKlinika #KopaMesVaram #DziveBezBailem #IzglabDraugu #SargiBernus #Spekavots"
837,21.12.2022 23:22:54,Āgenskalna klīnika,,,"Vēl var paspēt noklausīties pāris noderīgu lekciju. Noderīgu kam? Tiem, kas vēlas būt brīvi no sistēmas. Tie, kas domā par savu personīgo brīvību. Ir ļoti interesants termins - suverēns. Kas tas tāds? Tas ir cilvēks, kas pats spēj un vēlas par sevi parūpēties. Kam nav vajadzīgas sistēmas aizbildniecība. Sarežģīti? Jā. Bet kādreiz taču ir jāsāk. ja, protams, vēlamies. Ja viss apmierina, tad arī viss ir vislabākajā kārtībā. Jo katrs mēs pats esam atbildīgi par sevi, savu dzīvi un saviem bērniem. Kā stūrēsim, tā brauksim.Lai mums izdodas.Kopā mēs varam!!!/Dr.E.Mednis/#AgenskalnaKlinika #KopaMesVaram #DziveBezBailem #IzglabDraugu #SargiBernus"
838,21.12.2022 23:22:54,Āgenskalna klīnika,,,
839,21.12.2022 23:47:11,Āgenskalna klīnika,,,"Ainārs Kadišs par latviešu uzpūtību un sīkmanību, kā arī par absolūto tuvredzību un nevēlēšanos redzēt tālāk par savu deguna galu. Un saimnieka rādītājpirkstu. Skumji. Vai mēs kādreiz būsim saimnieki savā zemē? Būsim, ja spēsim pacelties pāri ierastajiem kašķiem un sīkmanībai. Ja mēs katrs pats par sevi būsim suverēni, tad arī mums būs tāda valsts. Un mūsu zeme.Kopā mēs varam!!!/Dr.E.Mednis/#AgenskalnaKlinika #KopaMesVaram #DziveBezBailem #IzglabDraugu #SargiBernus"
840,21.12.2022 23:47:11,Āgenskalna klīnika,,,
841,21.12.2022 23:47:11,Āgenskalna klīnika,,,
842,21.12.2022 23:47:12,Āgenskalna klīnika,,,
843,24.12.2022 16:55:36,Āgenskalna klīnika,,,
844,28.12.2022 00:14:55,Āgenskalna klīnika,,,"Šai pasaulē dzīvojot ar katru dienu paliek ar vien jautrāk. Šī brīža ""jautrību"" izraisīja sekojoša ziņa - iespējams, ka stinguma krampju vakcīnai tiek pievienotas neauglību izraisošas zāles. Prijehaļi. Kur vēl tālāk? Tā sanāk, ka šobrīd ticība farmācijas industrijai un medicīnai kā tādai ir līdzvērtīga nullei. Lai šobrīd ietu pie ārsta un lietotu jebkādas klasiskās zāles jābūt ļoti stingrai pārliecībai par ārsta goda prātu un to, ka viņš/viņa zina, kādas izraksta. Katrā ziņā ar vakcīnām paliek ar vien bīstamāk. Un nevilšus nāk prātā Bila Geitsa teiktais: ja mēs ar vakcīnām labi pastrādāsim, tad populāciju ir iespējams samazināt par 10-15%. Diezgan skarbi. Bet pēdējo divu gadu pieredze rāda, ka ļoti reāli. Jau šobrīd pilni kapi ar svaigām kapu kopiņām, kura apglabāti jauni, spēcīgi cilvēki, kas ""ticēja zinātnei"". Sanāk, ka ar konvencionālajām vakcīnām grib piebeigt tos, kas netic zinātnei, bet tomēr ir par vāju jeb bailīgu, lai atteiktos no vakcinācijas vispār. Un arī mūsu bērnus un mazbērnus padarītu nespējīgus radīt pēcnācējus. Tad lūdzu, šeit jums ir arguments.Kopā mēs varam!!!/Dr.E.Mednis/#AgenskalnaKlinika #KopaMesVaram #DziveBezBailem #IzglabDraugu #SargiBernus"
845,28.12.2022 00:14:55,Āgenskalna klīnika,,,
846,30.12.2022 09:00:40,Āgenskalna klīnika,,,"Tuvojoties gadu mijai, kad ir jāpavada vecais gads un tā vien gribas izteikt vēlēšanos vai vēlēšanās Jaunajam gadam ir jāpadomā arī par naudiņu. Kā to nopelnīt un kur tā paliek. Naudiņa faktiski ir mūsu enerģija. Tikai materiālajā pasaulē. Un, ja tā, tad kur tā paliek? Kur mēs to ieguldām?Kā man savulaik viens labs paziņa teica: man nav vienalga kam es savu naudu atdodu.Tas, ka pērkam un ņemam pakalpojumus tur, kur to sniedzējs ir mums patīkams, laikam gandrīz vienmēr tā notiek. Lai gan reizēm šo upurējam uz savu ērtību. Bet kas ir tie slēptie parazīti, ko mēs ikdienā neredzam. vai arī nevēlamies redzēt, jo tā taču ir dikti ērti. Un tāpat kā ""maskas uz 5 minūtēm"", tāpat arī - ai, kas tad tur 36 santīmi. Bet ļoti liela daļa no mūsu naudiņas aiziet bankām. Katrs maksājums ar karti mūs tuvina globālajai pārvaldei un sociālo kredītu sistēmai. Padomājiet - ja jūs ikdienā iepērkaties ar karti, visi jūsu paradumi, iepirkšanās laiki, gaume u.t.t. ir bankai redzama. Un ļoti viegli izsekojama. Un var pienākt brīdis, kad jūs tiekat uzskatīts par ne tik labu, lojālu vai kā citādi derīgu korporācijas LV vai EU dalībnieku, jeb biedru un piekļuve bankas kartei: ""atvainojiet šis pakalpojums Jums nav pieejams"". Kaut uz mirkli pamēģiniet iztēloties savas sajūtas. Un dzīvi tādā sistēmā. Un nesakiet - tie taču ir slima suņa murgi. Padomājiet, ka pirms 5 gadiem jums kāds teiktu, ka pienāks laiks, kad veikalā nevarēs nopirkt zeķes, vai cilvēki bez kādas medicīniskas manipulācijas veikšanas nevarēs iepirkties veikalos. Ko jūs viņam atbildētu? Jucis, nu pilnīgi. Vai ne? Bet visu to mēs piedzīvojām. Līdz ar to ir vērts ieklausīties arī citās, tā saucamajās sazvērestības teorijās. Te cilvēks sarēķinājis kā izskatās mūsu naudiņa ceļojot no rokas rokā un kā mūsu enerģija pa pilītei vien tiek nosūkta. Un tam, kas rindas beigās nepaliek vairs nekā:Kāpēc vienmēr ir jāmaksā skaidrā naudā, nevis ar bankas karti?- Man kabatā ir 50 eiro banknote, es to aiznesīšu uz restorānu un ar to samaksāšu par vakariņām.Restorāna īpašnieks izmantos 50 eiro, lai apmaksātu rēķinu par automašīnas mazgāšanu. Automazgātavas īpašnieks pie friziera samaksās par savu frizūru. Šos 50 eiro frizieris izmantos pasūtījuma veikšanai lielveikalā. Pēc neierobežotiem maksājumiem mana 50 eiro banknote paliek nemainīga, kas nozīmē, ka tā ir izpildījusi savu mērķi visiem, kas to izmantoja kā maksājumu, un bankai nav nekāda darba vai iejaukšanās darījumos.BET KAS NOTIKS- JA tagad došos uz restorānu un maksāju digitāli ar bankas karti.- Mana digitālā maksājuma izmaksas, kas tiek iekasētas no restorāna īpašnieka, ieskaitot darījumu izmaksas procentos, ir vidēji 2,5%, kas pēc tam samazinās līdz 1,25 eiro par katru papildu maksājuma darījumu. (Tas nozīmē, ka katrs nākamais maksājuma darījums maksā 1,25 €)-tādas pašas izmaksas tiek realizētas, ja restorāns digitāli apmaksā veļas mazgāšanas rēķinu, - maksājumi  pie friziera, - un sekojošie maksājumi. Līdz ar to pēc pirmajiem 36 darījumiem no šiem 50€ paliks tikai 5€, bet atlikušie 45€ nonāks bankas īpašumā...pateicoties visiem digitālajiem darījumiem un komisijām!Turklāt debetkarte maksā vidēji 2,25 eiro mēnesī, tāpēc pēc mēneša uzkrāšanas jūsu 50 eiro ir tikai 47,75 eiro vērti. Tādēļ domājam. Un darām. Atbalstām tos, kurus vēlamies atbalstīt un neatbalstām tos, kurus nevēlamies. /Vinnijs Pūks/ Gandrīz 😊Lai mums visiem Priecīgs, bagātīgs un veselīgs Jaunais gads❤️Kopā mēs varam!!!/Dr.E.Mednis/#AgenskalnaKlinika #KopaMesVaram #DziveBezBailem #IzglabDraugu #SargiBernus"
847,31.12.2022 19:28:38,Āgenskalna klīnika,,,
848,09.01.2023 09:42:30,Āgenskalna klīnika,,,"Diezgan veca saruna ar Karen Mullis, PCR testa izgudrotāju. Kādreiz esmu to jau šeit publicējis, bet šeit ir piemontēta arī otra daļa, kurā viņš izsakās par Fauči, ASV galveno (redzamo) ideologu visai šai afērai. Te nu bija gudrākais medicīnas speciālists lielvalstī. Un, ja jau LV viss notiek copy paste pēc ASV parauga ........https://www.youtube.com/watch?v=ngSrREtL-9gKopā mēs varam!!!/Dr.E.Mednis/#AgenskalnaKlinika #KopaMesVaram #DziveBezBailem #IzglabDraugu #SargiBernus"
849,09.01.2023 21:19:31,Āgenskalna klīnika,,,"Interesants plakāts Anglijā. Pieliekam klāt eitanāzijas reklamēšanu Kanādā un citās valstīs, kā arī pēdējo 2 gadu indes injekciju nodarīto postu un tad saliekas kopā bilde. Varbūt es kļūdos, bet nedomāju vis. Globālo lielo spēlētāju mērķis ir uzrakstīts šai plakātā un to var pateikt vienā vārdā - DEPOPULĀCIJA. Skan baigi, vai ne? Jā. Bet tāds iespaids paliek šo visu vērojot. Mūsu esot par daudz. Mēs esot ""useless eaters"", kā kāds no globālistu kundziņiem izteicās.Lai viņi plosās. Bet viņu darbības uzliek mums lielu pienākumu - lietot savas smadzenes un nepakļauties tam, kurp mūs ved. Izglītojam savus bērnus, izslēdzam panorāmu un citus parazitārus medijus, norēķinos lietojam tikai skaidru naudu un domājam, domājam, domājam. Kā arī veicam kādas garīgas prakses. Tas ir vienīgā izeja. Bet zinu, mēs varam. Un mēs to paveiksim.Kopā mēs varam!!!/Dr.E.Mednis/#AgenskalnaKlinika #KopaMesVaram #DziveBezBailem #IzglabDraugu #SargiBernus"
850,09.01.2023 21:19:31,Āgenskalna klīnika,,,
851,09.01.2023 22:27:03,Āgenskalna klīnika,,,
852,10.01.2023 12:28:52,Āgenskalna klīnika,,,"Lai mūsu šodien būtu nedaudz jautrāka un vieglāka, te neliela humora deva.Kopā mēs varam!!!/Dr.E.Mednis/#AgenskalnaKlinika #KopaMesVaram #DziveBezBailem #IzglabDraugu #SargiBernus"
853,10.01.2023 12:28:52,Āgenskalna klīnika,,,
854,11.01.2023 15:59:29,Āgenskalna klīnika,,,"Vienā no grupām pirms kāda laiciņa cilvēki piedāvāja online pasākumu instagram. Grupa advancēta un it kā gaišiem cilvēkiem pilna. Es uzdevu jautājumu kāpēc instagram, jo tas taču Cukurkalna kantoris. Manus komentārus bez brīdinājuma nodzēsa. Dīvaini. Vai tiešām nav īsti skaidrs kā pasaule ir uzbūvēta? Kas valda pasaulē? Ir tikai pāris lielo uzņēmumu, kam pieder lielie mediji, farmācijas uzņēmumi, sociālie tīkli u.t.t.. Tie ir tie paši, kas mums sagādāja izklaides pēdējo divu gadu garumā un kas arī domā par turpmākajām izklaidēm. Jautājums ir par enerģiju. Kam mēs vēlamies to atdot. Ja es lietoju FB, tad atdodu savu enerģiju pirmkārt jau Cukurkalnam, tāpat ar Instagram, tāpat ar Vatsapu un citiem tīkliem. Nepatīk mums kodi, ka nevar tikt veikalos, nepatīk maskas (lai arī uz 5 minūtēm), nepatīk mums cenzūra - FB nodzēš dumpīgākus komentārus - nekas, gan jau. uzrakstīsim citu. Nebija jau nemaz tik būtiski. Gan ielikšu citu. Kāpēc mēs lietojam to, kas mums kaitē? Kāpēc atdodam savu enerģiju tiem, kas ir pret mums, pret cilvēci kā tādu? Tiem, kas domā par depopulāciju vēsu seju to realizē?Viss ir mūsos pašos. Viss ir katrā no mums, manī, tevī, viņā, viņos, mūsos. Nevienā citā. Cik mēs barosim savus mocītājus tik arī viņi mūs mocīs. Faktiski normālas upura- varmākas attiecības. Upuris, kā zināms, vienmēr aizstāvēs varmāku. Un būs gatavs pakļauties.Cik no mums ir tādu, kas ir gatavi būt paši? 5%? 10%? Ne vairāk. Pārējie sava izdevīguma labā turpinās darīt visu, ko liek un klusībā paraudās par grūto dzībi, bet līku muguriņu turpinās kalpot varmākam.Mostamies. Un iztaisnojam muguras. Un esam paši par sevi. Uzņemamies atbildību par savu dzīvi. Un tad mums viss izdosies.Kopā mēs varam!!!/Dr.E.Mednis/#AgenskalnaKlinika #KopaMesVaram #DziveBezBailem #IzglabDraugu #SargiBernus"
855,11.01.2023 15:59:29,Āgenskalna klīnika,,,
856,11.01.2023 16:21:00,Āgenskalna klīnika,,,"Un te kolosāla Faizera vadošā zinātnieka atklātības lēkme. Izrādās pie tā strādāja un tāds bija mērķis - izraisīt sirdsdarbības problēmas. jauki. Vai ne? Ticam zinātnei. Un medijiem. Un, protams, savai valdībai.Kopā mēs varam!!!/Dr.E.Mednis/#AgenskalnaKlinika #KopaMesVaram #DziveBezBailem #IzglabDraugu #SargiBernus"
857,11.01.2023 16:21:00,Āgenskalna klīnika,,,
858,12.01.2023 11:08:36,Āgenskalna klīnika,,,"Spēj tik turēt acis vaļā. Tiiik daudz interesanta atklājas. Esmu pateicīgs, ka dzīvoju tieši šajā laikā. Jo kad tad vēl tik ļoti daudz un koncentrēti varētu uzzināt par pasaules kārtību un procesiem? Šobrīd, cik skatos, galvenais process ir depopulācija - gan ar tā saucamajām vakcīnām, kas nemaz nav vakcīnas, gan kariem (ar tiem gan salīdzinoši maz cilvēku var dabūt zem zemes), gan arī ""konvencionālajām"" vakcīnām. Ar vien vairāk parādās informācijas par to, ka stinguma krampju vakcīna esot ""uzlabota"" un tā veic vēl papildus funkciju - bērnu sterilizāciju. Kārtējā konspirācijas teorija? Varbūt. Bet cik zināms, pēdējo divarpus gadu laikā visas sākotnēji ""konspirācijas"" teorijas ir piepildījušās ar matemātisku precizitāti. Gan tās, ko Deivids Aiks runāja, gan arī citas. Kāpēc, lai šī būtu savādāka? Ja būs, piedodiet, bet papildus piesardzība nekad nenāk par ļaunu. Un šobrīd ticība farmācija ir tieši nulle. Vismaz man. Cik zinu, neesmu viens ar šādu sajūtu. Klasiskā medicīna ir sevi sakompromitējusi, tāpat kā ""zinātne"", kam mūs aicināja ticēt. Tagad pilni kapi ir ticīgo un apbedīšanas uzņēmumu peļņa krietni pieaugusi.  Skarbi? Jā, pat ļoti. Bet dzīve rāda. Mūsu daļa šajā lietā ir redzēt, jeb spītīgi neskatīties, paklausīt, jeb spītīgi turēties pie vecām dogmām un savām bailēm, kuras, kā zināms, nekad vēl pareizu ceļu nav parādījušas. Te kārtējais raksts un filma, kā ""lielie vīri"" mēģina mūsu skaitu samazināt. Gribiet ticiet, gribiet nē. Bet no tā jau nekas nemainās. mainās tikai katram pašam. Kopā mēs varam!!!/Dr.E.Mednis/#AgenskalnaKlinika #KopaMesVaram #DziveBezBailem #IzglabDraugu #SargiBernus"
859,12.01.2023 11:08:36,Āgenskalna klīnika,,,
860,12.01.2023 11:50:09,Āgenskalna klīnika,,,"Un te vēl - japāņu pētījums Singapūrā, kas ir viena no visvairāk ""vakcinētajām"" valstīm - 90% iedzīvotāju. Interesanti ir secinājumi - ka vakcinētie slimo biežāk, smagāk un maskās aug tāda flora un fauna....... Labāk to nezināt. Sevišķi jau tiem, kas izvelk no kabatas jau pelēku kļuvušu masku un uzstūķē uz deguna, lai ""drošāk"". Par to jau esmu neskaitāmas reizes rakstījis. Bet nu tikai atgādinājumam ar pētījumiem. Jo mums taču ir ""uz pierādījumiem balstīta medicīna"". https://jamescintolo.substack.com/p/brand-new-japanese-study-shows-maskingKopā mēs varam!!!/Dr.E.Mednis/#AgenskalnaKlinika #KopaMesVaram #DziveBezBailem #IzglabDraugu #SargiBernus"
861,12.01.2023 13:43:22,Āgenskalna klīnika,,,"Un te nedaudz organizatorisku lietu starp Faizeru, BioNtech un ķīniešiem. Pa vidu vēl Bila un Melindas Geitsu labdarības fonds. Viss viss lēta bodīte. https://sashalatypova.substack.com/p/the-role-of-the-us-dod-and-their?utm_medium=reader2Kopā mēs varam!!!/Dr.E.Mednis/#AgenskalnaKlinika #KopaMesVaram #DziveBezBailem #IzglabDraugu #SargiBernus"
862,13.01.2023 09:37:52,Āgenskalna klīnika,,,"Nu re, tagad mums ir jauns ēdiens - circeņi. Daļēji attaukoti. Eiropas komisija izdevusi regulu ar kuru apstiprina un nostiprina šo jau ko dzīvnieciņu kā mūsu jauno ēdienu. Interesanti tikai vai Van Der Leijenas kundze pati arī baudīs šo maltīti, jeb tā domāta tikai zemākajām kastām? katrā ziņā ņemam par labu kas ir. Labu apetīti. 😁Kopā mēs varam!!!/Dr.E.Mednis/#AgenskalnaKlinika #KopaMesVaram #DziveBezBailem #IzglabDraugu #SargiBernus"
863,13.01.2023 09:37:52,Āgenskalna klīnika,,,
864,17.01.2023 00:50:11,Āgenskalna klīnika,,,"Skarbā realitāte - 2023. gadā tiks samazināta pasaules populācija par 50%. To saka Alberts Bourla, Faizera boss. Nekas jau netiek slēpts. Šobrīd var apsveikt tos, kas nepakļāvās. Viņiem paveicās. Tālāk jau paveicās, tikai nedaudz mazāk, kas saņēma 1-2 šprices. Tiem ir lielākas izredzes. Un ar katru nākošo šprici izredzes izdzīvot strauji samazinās. Diemžēl. To mēs redzam jau šobrīd un to redzēsim tuvākajos dažos gados. jau tagad mirstības skaitļi, par pēc BBC datiem ir sliktākie pēdējo 50 gadu laikā.Turpinām nepakļaušanos. Izturam. Jo mazāk mēs iesaistīsimies visā šajā jampadracī, jo mazāk enerģijas mēs viņiem atdosim. Un ātrāk mēs tiksim ārā. Jau tagad Švāba kungs neesot varējis piedalīties sava foruma atklāšanā veselības dēļ. Un tā tas turpināsies.Kopā mēs varam!!!/Dr.E.Mednis/#AgenskalnaKlinika #KopaMesVaram #DziveBezBailem #IzglabDraugu #SargiBernus"
865,17.01.2023 00:50:11,Āgenskalna klīnika,,,
866,17.01.2023 00:54:55,Āgenskalna klīnika,,,"Un šeit iepriekšējā ieraksta ilustrācijai UK dati. Nav pārāk iepriecinoši. Bet katrā ziņā šīs injekcijas ir drošas un efektīvas. Tikai jautājums par to sūtību, jeb mērķi. Un tas nav tāds, ko mums stāstīja. Bet savu uzdevumu tās pilda godam. Tikai par to patieso uzdevumu mums neviens nestāstīja oficiālajos medijos. To runājām mēs un mūs par to sauca par sazvērestības teoriju izplatītājiem. Kā redzams, visas sazvērestības teorijas piepildās ar matemātisku precizitāti.Kopā mēs varam!!!/Dr.E.Mednis/#AgenskalnaKlinika #KopaMesVaram #DziveBezBailem #IzglabDraugu #SargiBernus"
867,17.01.2023 00:54:55,Āgenskalna klīnika,,,
868,17.01.2023 11:58:35,Āgenskalna klīnika,,,"Video par Faizera prezidentu un viņa teikto, kā izrādās ir neprecīzs. Pilns viņa sarunas ieraksts (nemontēts) ir šeit zemāk. Bet tas nemaina dienas kārtību. Depopulācija iet plašiem soļiem uz priekšu. sargājam sevi un savus tuvākos. https://youtu.be/9ccd3LMNMl8Kopā mēs varam!!!/Dr.E.Mednis/#AgenskalnaKlinika #KopaMesVaram #DziveBezBailem #IzglabDraugu #SargiBernus"
869,22.01.2023 11:31:19,Āgenskalna klīnika,,,"Parādījusies jauna tendence - špricēt gripas un kovid šprici vienlaikus. Esot arī apvienotā. Tas, laikam, tāpēc, lai pēc iespējas vairāk cilvēkiem dabūtu to iekšā. Arī tiem, kas nepiekrita kovidšpricei. Tikai nevajag aizmirst, ka arī šim ir sekas. Te kā piemērs, kas var atgadīties. Sakritība? Var būt. Bet, laikam, tomēr nav. Tā ir likumsakarība. Jo šobrīd notiek masveida cilvēku iznīcināšana. Depopulācija līdz ""zelta miljardam"". sazvērestības teorija? Muļķības? Iespējams. Tikai paskatieties nedaudz atpakaļ laikā. Visas sazvērestības teorijas ir piepildījušās. Arī šī piepildās. Tiem, kas netic, iesaku aprunāties ar kādu bēru organizēšanas uzņēmuma pārstāvi, vai izvadītāju. Viņi pastāstīs. Šobrīd esot viens no ienesīgākajiem biznesiem. Un mirstot jauni cilvēki - 30-50 gadus veci tādā apjomā, kas nav vēl redzēts. Arī sakritība? Jā, protams - sakrīt ar laiku pēc masveida kovidšpricēšanas. Un slimo. Pie tam tendence - jo vairāk devu cilvēks saņēmis, jo biežāk slimo. Par to jau arī rakstīju gan es, gan daudzi citi - pēc trešā devas vairumā gadījumu iestājas imūndeficīts. Neļaujam sevi apmuļķot.Kopā mēs varam!!!/Dr.E.Mednis/#AgenskalnaKlinika #KopaMesVaram #DziveBezBailem #IzglabDraugu #SargiBernus"
870,22.01.2023 11:31:19,Āgenskalna klīnika,,,
871,24.01.2023 15:19:14,Āgenskalna klīnika,,,"Vai tiešām padomju laiki atgriežas? Toreiz vismaz neņēma armijā studentus, ļaujot viņiem pabeigt mācības, par sievietēm nemaz nerunājot. Mūs mudina ienīst krievus un visu krievisko, bet pašu valdībnieku rīcība ir vēl nekrietnāka kā padomju oficioziem. Izrādās mums nevajag gudrus un izglītotus cilvēkus, mums vispār šeit nevajag cilvēkus, vien kaimiņus nīstošu suņu bariņu, kas rej pēc saimnieka pavēles. Nezinu vai tas ir totāls idiotisms jeb kolosāla nekrietnība. Man kaut kā ir aizdomas par otro. Pēdējo divu gadu laikā neesmu redzējis nevienu krietnu rīcību no Saeimas un MK puses. Tikai klaju necieņu pret savu tautu un cilvēkiem, kas apdzīvo šo teritoriju.latvijas teritoriju ar reaktīvo lidmašīnu var pārlidot pusstundas laikā. Ar raķeti sasniegt Rīgu - cik minūtēs? Ar ko mēs gribam karot? Un kā vārdā? Gribam pārvērst savu zemi par kaujas poligonu, kurā tiek izmēģināt reālā kaujā modernie ieroči? Ko aizstāvēsim? Krišjāni Kariņu un kliķi? Jeb būsim lielkungu liegabalgaļa un kārtējie izmēģinājuma trusīši. Gan mēs, gan mūsu bērni, ko iesauks obligātajā dienestā.   Tas runā tikai par vienu - pēc iespējas nepakļauties kārtējam psiholoģiskajam spiedienam. Kā labi zināms - miers baro, nemiers posta. Jo vairāk naida mēs sevī uzturēsim, jo vairāk paši sev kaitēsim. Šobrīd notiek ģeopolitiski procesi, kurus, domāju, 95% cilvēku īsti neizprot. Es tai skaitā. Bet pagale nekad nedeg viena. Nav tikai balts un melns. Līdz ar to mēs īsti nezinām, kas patreiz notiek pasaulē. Un, ja īsti nezinām, tad kāpēc tur iejaukties? Tas taču sen zināms, ka kur divi kaujas, trešajam nav ko līst, jo viņš dabūs pirmais. Es iestājos pret jebkuru vardarbību jebkurā tās formā. Un neuzskatu, ka maniem bērniem būtu jādien armijā. Sevišķi jau piespiedu brīvprātīgā kārtā. Un es darīšu visu iespējamo, lai viņi tur nebūtu.Es nekad neesmu varējis izprast karavīra sūtību. Kāpēc kādam ir jāzaudē dzīvība politisku apsvērumu dēļ. Kādreiz bērnu dienās jautāju vecākiem: ja vienam valdniekam nepatīk otrs baldnieks, kāpēc viņi nevar iziet laukumā jeb ringā un nokārtot savas attiecības? Kāpēc citiem tādēļ jācieš? Joprojām uzturu savu jautājumu spēkā.Ja Krišjānim ar kompāniju gribas pakarot, tad taču viss ir vienkārši - viņi taču zina kur jāpiesakās un kurā pusē, lai tiktu pie reālu kauju pieredzes. Bet manus bērnus liekiet mierā. Viņiem NAV jākaro. Un viņi nekaros.Kopā mēs varam!!!/Dr.E.Mednis/#AgenskalnaKlinika #KopaMesVaram #DziveBezBailem #IzglabDraugu #SargiBernus"
872,24.01.2023 15:19:14,Āgenskalna klīnika,,,
873,28.01.2023 13:21:46,Āgenskalna klīnika,,,"Uzticība farma industrijai sarūk ar katru dienu. Personīgi es, tai neticu vispār. Visi jau zina par kovidinjekciju ietekmi uz veselību, kā arī daudziem tuvu draugu vai paziņu lokā ir kāds, kas ir cietis no tām. Tad nāk Bilonkuļa sacītais par vakcīnām spray veidā, kam seko, nu jau arī Latviju sasniegušais deguna aerosols, kas neesot ne zāles, ne vakcīna, bet, kas pasargājot deguna gļotādu no vīrusa iekļūšanas. Ticam? Laikam jau nē. Un tad, protams, ir arī tā sauktais obligātais vakcinācijas kalendārs bērniem. Kas notiek ar to? Vai tam var uzticēties, ka tās vakcīnas paliek tādas pašas, kādas tās bija? Iespējams ka nē. Jo kas var garantēt, ka pēc visām tām cūcībām, ko pēdējo divu gadu laikā izpildīja gan valstu valdības (ar retiem izņēmumiem) un farmācijas uzņēmumi, kas te viss ir tīrs? Laikam neviens. Jau kādu laiku gaisā virmo ziņa, ka stinguma krampju vakcīnas sastāvā ir viela sterilizācijai. Cik tur tās taisnības, nav  zināms, bet pieļaut tādu domu var. Un te vē ziņa par to, ka arī ""parastās"" vakcīnas tiek pārtaisītas uz mRNS. Tas nozīmē, ka tās nodarīs ne mazāku ļaunumu kā kovidšprices. vai mums to kāds pateiks, ka tās ir pārveidotas? Laikam jau, ka nē. Špricēs tik nost. Un pieliekam klāt arī globālās elites ideju par zelta miljardu. Jautājums - kur paliks atlikušie 6 miljardi? Nu tur arī paliks. tādēļ jau tiek laistas apgrozībā arvien jaunas mRNS injekcijas. Kaut kā jau jātiek vaļā no liekajiem. Turamies. Un turam acis vaļā. Neļaujamies apmuļķoties un piekrāpties. Kopā mēs varam!!!/Dr.E.Mednis/#AgenskalnaKlinika #KopaMesVaram #DziveBezBailem #IzglabDraugu #SargiBernus"
874,28.01.2023 13:21:47,Āgenskalna klīnika,,,
875,29.01.2023 10:43:15,Āgenskalna klīnika,,,"Mūsu sarunu vakari turpināsies visai drīz. Nedaudz jaunā formātā. Jaunas sarunas jau ir tapušas. Vēl tikai daži ""pieslīpēšanas"" un sagatavošanās darbi. Drīz būsim.  Kopā mēs varam!!!/Dr.E.Mednis/#AgenskalnaKlinika #KopaMesVaram #DziveBezBailem #IzglabDraugu #SargiBernus"
876,31.01.2023 11:37:33,Āgenskalna klīnika,,,
877,31.01.2023 11:38:09,Āgenskalna klīnika,,,"Ceturtdien, 2.februārī skatieties Dr. Edgara Medņa sarunu ar Modri Burbergu. Bildē redzami: Modris ar sievu Astrīdu, Vineta Tomsone-Lipšāne un Edgars Mednis.  Modris, pirmspensijas vecumā tika piespiedu kārtā, bez brīdināšanas atbrīvots no darba par atteikšanos piedalīties medicīniskajā eksperimentā. Modris strādāja Rīgas Zooloģiskajā dārzā par elektriķi.Astrīda, Modra sieva:“Tas bija necilvēciski ciniski kā cilvēki ir gatavi izpildīt nejēdzīgus rīkojumus, neizvērtējot to riskus! Risku jau vispār nebija, bet šajā gadījumā vairāk kā smieklīgi!” “Paldies, Jums par grūto, pašaizliedzīgo darbu, ko darāt!Vēlu Jums Dievpalīgu.”Šo sarunu varēsiet noskatīties šādos kanālos:https://t.me/Agenskalnaklinikahttps://t.me/PIRMS_IZLEM_IESKATIEShttps://t.me/zinoparblaknemhttps://t.me/kekaviesihttps://www.bitchute.com/channel/ETFw6axQxy71/https://odysee.com/@Sp%C4%93kavots:cLai varētu turpināt filmēšanas darbu, ir nepieciešams Tavs atbalsts! Līdzekļus izdevumu segšanai var pārskaitīt uz kontu: LV58HABA0551010325787  Vineta Lipšāne. Mērķis: filmēšanas izdevumiem.Raidījuma veidošanā piedalījās: Edgars Mednis,  Ilze Pole, Vineta Tomsone Lipšāne, Katrīna Zvaigznīte u.c"
880,03.02.2023 14:51:30,Āgenskalna klīnika,,,
881,07.02.2023 10:36:07,Āgenskalna klīnika,,,
882,08.02.2023 16:46:47,Āgenskalna klīnika,,,"Ģimenes vērtības un jaunā pasaules kārtībaCeturtdien, 9.februārī skatieties Dr. Edgara Medņa sarunu ar vokālo pedagoģi un četru bērnu mammu Lieni Grīnhofu. Liene Grīnhofa: “Laikā, kad izzūd vērtības un to vietā popularizē izlaidību un degradāciju, bērniem visdrošākā vide ir ģimene. Ar mammas un tēta uzmanību, ar līdzdarbošanos mājas darbiņos, turklāt mājas “garlaicība” un “rutīna” veicina bērna radošumu un līdz ar to domāšanu.”Mūsu kanāli:https://t.me/Agenskalnaklinikahttps://www.bitchute.com/channel/ETFw6axQxy71/https://odysee.com/@Sp%C4%93kavots:chttps://t.me/PIRMS_IZLEM_IESKATIEShttps://t.me/zinoparblaknemhttps://t.me/kekaviesiLai varētu turpināt filmēšanas darbu, ir nepieciešams Tavs atbalsts! Līdzekļus izdevumu segšanai var pārskaitīt uz kontu: LV58HABA0551010325787  Vineta Lipšāne. Mērķis: filmēšanas izdevumiem.Raidījuma veidošanā piedalījās: Edgars Mednis,  Ilze Pole, Vineta Tomsone Lipšāne, Katrīna Zvaigznīte u.c"
883,09.02.2023 08:27:17,Āgenskalna klīnika,,,
884,10.02.2023 22:48:57,Āgenskalna klīnika,,,"Kāds teiks: atkal kārtējā sazvērestības teorija. Bet, ja nu nav? Pēc pēdējo divu gadu pieredzes, šķiet nekas vairs nešķiet neiespējams. Arī šādas ""sakritības"". Kopā mēs varam!!!/Dr.E.Mednis/#AgenskalnaKlinika #KopaMesVaram #DziveBezBailem #IzglabDraugu #SargiBernus"
885,10.02.2023 22:48:57,Āgenskalna klīnika,,,
886,12.02.2023 16:50:23,Āgenskalna klīnika,,,"Te neliels turpinājums vakardienas tēmai. Rumānijas deputātes izpildījumā. Klausījos un domāju, iespējams šajā runā vārda  Rumānija vietā liekot Latvija, būtībā nekas nemainīsies. Jo, sajūta tāda, ka te viss pēc vienas šnites veidots. Dīvaini.  Kopā mēs varam!!!/Dr.E.Mednis/#AgenskalnaKlinika #KopaMesVaram #DziveBezBailem #IzglabDraugu #SargiBernus"
887,12.02.2023 16:50:24,Āgenskalna klīnika,,,
888,14.02.2023 10:24:45,Āgenskalna klīnika,,,"Izrādās, ka ko jaunu izdomāt īsti nav vajadzības. Viss jaunais ir labi aizmirsts vecais. Veselības pases ar kodu, kas atļauj iziet publiskā telpā un iekļūt iestādēs tika lietotas fašistiskajā Vācijā trešā reiha laikā. Vai tā būtu sakritība? Jeb tomēr likumsakarība un aiz avju drānām ārā nāk tomēr vilka zobi?  Kopā mēs varam!!!/Dr.E.Mednis/#AgenskalnaKlinika #KopaMesVaram #DziveBezBailem #IzglabDraugu #SargiBernus"
889,14.02.2023 10:24:45,Āgenskalna klīnika,,,
890,14.02.2023 10:25:09,Āgenskalna klīnika,,,
891,15.02.2023 11:55:05,Āgenskalna klīnika,,,
892,15.02.2023 11:55:27,Āgenskalna klīnika,,,"Bērnu agrīna seksualizācija – jaunais normālais Dr. Edgara Medņa saruna ar vokālo pedagoģi un četru bērnu mammu Lieni Grīnhofu. Otrā daļa.Vai pirmsskolas vecuma bērni būtu jāapgaismo par seksuāliem jautājumiem? Vai tiešām bērnu agrīna seksualizācija ir nepieciešama un kur tā var novest? Kas virzās greizi sabiedrības centienos un izglītības ievirzēs bērnu audzināšanā?Liene Grīnhofa: “Man ir dabisks instinkts novērsties no tā, kas man nav vajadzīgs. Un bērnā iekšā ir tas pats, ja vien viņš netiek stimulēts caur multenēm un filmām uz ko citu. Mēs taču zinām, ka tieši seksuālā dziņa ir ļoti spēcīga, gandrīz tikpat spēcīga kā dzīvotgriba, un šķiet, ka manipulējot ar to var ļoti labi iedarboties uz psihi. Tas noved pie izpostītiem dabīgiem instinktiem, emocionālas spriedzes.” Mūsu kanāli:https://t.me/Agenskalnaklinikahttps://www.bitchute.com/channel/ETFw6axQxy71/https://odysee.com/@Sp%C4%93kavots:chttps://t.me/PIRMS_IZLEM_IESKATIEShttps://t.me/zinoparblaknemhttps://t.me/kekaviesiLai varētu turpināt filmēšanas darbu, ir nepieciešams Tavs atbalsts! Līdzekļus izdevumu segšanai var pārskaitīt uz kontu: LV58HABA0551010325787  Vineta Lipšāne. Mērķis: filmēšanas izdevumiem.Raidījuma veidošanā piedalījās: Edgars Mednis,  Ilze Pole, Vineta Tomsone Lipšāne, Katrīna Zvaigznīte u.c"
893,15.02.2023 14:22:19,Āgenskalna klīnika,,,
894,16.02.2023 11:04:21,Āgenskalna klīnika,,,"Bērnu agrīna seksualizācija – jaunais normālais Dr. Edgara Medņa saruna ar vokālo pedagoģi un četru bērnu mammu Lieni Grīnhofu. Otrā daļa.Vai pirmsskolas vecuma bērni būtu jāapgaismo par seksuāliem jautājumiem? Vai tiešām bērnu agrīna seksualizācija ir nepieciešama un kur tā var novest? Kas virzās greizi sabiedrības centienos un izglītības ievirzēs bērnu audzināšanā?Liene Grīnhofa: “Man ir dabisks instinkts novērsties no tā, kas man nav vajadzīgs. Un bērnā iekšā ir tas pats, ja vien viņš netiek stimulēts caur multenēm un filmām uz ko citu. Mēs taču zinām, ka tieši seksuālā dziņa ir ļoti spēcīga, gandrīz tikpat spēcīga kā dzīvotgriba, un šķiet, ka manipulējot ar to var ļoti labi iedarboties uz psihi. Tas noved pie izpostītiem dabīgiem instinktiem, emocionālas spriedzes.” Mūsu kanāli:https://t.me/Agenskalnaklinikahttps://www.bitchute.com/channel/ETFw6axQxy71/https://odysee.com/@Sp%C4%93kavots:chttps://t.me/PIRMS_IZLEM_IESKATIEShttps://t.me/zinoparblaknemhttps://t.me/kekaviesiLai varētu turpināt filmēšanas darbu, ir nepieciešams Tavs atbalsts! Līdzekļus izdevumu segšanai var pārskaitīt uz kontu: LV58HABA0551010325787  Vineta Lipšāne. Mērķis: filmēšanas izdevumiem.Raidījuma veidošanā piedalījās: Edgars Mednis,  Ilze Pole, Vineta Tomsone Lipšāne, Katrīna Zvaigznīte u.c"
895,16.02.2023 11:07:08,Āgenskalna klīnika,,,
896,21.02.2023 14:43:24,Āgenskalna klīnika,,,
897,23.02.2023 11:22:32,Āgenskalna klīnika,,,
898,24.02.2023 11:19:04,Āgenskalna klīnika,,,
899,07.03.2023 21:06:26,Āgenskalna klīnika,,,
900,08.03.2023 19:12:47,Āgenskalna klīnika,,,"Modernās injekcijas blaknes. No sportistes par invalīdiLīgas Apines stāsts: “Esmu viena no Brīnumlīdzekļa upuriem: zaudēju darbu, veselību un iespēju tikt ārstētai. Otrajā nedēļā pēc otrās devas strauji pasliktinājās veselība (stipras sāpes vēderā, nekontrolēta vēdera darbība, sāpes mugurā). Paliku bez darba straujas veselības pasliktināšanās dēļ.Sākās ilgs ārstēšanās (vai drīzāk pašārstēšanās) process. Veselības pasliktināšanās iemeslu- Brīnumlīdzekli, ārsti noliedza (visvairāk ģimenes ārsts, pārējie ārsti mutiski nenoliedza, rakstiski neapstiprināja). Kad kārtējās vizītes laikā jautāju par rakstisku apstiprinājumu cēloņsakarībai ar vakcīnu, kuru varētu iesniegt Zāļu valsts aģentūrai kompensācijas pieprasīšanai, ārste atgādināja, ka šī saruna maksā naudu. Varbūt kāds zina cik tas varētu maksāt?Lai novērstu potes radītos postījumus, kamēr tie bija sākuma stadijā, vainoja manu vecumu. Vai tiešām tik strauja novecošana ir iespējama, ka pusotra gada laikā var kļūt par darba nespējīgu invalīdu? Neskatoties uz to, ka pirms diviem gadiem ap šo laiku regulāri, aktīvi nodarbojos ar sportu.”Paldies, par svētīgo darbu, ko dariet!Mūsu kanāli:https://t.me/spekavotshttps://t.me/Agenskalnaklinikahttps://www.bitchute.com/channel/ETFw6axQxy71/https://odysee.com/@Sp%C4%93kavots:chttps://youtube.com/playlist?list=PLaE_CeKYTqXej9bXOJp6D65orlgnQQsKHhttps://t.me/PIRMS_IZLEM_IESKATIEShttps://t.me/zinoparblaknemhttps://t.me/kekaviesihttps://vm.tiktok.com/ZMYP3noud/Lai varētu turpināt filmēšanas darbu, ir nepieciešams Tavs atbalsts! Līdzekļus izdevumu segšanai var pārskaitīt uz kontu: LV58HABA0551010325787  Vineta Lipšāne. Mērķis: filmēšanas izdevumiem.Raidījuma veidošanā piedalījās: Edgars Mednis,  Ilze Pole, Vineta Tomsone Lipšāne, Katrīna Zvaigznīte u.c."
901,10.03.2023 14:33:10,Āgenskalna klīnika,,,
902,10.03.2023 16:36:03,Āgenskalna klīnika,,,
903,12.03.2023 22:47:19,Āgenskalna klīnika,,,"Sen neesmu neko rakstījis. Parasti to daru, kad ""sakāpj"". Tad šī nu ir tā reize.Skatoties kas notiek apkārt brīžiem rodas tāda šizoīda sajūta - kurš ir traks, es vai viņi. man pašam šķiet, ka viņi. Lai gan visiem trakajiem tā šķiet. Tas tā humoram. Bet šis pieminekļkritis, kas notika pagājušajā gadā bija nu tāds, maigi sakot, dīvainu sajūtu apvīts. Es neesmu Kremļa aģents. Un nejūsmoju par Padomju varu. Bet notiekošais ar vien sāk atgādināt PSRS laikos piedzīvoto. Un jo tālāk, jo tas iet ārpus piedzīvotā rāmjiem un nokļūst jau stāstītā rāmjos. Jo, šķiet, 70-tajos tik traki negāja. Runa šobrīd ir par vērtībām un tautas vēsturi. Lai kā mums, varbūt, nepatiktu, bet Latvijas tauta laiku laikos ir malta starp vairākiem dzirnakmeņiem, dalīta, šķirta, plosīta. Tāda ir mūsu vēsture. Mums pāri gājuši neskaitāmi karaspēki un varas. Mūsu ciltsbrāļi ir tajos piedalījušies. Pie tam dažādās pusēs. Arī otrajā pasaules karā mūsējie bija abās pusēs. Tāpat arī pirmajā pasaules karā. Tur gan pušu bija vairāk. Tāpat ir jāciena savi kaimiņi. Lai kādi tie būtu. Jo arī tā ir mūsu vēsture. Un arī tagadne. Un kas zina, kā vēl viss nākotnē var iegrozīties. Tfu, tfu, tfu (pār kreiso plecu). Bija mums katrā pagastā pa lielam laukakmenim, kas godina kādus tur 41-44 gada varoņus. Katrā pagastā savus. Bieži vien tie bija krūmos ieauguši. Piemērs ir (nu jau bija) uz ceļa star Turkalni un Juglu. vai mums ir daudz, kas vispār zina, kur tādi ciemati atrodas un, domāju, vēl mazāk ir tādu, kas zināja to akmeni ceļa labajā pusē, ja brauc uz Juglu. Nav vairs. tagad tikai krūmi. It kā nekas nebūtu bijis. Par Uzvaras pieminekli, jau esmu rakstījis agrāk. Kāpēc mēs dalām savējos pareizajos un ne tik pareizajos? Un kurš ir tas, kurš izdomājis kritērijus pēc kuriem šo dalījumu veikt? Kurš ir tas pareizais un soģis? Vai tomēr šos cilvēkus var saukt par mankurtiem. Tieši tā savulaik Čingizs Aitmatovs ir nodēvējis vergs, kas padarīti vājprātīgi un pilnībā aizmirsuši kas viņi ir, no kurienes nāk un uz kurieni dodas. Bet ar to jau cirks nebeidzas. Tikko Staķa kungs ar Rīgas rāti izcēlies. Jaukšot nost Puškina pieminekli. Apetīte rodas ēdot. Vai ne tā? Un tā vietā mums būs geju klubs. Tā atklāšana bija tik būtiska ģeopolitiskā mērogā, ka pats Rīgas rātskungs tur piedalījās un teica runu. lai gan ko tur brīnīties, viņa partijas boss dancoja Rīgas praidā. Tad rodas jautājums - vai tiešām viņi arī savās ģimenēs saviem bērniem māca visu to ārprātu, ko pasniedz uz āru? Cik zinu Pavļuta kungam ir 2 bērni no iepriekšējās sievas un vismaz divi no jaunās. Vai tas nozīmētu, ka šie četri jaunie cilvēki būtu apdraudēti ar homoseksuaitāti un dzimummaiņu?  Negribētos tam ticēt. par Staķa kunga bērnu skaitu nezinu. Bet ticu, ka ir. Bet ne par to. Par Puškinu. Puškins, tāpat kā Ņekrasovs, tāpat kā Ļevs Tolstojs, kā Ļermontovs un citi krievu dižgari ir kultūras mantojums. Mums ir gods, ja kāds no viņiem saistāms ar Rīgu vai Latviju. Mums ir gods, ja kādam no viņiem mēs esam uzcēluši pieminekli. Ja jau cēlām, tātad bija par ko. Mums ir gods mācīties viņu darbus, lasīt, domāt, izjust. Tāpat kā daudzu citu dižgaru, kā Platons, Nīče ...... Šie cilvēki nepakļaujas politikai. Viņi NAV politiski. Viņi ir pasaules kultūras sastāvdaļa. Un, lai kā kādam to gribētos, nav izravējami no tās. Un neviens praids, geju klubs un līdzīgi pasākumi neieņems viņu vietu. Pat, ja mēs sekosim spāņu paraugam un atļausim cilvēku ""svētu"" divsavienību ar sev tik ļoti mīļo lopiņu (kas varētu būt nākošā mankurtu epopeja), kultūru nevar iznīdēt. Tā ir un paliks."
904,12.03.2023 22:47:19,Āgenskalna klīnika,,,"Vēsture atkārtojas. PSRS laikos pa klusam svinējām ziemassvētkus, noliekot eglīti tā, lai caur logu nevar redzēt, klausījāmies radio Brīvā Eiropa un Amerikas balss, gājām pie Čakstes un Meierovica pieminekļa ""ielīduši"" kapucēs un šallē, lai vīriņi melnos ādas mētelīšos nevarētu mūs pazīt. Tāpat tagad, drīz vien lasīsim Puškinu un citus krievu dižgarus kā aizliegto literatūru aiz slēgtām durvīm un aizvilktiem aizkariem. Izklausās diezgan  traki. Bet tādos laikos dzīvojam. Un realitātes, par laimi, tomēr ir vairāk kā viena. Un tās ir paralēlas. Un šī mankurtu realitāte noteikti nav manējā.  Es ticu un zinu, ka savā realitātē es neesmu viens. Mūsu ir daudz. Un būs vēl vairāk. Mūsu skaits vairosies tieši proporcionāli iedomātās varas idiotismam. Lai top!Kopā mēs varam!!!/Dr.E.Mednis/#AgenskalnaKlinika #KopaMesVaram #DziveBezBailem #IzglabDraugu #SargiBernus"
905,13.03.2023 07:57:35,Āgenskalna klīnika,,,"Te viens no komentāriem pie manis rakstītā. Jā, arī šis ir vērā ņemams fakts, ka Brīvības pieminekli padomju laikā nenojauca. Mēs ar Uzvaras pieminekli to izdarījām.Komentārs:Runājot par pieminekļiem,  tieši pateicoties krievu arhitektei Verai Muhinai, Brīvības piemineklis krievu laikos netika demontēts.Kopā mēs varam!!!/Dr.E.Mednis/#AgenskalnaKlinika #KopaMesVaram #DziveBezBailem #IzglabDraugu #SargiBernus"
906,19.03.2023 20:18:38,Āgenskalna klīnika,,,
907,19.03.2023 23:25:11,Āgenskalna klīnika,,,
908,20.03.2023 11:39:33,Āgenskalna klīnika,,,
909,23.03.2023 10:34:48,Āgenskalna klīnika,,,
910,28.03.2023 11:19:52,Āgenskalna klīnika,,,
911,28.03.2023 22:22:18,Āgenskalna klīnika,,,"katieties ceturtdien, 30.martā!Kas ir tie, kas tēlo valsti? Dr. Medņa sarunas ar Miera vietas vēstnieku Taru Ramatu turpinājums.Tars Ramats: “Tā barība ar ko mūs baro izglītība ir kaitīga. Skološana pēc instrukcijām – dzīvam organismam tas līdzinās nāvei.” Saruna par Tara Ramata pieredzi ar bāriņtiesu, par bērnu audzināšanu un izglītības sistēmu. Mūsu kanāli:https://t.me/spekavots https://t.me/Agenskalnaklinika https://www.bitchute.com/channel/ETFw6axQxy71/ https://youtube.com/playlist?list=PLaE_CeKYTqXej9bXOJp6D65orlgnQQsKH https://t.me/PIRMS_IZLEM_IESKATIES https://t.me/zinoparblaknem https://vm.tiktok.com/ZMYP3noud/Lai varētu turpināt filmēšanas darbu, ir nepieciešams Tavs atbalsts! Līdzekļus izdevumu segšanai var pārskaitīt uz kontu: LV58HABA0551010325787  Vineta Lipšāne. Mērķis: filmēšanas izdevumiem.Raidījuma veidošanā piedalījās: Edgars Mednis,  Ilze Pole, Vineta Tomsone Lipšāne, Katrīna Zvaigznīte u.c."
912,30.03.2023 10:25:46,Āgenskalna klīnika,,,
913,11.04.2023 12:28:57,Āgenskalna klīnika,,,
914,13.04.2023 09:46:15,Āgenskalna klīnika,,,
915,18.04.2023 12:14:32,Āgenskalna klīnika,,,
916,18.04.2023 12:40:07,Āgenskalna klīnika,,,
918,18.04.2023 12:45:24,Āgenskalna klīnika,,,
919,20.04.2023 00:02:53,Āgenskalna klīnika,,,"Sestdien Rīgā, pie Brīvības pieminekļa no  plkst. 12:00- 13:00  notiks PIKETS par starptautiskās konvencijās ietvertām tiesībām pa šam noteikt pār savu ķermeni un bez nelabvēlīgām sekām atteikties no jebkuras medicīniskas manipulācijas. Par veselu cilvēku tiesībām strādāt un saņemt medicīnisko palīdzību, nemodificējot savu ķermeni ar vakcīnu, vai citādi. Par godprātīgu informēšanu par ieguvumiem un riskiem pirms parakstīt piekrišanu jebkurai medicīniskai procedūrai. Ja cilvēku informē tikai par ieguvumiem un neinformē par riskiem, tad cilvēks netiek informēts atbilstoši likuma prasībām un parakstam un piekrišanai nav juridiska spēka. Ja likums par nevakcinēšanos paredz nelabvēlīgas sekas, tad piekrišana vakcinācijai nav brīvprātīga. Par godprātīgu informēšanu par zāļu un vakcīnu absolūto efektivitāti un izmaksu efektivitāti. Par atbalstu īsi pēc vakcinācijas mirušo ģimenēm un cilvēkiem, kam pēc pienākuma pēc veiktas vakcinācijas ir pasliktinājusies veselība. Par brīvu piekļuvi oficiālajiem dokumentiem, par informācijas brīvību. Par kārtību, ka cilvēks pirms vakcinācijas piesakās vakcīnai e- veselībā un valsts iepērk tikai tik vakcīnas, cik cilvēki vēlas vakcinēties, lai 100 miljoni mūsu, nodokļu maksātāju nauda nebūtu jāšķiež velti!Par Satversmes 93 pantā uzliktā pienākuma aizstāvēt ikviena cilvēka dzīvību ievērošanu tiesvedībās par pienākuma vakcinēties atzīšanu par prettiesisku, jo vakcīna var bojāt veselību un nogalināt. Vakcinācijai, bija jāpaliek brīvprātīgai, kā to ieteica Eiropas vadlīnijas.Ja piekrītat ka vienīgi jums ir tiesības noteikt pār savu ķermeni un nodokļu nauda ir jālieto jūsu interesēs,  NĀCIET, emocionāli atbalstiet cietušos un palīdziet atjaunot savas pārkāptās tiesības, jo šobrīd darba devējs drīkst izlemt vai prasīt jums vakcinēties, pirms atļaut strādāt, vai nē un valdība par covid vakcīnām plāno tērēt 63 miljonus. Sabiedriskie mediji par šo oficiāli pieteikto piketu stāsta īsi, tāpēc, lūdzu DALIETIES ar šo ziņu, lai cilvēki uzzina!"
920,20.04.2023 14:54:45,Āgenskalna klīnika,,,
921,24.04.2023 11:22:38,Āgenskalna klīnika,,,"Šeit interesanta versija par globālās špricēšanās nozīmi un īsteno sūtību. pagaidām neviens man zināms cilvēks nevar ne apstiprināt, ne arī noliegt rakstīto. Bet ieklausīties der. Tik daudz ir piedzīvots pēdējo 3 gadu laikā, ka šis nemaz nekāds brīnums nebūtu. Cik zinu Delgardo, viņš cītīgi vāc materiālus par procesiem, kas notiek pasaules medicīnā saistībā ar Fauči gripu un špricēšanos. Daudz jau ir izracis un vēl daudz kas nāks gaismā.Domājam. Un sekojam līdzi. Kopā mēs varam!!!/Dr.E.Mednis/#AgenskalnaKlinika #KopaMesVaram #DziveBezBailem #IzglabDraugu #SargiBernus"
922,24.04.2023 11:22:39,Āgenskalna klīnika,,,
923,02.05.2023 13:52:20,Āgenskalna klīnika,,,
924,04.05.2023 22:27:33,Āgenskalna klīnika,,,
925,06.05.2023 11:24:39,Āgenskalna klīnika,,,"Kad valsts pārvaldes iestādei ir dots uzdevums – sodīt. Sodīt, neskatoties ne uz ko, ar jebkuriem līdzekļiem, pat prettiesiskiem, jo sodāmajam taču ir jābaidās un jāpakļaujas bez ierunām. Īpaši tad, ja šāda sodīšana apmierinās kādus noteiktus amatus ieņemošu un no varas apreibušu īpatņu ambīcijas. Vēl jo vairāk tad, ja vienreiz jau izdevies piemērot administratīvo sodu “par nepaklausību”, tad, apetītei augot, var mēģināt savas varas pozīcijas izmantot vēl un vēl. Taču – visam ir savas robežas. Pat valsts pārvaldes iestāžu pilnvarām un negausībai ir noteiktas robežas.   Konkrētais stāsts sākās ar kārtējo Vajāšanas inspekcijas vizīti manā ārsta praksē 2022.gada 4.februārī, kuras rezultātā ļoti atbildīgās, un visādi citādi burvīgās inspekcijas amatpersonas pieņēma lēmumu mani sodīt ar naudas sodu par to, ka viņu ieskatā nepildu Vajāšanas inspekcijas “likumīgās prasības” – nepieņemt pacientus, jo kā ‘sadarbspējīgi nesertificēts’ un nemaskots ārsts es “apdraudot pacientu veselību un dzīvību”. Neesot mierā ar veselu virkni procesuālajiem pārkāpumiem no apburošo Vajāšanas inspekcijas lēdiju puses un apbruņojies ar pārliecību, ka man nav pienākuma papildināt valsts kasi ar pusotru tūkstoti euro tikai tāpēc, ka minētajām dāmām ir “savi pieņēmumi par to, kā jābūt”, iesaistījos juridiskā izaicinājumā, lai aizstāvētu savas ārstniecības iestādes tiesības. “Izaicinājums” ilga 14,5 mēnešus jeb 447 dienas, ar lēmumu apstrīdēšanu, pārsūdzēšanu tiesā, tad nākamajā tiesu instancē, līdz beidzot panākts tiesisks rezultāts – Apgabaltiesa 27.04.2023. nosprieda, ka Vajāšanas inspekcijas centieni man inkriminēt pārkāpumu un izspiest naudas sodu ir pārspīlēti. Morāle: pārlieku centība aptumšo prātu.Kopā mēs varam!!!/Dr.E.Mednis/#AgenskalnaKlinika #KopaMesVaram #DziveBezBailem #IzglabDraugu #SargiBernus"
926,06.05.2023 11:25:26,Āgenskalna klīnika,,,
927,09.05.2023 00:05:20,Āgenskalna klīnika,,,"Šobrīd laiks ir tāds kas satricina pat visrūdītākos cilvēkus. Šūpo no vienas puses uz otru. Un bieži cilvēki apjūk. Un nezina kā iegūt dzīvē stabilitāti. Papildus vēl dažādas baidīšanas no mediju puses. Un tad sākas trauksmes, veģetatīvas distonijas, bezmiegi un citas ligas. Ko darīt? Es parasti iesaku regulāri veikt kādas garīgas prakses. Bet atslēgas vārds šeit ir ""regulāri"".  Pilnīgi vienalga kādas. tādas, kas jums patīk - joga, tai-czi, ciguns, vienkārši meditācija, lūgšanas. Kāds vēl dodas šamaniskā ceļojumā, vai aizbrauc pie pirtnieka uz pirts rituālu. Viss ir viens. Šis viss noved atpakaļ pie sevis, pie savas būtības. Man bieži saka: meditācija nav priekš manis, es nemāku meditēt. Bet tas taču ir tik vienkārši. Sēdēt taču mēs visi mākam. Aizvērt acis arī. Klausīties un sajust arī. Nekas cits jau nav vajadzīgs. Vienīgi laiks un vēlēšanās. Ideāli, ja tā ir vismaz pus stunda dienā. Katru dienu. tad varam gaidīt rezultātu. Visai drīz. Lai gan nekas nav jāgaida. Ir vienkārši jādara. Rezultāts atnāks pats. Tad, kad būsiet tam gatavi. Pievienoju kāda budistu mūka ieteikumus meditācijai. Tiem, kas to dara, nebūs nekas jauns. Tiem, kas nē, pamēģiniet.Kopā mēs varam!!!/Dr.E.Mednis/#AgenskalnaKlinika #KopaMesVaram #DziveBezBailem #IzglabDraugu #SargiBernus"
928,09.05.2023 00:05:20,Āgenskalna klīnika,,,
929,16.05.2023 10:47:58,Āgenskalna klīnika,,,
930,18.05.2023 13:32:39,Āgenskalna klīnika,,,
931,25.05.2023 12:06:23,Āgenskalna klīnika,,,
932,25.05.2023 12:25:52,Āgenskalna klīnika,,,"Ir vērts ieklausīties šī kunga vārdos. Mūs virza soli pa solim gan digitālajā, gan medicīniskajā verdzībā. Medicīna sen jau kļūst par privātu nozari. valsts medicīna negarantē vairs īsti neko. ja nu vienīgi ciešanas un nevajadzīgus ierobežojumus, kā arī ņirgāšanos (nezinu - apzinātu vai neapzinātu) par slimu cilvēku. Protams arī ārstēšanu pēc vadlīnijām, kas nu ir Dieva vietā. Drīz jebkurš sētnieks varēs būt par ārstu, jo viss būs priekšā uzrakstīts un jādomā nebūs nemaz, Paņem tikai oficiāli apstiprināto papīrīti no plaukta un lieta darīta. Ir, protams, arī patīkami izņēmumi. Bet cik dzirdu no draugiem, paziņām un pacientiem, tad pārsvarā notiek tieši šādi. Skumji.Tāpat arī maksājumu sfērā, cilvēki maksā ar bankas karti. Nesaprotu, vai tiešām viņi neapzinās, ka digitāla nauda ir ilūzija. Un viens pogas uzspiediens un viņiem nekā vairs nav. Un viņi kļūst laimīgi, jo nekas vairs nepieder. Katrs maksājums ar bankas karti tuvina mūs digitālajai verdzībai. Tas taču ir tik vienkārši. Bet šo nesaprot par ""opozicionāri"". Jo tas taču ir tik ērti. jānēsā līdzi tik vien kā plastmasas gabaliņš. Un vēl telefons ar interneta pieslēgumu. Divas mūsu laikmeta neatņemamas sastāvdaļas. Atņemiet cilvēkam šo plastmasiņu un atslēdziet viņam sakarus un cilvēks ir pazudis. Pat mājupceļu vairs neatradīs, jo vāze vairs nebūs pieejama. Tik tālu nu mēs būtu. Kas tālāk? Gudrās mājas un gudrās pilsētas. Un jauns konclāģera paveids - 15 minūšu pilsētas. Jums nebūs iespējas pārvietoties tālāk un ar auto. Tikai cik nu 15 minūtēs ar kājām var aiziet. Tālāk nē. Un stāstīs, ka Jums jau nemaz neko citu nevajag. Kā vistām olu fabrikas sprostos. Viņām arī neko vairāk, it kā, nevajag. vai Jūs tas apmierina? Mani nē. Un, ja Jūs arī nē, tad izdariet secinājumus. Atkāpieties no savām šķietamajām ērtībām un lietojiet savas maņas, lietojiet skaidru naudu norēķinos, nopērciet karti papīra formātā, kad dodaties ceļā, lai Jūs zinātu pa kurieni un caur kurām adzīvotām vietām Jūs brauciet un kas atrodas līdzās. Domājam. Tad viss mums būs labi.Kopā mēs varam!!!/Dr.E.Mednis/#AgenskalnaKlinika #KopaMesVaram #DziveBezBailem #IzglabDraugu #SargiBernus"
933,25.05.2023 12:25:52,Āgenskalna klīnika,,,
934,25.05.2023 12:27:29,Āgenskalna klīnika,,,
935,31.05.2023 14:16:28,Āgenskalna klīnika,,,
936,01.06.2023 11:42:39,Āgenskalna klīnika,,,"Mēs nu esam ""savējie"" gejropas savienībā un tai līdzīgajās :kultūrās"". Pārējie pasaulē par mums jau smejas un rāda pirkstiem. paskatāmies uz saviem prezidentiem un padomājam kas esam mēs paši. Jo mēs ievēlam prezidentu (netieši). Mēs ievēlam Saeimu un tā, savukārt, prezidentu. Tātad prezidents ir mūsu tautas spogulis. Koncentrētā veidā. Paskatāmies tajā. Patīk? Man nē. Tādēļ arī negāju uz vēlēšanām. Un neplānoju doties arī uz nākošajām. Nezinu vai tās nozog, vai vienkārši es un man līdzi domājošie esam tajā kvalitatīvajā mazākumā, bet nu esam tur kur esam. Kā tautā saka: grozies kā gribi, aste kā pakaļā tā pakaļā. Tā arī šobrīd. Ja paskatāmies prezidentu rindu, diezgan labi var redzēt Latvijas tautas evolūciju no tautiskā romantisma (VVF) caur vēsturisku nostaļģiju (Ulmanis), tad mēģinājums pieturēties pie realitātes (Zatlers) un nu par pēdējiem diviem spriediet paši un nosauciet tajos vārdos kā katrs jūtiet.Man nav nekas pret gejiem un citādi domājošiem. Bet neafišējam. Neuzspiežam. Nestaigājam pa ielu ar varavīksnes karogiem un nestāstām ar ko katrs guļ. Tag guliet ar ko vēlaties. Kaur ar mīļoto aitiņu vai kaziņu (Spānijā esot jau legāli), bet Jūsu guļamistaba maz interesē pārējos. Un neuzspiediet bērniem savas perversijas - ka vecis guļ ar veci un tas ir normāli. Nu īsti nav. Tā IR patoloģija. Psiholoģiskā un emocionālā plānā. Nestāstiet bērniem, ka pārtapt no Kārļa par Karlīni un otrādi ir norma. Nu nav. Tā ir vecu pedofīlu slapjo sapņu mēģinājums īstenot dzīvē. Nu nav tā norma. Un visas šīs ""vērtības"", šķiet, ir šobrīd nepieciešamas, lai kārtējo reizi pārbaudītu mūs katru un cilvēci kopumā. Un katram no mums pajautātu - kādas ir TAVAS vērtības. Faktiski jau jautājums ir - kas Tu esi. Un mums katram ir iespēja atbildēt uz šo. Tieši, netieši, skaļi vai klusībā pie sevis, aktīvi vai pasīvi. Katrs pēc savas gaumes. Es, piemēram, atturēšos no Lego pirkšanas un turpmāk neieteikšu to arī citiem. Jo jaunums - viņi ir laduši klajā sēriju, kas veltīta varavīksnes cilvēkiem. Paldies. Es ar savu naudu balsošu par citu ražotāju. Un aicināšu to darīt arī citus. Tikai tā mēs varam parādīt kas ir kas. Tāpat kā BUD light alus zaudējis esot miljardus dolāru īsā laika periodā pēc savas reklāmas publicēšanas, kurā reklāmas seja ir transgenders. Tā ir viņu skola. Būt populāram. darām arī mēs.Te arī pievienošu Kaspara Dimitera sveicienu mūsu tautai un arī Latvijas prezidentam.https://www.youtube.com/watch?v=SzungtcX9GsKopā mēs varam!!!/Dr.E.Mednis/#AgenskalnaKlinika #KopaMesVaram #DziveBezBailem #IzglabDraugu #SargiBernus"
937,01.06.2023 23:07:07,Āgenskalna klīnika,,,
938,05.06.2023 22:15:58,Āgenskalna klīnika,,,
939,08.06.2023 13:31:55,Āgenskalna klīnika,,,
940,26.06.2023 21:58:54,Āgenskalna klīnika,,,
941,29.06.2023 10:28:46,Āgenskalna klīnika,,,
942,30.06.2023 14:51:37,Āgenskalna klīnika,,,Pavisam nesen man bija ļoti interesanta saruna ar Lauru Grīnvaldi no www.retrits.lv Šeit pieejama tās drukāta tās versija. https://retrits.lv/idejas-padomi/ieksejais-miers-saruna-ar-homeopatu-edgaru-medni?fbclid=IwAR2iptQ3VIioXrK2gacsTJU_85FkhrU6nGDmAOtOVDIe7o8wSpL3cWtm9iU#dalitiesKopā mēs varam!!!/Dr.E.Mednis/#AgenskalnaKlinika #KopaMesVaram #DziveBezBailem #IzglabDraugu #SargiBernus
944,06.07.2023 00:16:23,Āgenskalna klīnika,,,"Vēl viena ļoti interesanta saruna mums sanāca ar Kasparu Vendeli. Ir vērts noskatīties. Par veselību kā procesu un kas pa īstam stāv aiz vārda ""slimība"".https://www.youtube.com/watch?v=McdvOlrqruQKopā mēs varam!!!/Dr.E.Mednis/#AgenskalnaKlinika #KopaMesVaram #DziveBezBailem #IzglabDraugu #SargiBernus"
945,12.07.2023 20:11:22,Āgenskalna klīnika,,,
946,21.07.2023 00:27:16,Āgenskalna klīnika,,,
947,24.07.2023 23:12:13,Āgenskalna klīnika,,,Ar Kasparu Vendeli mums sanāca interesanta un pagara saruna. Pirmā daļa tikai publicēta iepriekš. Šeit otrā daļa:https://www.youtube.com/watch?v=A9SNZsulNUM&ab_channel=Vesel%C4%ABbak%C4%81processKopā mēs varam!!!/Dr.E.Mednis/#AgenskalnaKlinika #KopaMesVaram #DziveBezBailem #IzglabDraugu #SargiBernus
949,04.08.2023 16:11:59,Āgenskalna klīnika,,,
950,05.08.2023 13:37:37,Āgenskalna klīnika,,,"Arvien vairāk un biežāk dzirdamas runas par vakcīnu blaknēm. Vai nu to ir vairāk, jeb arī biežāk par to ziņo. Protams, ne jau LV. Jo šeit ir laimes zeme. Te viss ir vislabāk. Nemaz jau nerunājot par indes injekcijām, ko nezin kāpēc sauc par kovidvakcīnām. Tām jau nav un arī nebija nekāda sakara ar veselības uzlabošanu. Bet ir arī daudz ziņojumu par ""parasto"" - obligātajā kalendārā iekļauto vakcīnu dažādiem ""uzlabojumiem"" un, līdz ar to arī blakņu pieaugumu. Manuprāt šis ir laiks, kad ir jābūt maksimāli piesardzīgam ar visu, sākot jau ar ēdienu un dzērienu izvēli. Nemaz nerunājot par dažādu vairāk vai mazāk aizdomīgas izcelsmes medikamentu ievadīšanu savā organismā. Lasām, domājam, izvēlamies. Un arī neslimojam. Tad nebūs jālieto zāles. Jo tās cilvēkam īsti nav vajadzīgas, ja rūpējas par savu veselību.Kopā mēs varam!!!/Dr.E.Mednis/#AgenskalnaKlinika #KopaMesVaram #DziveBezBailem #IzglabDraugu #SargiBernus"
951,05.08.2023 13:37:38,Āgenskalna klīnika,,,
952,05.08.2023 21:54:51,Āgenskalna klīnika,,,"Savulaik Orvels rakstīja, ka  visi dzīvnieki ir vienlīdzīgi, bet daži ir vienlīdzīgāki par pārējiem. Te ir skaidrs apliecinājums dzīvē. Izrādās, ka Faizers saviem darbiniekiem ir nodrošinājis pavisam citas injekcijas nekā pārējiem, kas devās uz tā sauktajiem, vakcinācijas punktiem. Interesanti gan. Kas tajās ir bijis savādāks? Iespējams, ka blakņu sarakstiņš nav tik garš un nopietns. To rādīs dzīve.Kopā mēs varam!!!/Dr.E.Mednis/#AgenskalnaKlinika #KopaMesVaram #DziveBezBailem #IzglabDraugu #SargiBernus"
953,05.08.2023 21:54:51,Āgenskalna klīnika,,,
954,10.08.2023 11:44:59,Āgenskalna klīnika,,,"Kas ir CBDC? Faktiski tā jau lēnām tiek ieviesta. Vai pareizāk sakot, tiek veikti priekšdarbi tās ieviešanai. Visi tie gadžeti - maksāšana ar telefoniem, pulksteņiem, tagad jau arī zemādas čipi un maksāšana ar plaukstu..... Ērti? Jā, protams. Bankas kartes jau tāds arhaisms vien ir. Bet...... Paskatāmies plašāk. Maksājot ar kādu no minētajiem, katrs Jūsu maksājums tiek piefiksēts, visi Jūsu iepirkšanās paradumi - veikali, preces, iepirkšanās laiki, summas u.t.t. tiek monitorēti. Ja kāds  grib teikt, ka tā ir paranoja, tad paturiet to pie sevis, jo tas tiek darīts jau sen. Man bieži saka - man nav ko slēpt. Nee jau slēpšanu ir runa. Bet par valsts totālu kontroli pār Jums. Tā naudiņa, kas Jums ir bankā, tā nepieder Jums. tāpat kā bankas karte, ko lietojiet. Kādreiz uz bankas kartes rakstīja, ka tā ir bankas īpašums. tagad, iespējams, tas pārcēlies uz kartes lietošanas noteikumiem, lai neuztrauktu prātus. Bez tam, kādiem soļiem attīstās kompjūterzinātne, mēs redzam. Un tagad padomājiet, cik pūļu aizņem ierobežot Jūsu maksātspēju ar karti? Gan teritoriāli, gan arī daudzuma/ apjoma ziņā. Gan arī pa preču kategorijām. Štrunts un pieci. Viens peles klikšķis. Un Jums vairs nav nekā. Un Jūs esiet laimīgi. Viss ir atkarīgs no mums pašiem. Pilnīgi viss šai dzīvē. Arī maksāšanas paradumu izvēle. No mums katra aša ir atkarīgs cik mēs ļausim sevi kontrolēt un ierobežot. Cik pakļausimies varas diktātam. Pakļausimies? Vai tomēr meklēsim alternatīvas? Arī maksāšanas līdzekļu ziņā. Gandrīz visu var samaksāt skaidrā naudā. Neērtāk? Jā. Nedaudz dārgāk?  Jā. Bet ieguvums ir brīvības sajūta šobrīd un nākotnē. Un, protams, arī tas, ka velnišķais plāns ar cilvēces pakļaušanu neizdodas. Domājam. Un darām.Kopā mēs varam!!!/Dr.E.Mednis/#AgenskalnaKlinika #KopaMesVaram #DziveBezBailem #IzglabDraugu #SargiBernus"
955,10.08.2023 11:45:00,Āgenskalna klīnika,,,
956,10.08.2023 12:06:07,Āgenskalna klīnika,,,"Gribēju vēl piebilst - ja kādam šis šķiet sazvērestības teorijas, kuras nav reālas, padomājiet par laiku pirms 5 gadiem.  Vai Jums var`ja ienākt prātā, ka mūs visus iespundēs mājās no plkst 21 līdz rītam un bakstīs degunus piespiedu kārtā, nevarēs brīvi nopirkt apenes un zeķes. Bet tā bija mūsu realitāte. Un tas nenotika Ziemeļkorejā, bet gan ""demokrātiskās"" un ""attīstītās"" Rietumeiropas  valstīs un citur pasaulē. Interesanti. Vai ne?Kopā mēs varam!!!/Dr.E.Mednis/#AgenskalnaKlinika #KopaMesVaram #DziveBezBailem #IzglabDraugu #SargiBernus"
957,10.08.2023 23:45:22,Āgenskalna klīnika,,,
958,18.08.2023 09:41:59,Āgenskalna klīnika,,,"Re kā sanāk, Vajāšanas (Veselības) inspekcija man aizliedza ar savu kontroles aktu un lēmumu uz tā balstītu runāt par Ivermektīnu kā ļoti labu ārstniecības līdzekli Covid 19 ārstēšanā. Tagad par to raksta, ka arī FDA ir akceptējusi IVM kā efektīvu. Tad kā sanāk? Vajāšanas inspekcija izrādīja savu nekompetenci un nezināšanu? Jeb viņiem ir kāds cits skaidrojums savai muļķībai? Tā būtu tikai muļķība, ja tā neskartu reālu pacientu dzīvības un veselību. Bet tā nav. Un tad sanāk, ka tā ir klaja kaitniecība un noziedzīga rīcība, kas varēja novest pie daudzu cilvēku nāves. Vai Vajāšanas inspekcijai nebūtu jāatbild par šo likuma priekšā? Sirdsapziņas (ja tādu vēl var kaut kur atrast) priekšā jau nu noteikti. Kopā mēs varam!!!/Dr.E.Mednis/#AgenskalnaKlinika #KopaMesVaram #DziveBezBailem #IzglabDraugu #SargiBernus"
959,18.08.2023 09:41:59,Āgenskalna klīnika,,,
960,20.08.2023 15:37:52,Āgenskalna klīnika,,,"Interesantas ziņas parādās. Lai gan nojausma par šo jau bija kopš paša sākuma, tagad tas nāk ""oficiāli"" gaismā. Vismaz to apgalvo cilvēks, kam, šķiet, var ticēt un uzticēties. Lai gan visādi var būt. Bet, katrā ziņā, kā versija interesanti.Kopā mēs varam!!!/Dr.E.Mednis/#AgenskalnaKlinika #KopaMesVaram #DziveBezBailem #IzglabDraugu #SargiBernus"
961,20.08.2023 15:37:52,Āgenskalna klīnika,,,
962,24.08.2023 18:32:51,Āgenskalna klīnika,,,
963,31.08.2023 21:15:59,Āgenskalna klīnika,,,"Ainārs Kadišs, kā vienmēr precīzs. Par savu valsti sapni esam izsapņojuši. lai gan, šķiet, daži vēl sapņo. Lai gan, šķiet, to, kam acis atveras, kļūst ar vien vairāk. Labi. Jo ātrāk pamodīsimies, jo ātrāk varēsim radīt ko jaunu. Sev tīkamāku.Kopā mēs varam!!!/Dr.E.Mednis/#AgenskalnaKlinika #KopaMesVaram #DziveBezBailem #IzglabDraugu #SargiBernus"
964,31.08.2023 21:15:59,Āgenskalna klīnika,,,
965,31.08.2023 21:15:59,Āgenskalna klīnika,,,
966,31.08.2023 21:16:00,Āgenskalna klīnika,,,
967,02.09.2023 21:20:23,Āgenskalna klīnika,,,"Baija jau gaidāms un dažādas runas klīda jau labu laiku, ka arī bērnu, tā sauktajās obligātajās vakcīnās, ir veikti uzlabojumi. Lai gan pierādījumu īsti nav. Bet šeit raksts, kurā aprakstīts, ko var redzēt mikroskopā apskatot populārāko, tā saukto, komplekso vakcīnu - difterija, stinguma krampji,. poliomielīts, garais klepus, Hib un hepatīts B. Piebildīšu, ka šo vakcīnu piedāvā bērniem, 2,4,6 mēnešu vecumā, tad 1 gada un 3 mēnešu, tad 7 gadu vecumā.  Tātad līdz skolai bērns šo brīnumu saņem 5 reizes. Vērts pūlēties ar uzlabojumiem.Var neticēt tam visam. Bet tas nenozīmē, ka tā nav. lai gan arī publicētais, laikam, nepaliecina, ka tā ir. Katrā ziņā domājam paši.https://anamihalceamdphd.substack.com/p/diphtheria-tetanus-pertussis-polioKopā mēs varam!!!/Dr.E.Mednis/#AgenskalnaKlinika #KopaMesVaram #DziveBezBailem #IzglabDraugu #SargiBernus"
968,07.09.2023 20:18:15,Āgenskalna klīnika,,,"Ir cilvēki, kas iztur. Kas ir spēcīgi, kas spēj stāvēt pāri grūtībām un pazemojumiem. Un izturēt. Un uzvarēt. Visu cieņu Džokovičam. ❤️Kopā mēs varam!!!/Dr.E.Mednis/#AgenskalnaKlinika #KopaMesVaram #DziveBezBailem #IzglabDraugu #SargiBernus"
969,07.09.2023 20:18:16,Āgenskalna klīnika,,,
970,09.09.2023 22:37:19,Āgenskalna klīnika,,,
971,10.09.2023 11:19:58,Āgenskalna klīnika,,,"Japānā, ņemot vērā lielo blakņu skaitu no kovid indes injekcijām, valdība vairs neturpinās rekomendēt turpmākās devas. Darbiņš ir padarīts?  Jeb tomēr kādam veselais saprāts un sirdsapziņa ierunājās. Interesanti kā pie mums? Kā vienmēr vislabāk. Mums PVO rīko kursus kā šo indi iedabūt cilvēkos. Vai tas nozīmē, ka Japāna ir augstākā klase, bet mēs, tāpat kā ukraiņi zemākā - utilizējamā? vai tomēr es kļūdos? Ceru, ka arī šeit, mūsu Dievzemītē kādam atausīs līdzīgas atziņas kā Japānā. Ja valdības līmenī nē, tad vismaz tautai un tā neies atkal kā aitu bars uz kaušanu, bet spēs pastāvēt par sevi.Kopā mēs varam!!!/Dr.E.Mednis/#AgenskalnaKlinika #KopaMesVaram #DziveBezBailem #IzglabDraugu #SargiBernus"
972,10.09.2023 11:19:58,Āgenskalna klīnika,,,
973,11.09.2023 11:07:01,Āgenskalna klīnika,,,"Dabīgi līdzekļi vēža ārstēšanā. Pieredzes stāsts  Ceturtdien, 14.septembrī skatieties Dr. Edgara Medņa sarunu ar žurnālistiem Maiju Pohodņevu un Modri Pelsi par dabīgu vielu pielietojumu vēža ārstēšanā. Pirms vairākiem gadiem Modrim noteica diagnozi “vēzis” un mediķi prognozēja, ka atlicis dzīvot vien dažus mēnešus.  Modris: “Man bija doma – es gribu dzīvot!“ Maija un Modris stāsta par to, kā viņiem izdevās uzvarēt vēzi. Analizējot medicīniskus pētījumus, pielietojot dažādus augus, sēnes, piepes, un atsakoties no ķīmijterapijas. Plašāk aprakstīts grāmatā “Aliansē pret vēzi”.  Mūsu kanāli:https://t.me/spekavots https://t.me/Agenskalnaklinikahttps://www.bitchute.com/channel/ETFw6axQxy71/ https://youtube.com/playlist?list=PLaE_CeKYTqXej9bXOJp6D65orlgnQQsKH https://vm.tiktok.com/ZMYP3noud/ Mums ir svarīgs Jūsu atbalsts un komunikācija ar Jums. Sevišķi tādēļ, lai mēs zinātu vai esam Jums noderīgi un arī kas Jūs interesē. Tas palīdzēs mums veidot Jums interesantu saturu. Tādēļ atbalstiet mūs ziedojot (ar norādi - filmēšanas izdevumiem), lai varam segt operatora un montāžas darbus, kā arī aktīvi rakstiet mums komentāros. rakstiet savas vēlmes, piebilde, iebildes un vienkārši komentārus un laba vēlējumus. Paldies, ka esiet ar mums.Konts: LT363500010016254063 (filmēšanas izdevumiem) Edgars MednisMērķis: filmēšanas izdevumiem. Raidījuma veidošanā piedalījās: Edgars Mednis, Alvis Bērziņš, Ilze Pole"
974,11.09.2023 11:07:11,Āgenskalna klīnika,,,
975,14.09.2023 22:44:52,Āgenskalna klīnika,,,"Dabīgi līdzekļi vēža ārstēšanā. Pieredzes stāsts  Skatieties Dr. Edgara Medņa sarunu ar žurnālistiem Maiju Pohodņevu un Modri Pelsi par dabīgu vielu pielietojumu vēža ārstēšanā. Pirms vairākiem gadiem Modrim noteica diagnozi “vēzis” un mediķi prognozēja, ka atlicis dzīvot vien dažus mēnešus.  Modris: “Man bija doma – es gribu dzīvot!“ Maija un Modris stāsta par to, kā viņiem izdevās uzvarēt vēzi. Analizējot medicīniskus pētījumus, pielietojot dažādus augus, sēnes, piepes, un atsakoties no ķīmijterapijas. Plašāk aprakstīts grāmatā “Aliansē pret vēzi”.  Mūsu kanāli:https://t.me/spekavots https://t.me/Agenskalnaklinikahttps://www.bitchute.com/channel/ETFw6axQxy71/ https://youtube.com/playlist?list=PLaE_CeKYTqXej9bXOJp6D65orlgnQQsKH https://vm.tiktok.com/ZMYP3noud/ Mums ir svarīgs Jūsu atbalsts un komunikācija ar Jums. Sevišķi tādēļ, lai mēs zinātu vai esam Jums noderīgi un arī kas Jūs interesē. Tas palīdzēs mums veidot Jums interesantu saturu. Tādēļ atbalstiet mūs ziedojot (ar norādi - filmēšanas izdevumiem), lai varam segt operatora un montāžas darbus, kā arī aktīvi rakstiet mums komentāros. rakstiet savas vēlmes, piebilde, iebildes un vienkārši komentārus un laba vēlējumus. Paldies, ka esiet ar mums.Konts: LT363500010016254063 (filmēšanas izdevumiem) Edgars MednisMērķis: filmēšanas izdevumiem. Raidījuma veidošanā piedalījās: Edgars Mednis, Alvis Bērziņš, Ilze Pole"
976,14.09.2023 23:13:14,Āgenskalna klīnika,,,
977,22.09.2023 13:03:34,Āgenskalna klīnika,,,"Cilvēki visā pasaulē ar vien vairāk sāk skaļi runāt par to, ko mēs runājām jau pirms 3 gadiem - visa kovid tēma ir maigi sakot afēra. Bet tieši runājot tā ir masu slepkavība. Un tā saucamās vakcīnas, ir nekas vairāk kā bioloģiskais ierocis ar ilgtermiņa iedarbību. Domāju, ka ļoti daudzi, kas pakļāvās, drīz sajutīs tā sekas. daļa jau ir sajutuši. tāpēc ir tik daudz blakņu, ko valdības pūlas noslēpt. Bet to kļūst ar vien vairāk un tās noslēpt būs neiespējami.tāpat runas šobrīd ir par PVO varenību un valstu pakļaušanu tās diktātam. Bet, īstenībā, šī organizācija ir nekas cits kā absolūta marionete dažu bagātu psihopātu rokās. tādēļ es pilnībā atbalstu  Dr. D.E. Martina viedokli par šīs organizācijas pilnīgu likvidāciju.Kopā mēs varam!!!/Dr.E.Mednis/#AgenskalnaKlinika #KopaMesVaram #DziveBezBailem #IzglabDraugu #SargiBernus"
978,22.09.2023 13:03:35,Āgenskalna klīnika,,,
979,22.09.2023 13:13:07,Āgenskalna klīnika,,,"Šeit ir, manuprāt, ļoti nepieciešama iniciatīva, lai mēs varētu dzīvot kā brīvi cilvēki. Par skaidras naudas aprites nostiprināšanu satversmē.Lai arī mēs pūlamies dzīvot ārpus sistēmas, bet tik drīz mums neizdosies atteikties no esošās naudas, kā maksāšanas līdzekļa. Tādēļ ir jāsaglabā iespēja norēķināties skaidrā naudā. Skaidra nauda nav izsekojama, tā ir taustāma un to nevar ar vienu peles klikšķi Jums izslēgt. Tādēļ parakstiet šo iniciatīvu. Jau gandrīz puse parakstu ir savākta. Es jau to parakstīju.https://manabalss.lv/par-skaidras-naudas-nostiprinasanu-satversme/showKopā mēs varam!!!/Dr.E.Mednis/#AgenskalnaKlinika #KopaMesVaram #DziveBezBailem #IzglabDraugu #SargiBernus"
980,28.09.2023 19:55:58,Āgenskalna klīnika,,,"Beidzot mums katram ir jāsāk apzināties, ka mēs esam spēks. Katrs no mums. Ka mēs esam Cilvēki. Ar lielo burtu. Ka mēs esam paši par sevi. Un, ka neviens mums nevar pavēlēt kādus aksesuārus valkāt un kādas medicīniskas manipulācijas veikt. To mēs izlemjam paši. Katrs no mums par sevi. Kas notiek gadījumā, ja mēs pakļaujamies valdības spiedienam un tirānijai, esam redzējuši. tagad, iespējams, mums ir iespēja izdarīt savādāk. Mums ir jāmācās teikt NĒ. Katram pašam. ja mums saka: maska, atbilde ir NĒ, ja mums saka: būsterītis, atbilde ir NĒ. Un tā joprojām. Mēs katrs pats izlemjam ko mums katram pašam darīt. Padomājiet, ja, tad, kad  veikalā nelaida bez maskas, vismaz 70% no mums būtu pagriezušies un gājuši projām. tas tiktu atceltas nedēļas laikā. Jo lielie veikali cieš lielus zaudējumus katru dienu, ja tajos neviens neiepērkas. Un viņi izdarīs vajadzīgo spiedienu, lai šīs neadekvātās prasības tiktu atceltas. Mums ir tikai un vienīgi jāpasaka NĒ. Katram pašam. Viss ir atkarīgs no katra no mums. Un neskatieties apkārt ko dara otrs, vienkārši NĒ. Es joprojām neesmu ne uzvilcis masku, ne arī aizgājis pēc kādas no indes devām, ne arī nopircis ierakstu par indes esamību manā organismā. Un joprojām gan dzīvs, gan vesels, gan arī paēdis un apģērbies. Visu var izdarīt. Un, kad sāk, nav nemaz ne grūti ne neērti. Pilnīgi visu var izdarīt šai dzīvē. Darām.Kopā mēs varam!!!/Dr.E.Mednis/#AgenskalnaKlinika #KopaMesVaram #DziveBezBailem #IzglabDraugu #SargiBernus"
981,28.09.2023 19:55:58,Āgenskalna klīnika,,,
982,01.10.2023 09:39:13,Āgenskalna klīnika,,,"Par to, kā uzbūvēta šī pasaule. Kāda vieta mums tiek ierādīta tajā. Jautājums vai mūs tas apmierina?  Ja nē, rīkojamies. Esam paši, esam stipri, domājam patstāvīgi.Kopā mēs varam!!!/Dr.E.Mednis/#AgenskalnaKlinika #KopaMesVaram #DziveBezBailem #IzglabDraugu #SargiBernus"
983,01.10.2023 09:39:13,Āgenskalna klīnika,,,
984,03.10.2023 18:56:39,Āgenskalna klīnika,,,
985,03.10.2023 18:57:43,Āgenskalna klīnika,,,"Lauris Līcītis: “ Ja pirms covid periodā bija divi vai trīs miokardīti gada laikā. Tagad ir katru mēnesi – trīs vai četri. Un slimnieku vidējais vecums ir 30-40 gadi.”Pēkšņās nāves jaunu cilvēku vidū, infarkti un daudzas citas veselības problēmas, kuras oficiāli netiek saistītas ar potēšanos. Ceturtdien, 5.oktobrī  Dr. Edgars Mednis sarunā ar klīnisko imunologu Lauri Līcīti vērtēs brīnumpotes izraisītās sekas.Mūsu kanāli:https://t.me/spekavots https://t.me/Agenskalnaklinikahttps://www.bitchute.com/channel/ETFw6axQxy71/ https://youtube.com/playlist?list=PLaE_CeKYTqXej9bXOJp6D65orlgnQQsKH Mums ir svarīgs Jūsu atbalsts un komunikācija ar Jums. Sevišķi tādēļ, lai mēs zinātu vai esam Jums noderīgi un arī kas Jūs interesē. Tas palīdzēs mums veidot Jums interesantu saturu. Tādēļ atbalstiet mūs ziedojot (ar norādi - filmēšanas izdevumiem), lai varam segt operatora un montāžas darbus, kā arī aktīvi rakstiet mums komentāros. rakstiet savas vēlmes, piebilde, iebildes un vienkārši komentārus un laba vēlējumus. Paldies, ka esiet ar mums.Konts: LT363500010016254063 (filmēšanas izdevumiem) Edgars MednisMērķis: filmēšanas izdevumiem. Raidījuma veidošanā piedalījās: Edgars Mednis, Alvis Bērziņš, Ilze Pole"
986,05.10.2023 00:10:21,Āgenskalna klīnika,,,"Lauris Līcītis: “ Ja pirms covid periodā bija divi vai trīs miokardīti gada laikā. Tagad ir katru mēnesi – trīs vai četri. Un slimnieku vidējais vecums ir 30-40 gadi.”Pēkšņās nāves jaunu cilvēku vidū, infarkti un daudzas citas veselības problēmas, kuras oficiāli netiek saistītas ar potēšanos. Ceturtdien, 5.oktobrī  Dr. Edgars Mednis sarunā ar klīnisko imunologu Lauri Līcīti vērtēs brīnumpotes izraisītās sekas.Mūsu kanāli:https://t.me/spekavots https://t.me/Agenskalnaklinikahttps://www.bitchute.com/channel/ETFw6axQxy71/ https://youtube.com/playlist?list=PLaE_CeKYTqXej9bXOJp6D65orlgnQQsKH Mums ir svarīgs Jūsu atbalsts un komunikācija ar Jums. Sevišķi tādēļ, lai mēs zinātu vai esam Jums noderīgi un arī kas Jūs interesē. Tas palīdzēs mums veidot Jums interesantu saturu. Tādēļ atbalstiet mūs ziedojot (ar norādi - filmēšanas izdevumiem), lai varam segt operatora un montāžas darbus, kā arī aktīvi rakstiet mums komentāros. rakstiet savas vēlmes, piebilde, iebildes un vienkārši komentārus un laba vēlējumus. Paldies, ka esiet ar mums.Konts: LT363500010016254063 (filmēšanas izdevumiem) Edgars MednisMērķis: filmēšanas izdevumiem. Raidījuma veidošanā piedalījās: Edgars Mednis, Alvis Bērziņš, Ilze Pole"
987,05.10.2023 00:35:43,Āgenskalna klīnika,,,
988,08.10.2023 11:13:25,Āgenskalna klīnika,,,"Nav jau zināms vai taisnība vai nē, bet dažādas ziņas parādās. Viena no tām, ka it kā Faizers ir samaksājis 2,8 miljonu dolāru kukuli amerikāņu FDA (mums ir ZVA), lai reģistrētu viņu kovidindes lietošanai cilvēkiem. Ja tā ir taisnība, tad viss notiek ļoti primitīvi un vienkārši - par nelielu, bet godīgu atlīdzību. Kā arābu tirgū.  Kopā mēs varam!!!/Dr.E.Mednis/#AgenskalnaKlinika #KopaMesVaram #DziveBezBailem #IzglabDraugu #SargiBernus"
989,08.10.2023 11:13:26,Āgenskalna klīnika,,,
990,13.10.2023 21:06:52,Āgenskalna klīnika,,,"Interesanta saruna. Andris Bērziņš dzīva cilvēka lomā. Kas ir tas otrs? Reizēm neticas, ka var būt tāāāda atšķirība. Bet, laikam, cilvēks tic tam, ko runā. Varbūt.Man tikai te pāris piebildes - zinātne nav ticības un pielūgsmes objekts. Zinātniski apgalvojumi ir jāpierāda. nepietiek ar: tā vienkārši ir. Minētas tika profesores Vīksna un Rozentāle. Profesore Vīksna sākumā runāja tāpat kā Bērziņš, līdz apsviedās par 180 grādiem. jautājums apliek atklāt - kāpēc. Vai nu viņa ieraudzīja/ atklāja kaut ko tāāādu, kas lika mainīt retoriku uz pretējo, jeb arī ....... kāds palūdza to izdarīt. Un nav jau arī nevienam noslēpums, ka, šķiet, tas bija 20. septembris, kad Rīgā viesojās Francijas prezidents Makrons. Un tā diena bija pēdējā, kad varējām būt īpaša kovidstatusa valsts - brīnumu jeb veiksmes stāsts. Mums kovida tā īsti nebija, vien pārdesmit gadījumu dienā un daždien arī ne tik. Jau 30.septembrī cipari ""palēcās"". Tātad vai nu Makrons bija piebāzis pilnu lidmašīnu ar kovisu, ko laipni mums uzdāvināja, jeb pastāstīja Kariņa kungam kā tās lietas darāmas. vai tā ir tā zinātne, kurai mūs aicina ticēt? Smieklīgi. Ja nebūtu tik traģiski. žēl to cilvēku, kam laicīgi nesniedza palīdzību un, kas bija spieti ciest tikai tādēļ, ka kādam jārealizē kāds slepenais plāniņš.Bet izejot caur visu šo, esam kļuvuši gan stiprāki, gan arī gudrāki. Papluinīti, jā, bet stiprāki. Un tas ir tas brīnišķais šai visā situācijā.Kopā mēs varam!!!/Dr.E.Mednis/#AgenskalnaKlinika #KopaMesVaram #DziveBezBailem #IzglabDraugu #SargiBernus"
991,13.10.2023 21:07:47,Āgenskalna klīnika,,,
992,16.10.2023 21:48:51,Āgenskalna klīnika,,,
993,16.10.2023 21:49:48,Āgenskalna klīnika,,,"Medicīnas biznessSlimnīcā saslimušais kaut cik sakarīgā stāvoklī ieiet, bet nedēļas laikā slimnīcā cilvēks mirst. Šādu stāstu ir daudz. Kāpēc tā notiek? Laicīgi nesniegta palīdzība, nepareizs ārstēšanas algoritms? Bezatbildība vai bizness? Par šiem un citiem jautājumiem ceturtdien, 19.oktobrī sarunāsies Dr. Edgars Mednis un klīniskais imunologs Lauris Līcītis. Dr. Edgara Medņa un imunologa Laura Līcīša sarunas turpinājums (sākums 5.oktobra raidījumā).Mūsu kanāli:https://t.me/spekavots https://t.me/Agenskalnaklinikahttps://www.bitchute.com/channel/ETFw6axQxy71/ https://youtube.com/playlist?list=PLaE_CeKYTqXej9bXOJp6D65orlgnQQsKH Mums ir svarīgs Jūsu atbalsts un komunikācija ar Jums. Sevišķi tādēļ, lai mēs zinātu vai esam Jums noderīgi un arī kas Jūs interesē. Tas palīdzēs mums veidot Jums interesantu saturu. Tādēļ atbalstiet mūs ziedojot (ar norādi - filmēšanas izdevumiem), lai varam segt operatora un montāžas darbus, kā arī aktīvi rakstiet mums komentāros. rakstiet savas vēlmes, piebildes, iebildes un vienkārši komentārus un laba vēlējumus. Paldies, ka esiet ar mums.Konts: LT363500010016254063 (filmēšanas izdevumiem) Edgars MednisMērķis: filmēšanas izdevumiem. Raidījuma veidošanā piedalījās: Edgars Mednis, Alvis Bērziņš, Ilze Pole"
994,20.10.2023 17:45:52,Āgenskalna klīnika,,,
995,01.11.2023 15:02:43,Āgenskalna klīnika,,,
996,01.11.2023 15:02:47,Āgenskalna klīnika,,,"Vakcīnu klīnisko izpēšu laikā mirst ļoti daudz zīdaiņu. It īpaši no kombinētās vakcīnas, kurā ir seši komponenti vienā devā. Par to liecina neskaitāmi medicīniski pētījumi un analīzes. Zāļu ražotāji šos datus neafišē.   Kāpēc farmācija uzspiež vakcīnas? Par šiem un citiem jautājumiem ceturtdien, 2.novembrī sarunāsies Dr. Edgars Mednis un vakcinrealitate.org veidotāja  un blogere Kristīna Duņeca.Mūsu kanāli:https://t.me/spekavots https://t.me/Agenskalnaklinikahttps://www.bitchute.com/channel/ETFw6axQxy71/ https://youtube.com/playlist?list=PLaE_CeKYTqXej9bXOJp6D65orlgnQQsKH Mums ir svarīgs Jūsu atbalsts un komunikācija ar Jums. Sevišķi tādēļ, lai mēs zinātu vai esam Jums noderīgi un arī kas Jūs interesē. Tas palīdzēs mums veidot Jums interesantu saturu. Tādēļ atbalstiet mūs ziedojot (ar norādi - filmēšanas izdevumiem), lai varam segt operatora un montāžas darbus, kā arī aktīvi rakstiet mums komentāros. rakstiet savas vēlmes, piebildes, iebildes un vienkārši komentārus un laba vēlējumus. Paldies, ka esiet ar mums.Konts: LT363500010016254063 (filmēšanas izdevumiem) Edgars MednisMērķis: filmēšanas izdevumiem. Raidījuma veidošanā piedalījās: Edgars Mednis, Alvis Bērziņš, Ilze Pole"
997,04.11.2023 11:42:00,Āgenskalna klīnika,,,"Vakcīnu klīnisko izpēšu laikā mirst ļoti daudz zīdaiņu. It īpaši no kombinētās vakcīnas, kurā ir seši komponenti vienā devā. Par to liecina neskaitāmi medicīniski pētījumi un analīzes. Zāļu ražotāji šos datus neafišē.   Kāpēc farmācija uzspiež vakcīnas? Par šiem un citiem jautājumiem ceturtdien, 2.novembrī sarunāsies Dr. Edgars Mednis un vakcinrealitate.org veidotāja  un blogere Kristīna Duņeca.Mūsu kanāli:https://t.me/spekavots https://t.me/Agenskalnaklinikahttps://www.bitchute.com/channel/ETFw6axQxy71/ https://youtube.com/playlist?list=PLaE_CeKYTqXej9bXOJp6D65orlgnQQsKH Mums ir svarīgs Jūsu atbalsts un komunikācija ar Jums. Sevišķi tādēļ, lai mēs zinātu vai esam Jums noderīgi un arī kas Jūs interesē. Tas palīdzēs mums veidot Jums interesantu saturu. Tādēļ atbalstiet mūs ziedojot (ar norādi - filmēšanas izdevumiem), lai varam segt operatora un montāžas darbus, kā arī aktīvi rakstiet mums komentāros. rakstiet savas vēlmes, piebildes, iebildes un vienkārši komentārus un laba vēlējumus. Paldies, ka esiet ar mums.Konts: LT363500010016254063 (filmēšanas izdevumiem) Edgars MednisMērķis: filmēšanas izdevumiem. Raidījuma veidošanā piedalījās: Edgars Mednis, Alvis Bērziņš, Ilze Pole"
998,04.11.2023 11:47:33,Āgenskalna klīnika,,,
999,05.11.2023 19:47:32,Āgenskalna klīnika,,,
1000,21.11.2023 11:41:37,Āgenskalna klīnika,,,Ainārs Kadišs .......
1001,21.11.2023 11:41:38,Āgenskalna klīnika,,,
1002,22.11.2023 11:48:32,Āgenskalna klīnika,,,"Kā lielā krāpšana strādāja? Kā bija iespējams padarīt lielu daļu veselu cilvēku par slimiem? Vienkārši. Nepareizi (iespējams apzināti) interpretējot PCR, jeb bakstāmo testu rezultātus. Vispār jau jautājums par šiem testiem - ja jau mums bija jāietur distance 2m, vīruss tik tālu lidoja no cilvēka, tad kāpēc tas bija jāmeklē dziļi degunā? Nu un protams arī rezultāti. Šeit īsi un skaidri izstāstīts kā tas strādā. Kā mūs maldināja ar rezultātiem. Kopā mēs varam!!!/Dr.E.Mednis/#AgenskalnaKlinika #KopaMesVaram #DziveBezBailem #IzglabDraugu #SargiBernus"
1003,22.11.2023 11:48:33,Āgenskalna klīnika,,,
1004,22.11.2023 11:55:06,Āgenskalna klīnika,,,"Pēdējā laikā man vairāki cilvēki sūdzas, ka nevar iekomentēt pie ierakstiem Āgenskalna klīnikas kanālā. Mūsu kanālam ir diskusiju sadaļa šeit: https://t.me/agenskalnaklinikadiskusijas .Pierakstieties tur un varēsiet komentēt un arī publicēt sev vērtīgas ziņas ar ko vēlaties padalīties.Ir atvērtas arī emociju zīmes Klīnikas pamata kanālā. Laipni lūgti lietot. :))Kopā mēs varam!!!/Dr.E.Mednis/#AgenskalnaKlinika #KopaMesVaram #DziveBezBailem #IzglabDraugu #SargiBernus"
1005,22.11.2023 12:09:57,Āgenskalna klīnika,,,#kopāmēsvaram 😁❤️
1006,22.11.2023 12:09:57,Āgenskalna klīnika,,,
1007,29.11.2023 00:47:44,Āgenskalna klīnika,,,
1008,30.11.2023 22:34:27,Āgenskalna klīnika,,,"Viena no ""sviestainākajām"" potēm ir HPV vakcīna, jeb vakcīna pret dzemdes kakla vēzi. Jau pati ideja - vakcīna pret vēzi. Nav jau pat īsti p[ierādīts, ka vēzi izraisa kāds no papillomas vīrusiem. Un bez tam, ja mēs vēzi skatām enerģētiskā plānā, tad vēzis ir sastrēgums kādā no enerģijas kanāliem. Kā var vakcinēt pret enerģijas sastrēgumu.? Bez tam pret dzemdes kakla vēzi vakcinē arī puikas. Pavisam dīvaini. Lai nu kā būtu, pašiem vien ir jādomā ko ņemt pretim un ko nē. No savas puses es nevaru nevienam ieteikt šo dīvainību. Bet lemiet katrs pats par saviem bērniem.Kopā mēs varam!!!/Dr.E.Mednis/#AgenskalnaKlinika #KopaMesVaram #DziveBezBailem #IzglabDraugu #SargiBernus"
1009,30.11.2023 22:34:27,Āgenskalna klīnika,,,
1010,30.11.2023 23:19:15,Āgenskalna klīnika,,,"Pirmā daļa. MEDNIS LĪCĪTISVai vakcīnas uzlabo imunitāti?Ceturtdien, 30. novembrī skatieties Dr. Edgara Medņa sarunu ar klīnisko imunologu Lauri Līcīti. Lauris Līcītis: “Pāris gadus atpakaļ man viena paciente stāsta: viņa gribējusi vakcinēties pret gripu, bet esot bijušas darba darīšanas. Tā sanācis, ka visi darba kolēģi saņēmuši vakcīnu, bet viņa nav saņēmusi. Rezultātā - visi darba kolēģi slimo ar gribu, bet viņa – nē!”Tas ir viens no daudzajiem stāstiem, kuru nācies dzirdēt ... un ne tikai par gripas vakcīnām. Kāpēc tā notiek?Mūsu kanāli:https://t.me/spekavots https://t.me/Agenskalnaklinikahttps://www.bitchute.com/channel/ETFw6axQxy71/ https://youtube.com/playlist?list=PLaE_CeKYTqXej9bXOJp6D65orlgnQQsKH Mums ir svarīgs Jūsu atbalsts un komunikācija ar Jums. Sevišķi tādēļ, lai mēs zinātu vai esam Jums noderīgi un arī kas Jūs interesē. Tas palīdzēs mums veidot Jums interesantu saturu. Tādēļ atbalstiet mūs ziedojot (ar norādi - filmēšanas izdevumiem), lai varam segt operatora un montāžas darbus, kā arī aktīvi rakstiet mums komentāros. rakstiet savas vēlmes, piebildes, iebildes un vienkārši komentārus un laba vēlējumus. Paldies, ka esiet ar mums.Konts: LT363500010016254063 (filmēšanas izdevumiem) Edgars MednisMērķis: filmēšanas izdevumiem. Raidījuma veidošanā piedalījās: Edgars Mednis, Edgars Zveja, Ilze Pole"
1011,01.12.2023 01:11:20,Āgenskalna klīnika,,,
1012,03.12.2023 20:46:27,Āgenskalna klīnika,,,Tā pavisam ekspromtom mums ar manu vārda brāli Edgaru Zveju sanāca ļoti interesanta saruna. Varbūt Jums arī noder.https://www.youtube.com/watch?v=X1l6OTlNM-cKopā mēs varam!!!/Dr.E.Mednis/#AgenskalnaKlinika #KopaMesVaram #DziveBezBailem #IzglabDraugu #SargiBernus
1013,09.12.2023 19:26:45,Āgenskalna klīnika,,,"Pamatots sveiciens Prof. Dacei Zavadskai no Prof. Gaļinas Červonskas. Un, protams, daži jautājumi. Ar skaidrojumu. Kombinētā vakcīna pret difteriju, stinguma krampjiem, garo klepu izraisa bērniem smadzeņu bojājumu ar paliekošām sekām. Der paklausīties un arī ņemt vērā.Kopā mēs varam!!!/Dr.E.Mednis/#AgenskalnaKlinika #KopaMesVaram #DziveBezBailem #IzglabDraugu #SargiBernus"
1014,09.12.2023 19:26:45,Āgenskalna klīnika,,,
1015,11.12.2023 23:22:30,Āgenskalna klīnika,,,"Ir arī šāds viedoklis. Nezinu cik tur taisnības, cik nē, bet kā iespējamību tas būtu jāzina. Tas, ka frī kartupeļi nav nekas veselīgs, to, šķiet, zina visi. To, ka ātrās ēdināšanas vietas arī ar veselīgumu ne īpaši draudzējas arī, šķiet nav noslēpums. Bet, iespējams, te ir nianses.Kopā mēs varam!!!/Dr.E.Mednis/#AgenskalnaKlinika #KopaMesVaram #DziveBezBailem #IzglabDraugu #SargiBernus"
1016,11.12.2023 23:22:30,Āgenskalna klīnika,,,
1017,14.12.2023 12:29:40,Āgenskalna klīnika,,,"Kas jauns šosezon? Edgars Mednis: “Šosezonas klepus ir nopietnāks nekā pagājušajā gadā. Cilvēkam var dzirdēt trokšņus plaušās, izklausās pēc pneimonijas, bet rentgens uzrāda, ka plaušās nav pataloģijas. Asins analīzes arī uzrāda, ka pa lielam viss ir kārtībā.”   Cik lielā mērā var paļauties uz analīzēm un dažādiem izmeklējumiem, ja tie uzrāda, ka viss ir normāli, bet pašsajūta neuzlabojas? Skatieties Dr. Edgara Medņa sarunu ar klīnisko imunologu Lauri Līcīti par aktuālajām saslimšanām šosezon.Mūsu kanāli:https://t.me/spekavots https://t.me/Agenskalnaklinikahttps://www.bitchute.com/channel/ETFw6axQxy71/ https://youtube.com/playlist?list=PLaE_CeKYTqXej9bXOJp6D65orlgnQQsKH Mums ir svarīgs Jūsu atbalsts un komunikācija ar Jums. Sevišķi tādēļ, lai mēs zinātu vai esam Jums noderīgi un arī kas Jūs interesē. Tas palīdzēs mums veidot Jums interesantu saturu. Tādēļ atbalstiet mūs ziedojot (ar norādi - filmēšanas izdevumiem), lai varam segt operatora un montāžas darbus, kā arī aktīvi rakstiet mums komentāros. rakstiet savas vēlmes, piebildes, iebildes un vienkārši komentārus un laba vēlējumus. Paldies, ka esiet ar mums.Konts: LT363500010016254063 (filmēšanas izdevumiem) Edgars MednisMērķis: filmēšanas izdevumiem. Raidījuma veidošanā piedalījās: Edgars Mednis, Edgars Zveja, Ilze Pole"
1018,14.12.2023 16:20:25,Āgenskalna klīnika,,,
1019,24.12.2023 22:48:22,Āgenskalna klīnika,,,
1020,28.12.2023 23:10:25,Āgenskalna klīnika,,,"Par šo jau runājām no pašas špricēšanas sākuma un varbūt vēl pirms tam, ka šī procedūra maina cilvēka genomu. Un re, nebija ilgi jāgaida, ka ir arī pētījums, kas šo domu pierāda. Visas ""sazvērestības teorijas"" piepildās. Kopā mēs varam!!!/Dr.E.Mednis/#AgenskalnaKlinika #KopaMesVaram #DziveBezBailem #IzglabDraugu #SargiBernus"
1021,28.12.2023 23:10:26,Āgenskalna klīnika,,,
1022,29.12.2023 11:30:16,Āgenskalna klīnika,,,"Šķiet, ka šī iniciatīva, lai gan sākumā ļoti miglaini izklāstīta, iespējams,  apzināti, bet šī ir iespēja mums paust savu gribu pret Stambulas konvenciju. Tikai uzmanīgi jālasa aptaujas lapas virsraksts. Un pie iespējas jāliek savas piezīmes. Šī esot jau trešā reize, kad prezidents izsludina tautas nobalsošanu, bet ne reizi vēl nav savākts nepieciešamo balsu skaits. varbūt šoreiz sanāks. Rīkojamies. Un ziņojam par visiem šķēršļiem, kas tiek likti, lai nevarētu parakstīties. Arī tiem, kas izsauc uz mājām balsošanas amatpersonas, ja tās neierodas.Rīkojamies.!!!Kopā mēs varam!!!/Dr.E.Mednis/#AgenskalnaKlinika #KopaMesVaram #DziveBezBailem #IzglabDraugu #SargiBernus"
1023,29.12.2023 11:30:17,Āgenskalna klīnika,,,
1024,29.12.2023 11:30:17,Āgenskalna klīnika,,,
1025,29.12.2023 11:30:18,Āgenskalna klīnika,,,
1026,29.12.2023 11:30:18,Āgenskalna klīnika,,,
1027,29.12.2023 11:30:18,Āgenskalna klīnika,,,
1028,29.12.2023 11:30:19,Āgenskalna klīnika,,,
1029,31.12.2023 00:03:22,Āgenskalna klīnika,,,Te arī Jūlijas Stepaņenko aicinājums parakstīties.Ejam un darām.Kopā mēs varam!!!/Dr.E.Mednis/#AgenskalnaKlinika #KopaMesVaram #DziveBezBailem #IzglabDraugu #SargiBernus
1030,31.12.2023 00:03:22,Āgenskalna klīnika,,,
1031,31.12.2023 09:56:45,Āgenskalna klīnika,,,Šeit ļoti labs skaidrojums:https://www.atvertaparvaldiba.lv/lv/pilsoni-nac-ari-tu/balsosanas-briviba
1032,31.12.2023 15:30:44,Āgenskalna klīnika,,,
1033,08.01.2024 15:01:04,Āgenskalna klīnika,,,"Lai gan Latvijas Republikas Vajāšanas inspekcija joprojām nav atcēlusi savu lēmumu man aizliegt runāt par Ivermektīnu, gribu tomēr padalīties ar jaunu materiālu par šī vienkāršā un drošā medikamenta efektivitāti pret Covid 19. tam esot arī pretaudzēju iedarbība un tas esot imūnmodulators. Pasaulē ļoti plaši lietots. Pats esmu nozīmējis pacientiem šo medikamentu smagois un ļoti smagos gadījumos un visi pacienti ir strauji izveseļojušies. pat tie, kam pēc būtības vajadzētu jau atrasties slimnīcas palātā. Bet turp sūtīt tajā gadā nevarēja, jo bija risks, ka pacienti tiks nozāļoti ar toksiskām un ļoti dārgām zālēm (kā tas arī bieži notika) un tiks aizvadīti viņsaulē.  Kāpēc tas tā notika - te pievienotajā materiālā.https://rumble.com/v1huyrn-ivermectin-the-truth.htmlKopā mēs varam!!!/Dr.E.Mednis/#AgenskalnaKlinika #KopaMesVaram #DziveBezBailem #IzglabDraugu #SargiBernus"
1034,11.01.2024 15:13:52,Āgenskalna klīnika,,,In reply to this message
1035,16.01.2024 13:43:39,Āgenskalna klīnika,,,"Atceroties laiku pirms 3 gadiem, kad runājām par plāndēmiju, tās motīviem, ko darīt un nedarīt, kā ārstēties, mūs sauca par savērestību teoriju piekritējiem un izplatītājiem. ierindoja dažādās kategorijās un sarakstos. Es to uzņēmu kā pateicību un patiesu novērtējumu. Bet, laikam ejot, visas sazvērestības teorijas piepildījās ar matemātisku precizitāti. gan par špricēšanu un tās sekām, gan ivermektīnu, gan plāndēmija motīviem u.t.t.. Te neliels sazvērestības teoriju pārskats ar pētījumiem un pierādījumiem. Interesanti bija palasīties un gremdēties atmiņās...... Kopā mēs varam!!!/Dr.E.Mednis/#AgenskalnaKlinika #KopaMesVaram #DziveBezBailem #IzglabDraugu #SargiBernus"
1036,16.01.2024 13:43:39,Āgenskalna klīnika,,,
1037,19.01.2024 23:44:56,Āgenskalna klīnika,,,"Šo filmu būtu vērts noskatīties katram maza bērna vecākam pirms pirmās vakcinācijas. Tā ir 1982. gada filma par Difterijas, stinguma krampju un garā klepus vakcinācijas sekām. Vērtīgi. Bet jāpatur prātā, ka tā ir ""vecā labā"" vakcīna. Kas tajā nācis klāt vēl pēdējos pāris gados, īsti nav zināms. Bet ļaunas mēles runā daudzas interesantas lietas. https://rumble.com/v2bs3nw-dpt-vaccine-roulette-1982-full-documentary.htmlKopā mēs varam!!!/Dr.E.Mednis/#AgenskalnaKlinika #KopaMesVaram #DziveBezBailem #IzglabDraugu #SargiBernus"
1038,21.01.2024 13:53:30,Āgenskalna klīnika,,,
1039,22.01.2024 11:15:46,Āgenskalna klīnika,,,"Interesants atgadījums Melburnā. Pēkšņi miris kārtējais, tā saucamo, vakcīnu aizstāvis. Cilvēks, kas pārmeta Džkovičam, par nevēlēšanos ievadīt savā ķermenī indes devu, pēkšņi miris 59 gadu vecumā. sagadīšanās? varbūt. Bet, ja paskatāmies pasaulē, tad bija tāda kasta ""vakcīnu vēstnieki"". Dīvaina apmātu cilvēku kategorija, kas bija publiskas personības un mēģināja lētticīgos pierunāt uz indes devas saņemšanu. Dīvainā kārtā viņi visi pa vienam pamet šo grēcīgo zemīti. Iespējams, ka sagadīšanās. Bet, kā zināms, šai pasaulē tādu nav. Ir tikai cēloņu un seku mehānisms. Un tas darbojas bez kļūmēm......https://townhall.com/tipsheet/mattvespa/2024/01/20/sports-journalist-who-came-after-novak-djokovic-has-died-suddenly-n2633941Kopā mēs varam!!!/Dr.E.Mednis/#AgenskalnaKlinika #KopaMesVaram #DziveBezBailem #IzglabDraugu #SargiBernus"
1040,22.01.2024 11:44:15,Āgenskalna klīnika,,,"Ļoti interesants video gabaliņš atnācis. Māris Gulbis nedaudz pafilozofēja par tēmu ""cik Latvijas jauniešus drīkst nokaut"". Apbrīnojams cinisms. man tikai ir viens jautājums viņam - kurā no kategorijām viņš ir ierindojis savus bērnus - tajā, kas genofondam, jeb tajā, kas utilizējami? Zeme atveries. No visa varam mācīties. Un šeit, šķiet, morāle ir viena, ka pie vadības LV ir tikai un vienīgi nezināmu spēku ielikteņi, kam nav nekā svēta, kam ir pilnīgi vienalga par savu tautu, savu zemi, bet visam pāri ir ambīcijas un personīgais pašlabums.Protams, nevajag aizmirst, ka visai drīz sāksies jauniešu atlase iesaukumam armijā. ja šo liek kopā, tad kurp dosies jauniesaucamie? Kam tas ir plānots? Un kāpēc viņiem jāiet bojā? No mācībām parasti bojā neiet. Bojā iet kara apstākļos. tādi tālu nav jāmeklē. Ja kāds mēģina argumentēt, ka tas ir mūsu pašu teritorijas aizsardzībai, tad esiet nu lūdzu reāli - mēs esam maz un teritorija mums ir maza. Pārlidot to var dažu minūšu laikā.........Sargājam savus bērnus. Neatdodam viņus šai necilvēcīgajai gaļas mašīnai.Kopā mēs varam!!!/Dr.E.Mednis/#AgenskalnaKlinika #KopaMesVaram #DziveBezBailem #IzglabDraugu #SargiBernus"
1041,22.01.2024 15:48:35,Āgenskalna klīnika,,,
1042,25.01.2024 13:13:23,Āgenskalna klīnika,,,
1043,25.01.2024 19:18:00,Āgenskalna klīnika,,,
1044,26.01.2024 08:34:28,Āgenskalna klīnika,,,
1045,02.02.2024 19:59:15,Āgenskalna klīnika,,,
1046,03.02.2024 23:19:10,Āgenskalna klīnika,,,"Man ienāk ziņas, ka mūsu saruna ar Dr. Līcīti ""raustās"" un tādēļ ir grūti klausāma un skatāma. Ja tā, tad alternatīva ir jūtūbs. Vai Bitchute. Nezinu kādēļ to nevar normāli noklausīties. Šeit visam ir jābūt kārtībā:https://www.youtube.com/watch?v=aRjqEItftik"
1049,07.02.2024 13:40:36,Āgenskalna klīnika,,,"Šī ir interesanta ziņa. Ir patiesība vai nav, tā arī, šķiet, nekad neuzzināsim. Bet šī ziņa man sasaucas ar gadījumu no mūsu zemes vēstures. Tā, šķiet, bija 1993. gads. man tikko bija piedzimis dēls. Biju klasiskās medicīnas absolūts piekritējs. tai skaitā vakcinācijas piekritējs. Mācījos vēl toreiz LMA (Latvijas Medicīnas akadēmija, tagad RSU). Vedu savu puiku pie iecirkņa pediatra (toreiz bija tādi ģimenes ārstu vietā). Vienā tādā vizītē, pediatre piedāvāja poti pret meningītu. Teica, ka esot laba un droša, bet šobrīd pēc vecāku vēlēšanās. nezin kāpēc paņēmu pauzi ar domu pajautāt pasniedzējiem LMA. Kad jautāju - saņēmu atbildi, ka Latvijas valstij ir  ""uzdāvināts"" paliels apjoms šo  vakcīnu un tādēļ tās ir brīvprātīgas. Bez tam tajā laikā mums nebija šīs slimības diagnostikas - nevarējām to noteikt laboratorijā. Tādēļ tomēr neieteica potēt šo bērnam. Tā bija Hemofilus influencae vakcīna. Tā arī puikam to neiepotēju. Tad Rīgā bija atbraukusi Profesore Gaļina Červonska ar lekciju tieši par potēm. Viņa stāstīja, ka apmeklējot kādu semināru ārzemēs satiek Pastēra institūta vienu no bosiem, kas saka: kā man patīk Austrumeiropa. Viņa jautā: kāpēc? Uz ko viņš atbild: saproti, es atbraucu uz klīniskajiem izmēģinājumiem un visi līgumi jau ir saslēgti. Tā lūk. Toreiz ""visi līgumi jau bija saslēgti"" pat šīs vakcīnas klīnisko izmēģinājumu. Tad sāku strādāt iecirknī par pediatru un redzēju, ka ir uzkrītoši daudz blakņu. Pēc kāda laika radio dzirdēju interviju ar vienu no tā laika mūsu Valsts vadošajām infektoloģēm, kas teica, ka šī vakcīna esot droša (daudz blakņu), efektīva (mums nebija diagnostikas) un labi panesama (daudz blakņu) un tādēļ tā tiek ieviesta vakcinācijas kalendārā. Tagad šī vakcīna ir kopā ar difteriju un stinguma krampjiem kombinētās vakcīnas sastāvā.Tā tas, diemžēl, notiek. Lieki, protams, piebilst, ka neviens nekādu līgumu nevienam nepiedāvāja parakstīt. Mutiski piekriti un aidā. Tādēļ neizslēdzu, ka šī varētu būt patiesa informācija. Ļoti daudz ko mēs nezinām no farmācijas aizkulisēm.Kopā mēs varam!!!/Dr.E.Mednis/#AgenskalnaKlinika #KopaMesVaram #DziveBezBailem #IzglabDraugu #SargiBernus"
1050,07.02.2024 13:40:36,Āgenskalna klīnika,,,
1051,11.02.2024 12:53:29,Āgenskalna klīnika,,,
1052,11.02.2024 20:24:38,Āgenskalna klīnika,,,"Sirdi plosošs stāsts, kā jaunā māmiņa pazaudē savu bērnu īsi ( dažas dienas) pēc rutīnas - ""obligātās potes"". Tās ir tās pašas, ko arī mūsu bērniem piedāvā. Reizēm pat ļoti, ļoti piedāvā. Tā kā domājam līdzi, lasām anotācijas. Jo tas, ko mums pasniedz kā ""drošu un efektīvu"" bieži vien tāds nemaz nav. Un reizēm ir pat bīstams.Kopā mēs varam!!!/Dr.E.Mednis/#AgenskalnaKlinika #KopaMesVaram #DziveBezBailem #IzglabDraugu #SargiBernus"
1053,11.02.2024 20:24:39,Āgenskalna klīnika,,,
1054,15.02.2024 22:54:07,Āgenskalna klīnika,,,
1055,15.02.2024 23:38:00,Āgenskalna klīnika,,,"Kā labi zināms, no šī  gada pirmā janvāra ir grozīti Ministru kabineta Vakcinācijas noteikumi Nr. 330. Juriste Agita Galiņa ir sniegusi savu komentāru par to, kas mainījies un arī uz ko tas viss ved.Tālāk Agitas Galiņas sagatavotais materiāls. Lasām, domājam, rīkojamies.2024.gada 11.janvārī spēkā stājās grozījumi Ministru kabineta 2000.gada 26.septembra noteikumos Nr.330 “Vakcinācijas noteikumi”. Šeit daži juridiski apsvērumi un uzvedinošas “spekulācijas” par to, kas ar šiem grozījumiem tiek ieviests, jeb valdības ieskatā – uzlabots. Grozījumu anotācijā, kā ierasts, tiek pamatota un cildināta tiesiskā regulējuma izmaiņu nepieciešamība. Pamatā ir divi kreņķi. Pirmais – sabiedrībā mazinājušās vaxināciju aptveres pret tuberkulozi, B hepatītu, masaliņām un epidēmisko parotītu difteriju, stingumkrampjiem un poliomielītu, meitenēm pret CPV, un tas liecinot par sabiedrības neinformētību, tāpēc esot jāturpina veicināt iedzīvotāju vakcinācija pret vakcīnnovēršamajām infekcijas slimībām. Un otrs – nepieciešama vaxinācijas procesa digitalizācija, un šim procesam ir pavisam progresīvs nolūks, jeb izpildvaras vārdiem “Vakcinācijas pārvaldības procesa digitalizācija ir nozīmīga arī sabiedrībai, jo dos iespēju tiešsaistē veselības informācijas sistēmas platformā iegūt informāciju par savu vakcinācijas statusu un nepieciešamo nākamo vakcināciju, tādējādi ļaujot savlaicīgi ieplānot vizīti uz vakcinācijas iestādi vai arī iegūt izziņu par vakcinācijas statusu, kas varētu būt nepieciešama, piemēram, bērnam izglītības iestādes apmeklēšanai vai arī personai tādu darba pienākumu veikšanai, kas saistīti ar inficēšanās vai infekcijas slimību izplatības risku, vai arī nepieciešama ceļošanai un citām līdzīgām dzīves situācijām.”.  Īsāk sakot - nepieciešams precizēt normatīvo regulējumu un uzlabot vakcinācijas procesa plānošanu, organizēšanu un digitalizēšanu.Uzreiz jānorāda, ka jēdziens “obligātā vakcinācija” ietver valsts pienākumu nodrošināt pietiekamu vaxīnu daudzumu un pieejamību, nevis obligātu pienākumu pakļauties profilaktiskai ārstniecībai ar organismā ievadāmām zālēm. Grozījumu anotācijā pat veselas divas reizes ir uzsvērts, ka vakcinācija ir un paliek jebkura cilvēka brīva izvēle. Ar  šiem grozījumiem vaxinācijas kalendārā tiek ierakstītas valsts apmaksātas vaxīnas pret C19 un gripu kā pieaugušajiem, tā bērniem. Tas nozīmē, ka ārstniecības personas regulāri “rekomendēs” saviem pacientiem vaxinēties pret šīm divām infekcijas slimībām. Lai uzsvērtu valsts “nesavtīgumu un rūpes par saviem iedzīvotājiem”, tiek prioritizētas riska grupas ar īpašu nepieciešamību vaxinēties, un tikai tad arī pārējie imunizēties alkstošie varēs saņemt savas devas, jo valsts tās dāsni būs nodrošinājusi visiem gribētājiem. Riska grupu uzskaitījums ir garš (skat. grozīto noteikumu 44.1 punktu), vien jāpiebilst, ka starp tām ir visi bērni no 6 mēnešu līdz divu gadu vecumam, grūtnieces, personas vecumā no 60 gadiem, hronisko slimību pacienti u.c. Tas nozīmē, ka šīm grupām tiks pievērsta īpaša uzmanība uz mērķtiecīgu novaxinēšanu… Anotāciju lasot nepamet sajūta, ka tiek radīta deficīta ilūzija – vaxīnas ir ekskluzīva prece, kuras sarūpēšanā valsts iegulda milzīgus resursus, tāpēc novērtējiet un pasteidzieties – nāciet potēties, jo visiem tās mantas var nepietikt! Uzmanības vērti ir grozījumi attiecībā uz ārstniecības iestādēm, kuras veiks vaxināciju pret C19. Tiek noteikts, ka vakcināciju pret C19 arī turpmāk veiks tās ārstniecības iestādes, kas būs noslēgušas līgumu ar Nacionālo veselības dienestu (NVD). Vienlaikus esot svarīgi saglabāt iespēju vakcinēties Nacionālo bruņoto spēku ārstniecības iestādēs, Valsts robežsardzes ārstniecības iestādēs un ieslodzījuma vietu ārstniecības iestādēs. Papildus tiek noteikts, ka vaxināciju var veikt arī ārpus ārstniecības iestādes, faktiski izbraukuma vakcināciju, tikai tad ir jānodrošina iespēja organizēt vakcinējamo personu plūsmu un personas novērošanu pēc vakcinācijas veikšanas."
1056,15.02.2024 23:38:01,Āgenskalna klīnika,,,"Tālāk grozījumi nosaka to, kā visa informācija par vakcīnām un vakcinācijas procesu tiks digitalizēta. Lai neieslīgtu detaļās, akcentēsim vien to, kas skars ikvienu, un tā ir mūsu datu apstrāde un izmantošana. Lai saprastu shēmu, šeit citāts no grozījumu anotācijas: “..vakcinācijas faktu ievade veselības informācijas sistēmā tiek uzsākta ar 2024.gada 1.janvāri. Šie dati informācijas sistēmā tiek uzkrāti un NVD, kas ir šīs sistēmas pārzinis, tos agregētā veidā nodos SPKC datu analīzei. Minētā informācija, lai novērtētu vakcinācijas rezultātus un sabiedrības vakcinācijas aptveri, tiks analizēta, uzkrājot informāciju par vakcīnu izlietojumu. Vakcinācijas iestāde, ievadot informāciju par vakcinācijas faktu, norādīs arī rekomendēto nākamās vakcinācijas laiku. Tādējādi tiešsaistē tiks nodrošināta informācija gan vakcinācijas iestādei un ģimenes ārstam, gan personai par veikto vakcināciju un rekomendējamo nākamo vakcinācijas laiku..”.  Skatāmies tālāk: izmantojot veselības informācijas sistēmā pieejamos datus, ģimenes ārsts var identificēt pacientus, kam vakcinācija, piemēram, pret sezonālo gripu vai C19 ir īpaši rekomendēta. Pamatojoties uz minēto informāciju, ģimenes ārsts var rekomendēt savā aprūpē esošajiem pacientiem vakcināciju pret C19. Šajā brīdī atceramies par minēto “izbraukuma vaxināciju” vai vaxinēšanu ārpus ārstniecības iestādēm, jo situācijā, ja ģimenes ārsta prakse vakcinācijas procesu nenodrošina vai nevakcinē mājās, tad ģimenes ārsts sagatavo apzināto pacientu sarakstu tālākai procesa organizēšanai un novirza ģimenes ārsta prakses vakcinācijas sadarbības iestādei, kas nodrošina izbraukuma vakcināciju personas dzīvesvietā. Tā kā šie grozījumi esot svarīgi arī veicot citas izbraukuma vakcinācijas, grozījumi tiek attiecināti uz vispārējiem vakcinācijas veikšanas nosacījumiem, nevis tikai uz vakcināciju pret C19. Tas nozīmē, ka NVD identificēs novaxinējamās personas un nodos sarakstus vaxinācijas iestādēm. Versijas, par ko tas liecina, formulētas raksta nobeigumā. Bez tam, tagad epidemioloģisko draudu gadījumā veselības ministrs ir tiesīgs izdot rīkojumu par atsevišķu iedzīvotāju grupu obligātu vaxināciju neparedzētos gadījumos. Nākamais uzstādījums ir nopotēt visas ārstniecības personas un to atbalsta personas, kas nonāk saskarē ar pacientiem. Tāpat arī ilgstošas sociālās aprūpes un sociālās rehabilitācijas institūciju pacientus un darbiniekus. Šādam nosacījumam, protams, ir kārtējā cēlā atruna - iestādei ir jārūpējas par savu darbinieku aizsardzību no saslimšanas ar C19 un sezonālo gripu, nevis darbiniekiem pašiem jāmeklē iespēja, kur vakcinēties. Tāds ir iestādes vadības pienākums. Gramatiski tulkojot šo nosacījumu, nav noteikts darbinieka pienākums obligāti vaxinēties, taču šeit jāatceras pieredzētais ar C19 afēras ietvaros izdotajiem rīkojumiem-noteikumiem. Ja, piemēram, ārstniecības vai aprūpes iestādes vadība izdos iekšēju rīkojumu, ierakstīs amata aprakstā vai veselības ministrs izsludinās obligāto vakcināciju šīm mērķa grupām, tad atteikšanās no vaxinācijas radīs konkrētas sekas – pildīt darba pienākumus, iespējams, tiks liegts."
1057,15.02.2024 23:38:01,Āgenskalna klīnika,,,"Tagad mazliet par to, kāda ir paredzēta kārtība, lai atteiktos no vaxinācijas. Izvēloties neievadīt savā ķermenī konkrētu vaxīnu, ārstniecības persona prasīs, lai tiek noformēts “informētais atteikums”. Tas, kura puse šādā atteikumā ir informētāka, protams ir diskutabls jautājums. Lai vai kā, tomēr rakstiskam atteikumam jābūt, tādēļ grozījumu ierosinātāji ir izstrādājuši atteikuma veidlapu (noteikumu 9.pielikums). Ir arī atruna - ja ārstniecības persona nevēlās izmantot šādu veidlapu, tad ārstniecības persona atteikumu noformē rakstiski brīvā formā (tāpat kā līdz šim), iekļaujot brīvajā atteikuma formā informāciju no noteikumu 9.pielikuma. Šeit var nefokusēties uz frāzi “ārstniecības persona noformē”, jo tik pat labi savu atteikumu no vaxinācijas katrs var noformēt pats. Ārstniecības personai tikai ir svarīgi, lai būtu ko uzrādīt pārraugošajām institūcijām par to, ka viņš ir darījis visu (skaidrojis, informējis, kauninājis, šantažējis utml.), lai pacients piekristu potēties, tāpēc ieteicams tomēr ar ārstniecības personu sadarboties un situācijā, ja paši formulējat savu atteikumu, tā tekstā iekļaut tos pāris teikumus par ārsta centieniem – lai novērstu iespējamās sankcijas no uzraugošajām institūcijām, kuras varētu ārstniecības personu sodīt par nespēju visus novakcinēt. Taču tālāk ir pavisam interesanti – ar grozījumiem tiek noteikts, ka, neraugoties uz noformēto atteikumu no vakcinācijas, ārstniecības persona turpina skaidrot vakcinācijas nepieciešamību turpmākajā komunikācijā ar pacientu. Tas nozīmē, ka pat tad, ja no kādas konkrētas vaxīnas vai vaxinācijas kā tādas atteiksieties, ārstam jāturpina jūs tramdīt, citādi viņam par to var piemērot soda sankcijas. Visai savdabīgs mehānisms, kā iedzīt stūrī abas iesaistītās puses. Jārēķinās, ka tieši bailes no iespējamā soda būs viens no galvenajiem vadmotīviem, kāpēc ārstniecības personas jūs mierā neliks – tas ir viņu pienākums. Ja to saprot, tad diezgan veiksmīgi var izvairīties no nevajadzīgu un negatīvu emociju uzturēšanas, tā vietā pieņemt situāciju un censties uztvert ārstniecības personu uzstājību tikai un vienīgi kā viņa profesijas neizbēgamu sastāvdaļu.  Īsumā aktuālais regulējuma formulējums uzrāda šādu ainu:1.  Informācija par ikviena indivīda vakcinācijas statusu tiek digitalizēta un regulāri uzraudzīta. Digitālie ieraksti tiek regulāri pārskatīti, lai uzskaitītu izlietotās devas un plānotu nākamo devu pasūtīšanu/iepirkšanu. Mērķis – vaxinācijas aptveres uzlabošana, un šeit ir runa par visām vakcīnām, kādas vien valsts iepērk un piedāvā. 2.  Vakcīnas pret gripu un C19 iekļautas vaxinācijas kalendārā un ģimenes ārsts ir atbildīgs par to, lai pacienti regulāri vaxinētos, tostarp bērni no 6 mēnešu vecuma. Atteikums no vaxinācijas jāformulē rakstiski, taču šāds atteikums nedrīkst atturēt ģimenes ārstu no pacienta motivēšanas vaxinēties.3.  Informācija par plānoto vaxināciju vai atteikumu no tās tiek digitalizēta un nenovaxinēto personu sarakstus apstrādā NVD, kurš identificēs novaxinējamās personas un nodos sarakstus vaxinācijas iestādēm. 4.  Vaxinēt drīkst arī ārpus ārstniecības iestādes. (Atceramies “potēšanas centrus” tirdzniecības vietās,  kapos u.c.) Faktiski iepriekšējā punktā minētās personas var sasēdināt autobusā un nogādāt kaut stadionā, kur tos “izbraukuma vaxinācijā” vaxinēs nacionālo bruņoto spēku vai robežsardzes ārstniecības iestādes (šis nav apgalvojums, bet iespējamo scenāriju modelēšana, jo to realizēšanu šis regulējums pieļauj).5.  Veselības ministrs var izdot rīkojumu par atsevišķu mērķa grupu obligāto vakcināciju (ar jebkādu – gan esošu, gan nākotnes vaxīnu). Pamatojumu tam gan jau piemeklēs (skat. kovidafēras pieredzi), un tad var sekot arī iepriekšējā punktā minētā rīcība. 6.  Senioriem 60+ vakcinācija pret gripu un bērniem (1 – 18 g.) pret ērču encefalītu tiks nodrošināta no valsts pamatbudžeta. Vajag/nevajag – katra paša lēmums, bet vaxinācijas aptvere jāuzlabo un ārsta pienākums ir pacientiem to uzstājīgi rekomendēt."
1058,15.02.2024 23:38:01,Āgenskalna klīnika,,,"7.  Pret gripu un C19 jānopotē visas ārstniecības personas un to atbalsta personas, kas nonāk saskarē ar pacientiem, kā arī ilgstošas sociālās aprūpes un sociālās rehabilitācijas institūciju pacientus un darbiniekus. Nodrošināt šo procesu ir iestādes vadības pienākums. Atteikties var, taču jārēķinās ar iespējamām negatīvām sekām.  8.  Ārsts ir atbildīgs, lai pacientam veiktu visas vaxinācijas kalendārā paredzētās vaxinācijas (atbilstoši veselības stāvoklim). Neraugoties uz rakstisku pacienta atteikumu – ārstam jāturpina sniegt informāciju par “vaxīnu drošību un nozīmi”. Papildus tam ārstniecības personas ir atbildīgas par racionālu vakcīnu pasūtīšanu, izlietošanu un savlaicīgu vakcinācijas faktu reģistrāciju veselības informācijas sistēmā. Par minēto prasību pārkāpumiem ārstu var sodīt.9.  Vaxinējamai personai (pamatojoties uz Pacientu tiesību likumu un Vakcinācijas noteikumu 28.punktu) ir tiesības izvēlēties vakcinācijas iestādi vai ārstniecības personu, kura veiks vakcināciju, kā arī atteikties no vakcinācijas, arī no aizbildnībā esošas personas vakcinācijas. Atkārots uzsvars - neraugoties uz noformēto atteikumu no vakcinācijas, ārstniecības personai jāturpina skaidrot vakcinācijas nepieciešamību turpmākajā komunikācijā ar pacientu.10.  Noteikumi neparedz to, ka ģimenes ārstam pašam obligāti ir jāveic savu pacientu vakcinācija mājās; ja ģimenes ārsta prakse nevakcinē mājās, tad ģimenes ārsts sagatavo apzināto pacientu sarakstu tālākai procesa organizēšanai un novirza ģimenes ārsta prakses vakcinācijas sadarbības iestādei, kas nodrošina izbraukuma vakcināciju personas dzīvesvietā. Šeit paturam prātā arī 4. punktā minēto, tikai vairs ne stadions, bet gan “vakcinācijas brigāde” dzīvesvietā… 11.  Akcentēts periods, kāds jāievēro pieaugušo balstvakcinācijai pret difteriju un stingumkrampjiem (ik 10 gadi), ar norādi, ka nokavēta vakcinācijas termiņa rezultātā nav jāatkārto pilns vakcinācijas kurss (pietiekot ar vienu balstvakcinācijas devu), kā arī tiek norādīta vakcinācijas shēma iepriekš nevakcinētiem pieaugušajiem (piemēram, tiem, kurus bērnībā vecāki nav vakcinējuši, patvēruma meklētājiem).12.  Personām, kuras sniedz manikīra un pedikīra pakalpojumus, tetovēšanas un ādas caurduršanas procedūras, ir jāvakcinējas pret B hepatītu. Arī pašnodarbinātajām personām ir nepieciešams vakcinēties pret B hepatītu, jo arī pašnodarbināto personu sniegtie pakalpojumi esot saistīti ar paaugstinātu infekcijas slimību izplatīšanas risku.Visbeidzot, grozījumu anotācijā lasāma šāda piebilde: Saskaņā ar šobrīd noslēgtajiem līgumiem, vakcīnas pret Covid-19 ir iepirktas un tāpat kā līdz šim tiks nodrošinātas iedzīvotājiem līdz 2026.gada beigām. Covid-19 slimības izraisītājs un izplatības tendences mainās, tādēļ 2026.gadā tiks vērtēta Covid-19 ietekme uz sabiedrības veselību un nepieciešamības gadījumā no 2027.gada tiks plānots jauns vakcīnu iepirkums.Ar šiem grozījumiem mēs nepārprotami redzam pakāpenisku, bet mērķtiecīgu virzību uz digitalizāciju, kas veicina globālu un monopolizētu veselības aprūpes pārraudzību. Mums tiks noteikts, ar ko cilvēce slimos, no kā jābaidās, kad un kādas “ārstniecības” metodes jāpielieto. Nekā pārsteidzoša – LV ir ļoti iztapīgs un paklausīgs ierēdņu aparāts, kurš bez mazākās šaubīšanās, kur nu vēl domāšanas, saregulēs visu, ko globālie psihopāti pieprasa. Vai Tu to pieļausi?  Vai atbalstīsi klusējot un pakļaujoties? Domā līdzi, zini savas tiesības un izmanto tās!"
1059,17.02.2024 17:13:44,Āgenskalna klīnika,,,
1060,19.02.2024 20:49:23,Āgenskalna klīnika,,,"Klausos vienas no LV infektoloģēm lekciju par pneimokoku. Gauži interesanti. Latvijā vakcīna pret pneimokoku ieviesta, kā viņa apgalvo, 2010. gadā. Un tad nāk interesantākais - SPKC dati par saslimstību. Protams, var jautāt, kāpēc dati ir tikai par pēdējiem 10 gadiem, nevis par pēdējiem 20. Tad, iespējams, būtu vēl interesantāk. Bet skatieties tabuliņā. Vakcīna, kā vienmēr, droša un efektīva. Bet saslimstība pat iet nedaudz uz augšu. Jautājums - kāpēc? Varbūt jāvakcinē divtik cītīgi? Ar dubultām devām? Jeb tomēr kaut kas te nav īsti kārtībā. Jo vakcinācija esot vienīgais veids kā pasargāt cilvēkus.Un vēl viens interesants apgalvojums šajā lekcijā - slimības ierosinātāja nēsātāji. paši var nesaslimt, jo laba imunitāte, bet var atnest mājās kādam, kam nav tik laba. Tad varbūt rūpējamies par sevi un saviem tuvākajiem un stiprinām viņu imunitāti dabīgiem līdzekļiem? Ietaupīsim valsts budžetā kādu kapeiciņu. Un cilvēkiem būs vairāk veselības.Domājam līdzi.Kopā mēs varam!!!/Dr.E.Mednis/#AgenskalnaKlinika #KopaMesVaram #DziveBezBailem #IzglabDraugu #SargiBernus"
1061,19.02.2024 20:49:50,Āgenskalna klīnika,,,
1062,21.02.2024 11:56:12,Āgenskalna klīnika,,,"Margareta Tečere, viena no izcilākajām 20 gadsimta politiķēm. Ieklausieties par personīgo atbildību. Vērtīgi vārdi. Un padomājam par to kā paši dzīvojam un kā un vai uzņemamies pilnu atbildību par savu dzīvi. Kopā mēs varam!!!/Dr.E.Mednis/#AgenskalnaKlinika #KopaMesVaram #DziveBezBailem #IzglabDraugu #SargiBernus"
1063,21.02.2024 11:56:12,Āgenskalna klīnika,,,
1064,25.02.2024 23:33:07,Āgenskalna klīnika,,,"Interesantus laikus pārdzīvojām. Meli, meli, meli un vēlreiz lieli meli. Lai gan kaut ko jau viņi arī teica kā ir. Piemēram par PCR, jeb bakstāmajiem testiem. Tomēr uz tiem balstīja visu afēru. Pasaules ārstu alianse ir izveidojusi atskatu ar zinātnieku piedalīšanos. Ir vērts noskatīties.Kopā mēs varam!!!/Dr.E.Mednis/#AgenskalnaKlinika #KopaMesVaram #DziveBezBailem #IzglabDraugu #SargiBernus"
1065,25.02.2024 23:33:07,Āgenskalna klīnika,,,
1066,28.02.2024 23:27:38,Āgenskalna klīnika,,,"Labs materiāls par drošo un efektīvo cilvēka papillomas vīrusa jeb HPV vakcīnu. Diezgan interesanti fakti. Izrādās, kopš sāka vakcinēt meitenes 2006. gadā saslimstība ar cilvēka papillomas vīrusu nevis samazinās, bet pieaug. jautājums: kas ir kritērijs drošībai un efektivitātei?Kopā mēs varam!!!/Dr.E.Mednis/#AgenskalnaKlinika #KopaMesVaram #DziveBezBailem #IzglabDraugu #SargiBernus"
1067,28.02.2024 23:27:38,Āgenskalna klīnika,,,
1068,29.02.2024 18:02:24,Āgenskalna klīnika,,,"Interesanta notikumu ķēdīte, kas lēnām veido kopējo puzzli. Pirms kāda laika Latvijā tika ieviests obligātais militārais dienests, kurā iesauks jauniešus no 18-19 gadu vecumam, ja pareizi saprotu. Taču labi zinām, ka mūsu valstī ir profesionāla armija. Tad Gulbja kungs atļāvās diezgan ciniski paskaidrot, ka viņam esot aprēķini cik jauniešus Latvijā drīkst ziedot (lasi - nokaut karos), lai nezaudētu genofondu.  Un šodien parādījās ziņa, ka Latvija ir pirmā valsts pasaulē, kas atsaucas Makrona aicinājumam ievest Ukrainā NATO valstu karaspēku. Nākošie uzreiz bija Igauņi. Neviens cits - ne vācieši, ne beļģi, ne holandieši, ne amerikāņi. neviens. Tikai divas pasaules varenākās valstis - Latvija un Igaunija. Manuprāt kolosāla tuvredzība un nelietība - piedāvāt ziedot mūsu vīrus un jauniešus svešas cīņas vārdā, par kuru ļoti daudziem nav pat sajēgas kas tur notiek un kāpēc. Latvieši, kā vienmēr visām pudelēm par korķi. Nekā dīvaina vai pārsteidzoša. Tā ir bijis jau vairākkārt vēsturē. Vienīgi dīvaini ir tas, ka manā jaunībā bija jāizvairās no krievu armijas iesaukuma, jo, laikā, kad man būtu bijis jāiet dienēt, bija divas iespējas - Afganistāna vai Černobiļa. Atkal jau sveši konflikti ar kuriem mūsu valstij nav nekāda sakara. Šobrīd jāmūk no pašu gudrajiem prātiem.Bet tomēr jācer, ka veselais saprāts uzvarēs un mūsu jaunieši netiks nosūtīti karot.Kopā mēs varam!!!/Dr.E.Mednis/#AgenskalnaKlinika #KopaMesVaram #DziveBezBailem #IzglabDraugu #SargiBernus"
1069,03.03.2024 23:36:11,Āgenskalna klīnika,,,
1070,02.04.2024 12:08:57,Āgenskalna klīnika,,,
1071,06.04.2024 09:10:34,Āgenskalna klīnika,,,"Es parasti atturos no politiskām diskusijām šai kanālā. Bet šis, manuprāt is būtisks ieraksts, lai apjaustu kā mēs tiekam manipulēti un locīti ikdienā. Un kas patiesībā valda pār pasauli. Šobrīd visos līmeņos notiek cīņa starp globālistiem ar Deep state un antigloibālistiem. Tas notiek ne tikai materiālajā plānā, bet arī nemateriālajā, spirituālajā. Mēs esam daļa no šīs cīņas. Mēs esam daļa no šīs pasaules. Mēs tā vai citādi piedalāmies šīs pasaules procesos - aktīvi jeb pasīvi, darbojoties savā vai sabiedrības labā. Katrs pa savam. Mēs piedalāmies procesos ar savām domām, nolūkiem un darbībām. Tam visam ir nozīme. Un tas viss palīdz mūsu katra un visu kopā virzībā uz priekšu. Gribētos teikt virzībā uz gaismu. Tas, ka gaisma vienmēr uzvar, laikam nav vairs nevienam jāstāsta. Un arī mēs uzvarēsim. Kopā mēs varam!!!Kopā mēs varam!!!/Dr.E.Mednis/#AgenskalnaKlinika #KopaMesVaram #DziveBezBailem #IzglabDraugu #SargiBernus"
1072,06.04.2024 09:10:34,Āgenskalna klīnika,,,
1073,06.04.2024 09:44:21,Āgenskalna klīnika,,,"Ir klajā nākusi vēl viena iniciatīva - par nepievienošanos Pasaules veselības organizācijas pandēmijas līgumam. Kā zināms, PVO, kas ir neviena neievēlēta virsvaldību organizācija, ar šo līgumu vēlas iegūt neierobežotas tiesības ieviest lokdaunus, izsludināt pandēmijas, ierobežot pārvietošanos un citas izklaides tautai. Ja valdība nolems pievienoties šim līgumam, visai drīz sagaidīsim  jaunas, nu jau nedaudz piemirstas, izklaides, kādas bija pirms 3 gadiem, tikai nu jau uz regularitātes pamatiem un daudz skarbākas. Tādēļ darām ko varam, lai novērstu šos draudus.https://manabalss.lv/par-latvijas-nepievienosanos-pandemijas-ligumam/showKopā mēs varam!!!/Dr.E.Mednis/#AgenskalnaKlinika #KopaMesVaram #DziveBezBailem #IzglabDraugu #SargiBernus"
1074,06.04.2024 11:12:12,Āgenskalna klīnika,,,"Un te vēl jurista papildinājums - precizējums par PVO pandēmijas līguma draudiem:Ne tikai pārvietošanās vai tamlīdzīgi ierobežojumi ir drauds. Tur psihopāti plāno arī noteikt, kādas zāles drīkstēs/nedrīkstēs lietot, kā un ko ""ārstēt""/neārstēt, cik regulāri un ar ko obligāti jāvaxinējas, lai varētu iesaistīties sabiedrības dzīvē, kā arī kurā valstī kādus preparātus un medicīniskas ierīces masveidā ražot. Tāpat plāns paredz, ka ārstniecība drīkstēs notikt tikai pēc viņu noteiktām vadlīnijām (iesnas Āfrikā jāārstē tāpat kā Sibīrijā, piemēram). Tas nozīmē, ka diagnoze tiek uzstādīta pēc algoritmiem un ārstēšana tikai pēc vadlīnijām - nekāda pašdarbība. Profesionāls ārsts nedomā pats, bet vadās pēc priekšrakstiem, līdz ar to atbildību par negatīvām sekām no tāda nevarēs prasīt - viņš strādājis atbilstoši vadlīnijām. Ieplānotais regulējums paredz vēl virkni pilnīgi absurdas lietas, tostarp zaudētu iespēju valstij pašai lemt par savas tautas veselības aprūpi.Kopā mēs varam!!!/Dr.E.Mednis/#AgenskalnaKlinika #KopaMesVaram #DziveBezBailem #IzglabDraugu #SargiBernus"
1075,11.04.2024 17:15:04,Āgenskalna klīnika,,,"Interesanta ziņa ienācās. Izrādās, ka pirmdien 15,04 10.00-11.00 RSU Aulā viesosies labi pazīstami personāži - viena no godīgākajām EU amatpersonām Eiropas Komisijas prezidente Ursula fon der Leiena, kas parūpējās, lai mēs katrs varētu saņemt 10 kovipdšprices un valstīm tika uzspiests ļoti neizdevīgs līgums un tām neesot pat iespējas atteikties no liekā. Būs arī mūsu pašu EU funkcionārs un izbijis premjers Valdis Dombrovskis, kā arī patreizējā LV premjerministre  Evika Siliņa. Visai jautra kompānija. Pamata ideja ir tikties ar studējošajiem. Pamata ideja, iespējams, ir popularizēt lēnām mirstošo EU kā arī Vienotības reitingu celšana EU priekšvēlēšanu sakarā.Te arī oficiālā ziņa no RSU:Pārsūtu oficiālo ziņu: Pirmdien 11.04 10:00-11:00 RSU Aulā aicinām Jūs uz sarunu ar Eiropas Komisijas prezidenti Urzulu fon der Leienu!EK prezidente ir Eiropas augstākā amatpersona - un atbild par visu jautājumu loku - tai skaitā jauniešu, studentu, izglītības, zinātnes un ģeopolitikas. Latvijas vizītes laikā Eiropas Komisijas birojs ir īpaši izvēlējies RSU Sociālo zinātņu fakultāti kā starpdisciplināru platformu, lai prezidentes kundze varētu tikties ar studējošiem.Vizītes laikā sarunā piedalīsies arī komisārs Valdis Dombrovskis un Latvijas Ministru prezidente Evika Siliņa.Sarunu ar studējošiem organizē kopā Finanšu ministrija, Ministru kabinets, Eiropas Komisija - speciāli meklējot laika logu fon der Leienas kundzes grafikā, atsaucoties RSU aicinājumam!Kopā mēs varam!!!/Dr.E.Mednis/#AgenskalnaKlinika #KopaMesVaram #DziveBezBailem #IzglabDraugu #SargiBernus"
1076,12.04.2024 17:32:10,Āgenskalna klīnika,,,"Redz, kosmoss visu pats nokārto. vakar palaidām kosmosā informāciju par augsto viesu vizīti RSU. Un ......... šodien izrādās, ka fon der Leijenas kundzei tomēr nebūšot laika mūsu zemīti pagodināt ar savu klātbūtni. Bravo. Reizēm tik maz ir vajadzīgs. Un šajos laikos viss notiek ātri un homeopātiskās (mikro) devās.Kopā mēs varam!!!/Dr.E.Mednis/#AgenskalnaKlinika #KopaMesVaram #DziveBezBailem #IzglabDraugu #SargiBernus"
1077,12.04.2024 17:45:47,Āgenskalna klīnika,,,"Pēc jaunākajām ziņām LV viņa tomēr būšot, bet viņai nebūs laika tikties ar studentiem. Bizness ir svarīgāks.Kopā mēs varam!!!/Dr.E.Mednis/#AgenskalnaKlinika #KopaMesVaram #DziveBezBailem #IzglabDraugu #SargiBernus"
1078,22.04.2024 20:35:59,Āgenskalna klīnika,,,"Es jau kādu laiciņu runāju par to, ka mēs šobrīd dzīvojam PSRS-2 formātā. Un tas jau bija sen zināms, ka tā notiks. jau pirms iestāšanās Eiropas savienībā. Un tagad arī Kristīne Andersone, Eiropas parlamenta deputāte ir vienisprātis, ka tas tā, diemžēl arī ir noticis. Viņa pieminējusi arī mūsu neseno augsto viešņu, ko Siliņas kundze pakalpīgi uzņēma un izvadāja, kā arī citi ierēdņi tikpat pakalpīgi uzņēma. Tai skaitā RSU. Neskatoties uz to, ka LV tika uzspiests ļoti neizdevīgs tā saukto kovid vakcīnu iepirkuma līgums. tas nekas, ka tā. Bet nu viešņa augsta, kā nu nepakalposi. varbūt kaut kas arī atleks no saimnieku galda. latvieši tomēr ir kalpu dvēseles. Ne visi, protams. Un kungiem klanīties protam. Lai cik arī viņi būtu cūciski izrīkojušies. Tādā nu tā dzīve ir. Turpinām vērot šo izrādi.Kopā mēs varam!!!/Dr.E.Mednis/#AgenskalnaKlinika #KopaMesVaram #DziveBezBailem #IzglabDraugu #SargiBernus"
1079,22.04.2024 20:35:59,Āgenskalna klīnika,,,
1080,24.04.2024 19:39:59,Āgenskalna klīnika,,,
1081,25.04.2024 23:51:20,Āgenskalna klīnika,,,"Dīvaini, bet mums, laikam, ir melojuši trīs gadus atpakaļ. Un arī komandantstunda, šķiet, tikai balstīta uz meliem. tāpat kā visas špricēšanas, indēšanas. Tiešām dīvaini. kas to būtu domājis, ka tā var. Labi, ka Dr. Fauči tagad vieš skaidrību visā šai lietā.Kopā mēs varam!!!/Dr.E.Mednis/#AgenskalnaKlinika #KopaMesVaram #DziveBezBailem #IzglabDraugu #SargiBernus"
1082,25.04.2024 23:51:20,Āgenskalna klīnika,,,
1083,25.04.2024 23:51:20,Āgenskalna klīnika,,,
1084,23.05.2024 12:21:48,Āgenskalna klīnika,,,
1085,28.05.2024 13:29:03,Āgenskalna klīnika,,,"Lielo puiku izklaides. Mākoņu radīšana. Beidzot sāk arī publiski izskanēt tas, par ko tautā sen jau runāja. Protams, geoinženierija ir mītiem un šausmu stāstiem apaugusi, bet tā reāli pastāv. vai visas kataklizmas, kas šobrīd notiek pasaulē var attiecināt uz geoinženieriju? Diezin vai. Demonizēt arī to, manuprāt, nevajag.  Tai ir sava loma pasaules patreizējā kārtībā. izvairīties no visa tā, ko ber debesīs, mēs nevaram, ja nedzīvojam hermētiskā bunkurā zem zemes. Tātad atliek tikai pielāgoties. Labā ziņa ir tā, ka cilvēka ķermenis ir unikāla, gandrīz nenokaujama, bioloģiska pašregulējoša mašīna, kas var paciest ļoti daudz un pielāgoties ļoti daudz kam. Tādēļ zinām, kas notiek, liekam to aiz auss, bet dzīvojam savu dzīvi un domājam pozitīvas domas. Un viss mums ir labi un būs vēl labāk. ❤️🕊Kopā mēs varam!!!/Dr.E.Mednis/#AgenskalnaKlinika #KopaMesVaram #DziveBezBailem #IzglabDraugu #SargiBernus"
1086,28.05.2024 13:29:03,Āgenskalna klīnika,,,
1087,23.06.2024 10:32:17,Āgenskalna klīnika,,,
1088,19.07.2024 21:52:56,Āgenskalna klīnika,,,
1089,27.07.2024 13:18:02,Āgenskalna klīnika,,,"Atkal jau jārunā par katra mūsu atbildību. par katra no mums spēju un vēlmi atbildēt uz ārēju kairinātāju, uz ārējiem notikumiem. Šoreiz gan tā nav kārtējā pandēmija vai kāds cits medicīnisks cirks un sociāls eksperiments uz spēju pakļaut. Bet diezgan līdzīgi. Sagaidījām arī pasaules lielāko sporta svētku - Parīzes Olimpiādes atklāšanas ceremoniju.  Ko tur redzam? Psihiatriskās slimnīcas fizkultūriešu palāta un no otras puses, tas arī ir kārtējais sociālais eksperiments. Tikai šoreiz uz iecietību un savu personīgo vērtību noturību. Sākot jau ar Marijas Antuanetes nocirstās galvas ekspozīciju un apjūsmošanu, līdz kristietības simbola - svētā vakarēdiena totālai zaimošanai. Par pupainajiem večiem lateksā (atvainojos par izteicienu) jau nemaz nerunājot. Neiztika arī bez sātanistu kulta slavināšanas. Arī jau diezgan ierasta parādība. Faktiski tiek kārtējo reizi degradētas cilvēku pamatvērtības. Es gribētu gan šeit pielabot - balto cilvēku pamatvērtības. Tas ir viens no virzieniem globālajā dienas kārtībā. Kā tā? Vienkārši - olimpisko lāpu aizdedz divi -  abi afro izcelsmes cilvēki, ņirgājas par kristietības simboliem, nevis islāma  vai kādiem citiem. Katrā ziņā sajūtas divējādas šo visu skatoties - no vienas puses šķebina, no otras interesanti, cik tālu globālie spēki var iet savā izdomā kā degradēt sabiedrību un cik tālu cilvēki ļaus tam notikt.Un te mēs nonākam līdz šī raksta sākumā minētajai atbildībai, jeb spējai/ gribai atbildēt. Tas ir jautājums katram mums pašam - man to vajag un es to vēlos? ja jā, tad viss ir kārtībā. Ieslēdziet TV, un baudiet uz nebēdu. Ja nē, tad rīkojamies. Es nevienu neaicinu uz jebkāda veida vardarbību. Es aicinu uz savas attieksmes paušanu. Arī ne caur naidīgiem komentāriem. Jo tā ir tā pati vardarbība. Manuprāt vērtīgākais ir neiesaistīties šajā visā. Neskatīties šāda veida ceremonijas, nepiedalīties viņu pasākumos - pilnīga ignorance. darām savas lietas. Kopjam savas vērtības. Audzinām savus bērnu tā, kā mēs to uzskatām par pareizu. ja valsts nevar mums piedāvāt jēdzīgu izglītības sistēmu, veidojam savu. Un tā jebkurā jomā. Jo mēs paši veidojam savu realitāti. Katrs pats. Savu. Un no tā arī ir atkarīgs kādā realitātē es dzīvoju. Arī jūs. Kādu izveidosiet, tādā dzīvosiet. Jo mazāk mēs viņiem dosim savu enerģiju, jo mazāk mēs tērēsim nevajadzīgi un vairāk paliks mums pašiem un mūsu vērtīgajiem darbiem. manuprāt šobrīd ir ļoti būtiski turēt savas vibrācijas augstu. Būtiski ir zināt ko mēs katrs vēlamies. Un vēl būtiskāk ir realizēt savas vēlmes. Visi resursi mums ir pieejami. Pilnīgi viss mums katram ir un būs.Ja vien nodoms ir pareizs. pareizs kam? Pareizs sev. Sev pašam.Darām.Kopā mēs varam!!!/Dr.E.Mednis/#AgenskalnaKlinika #KopaMesVaram #DziveBezBailem #IzglabDraugu #SargiBernus"
1090,27.07.2024 18:50:03,Āgenskalna klīnika,,,"Šis ir interesants pastāsts.Vai mēs zinām kāds ir vakcīnu sastāvs? To, kuras ievada bērniem. To, kuras it kā ir obligātas, lai gan obligāts šai dzīvē nav pilnīgi nekas. Vai vecāki, kas ļauj ģimenes ārstiem sašpricēt savus bērnus zina tās vielas un šo vielu iedarbību? Daži jā. Bet tie ir mazākumā un viņi savus bērnus neļauj sašpricēt ar šo indi.Malacis autors. Žetons par uzņēmību un drosmi to paveikt. Kopā mēs varam!!!/Dr.E.Mednis/#AgenskalnaKlinika #KopaMesVaram #DziveBezBailem #IzglabDraugu #SargiBernus"
1091,27.07.2024 18:50:03,Āgenskalna klīnika,,,
1092,02.08.2024 11:41:13,Āgenskalna klīnika,,,
1093,03.08.2024 14:04:12,Āgenskalna klīnika,,,"Pasaulē šobrīd notiek dažādas pārvērtības, patīkamas un ne tik patīkamas. Pie otrajām pieskaitāmi kari, dabas katastrofas, kriminālo aprindu vairošanās un citas. tas viss pieder pie mūsu Zemes pārveide procesa. Pie pārdzimšanas. Un vienīgais, kas mūs šo pārvērtību laikā var celt un mums palīdzēt ir savstarpēja sapratne, apvienošanās, iejūtība vienam pret otru un mīlestība.  Šīm visām īpašībām nav robežu, ne emocionālā plānā, ne arī materiālajā. Aizejošie valdoņi vairs nespēj izturēt šīs pārvērtības, viņiem ir bailes par to, ka viņi nespēj noturēt vairs grožus, viņi nespēj vairs ierobežot cilvēku brīvo gribu. Ir pēdējie mēģinājumi un konvulsijas. Bet viņi lēnām aiziet no šī plāna. Un pasaule mainās.Maināmies tai līdzi. Mīlam, saprotam, cienām viens otru. Bez robežām un ierobežojumiem.Kopā mēs varam!!!/Dr.E.Mednis/#AgenskalnaKlinika #KopaMesVaram #DziveBezBailem #IzglabDraugu #SargiBernus"
1094,03.08.2024 14:04:12,Āgenskalna klīnika,,,
1095,03.08.2024 14:25:15,Āgenskalna klīnika,,,Piekrītu par visiem 100% katram izteiktajam vārdam.
1096,03.08.2024 14:25:15,Āgenskalna klīnika,,,
1097,12.08.2024 22:03:10,Āgenskalna klīnika,,,"Nu re, lēnām nāk gaismā vīriņu slepenās spēlītes, kurās mēs bijām iejaukti pirms dažiem gadiem. Lai gan nebija pierādījumu, nojautām, ka tas tā arī notiek. tagad lēnām nāk ārā āža kāja. Interesantā laikā dzīvojam.Kopā mēs varam!!!/Dr.E.Mednis/#AgenskalnaKlinika #KopaMesVaram #DziveBezBailem #IzglabDraugu #SargiBernus"
1098,12.08.2024 22:03:11,Āgenskalna klīnika,,,
1099,14.08.2024 21:55:46,Āgenskalna klīnika,,,Artjoms Tarasovs. Pirmais padomju miljonārs. Kolosāla saruna par medicīnas būtību. par to kāda tā ir un kādai tai būtu jābūt. Vērts katram noklausīties. Es ar baudu klausījos un varu pievienoties katram viņa vārdam.https://www.facebook.com/story.php?story_fbid=2275433889180667&id=100001422346382&rdid=HauJH8Wjoi5IFmEOKopā mēs varam!!!/Dr.E.Mednis/#AgenskalnaKlinika #KopaMesVaram #DziveBezBailem #IzglabDraugu #SargiBernus
1100,10.09.2024 11:30:30,Āgenskalna klīnika,,,"Faizergeita. Jauns termins mūslaiku vēsturē. Izrādās, ka Fon der Leienas kundze, kas pavisam nesen viesojās LV un apmeklēja RSU (diez par ko viņi runāja un vienojās) kritusi nežēlastībā par saviem darbiem. Jeb nedarbiem. Viņa iniciēja un noslēdza ES iepirkuma līgumu par summu 4,6 miljardi EUR. Iepirkuma priekšmets, protams, bija kovidšprices, ko ražo Faizers un Moderna. Tikai tāds sīkums, ka viņas vīrs ir ļoti pietuvināts Faizeram. Tālāk katrs varam domāt pats par patiesajiem iemesliem. Vēl papildus fakts, ka mums katram Leienas kundze bija paredzējusi 11 devas. Diez cik viņa bija paredzējusi sev un savam vīram. Tāds neliels kartelītis sanāk. Bet varbūt es kļūdos jo man ir folijas cepurīte un es izplatu sazvērestības teorijas. Iespējams. Bet iespējams arī nē. Lasiet paši. Ar atsaucēm. Kopā mēs varam!!!/Dr.E.Mednis/#AgenskalnaKlinika #KopaMesVaram #DziveBezBailem #IzglabDraugu #SargiBernus"
1101,10.09.2024 11:30:31,Āgenskalna klīnika,,,
1102,10.09.2024 11:30:31,Āgenskalna klīnika,,,
1103,17.09.2024 12:38:02,Āgenskalna klīnika,,,"Nebiju domājis rakstīt, bet skatos, ka tas ir jāizdara.Pēdējo notikumu sakarā ar it kā no difterijas mirušo bērniņu. Un visu tam sekojošo baiļu un baidīšanas kampaņu.  Kovic ir pagājis, visi ar to melu un krāpšanas notikumi ir piemirsušies. Un te re kā, difterija tiek izrakta. Gaidījām atkārtotu kovidu, gaidījām mērkaķbakas, bet nē, kungi un kundzes nosvērās par labu vecajai labajai difterijai. marketings jau tiek izvērsts grandiozs. Žetons par izdomu un realizāciju šīs kampaņas organizatoriem. Žēl tikai, ka cieš bērni. Informācija, kas nāk, ir ļoooooti pretrunīga. Bija, difterija, nebija difterija, pozitīvs tests, negatīvs tests. Sākumā negatīvs, kas vēlāk pārtapa par pozitīvu...... U.t.t.  Skarbi. Un vēl dažādi fakti, kas ap to visu saistībā - attieksme, karantīnas, cilvēcība ....... Plašs spektrs.Bet, ja mēs tā abstrahējamies no emocijām. Kāds ir sausais atlikums? Difterijas slimnieku šogad nav vairāk kā bija iepriekšējos gados. Tāpat ir vakcinēti un nevakcinēti. Kā zināms, difterijas vakcīna NEPASARGĀ no saslimšanas. Tā veido antitoksisko imunitāti. tas ir tā strādā pret difterijas toksīnu. Tātad tā var pasargāt pret toksiskām reakcijām, kas ir viena no sastāvdaļām difterijai kā slimībai. Bez tam pēc imunologu teiktā 10% populācijas vakcīnas neiedarbojas. Tas nozīmē, ka 100% vakcinēto tāpat ir iespēja saslimt un 10% vakcinēto tāpat ir iespēja smagi slimot ar visām toksiskajām reakcijām. Līdz ar to, manuprāt ažiotāžai, kāda tā ir patreiz, nav īsti pamata un tā, maigi sakot, nav ētiska. Ja vien neņem vērā biznesu. Pārsteidz cilvēku atmiņa. Un arī reakcijas. Un nespēja salikt informāciju kopā. Ar šī gada 1. septembri Latvijas tautas republika kopā ar vēl četrām ES dalībvalstīm piedalās pilotprojektā par digitālajām vakcīnpasēm un to ieviešanu. Un re, pēc nedēļas klusuma pēkšņi difterija...... Vai tad tas ir pirmais difterijas gadījums LV pēdējā gadsimta laikā? Nē. katru gadu mums ir 8-10 tādu gadījumu. Kas tad mainījies? Kāpēc tāda jezga? Vakcīnpases. Nezolīdi jau būtu palaist šādu jezgu no pirmā septembra. vai nu arī nebija pacientu. Un te re, patrāpījās. vai arī tika piezīmēta viņam difterija. kas to, lai zina. Bet nu kārti izspēlēja gana meistarīgi. Un trāpīgi. Bingo! Tauta skrien potēties. Esot gandrīz jau rindās jāstāv. :) Rezumē - elpojam dziļi. Saglabājam vēsu prātu. Un atceramies, ka jebkuras turbulences apstākļos vissvarīgākais ir nogaidīt līdz visi duļķi nosēžas un tad var skaidrāk redzēt kas ir kas un kas vispār notiek.Mīlam sevi un savus apkārtējos. ❤️Kopā mēs varam!!!/Dr.E.Mednis/#AgenskalnaKlinika #KopaMesVaram #DziveBezBailem #IzglabDraugu #SargiBernus"
1104,17.09.2024 21:00:59,Āgenskalna klīnika,,,"Šodien arī Tiesībsargs esot izpaudies, ka gadījumā, ja vecāki atsakās potēt bērnus, ārsts varēs nodot lietu Bāriņtiesā. Ar domu, ka ""sabiedrības interesēs""  upurēsim gan izvēles brīvību, gan arī bērnus. Skaisti. Esmu jau teicis, ka šī pseidodemokrātija man atgādina PSRS laikus. PSRS2. Tā nav iekārtas slavināšana, bet gan sajūtas un paralēles, kas nevilšus nāk prātā.Bet Tiesībsarga izteikumu sakarā palūdzu Jurista viedokli, ko publicēju zemāk:Par tiesībsarga “aktuālo viedokli”:Tā ir filozofēšana-teoretizēšana, bla bla bla stilā. Atrādīties publikai, aplaimot provakserus, attaisnot savu eksistenci. Realitātē ir un būs pavisam savādāk. Lai vecāka vietā (jeb apejot vecāku kā bērna likumisko pārstāvi) pieņemtu lēmumu attiecībā uz bērna veselības aprūpi, ir vismaz daļēji jāierobežo vecāka tiesības. Ar indoktrinēta un klišejiskai domāšanai pakļauta ārsta “motivētu iesniegumu” vien nepietiks. Gribēšu paskatīties tāda apgarota ārsta profesionālajās acīs, kurš uzdrošināsies rakstiski apgalvot, ka bērna novakcinēšana katrā konkrētā situācijā ir bērna vislabākajās interesēs – tad apsēdīsimies pie apaļā galda un skaidri izrunāsim visus par/pret. Bez špikeriem, suflieriem vai asistentiem, tikai zināšanas, loģika un veselais saprāts. Ar garantiju varu teikt – tāds ārsts zaudēs ar kaunu! Lai Bāriņtiesas amatpersonas mēģinātu pieņemt lēmumu par bērna novakcinēšanu “pēc ārsta motivēta ieteikuma”, būtu jāmaina virkne likumi, MK noteikumi un visbeidzot /neeksistējošā/ Satversme. Jāsāk jau ar vakcinācijas termina skaidrojumu Epid.drošības likumā - tas nu nekādi neatbilst tam, ko spēj/nespēj ""nodrošināt"" apritē esošie preparāti. Izskatās, ka būs nepieciešami vismaz pāris precedenti, lai valsts pārvaldes ierēdnīši un ar neadekvātu pašapziņu apveltītās amatpersonas atskārstu, cik patiesībā ir aprobežoti, banālas indoktrinācijas pavadā gājuši, un cik bezjēdzīgi aplams bijis amatam veltītais dzīves posms. Dod Dievs tādiem savlaicīgi atjēgties! Pretējā gadījumā nāksies piedzīvot nežēlīgu un pazemojošu kaunu…Vispār izskatās, ka valdība centīsies organizēt vērienīgu vaxinācijas reklāmkampaņu, jo grozīt tiesisko regulējumu būs ļoti laikietilpīgs un sarežģīts pasākums. Juristi negulēs, būs nopietni iebildumi.  Tas nozīmē, ka mums jāsarosās un jāorganizē vismaz dubultvērienīga pret-kampaņa. Vēl viens aspekts - ar šo visu zem tanka tiek pamesti ģimenes ārsti: no viņiem pieprasīs kā bērnu tā visu pārējo pacientu  regulāru novaxinēšanu, detalizētas atskaites un skaidrojumus, ja tas neīstenosies prasītajā apjomā, kam sekos sankcijas (skat. FB izvērstos apsvērumus par grozījumiem MK Vaxinācijas noteikumos Nr.330 š.g.sākumā). Tas rada bažas, ka var parādīties ārstniecības personu apdraudējums - kāds noteikti neizturēs un būs nopietni verbāli vai pat fiziski uzbrukumi, kas atkal var novest pie nākamās paraugprāvas. Valsts pārvaldes ierēdņi ļoti izsmalcināti cenšas izvairīties no atbildības. Jebkurā gadījumā vainīgi būs ārsti - sodīs, ja nevakcinēs, un pēc tam sodīs, ka pakļāvās un vakcinēja  (jo viņiem taču vajadzēja zināt!). Smalki!Tā lūk. Ar interesi gaidām notikumu tālāku attīstību.Vēl cīņa nav galā un nebeigsies......Kopā mēs varam!!!/Dr.E.Mednis/#AgenskalnaKlinika #KopaMesVaram #DziveBezBailem #IzglabDraugu #SargiBernus"
1105,19.09.2024 21:49:48,Āgenskalna klīnika,,,"Patreiz ir sacelta milzu ažiotāža ap to itkā difterijas bērniņu, kas pirms dažām dienām nomira. Bet ir viens gadījums, kas tā klusām paslīdējis garām. Tie ir faktiski divi gadījumi 2022. gadā, kad pilnībā vakcinēts bērns pret pneimokoku zaudēja dzīvību un otrs bērniņš ilgstoši ārstējās intensīvās terapijas nodaļā un vēlāk arī pulmonoloģijas nodaļā. Kā tad tā? Drošas un efektīvas. Vai tiešām? Par minētajiem faktiem var izlasīt Imunizācijas valsts padomes sēdes protokolā. Pievienoju. Kāpēc tad profesore Zavadska necēla trauksmi medijos? Kāpēc tad mediji un aktīvākā sabiedrības daļa nevainoja neizdarībās atbildīgos? Kāpēc tas netika afišēts tik pat plaši? Iespējams, ka tas nebija izdevīgi. vai varbūt ir kāds cits iemesls? vai varbūt tāpēc, ka vakcinācija NAV panaceja. Tai, kā jebkurai metodei, ir savi ierobežojumi. savas nepilnības. Un tie, kas ir saistīti ciešām saitēm ar vakcinācijas procesu - tai skaitā iepirkumiem, nevēlas stāstīt par ""savu"" produktu nepilnībām. Jo tas vēl vairāk graus to prestižu. Toties tam tikko saslimst nevakcinēts, tā tracis. Atceros kā vienā no konferencēm profesore Zavadska teica, ka pēc viņas uzskata no vakcīnregulējamām slimībām nav nevienam jāmirst.  Un te re kā. Bez tam atgādināšu imunologu teikto, ka 10% vakcinēto cilvēku vakcīnas neiedarbojas - tie neveido nekādu aizsardzību. Bez tam tagad tiek aktualizēts jautājums par piespiedu vakcināciju pret atsevišķām slimībām. Mani interesē tiesiskais regulējums blakņu gadījumā. Vai tas būs tāpat kā ar tā sauktajām kovid vakcīnām, kad ZVA atsaka jebkādas kompensācijas saņemšanu blakņu gadījumā, jo neesot pierādīts. Un arī ārstiem, acīm redzot, bija dots rīkojums neatzīt blaknes. Līdz ar to cilvēki, kam patiešām bija blaknes no šīs indes, netika pat pie kompensācijas par veselības bojājumu. Vai tas pats tiks paredzēts arī šoreiz? Dzīvosim, redzēsim.Bet sekojam līdzi informācijai Veselības ministrijas mājas lapā, jo tajā ik pa laikam parādās uzaicinājums tautas apspriešanai par dažādiem grozījumiem Vakcinācijas noteikumos. Nepalaižam garām iespēju izteikties. Kopā mēs varam!!!Kopā mēs darām!!!/Dr.E.Mednis/#AgenskalnaKlinika #KopaMesVaram #DziveBezBailem #IzglabDraugu #SargiBernus #KopaMesDaram"
1106,19.09.2024 21:50:41,Āgenskalna klīnika,,,
1107,19.09.2024 22:46:49,Āgenskalna klīnika,,,
1108,20.09.2024 11:09:19,Āgenskalna klīnika,,,"Tikko palasījos savā klīnikas FB, ko raksta faktečekeri. Interesanti. Viņi apgalvo, ka vakcinācija pret difteriju pasargā no saslimšanas. Tā ir vai nu tīša dezinformācija, vai arī klaja nezināšana. Jo, palūkojoties vakcīnas anotācijā https://zalulietosanasinstrukcija.lv/hexacima-eu113828004  kurā ir rakstīts, ka šī vakcīna satur difterijas toksoīdu. Tas, savukārt, nozīmē, ka ievadot šo vakcīnu veidojas antitoksiskā imunitāte, nevis antimikrobiālā. Respektīvi antivielas tiek veidotas pret toksīnu nevis pret mikrobu. Un tas, savukārt, nozīmē to, ka pret saslimšanu vakcīna nepasargā. pasargā tikai no toksīna iedarbības. lai gan ar vienu noteikumu - ja tā iedarbojas. Tādēļ es ieteiktu cienījamai Ingai Spriņģes kundzei ar Co painteresēties vairāk par to, ko viņa publiski pauž un cik tas atbilst patiesībai no zinātnes viedokļa. Mēs taču ticam un uzticamies zinātnei. Vai ne tā?Kopā mēs varam!!!Kopā mēs darām!!!/Dr.E.Mednis/#AgenskalnaKlinika #KopaMesVaram #DziveBezBailem #IzglabDraugu #SargiBernus #KopaMesDaram"
1109,20.09.2024 13:55:06,Āgenskalna klīnika,,,"Šodien Delfos bija raidījums par un par vakcinēšanu. Latvijā redzami kolēģi sprieda par to, ka vajadzētu uzlikt par obligātu potēšanos, pretējā gadījumā liedzot piekļuvi valsts nodrošinātiem pakalpojumiem, salīdzinot to ar satiksmes noteikumu ievērošanu. Manuprāt, tā ir klaja demagoģija. Jo tās ir divas kardināli atšķirīgas sfēras un situācijas. lai arī Latvija ir laimes zeme, kurā nav komplikāciju no vakcīnām, tomēr tās ir. Ar konkrētiem vārdiem uz uzvārdiem. Tāpat ir arī konkrēti kolēģi, kas ar puspatiesībām un iebiedēšanu jau tagad piespiež vacākus savus bērnus savakcinēt. Mans jautājums ir: KURŠ UZŅEMSIES ATBILDĪBU PAR SAKROPĻOTĀM BĒRNU DZĪVĒM NO VAKCĪNĀM?  Kurš personīgi? Kāds no kolēģiem, kurš tā vai citādi ""veicina vakcinācijas aptveri""? Nē, neviens. Atbildība un viss situācijas smagums tāpat  gulsies uz vecākiem. pat valsts, ļoti iesējams, neko nekompensēs. Jo atkal kāds no kolēģiem baidīsies to atzīt par vakcīnas blakni.Šī brīža situācijā, ko visi zinām, mamma uzņēmās pilnu atbildību pieņemot lēmumu par bērna nevakcinēšanu. Un šobrīd arī bauda sava lēmuma augļus. Tāpat kā to nevakcinēto, bet pie ļoti labas veselības esošo nevakcinēto bērnu mammas. Jo Viņas un viņu vīri IR uzņēmušies pilnu atbildību par savu lēmumu. Turpretim situācijā, kad piespiedīs vakcinēt, neviens atbildību neuzņemsies. Diemžēl, tāda ir realitāte.Tādēļ darām visu iespējamo, lai saglabātu savas tiesības izvēlēties vakcinēt savus bērnu vai nē.Klāt pievienoju vienu bēdu stāstu, kurā laipni dalījusies vakcīncietuša bērniņa mamma.Kopā mēs varam!!!Kopā mēs darām!!!/Dr.E.Mednis/#AgenskalnaKlinika #KopaMesVaram #DziveBezBailem #IzglabDraugu #SargiBernus #KopaMesDaram"
1110,20.09.2024 13:55:06,Āgenskalna klīnika,,,
1111,20.09.2024 21:53:11,Āgenskalna klīnika,,,"Vakcīnas ir drošas un efektīvas. Tā mums apgalvoja. Un arī turpina apgalvot. Bet vai tā ir taisnība? Un vai mūsu bāleliņi un tautumeitas nezina faktus, jeb apzināti vai neapzināti tos ignorē? Japāņi domā savādāk un ceļ trauksmi. Bet pie mums, kā vienmēr, ir vislabāk.Kopā mēs varam!!!Kopā mēs darām!!!/Dr.E.Mednis/#AgenskalnaKlinika #KopaMesVaram #DziveBezBailem #IzglabDraugu #SargiBernus #KopaMesDaram"
1112,20.09.2024 21:53:11,Āgenskalna klīnika,,,
1113,21.09.2024 09:53:35,Āgenskalna klīnika,,,
1114,21.09.2024 10:53:20,Āgenskalna klīnika,,,"Tomēr nevar iztikt bez medicīnas ne mirkli. Jo notikumi attīstās vēja spārniem. Zemāk aprakstīts, kas notika un kāda ir notikumu virzība tās nelaimīgās ģimenes sakarā, kam tikko miris bērniņš. Vēl nav bijušas viena bērna bēres, bet jau, iespējams, tiek gatavotas nākošās. Jurista sagatavots situācijas apraksts:Vakar, 20.septembra pēcpusdienā, vecāki izmantoja savas Pacientu tiesību likumā noteiktās tiesības (6.pants. Piekrišana ārstniecībai vai atteikšanās no tās (4) Pacientam ir tiesības atteikties no ārstniecības pirms tās uzsākšanas, no ārstniecībā izmantojamās metodes, neatsakoties no ārstniecības kopumā, vai atteikties no ārstniecības tās laikā.) un pieņēma lēmumu atteikties no meitu turpmākas “ārstniecības” BKUS, par to paziņoja personālam un bērnus no stacionāra izņēma. Šāds lēmums balstīts uz vecāku pamatotām bažām, ka arī meitu veselībai un dzīvībai var tikt nodarīts kaitējums, kā tas notika ar brālīti, kuru vecāku ieskatā “noārstēja” līdz nāvei. Abas stacionārā esošās meitenītes visu nedēļu jutās un uzvedās kā pilnībā veseli bērni, taču pēkšņi. 20.septembra rītā ārstniecības personas paziņoja par kādu steidzamu izmeklējumu veikšanu, jo esot analīzēs paaugstināti troponīna rādītāji, pasakot, ka bērniem divas (!) dienas būšot jāguļ pieslēgtām pie kādiem aparātiem. Kad māte ieradās stacionārā pēc bērniem, vecākā meita jau bija pieslēgta pie medicīniskās ierīces (precīzu nosaukumu māte nezina), no kuras māte bērnu atvienoja (noņēma plāksterus), bērnus saģērba un aizveda. Tēvs palika stacionārā, tika ieslēgts kopā ar apsargu un ārstniecības personām kādā telpā, kurā, acīmredzot, parakstīja atteikumu no bērnu ārstniecības. Tā kā ģimenes dzīvesvietā māte veica totālu dezinfekciju – izvāca mēbeles, mantas un sadzīves priekšmetus, un nebija paspējusi vēl atvest jaunās mēbeles, tad, apzinoties iespēju par Bāriņtiesas apciemojumu un dzīvesvietas neatbilstību bērniem, lūdza pagaidu patvērumu pie paziņas, kur bērniem pieejama droša un atbilstoša vide. Šorīt, 21.09.2024. plkst. 6:10 privātīpašumā, kurā māte ar abām meitām nakšņoja, ieradās vesela komanda (6 personas!) ar tiesībsargājošo iestāžu amatpersonām un uzrādīja īpašuma īpašniekam lēmumu par kratīšanu, kuru naktī 3:16 pieņēmusi Rīgas prokurore. Lēmumā norādīts, ka uzsākts kriminālprocess pēc noziedzīga nodarījuma sastāva pazīmēm, kas paredzēts Krimināllikuma 141.panta otrajā daļā ((2) Par tādas personas apzinātu atstāšanu bez palīdzības, kura atrodas dzīvībai vai veselībai bīstamā stāvoklī un kurai nav iespējas saglabāt sevi mazgadības, vecuma, slimības vai savas nevarības dēļ, ja vainīgajam bijusi iespēja sniegt cietušajam palīdzību un bijis pienākums rūpēties par viņu vai arī vainīgais pats viņu nostādījis dzīvībai bīstamā stāvoklī-). Šāds lēmums, savukārt, pieņemts, jo Madonas novada Bāriņtiesā 20.09.2024. plkst. 20:55 ticis pieņemts lēmums par divu meitu vecāku aizgādības tiesību pārtraukšanu abiem vecākiem. Kārtējais BT vienpersoniskais lēmums, kura sekas ir bērnu emocionāla un konkrētajā gadījumā, iespējams, arī fiziska traumēšana (piespiedu ārstniecība) par to, ka vecāki izmanto savas tiesības un pieņem lēmumus attiecībā uz savu bērnu veselības aprūpi. Tagad lēmumus attiecībā uz divu meiteņu veselības aprūpi pieņems kaut kāda sveša tante - Bāriņtiesas amatpersona, kura bērnus nepazīst, neizjūt, strādā tikai papīram, statistikai, ar to izdabājot dažu pašpasludinātu ekspertu – “ārstu” un valdošās kliķes kaprīzēm. Tādas kundzītes dzīvo konstantās bailēs par savu reputāciju, statusu, amatu un ikmēneša konta papildinājumu. Nekādas empātijas, cilvēcīguma un cilvēcības, veselo saprātu pat nav vērts pieminēt."
1115,21.09.2024 10:53:21,Āgenskalna klīnika,,,"Operatīvo darbību ietvaros māte ar bērniem no patvēruma vietas tika aizvesta. Māte kā aizturēta persona jeb persona, pret kuru uzsākts kriminālprocess tikai aizvesta uz Rīgu, Valsts policiju, un divi bērni ar NMPD tika nogādāti atpakaļ BKUS, kur stacionāra ārstniecības personas prof. Zavadskas stingrā uzraudzībā atsāks “ārstēt” bērnus no sev vien zināmām kaitēm. Jāpiebilst, ka mātei un bērniem difterijas testi ir negatīvi, pat 3x. Par diagnozes “difteriju” pamatotību vispār pastāv zināma šaubas, bet tas lai paliek uz prof. Zavadskas sirdsapziņas, ko tad mēs, neizglītotie plebeji vispār zinam un saprotam… Pavisam drīz būs tā diena, kad kratīšana uz aizturēšana notiks šīs pērkamās un varas apmātās lēdijas dzīvesvietā – rokudzelži priekš viņas jau tiek spodrināti!Tā, lūk, SIA LV notiek to bērnu vecāku dehumanizācija, kuriem piemīt veselais saprāts un drosme nepakļauties meinstrīma propagandai, neiekļauties biomasā. Vai nu runā droši un skaļi, vai klusē, tikai tad nākamais, kuru dehumanizēs jebkāda varas izdomāta iemesla dēļ, būsi tu…Kopā mēs varam!!!Kopā mēs darām!!!/Dr.E.Mednis/#AgenskalnaKlinika #KopaMesVaram #DziveBezBailem #IzglabDraugu #SargiBernus #KopaMesDaram"
1116,21.09.2024 18:22:35,Āgenskalna klīnika,,,"Tā. Tik tālu esam tikuši. Sadabūjām labu juristu. Bet tam ir nepieciešama naudiņa. Ja kāds var, ziedojiet bērnu vecmāmiņai: Konta numurs LV39UNLA0050020022695 Austra Brežģe. Maksājuma uzdevumā rakstiet juridisko pakalpojumu apmaksai.Paldies visiem, kas palīdz.  🙏❤️Kopā mēs varam!!!Kopā mēs darām!!!/Dr.E.Mednis/#AgenskalnaKlinika #KopaMesVaram #DziveBezBailem #IzglabDraugu #SargiBernus #KopaMesDaram"
1117,22.09.2024 14:38:28,Āgenskalna klīnika,,,"Pasaulē un tai skaitā Latvijā notiek arī labas lietas. Mirušā puisīša abi vecāki ir atbrīvoti. Paldies visiem, kas iesaistījās un palīdzēja. Paldies juristu un advokātu komandai, kas strādā pie šīs lietas. 🙏❤️Lai arī apzināmies, ka lielākā cīņa vēl priekšā, bet šī ir maza un ļoti būtiska uzvara.Kopā mēs varam!!!Kopā mēs darām!!!/Dr.E.Mednis/#AgenskalnaKlinika #KopaMesVaram #DziveBezBailem #IzglabDraugu #SargiBernus #KopaMesDaram"
1118,22.09.2024 16:40:27,Āgenskalna klīnika,,,"Nekas jau nav beidzies. Viss turpinās. Meitenītes vēl ir slimnīcā. Te vēl veselo saprātu nezaudējušās sabiedrības daļas un drosmīgu Cilvēku viedoklis uz kuru, ceru, ka kāds no oficioziem sniegs atbildes. Vai veselības aprūpes nolūkos savu bērnu stacionēt bērnu slimnīcā ir droši? Vai Latvijā ārsti vispār prot ārstēt no tā saucamās “difterijas”?  Vērtējiet paši, kā jūs rīkotos šo vecāku vietā. Vecākiem pieejamajos mirušā dēliņa medicīniskajos dokumentos kā tiešais nāves cēlonis norādīts akūts miokardīts, bērnam nomirstot uz operācijas galda, plānotas sirds operācijas uzsākšanas laikā 16.septembrī pēc tam, kad bērna organisms 8 stundas netika attīrīts ar nieru dialīzes palīdzību. Vai mediji ir pārliecinājušies par šo informāciju, pirms publikācijās uzsvērt, ka bērns “miris no difterijas”, ja saskaņā ar medicīniskajā dokumentācijā norādīto nāves cēlonis ir akūts miokardīts!? Pat, ja miokardīta iespējamais iemesls ir difterijas toksīnu radītās sekas, tad kas to pierāda – vai vecāku rīcībā esošie testi, kuri neuzrāda difterijas baktērijas klātbūtni organismā?!  Vai šis neatgādina covid laiku, kad cilvēks tika stacionēts slimnīcā vesels, kaut kādā veidā “noķēra” pozitīvu testu pēc kādas medicīniskas manipulācijas vai piemērotā “ārstēšanas protokola”, tad kaut kā sanāca, ka ārstniecības procesā nomira un statistikā tika reģistrēts kā miris “no/dēļ kovida”?  Man šis ļoti to atgādina. Arī abām meitenītēm, kuras nu jaut atkal ir atgrieztas stacionārā, BKUS, gan sākotnējās asins analīzes 05.09 uz difteriju, gan 17.09 veiktās asins analīzes uz difteriju ir negatīvas (esmu redzējusi analīžu kopijas)! Tomēr vecākiem, uz šo analīžu pamata pieņemot lēmumu par atteikšanos no turpmākas ārstniecības un aizvedot bērnus no stacionāra (ko pieļauj Pacientu tiesību likuma normas), ar Bāriņtiesas vienpersonisku lēmumu (pat neredzot objektīvo situāciju!), bērnu aizgādības tiesības tiek pārtrauktas, meitiņas piespiedu kārtā aizvestas atpakaļ uz slimnīcu un vecāki aizturēti! Uz kāda pamata tiek īstenota šāda institucionāla vardarbība un patvaļa - dēļ kaut kur medijos figurējošas difterijas, kuru analīzes neuzrāda? Šis gadījums prasa pamatīgu un detalizētu izmeklēšanu gan par visu notikumu secību, gan par patiesajiem puisēna nāves iemesliem. Tādēļ aicinu - nepaliekam vienaldzīgi un iesaistāmies līdzekļu ziedošanā, lai juridiski korekti īstenotu pienācīgu izmeklēšanu un bērnus pārvestu uz neatkarīgu privātu ārstniecības iestādi veselības aprūpes nodrošināšanai.  Jūs varat atbalstīt vecākus juridiskās palīdzības un bērnu veselības aprūpes izdevumiem, veicot ziedojumu uz vecmāmiņas kontu:  LV39UNLA0050020022695 Austra Brežģe. Maksājuma uzdevumā rakstiet juridisko pakalpojumu apmaksai.Kopā mēs varam!!!Kopā mēs darām!!!/Dr.E.Mednis/#AgenskalnaKlinika #KopaMesVaram #DziveBezBailem #IzglabDraugu #SargiBernus #KopaMesDaram"
1119,23.09.2024 09:14:16,Āgenskalna klīnika,,,"FB dzīlēs ir kolosāls ieraksts, ka tā mierīgi, neitrāli parāda šīs visas situācijas būtību. Arī prof Zavadskai un Veselības ministram, iespējams, būtu vērts šajā viedoklī ieklausīties. Jo, patiešām valsts medicīna strauji zaudē gan autoritāti sabiedrības acī, gan arī sabiedrības uzticību. Un šīs kampaņas efekts tiek panākts pilnīgi pretējs, kā jau rakstā minēts.https://www.facebook.com/story.php?story_fbid=10233122027583794&id=1562373267&mibextid=WC7FNe&rdid=qj0DIcBqn6zG8ROrKopā mēs varam!!!Kopā mēs darām!!!/Dr.E.Mednis/#AgenskalnaKlinika #KopaMesVaram #DziveBezBailem #IzglabDraugu #SargiBernus #KopaMesDaram"
1120,24.09.2024 08:17:19,Āgenskalna klīnika,,,"Pēc neoficiālām ziņām, iespējams, šodien Latvijas ārstu biedrībā būs tās valdes sēde, kurā pēc Bērnu slimnīcas sūdzības tiks skatīts jautājums par mana ārsta sertifikāta anulēšanu. To vai Latvijā pastāv viedokļa cenzūra drīz redzēsim. Jo ārsta sertifikātu piešķlr nevis par pareizu vai nepareizu viedokli, bet gan par iegūtajām zināšanām. Tajā ir rakstīts: Ārstniecības persona Edgars Mednis ir pierādījis teorētiskās zināšanas un praktiskās iemaņas un viņam ir tiesības praktizēt ....... specialitātē. datums no līdz. Ne vārda par pareizu vai nepareizu viedokli.  Bet dzīvosim redzēsim.Kopā mēs varam!!!Kopā mēs darām!!!/Dr.E.Mednis/#AgenskalnaKlinika #KopaMesVaram #DziveBezBailem #IzglabDraugu #SargiBernus #KopaMesDaram"
1121,24.09.2024 08:39:06,Āgenskalna klīnika,,,
1122,24.09.2024 11:41:00,Āgenskalna klīnika,,,"Nedaudz par citu tēmu - atpakaļ pagātnē. Es domāju, ka mēs vēl daudz interesanta uzzināsim gan par tō afēru, kas notika pirms 4 gadiem, gan arī par šīs dienas notikumiem. Patiesība jau kā īlens - asa u  tāpat iznāks ārā. Lai kā arī mēģinātu to noslēpt.Kopā mēs varam!!!Kopā mēs darām!!!/Dr.E.Mednis/#AgenskalnaKlinika #KopaMesVaram #DziveBezBailem #IzglabDraugu #SargiBernus #KopaMesDaram"
1123,24.09.2024 11:41:00,Āgenskalna klīnika,,,
1124,25.09.2024 17:01:18,Āgenskalna klīnika,,,"Uzmanību ...... gatavību ........ starts! Raganu medības ir sākušās. Vakar Latvijas Ārstu biedrība savā valdes sēdē esot nosodījusi manus izteikumus un manu viedokli. Kā arī apzīmējusi to par ""naida runu"". Lieki piebilst, ka visu šo ambrāžu rosina BKUS  un vēl, protams, arī re: čekisiti ar godājamo Ingu Spriņģi priekšgalā, kas lepojās ar savu iesniegumu mana viedokļa sakarā.  Protams, ir jau vēl personāži, kuri jūtas aizskarti un visu šo melu kampaņu, kas veļas pār mani, rīko no aizkulisēm.Katrā ziņā šī ņemšanās vairāk atgādina aizvainotas mazas meitenītes niķi, kad asaras birst, ego ir aizskarts un papēdīti tik ļoti sit pie grīdas, kliedz, bet to dara aiz savas bezspēcības sajūtas un nepiepildītām ambīcijām. Mums joprojām valstī nav atcelta runas un viedokļu brīvība. Katrs drīkst paust tādu viedokli, kāds nu viņam ir. Katrs izpaužas tā, ka nu dieviņš viņu būvējis. Un nav neviena spēkos to aizliegt. Vismaz pagaidām. Arī man ir tiesības uz savu viedokli. Un to es arī aktīvi paužu.Pārsteidz kas cits - no valsts mutes skan, ka vakcinācija ir ""vienīgā"" drošā un efektīvā metode veselības iegūšanai. Tie nu, maigi sakot, būtu pārspīlējumi. Metožu ir daudz. Gan inženierijā, gan ārstniecībā un dziedniecībā (starp citu ļoti interesanti termini ar milzīgu atšķirību), gan citās dzīves jomās. Manuprāt, būtu kļūdaini apgalvot, ka kāda metode ir pārāka par citu. Un arī diezgan augstprātīgi. Tāpat kā fakts, ka BKUS uzņemas soģa lomu un faktiski izvērš represijas pret vecākiem tikai tā iemesla dēļ, ka tie nepieturas pie vienas metodes. Interesanti zināt, kāpēc viņiem tas būtu jādara? Kas viņiem var un ir tiesīgs aizliegt izvēlēties citu metodi? Vai mēs šobrīd esam apcietinājumā, jeb dzīvojam totalitārā policejiskā valstī, kurā pieļaujama medicīniska diktatūra? Cik man zināms, vēl ne. Bet pēc visa notiekošā tas tā sāk izskatīties.Cienījamās dāmas un godātie kungi, jūs esat iestrēguši vēsturē! Vēsturē, kas tika rakstīta pirms 4 gadiem, kad pietika ar baiļu sēšanu sabiedrībā un visi pakļāvās. Laiki mainījušies. To var redzēt pēc sabiedrības reakcijas un šo it kā difterijas gadījumu. Tauta nav vienaldzīga -  iesaistās gan emocionāli, gan praktiski - izplatot ziņas, runājot, aizstāvot, ziedojot līdzekļus bērniņa vecākiem, rakstot atbalsta vēstules man. Paldies visiem labajiem cilvēkiem, kas nepaliek malā un palīdz! Katrs kā māk un var. Mēs esam spēks. Jo šis ir bifurkācijas laiks, kad ļoti daudz kas izšķiras mūsu dzīvēs. Ja padosimies, nokļūsim tajā realitātē, ko mums piedāvā ar lozungu ""10 tūkstošu vakcīnu vienā reizē"" un faktiski medicīniskā un politiskā verdzībā.  Ir arī otrs variants - turpināt nepalikt vienaldzīgiem, aktīvi runāt, diskutēt, aizstāvēt savējos, pastāvēt par savām vērtībām un pārliecību. Šobrīd mums ir iespēja izveidot citu realitāti - savējo, un mēs to veidojam. Kopā. Lai top!Kopā mēs varam!!!Kopā mēs darām!!!/Dr.E.Mednis/#AgenskalnaKlinika #KopaMesVaram #DziveBezBailem #IzglabDraugu #SargiBernus #KopaMesDaram"
1125,25.09.2024 23:05:54,Āgenskalna klīnika,,,
1126,26.09.2024 11:34:30,Āgenskalna klīnika,,,"Šodien ir parādījušās ziņas, ka Pediatru asociācija lūdz anulēt manu pediatra sertifikātu, kamēr es neapliecināšu savas zināšanas pediatrijā. Savas zināšanas esmu apliecinājis, izejot tālākizglītības kursus un par to saņemot sertifikācijai nepieciešamos tālākizglītības punktus. Gribētos gan uzzināt - konkrēti kādā veidā es apdraudu pacientu drošību? Ar to, ka es neatbalstu kādu konkrētu manipulāciju? Tas nav traktējams kā apdraudējums, jo kāda no manipulācijām nav pārāka par citām. Kāda no ārstēšanas metodēm nav pārāka par citām. Tās ir līdzvērtīgas. Tāpat joprojām katram ārstam ir tiesības izvēlēties, kādu metodi pielietot individuālā pacienta ārstniecībā (ar pacienta informētu piekrišanu). Turklāt katram pacientam ir tiesības izvēlēties, ar kādu metodi ārstēties. Tas nav atcelts.Es aicinu Latvijas Pediatru asociāciju pievērst uzmanību šim konkrētajam Prof. Zavadskas izteikumam un painteresēties par zinātnisko avotu, kurā ir smelta godājamās profesores atziņa. Es arī labprāt iepazītos ar minēto avotu un zinātnisko pētījumu, kurā ir aprakstīts, ka cilvēks var saņemt 10000 (desmit tūkstošu) vakcīnu vienā reizē un tas nekaitēs cilvēka veselībai. Ja tāds pētījums netiek uzrādīts, tad arī tā ir uzskatāma par maldinošu informāciju, kas, ņemot vērā minētās profesores autoritatīvo statusu sabiedrības (un īpaši bērnu) veselības aizsardzības jautājumos valstī, var radīt pat ļoti būtisku kaitējumu sabiedrības (un bērnu!) veselībai. To pat var klasificēt kā iedrošinājumu jeb aicinājumu uz masu slepkavības mēģinājumu. Ļoti ceru, ka profesore šādus eksperimentus ar saviem pacientiem neveic un neiedrošina arī kolēģus tādus veikt...Video pielikumā.Kopā mēs varam!!!Kopā mēs darām!!!/Dr.E.Mednis/#AgenskalnaKlinika #KopaMesVaram #DziveBezBailem #IzglabDraugu #SargiBernus #KopaMesDaram"
1127,26.09.2024 11:34:55,Āgenskalna klīnika,,,
1128,26.09.2024 12:51:31,Āgenskalna klīnika,,,Mūsu komanda ir sagatavojusi vēstuli Latvijas Ārstu biedrībai un Pediatru asociācijai. Jums katram ir iespēja paust savu viedokli.https://docs.google.com/forms/d/e/1FAIpQLSfEvA_yUHT6kvI_aihLWX5bDX7pGIzfrQdL7waTXsYm14fRXw/viewformKopā mēs varam!!!Kopā mēs darām!!!/Dr.E.Mednis/#AgenskalnaKlinika #KopaMesVaram #DziveBezBailem #IzglabDraugu #SargiBernus #KopaMesDaram
1129,26.09.2024 18:38:45,Āgenskalna klīnika,,,"Kā notika varas demonstrācija un apzināta  vai neapzināta krāpšana brīdī, kad mirušā bērniņa mamma vēlējās pasargāt sava abas meitas, kas bija ievietotas slimnīcā un vēlējās doties mājās. īsts Holivudas cienīgs scenārijs tika izspēlēts no valsts varas puses ar policijas, Bāriņtiesas, NMPD iesaistīšanu. Es nevēlētos neko tādu piedzīvot. Jūtu līdzi ģimenei un novēlu pēc iespējas drīzāku bērnu atgriešanos mājās. Pie kā arī visi cītīgi strādājam.https://vm.tiktok.com/ZGeo7kwnX/Kopā mēs varam!!!Kopā mēs darām!!!/Dr.E.Mednis/#AgenskalnaKlinika #KopaMesVaram #DziveBezBailem #IzglabDraugu #SargiBernus #KopaMesDaram"
1130,27.09.2024 10:52:36,Āgenskalna klīnika,,,"Šī brīža situācijai jau ir dziļāka jēga. Ja paskatāmies, kas notiek apkārt, tad iespējamais sausais atlikums ir:1. vakcīnpropaganda un iespējams regulējums tās padarot par tiešām obligātām, t.i.  bez to esamības nevarēs lietot dažās=dus valsts servisus2. maksimāli apklusināt visus savādāk domājošos. Pie tam metodes tiek izvēlētas vienkāršākās - represijas.  Tikai mūsu pašu ziņā ir padoties (pakļauties) jeb nē. Atkāpties jeb turpināt ceļu, ko esam uzņēmušies un iesākuši. Un no tā ir atkarīgs arī šī procesa rezultāts. Tas būs tāds, kādu mēs to izveidosim. Tikai mēs paši. Neviens cits. Un te būtiski ir apvienoties. Pa vienam mūs var izķert un apklusināt. Kopā mēs esam spēks. To mēs arī nodemonstrējām kad mirušā puisīša vecākus apcietināja. Iespējams, ka viens no būtiskiem faktoriem, kāpēc viņus nepaturēja vis atļ;auto laiku - 48 stundas, bija sabiedrības - jūsu atbalsts, jūsu iesaistīšanās. paldies par to. Pievienotajā video par to arī runā Dr. Jurijs Līrs. Mums ir jāapvienojas neatkarīgi no rases, tautības, reliģiskās pārliecības un citiem aspektiem. Šobrīd mums visiem ir jābūt vienotiem. tad mūs nevarēs salauzt. darām!https://www.youtube.com/watch?v=BLvyyEWLLO4Kopā mēs varam!!!Kopā mēs darām!!!/Dr.E.Mednis/#AgenskalnaKlinika #KopaMesVaram #DziveBezBailem #IzglabDraugu #SargiBernus #KopaMesDaram"
1131,28.09.2024 22:58:23,Āgenskalna klīnika,,,
1132,29.09.2024 15:11:22,Āgenskalna klīnika,,,
1133,29.09.2024 20:03:34,Āgenskalna klīnika,,,
1134,29.09.2024 23:01:50,Āgenskalna klīnika,,,"Esmu izveidojis publisku grupu, ar mērķi apkopot vakcīnu blakņu stāstus. Pievienojieties, rakstiet savus stāstus, lai citi var redzēt un lasīt. lai tauta redz cik to ir daudz. Un arī, lai oficiozi un dažāda kaluma žurnālisti var iepazīties. Apkopojam šo informāciju. https://t.me/+GGOEi6_DWl84MjA8Kopā mēs varam!!!Kopā mēs darām!!!/Dr.E.Mednis/#AgenskalnaKlinika #KopaMesVaram #DziveBezBailem #IzglabDraugu #SargiBernus #KopaMesDaram"
1135,01.10.2024 10:50:37,Āgenskalna klīnika,,,
1136,02.10.2024 13:23:20,Āgenskalna klīnika,,,"Redz cik vienkārši tas notiek. Un tas ir raksturojums vietai, kurā dzīvojam. Un tai iekārtai kurā dzīvojam. Izrādās, par miermīlīgu savu uzskatu paušanu, kas neatbilst valdošajam naratīvam, ir jāraksta paskaidrojums policijā. Vai tas būtu viedokļu cenzūras mēģinājums, jeb individuāla iebiedēšanas kampaņa? Jebkurā no gadījumiem tas īsti nav pieļaujams, ja vien deklarējam to, ka dzīvojam demokrātiskā valstī. Un, ja mums tomēr ir Satversme (it kā neviens tās oriģinālu nevarot uzrādīt), kurā noteikts, ka katram ir tiesības uz viedokli un cenzūra ir aizliegta. Ja tomēr jāraksta policijai paskaidrojums, tad kā ir ar satversmi? Un vai šeit ir reāla demokrātija, jeb vāja parodija par to.Tādēļ aicinu līdzcilvēkus dalīties ar šo informāciju un paust savu atbalstu Ingai.https://www.facebook.com/share/JdCBTojNdZUWHfjF/Kopā mēs varam!!!Kopā mēs darām!!!/Dr.E.Mednis/#AgenskalnaKlinika #KopaMesVaram #DziveBezBailem #IzglabDraugu #SargiBernus #KopaMesDaram"
1137,03.10.2024 00:33:18,Āgenskalna klīnika,,,"Nu man arī pienācās Valsts policijas uzmanība. Šodien saņēmu vēstuli e-pastā, kas aicina atbildēt uz ļoti daudziem jautājumiem.  It kā āķīgiem. :) Bet visai caurspīdīgiem. Valsts policija aicina mani atzīties, ka es esmu apzināti gribējis kaitēt prof. Zavadskas reputācijai. Kas, protams, nav taisnība. Bet lietas būtība ir citur. Tā vietā, lai Bērnu klīniskā universitātes slimnīca komunicētu ar bērna vecākiem, izskaidrotu situāciju un ārstēšanu, tā uzņemas augstprātīga soģa lomu un vecākiem tiek atņemtas vecāku tiesības, viņi tiek aizturēti, nakti pavada policijas izolatorā un, ja kāds mēģina vecākus aizstāvēt, tad viņš tiek iesūdzēts policijā un ne tikai. Brīnišķīga komunikācija. Tā turpināt godātie kolēģi. Bez tam, pārsteidzoši, ka BKUS amatpersonas nav spējīgas tekstu uztvert tā, kā tas ir rakstīts. Izprast rakstīto. Pieņemu, ka BKUS ir ieinteresēta, iespējamā neslavas celšanā man. Man tiek piedēvēti izteikumi, ko neesmu teicis. Lai vai kā šī situācija parāda to, ka augstprātība ir diezgan labs dzinējspēks un arī klupšanas akmens. Aizvainotais ego asiņo un tādēļ ir visas šīs nejēdzīgās darbības un izmisīgie mēģinājumi kaut nedaudz salāpīt brūci. Bet šis apmierinājums nebūs uz ilgu laiku. Jo šobrīd maskas krīt. Un karalis ir kails. Un kailums spraucas ārā pa visām vīlēm. Un tas nav skaists. Bet dzīve - jā, tā ir skaista. baudām to. Izbaudām katru brīdi.Kopā mēs varam!!!Kopā mēs darām!!!/Dr.E.Mednis/#AgenskalnaKlinika #KopaMesVaram #DziveBezBailem #IzglabDraugu #SargiBernus #KopaMesDaram"
1138,03.10.2024 12:02:58,Āgenskalna klīnika,,,"Šeit ir reāls pieredzes stāsts no bērnu onkoloģijas sfēras. Paši noskatieties un noklausieties un padomājiet.Morāle ir viena - ārstēšana ir pašu pacientu vai viņu aizbildņu izvēle. Lai kāda tā būtu. Un ir, tā saucamā, vecāku intuīcija. kad biju jaunāks, strīdējos ar mammām. tagad vairs to nedaru. Kāpēc? Tāpēc, ka vienmēr zaudēju. Ar visām savām akadēmiskajām zināšanām. Jo tās nav un nevar būt pārākas par mātes sajūtām un zināšanām, kas balstītas savā pieredzē un jušanā. Arī tēva, protams. Otra lieta, kas izriet no šī stāsta ir - katram ķīmiskajam preparātam, lai cik vienkāršs tas būtu, ir blaknes. Kaut vai tam pašam ibuprofēnam, ko daudzi lieto dažādām kaitēm. Palasiet anotāciju. Tas pats attiecas uz vakcīnām. Tām arī IR ANOTĀCIJA un BLAKNES. Kurš uzņemsies atbildību par piespiedu kārtā savakcinēta bērna blaknēm un to ārstēšanu. par vecāku ciešanām šajā gadījumā? Vai tā būs prof. Zavadska? Vai tas būs veselības ministrs Abu Meri? Kurš uzņemsies PERSONĪGU atbildību par šo? faktiski atbildību uzņemsies tas, kurš bīdīja likumprojektu un tas kurš parakstīja. Arī tas, kurš atbalstīja. Šiem visiem cilvēkiem būs personīga atbildība par kaitējumu. Iespējams, ne jau cilvēku tiesas priekšā, bet visuma priekšā gan. Padomājiet par šo.Kopā mēs varam!!!Kopā mēs darām!!!/Dr.E.Mednis/#AgenskalnaKlinika #KopaMesVaram #DziveBezBailem #IzglabDraugu #SargiBernus #KopaMesDaram"
1139,03.10.2024 12:04:15,Āgenskalna klīnika,,,
1140,03.10.2024 21:55:28,Āgenskalna klīnika,,,"Kā jau jūs visi droši vien ziniet, šodien svinam uzvaru. Mazu, bet uzvaru. Madonas Bāriņtiesa atjaunoja vecāku tiesības ģimenei. man bija iespēja pēc bērnu vecāku lūguma piedalīties šajā sēdē. Bija ļoti interesanti. Un ļoti cilvēcīgi. Gan sociālais dienests, gan Bāriņtiesa bija apsekojuši ģimeni un bija labas viņu atsauksmes - kārtīga, rūpīga ģimene, kas patiesi rūpējas par saviem bērniem. Arī privātā komunikācijā atvērti un patīkami cilvēki.Bet ...... pārsteidza kas cits. Latvijas televīzija (LTV1), kas bija ieradusies 2 cilvēku sastāvā uz minēto sēdi. Žurnālists bija daudz maz pieklājīgs, bet operators uzvedās pēc labākajiem dzeltenās bulvārpreses paraugiem. Tā, kā rāda Holivudas filmās. Kaut kā bieži nākas pieminēt šīs filmas aktuālo notikumu sakarā. Operators skrien pakaļ vecākiem, burtiski tos vajājot. Nākot ārā no Bāriņtiesas mājas, cilvēki sadrūzmējās pie ārdurvīm un es paliku durvīs. Operators nāca aiz manis. Laikam aizsedzu viņam labākos skatus (traucēju kadrā). lai traucēkli novāktu, viņš vienkārši rupji pagrūda mani malā un skrēja filmēt daudz cietušo ģimeni. Absolūti bez jebkādas empātijas, bez līdzjūtības, bez smadzenēm (tā gribas teikt), jo pilnīgi neievēroja to, ka vecākiem ir miris bērniņš, to, ka tika atņemtas aprūpes tiesības uz bērniem, to, ka bērni atrodas slimnīcā. Nekas tas nav būtisks. Pāri visam kadrs, sensācija. Reāli kā dzeltenā prese. Un par to mēs maksājam ar saviem nodokļiem. Pēc tam pārgājām pāri ielai, kur gaidīja vecāku draugu pulciņš, protams jautājumi: nu kā....., apskāvieni ...... Operators turpināja vajāt, nāk klāt filmē sejā, kamerai, protams, ir pievienots mikrofons, ar ko var pa lielu gabalu uztvert un ierakstīt skaņu. Brrrr. Nepatīkami. Man sajā sakarā ir jautājums LTV vadībai un deputātiem - kā viņi vērtē šādu uzvedību? Vai pastāv arī žurnālistu ētikas kodekss? Vai šajā gadījumā ar šādu LTV1 operatora uzvedību, iespējams, tika pārkāpts šis ētikas kodekss. Par cilvēcību un cilvēciskumu nemaz nerunājot.Lai vai kā, uzvara ir uzvara. Un, jo vairāk sistēma plosās, jo tuvāk mēs esam galējai uzvarai. Un viņi to jūt. Mēs uzvarēsim šo genocīdu.Kopā mēs varam!!!Kopā mēs darām!!!/Dr.E.Mednis/#AgenskalnaKlinika #KopaMesVaram #DziveBezBailem #IzglabDraugu #SargiBernus #KopaMesDaram"
1141,07.10.2024 15:54:06,Āgenskalna klīnika,,,"Vēl šodien un rīt dienas pirmajā pusē variet parakstīties, ja kāds vēl to nav paspējis izdarīt:https://docs.google.com/forms/d/e/1FAIpQLSfEvA_yUHT6kvI_aihLWX5bDX7pGIzfrQdL7waTXsYm14fRXw/viewform?usp=sf_linkKopā mēs varam!!!Kopā mēs darām!!!/Dr.E.Mednis/#AgenskalnaKlinika #KopaMesVaram #DziveBezBailem #IzglabDraugu #SargiBernus #KopaMesDaram"
1142,09.10.2024 23:26:13,Āgenskalna klīnika,,,
1143,10.10.2024 09:58:51,Āgenskalna klīnika,,,"Sēžu konferencē par Imunizāciju (vakcināciju) RSU aulā. Interesanti notikumi risinās. Dr. Žeigurs pēc vienas no prezentācijām gribēja iebilst, bet viņam nedeva vārdu, tad viņš mēģināja zālē runāt bez mikrofona, bet pieskrēja klāt, iespējams, zāļu ražotāja pārstāvis un ar varu novilka nost no auditorijas priekšas. Tika izsaukta apsardze un daklteris izraisīts no zāles uz pārrunām. Pēc brīža gan saņēma atļauju atgriezties zālē.Lieki pieminēt, ka sēdi vada godājamā prof. Dace Zavadska. Interesanti. laikam ar vakcināciju neiet nemaz tik labi, ja jau šādi tiek apklusināti alternatīvie viedokļi. Piebildīšu, ka prezentācija bija par jaunu respiratori sincitiālā vīrusa vakcīnu, par kuru jau labu laiku runā. Iespējams gatavojas ieviest obligātajā kalendārā.Un vēl viens interesants trends - vakcinēt grūtnieces, lai it kā pasargātu bērnu. Kas tur notiek patiesībā un kāds ir patiesais mērķis, paliek noslēpums.Kopā mēs varam!!!Kopā mēs darām!!!/Dr.E.Mednis/#AgenskalnaKlinika #KopaMesVaram #DziveBezBailem #IzglabDraugu #SargiBernus #KopaMesDaram"
1144,10.10.2024 10:00:14,Āgenskalna klīnika,,,
1145,10.10.2024 10:00:42,Āgenskalna klīnika,,,
1146,10.10.2024 18:05:50,Āgenskalna klīnika,,,"Te viens varen interesants raksts. Kaut kā neierasti lasīt šādos portālos patiesības pilnus sacerējumus. manuprāt katram der pakavēties atmiņās par vecajiem, labajiem laikiem lasot šo rakstu./Rakstā minētais nav mans viedoklis, bet es tam pievienojos/Es šo rakstu nokopēju drošības pēc, ja nu gadījumā kādam notrīc roka un tas izdzēšas.https://www.mammamuntetiem.lv/skaistums-un-veseliba/gimenes-veseliba/12323/vakcinacijas-melna-puseKopā mēs varam!!!Kopā mēs darām!!!/Dr.E.Mednis/#AgenskalnaKlinika #KopaMesVaram #DziveBezBailem #IzglabDraugu #SargiBernus #KopaMesDaram"
1147,10.10.2024 21:54:55,Āgenskalna klīnika,,,"Vakar biju uzaicināts uz Latvijas Ārstu biedrības Ētikas komisijas sēdi. Visai interesants pasākums visai prominentā sabiedrībā. Neko nerunāšu par sēdes saturu, vienīgi piebildīšu, ka klausoties šo visu rodas tāda šizoīda sajūta. Satiec cilvēkus, kolēģus, pazīstamus, nepazīstamus, uz ielas, veikalā - nāk klāt, spiež roku, sit uz pleca, saka daudz labu vārdu. Bet paklausies otru daļu savu kolēģu, citus vienkārši neklausos - izrādās esi pārkāpējs recidīvists. Vakar sēdē man viens kolēģis atgādināja iepriekšējo reizi, kad tiku ""ķidāts"" LĀB Ētikas komisijas sēdē - tas bija kovidlaikā par izteikumiem par ""drošo un efektīvo"" kovidšpricēšanu un, protams, ""lopu zālēm"" Ivermektīnu. Nestrīdējos, jo kolēģis nevarēja atgādināt tēmu par kādu tad iepriekšējo reizi tika runāts. Bet laiks ir gājis un tās drošās un efektīvās nemaz tik drošas un efektīvas  neizrādījās, kā arī lopu zāles izrādījās gana labas arī homo sapiens ārstēšanā. Mūs aicināja ticēt zinātnei. Tad šī lūk ir tā zinātne, nevis populisms. Ir pētījumi, ir pieredze un kovidšprices izrādījās neefektīvas un gana ļaunas savā būtībā, jo krietni paretināja homo sapiens rindas un turpina to darīt, Daļu no viņiem arī padarīja par hroniskiem slimniekiem ar ko ārsti lāgā galā netiek. Un pie diagnozes arī bieži vien netiek. Un skaļi runāt baidās. Vien klusiņām saka: Jums tas varētu būt no potes. Dīvaini, vai ne? Un par tām lopu zālēm arī jau ir pētījumi, kas apliecina viņu patiesu efektivitāti. Un man lielākais pārsteigums bija, kad atnāca man viens pacients, kas stāstīja, ka bijis pie dermatologa (klasisks ārsts, ne kaut kāds pūšļotājs vai homeopāts) un viņš esot nozīmējis ..... miniet ko ......Ivermektīnu. Urā. Izrādās efektīvs līdzeklis arī ādas saslimšanām. Bet nu tas tā. Bija man piedāvājums nožēlot grēkus un atzīties nodarījumā. Ko pretim piedāvāja? Neko. Bija tikai piedāvājums. Atteicos. Arī komisijā bija abu divu kategoriju kolēģi - vieni uzdeva indīgus jautājumus un pieprasīja nožēlot grēkus, otri mēģināja saprast un, šķiet, ka iekšēji atbalstīja.Kas tālāk? Gaidām lēmumu mēneša laikā. Ja atsūtīs. Par pagājušo sēdi tā arī neatsūtīja. Kad no Latvijas mediķu alianses sūtījām LĀB Ētikas komisijai iesniegumu par Prof. Andra Skrides rīcību un izteikumiem, tad tā arī atbildi nesaņēmām. Varbūt, ka ar viņu ir savādāk. Profesors un deputāts kā nekā. Nav joka lieta. Bet nu gaidām.Otra lieta par ko gribēju uzrakstīt un ko man daudzi jautā - kā iet meitenēm. Stāvoklis (analīzes) lēnām labojas. Ceram, ka drīz rakstīs ārā. Laiks jau tā kā būtu. Mēnesi būs noturētas gultas režīmā, ritma traucējumi tā arī neesot sagaidīti. Diezin vai būtu lietderīgi tērēt dārgās gultasdienas terciārās aprūpes (augstākās kategorijas) slimnīcā. Ņemot vērā apstākli, ka nekādi, atkārtoju, nekādi medikamenti no slimnīcas puses netiek nozīmēti. Vienkārši jāguļ. Bez tam lielākā no meitenēm īsti vairs nevar pastaigāt - staigā, bet ar piepūli un neveikli. Tas ir tas, ko dara nekustīgs dzīvesveids. Spriežot pēc medicīnas dokumentācijas režīms ir nozīmēts gultas/palātas. Tas nozīmē, ka staigāt drīkst, bet pēc mātes vārdiem ārsti nav atļāvuši celties no gultas.  Ei nu sazini kā tur īstenībā bija, bet staigāt meitenei ir pagrūti. Ja nemaldos, Bērnu klīniskajā slimnīcā fizioterapeiti ir, tos pieaicināt bērnam it kā nevajadzētu būt problēmu. Un tik daudz kā kājas izmasēt un izvingrināt jau nu varētu. Bet augstākās kategorijas slimnīcas ārsti zina labāk.Šis viedoklis, starp citu, vakar izskanēja Ētikas komisijā - slimnīca ir tik augstas kategorijas, bet kā Tu iedomājies viņu kritizēt, vai maz saproti, ko dari. Kā nu nesapratīšu? Sertifikāti taču nedalās kategorijās - augstāka un vēl augstāka un tad zemākā. Visiem tas ir vienāds."
1148,10.10.2024 21:54:55,Āgenskalna klīnika,,,"Interesanti bija pagājušajās brīvdienās, kad bērnu mamma raksta, ka slimnīcas ārstējošā ārste piekrīt, ka mēs (es un vēl kāds kolēģis) varētu ierasties nodaļā pie meitenēm un viņas apskatīt, uzmest aci medicīniskajai dokumentācijai un koleģiāli aprunāties ar slimnīcas dakteriem. Jau sākām saskaņot laikus, bet pirmdien no rīta saņēmām slimnīcas atteikumu. Dīvaini. Bet nu katrs jau dara kā māk un vēlas. Šajā gadījumā brīnums nenotika.  Žēl. varēja būt saturīga un interesanta saruna, no kuras ieguvēji pirmkārt būtu mazie bērni - meitenes. Un, iespējams, ka mēs varētu kādu labu ideju prezentēt slimnīcas kolēģiem. Bet ir tā kā ir. Vismaz Ētikas komisija nevar pārmest, ka es tikai rakstu publiski, bet ar kolēģiem nevēlos runāt. Ceram uz to labāko un ceram, ka meitenes visai drīz varēs atgriezties savās mājās un turpināt veseļoties ierastajā vidē.Kopā mēs varam!!!Kopā mēs darām!!!/Dr.E.Mednis/#AgenskalnaKlinika #KopaMesVaram #DziveBezBailem #IzglabDraugu #SargiBernus #KopaMesDaram"
1149,11.10.2024 17:38:21,Āgenskalna klīnika,,,"Kāds no mūsu lasītājiem bija diskusiju sadaļā ievietojis bērnu mammas viedokli. tas ir būtisks, tādēļ pārpublicēju to šeit:Pārkopēts no vakcīnrealitātes telegrama. Ziņa no mammas Annas. ❤️❤️❤️🙏🏼Labrīt! 📥 Ziņa no Annas:Pirmkārt, vēlos pateikties visiem cilvēkiem, kuri atbalsta un nav vienaldzīgi. Šobrīd cīņa par manu ģimeni ir savijusies ar cīņu par valsti. Sistēma vienoti un negaidīti uzbruka manai ģimenei un visnežēlīgākajā veidā visvairāk cieta un turpina ciest mani bērni. Vienu bērnu - vienīgo dēlu un mantinieku mēs esam zaudējuši, bet turpinām cīnīties par meitiņām. Ikvienu mūsu soli un rīcību vēro bāriņtiesa, slimnīca, policija... Sistēma bija rēķinājusies ar vieglu uzvaru, bet viņai tas neizdevās, jo cilvēki pamodās un mums palīdzēja un palīdz. Es iešu līdz galam un aicinu ikvienu nepadoties, nenobīties un nenoliekt galvu šīs ļaunās un sapuvušās sistēmas priekšā. Es cīnos ne tikai par saviem bērniem, bet par ikvienu bērnu un vecāku Latvijā. Mēs varam uzvarēt un mums ir jāuzvar, lai šobrīd mūsu tēvzemē valdošā svešu varu ieceltā nodevēju kliķe dabūtu triecienu. Ja mēs šodien padosimies, rīt tiks iznīcināta vēl kāda ģimene, vēl kāds bērns tiks noārstēts... Jūsu atbalsts ir tas, kas man parāda, ka mums kā tautai ir cerība un nākotne, jo jūs neesat vienaldzīgi. Paldies jums par to! Lai Dievs Jūs svētī un svētī un atbrīvo Latviju!"
1152,11.10.2024 21:16:29,Āgenskalna klīnika,,,"Jau rakstīju par incidentu RSU seminārā, kur Dr. Žeigurs uzdeva jautājumu un tika rupji grūstīts. Te arī viņš ir uzrakstījis savas pārdomas šajā sakarā. Turpmāk Dr. Žeigura rakstītais. kā arī video ieraksts ar minēto notikumu. Iespējams, ka LĀB Ētikas komisijai, KNAB un Valsts Policijai būtu kas sakāms šajā sakarā. Bet tas tad būtu tuvas nākotnes jautājums. Turpinājumā Dr. Žeigura rakstītais:Es tomēr izvēlos neklusēt par piedzīvoto vardarbību ārstu mūžizglītības pasākumā, kā arī par nesaprātīgo ierobežojumu, vakcinācijas pienākuma un pacientu tiesību pārkāpumu traģiskajām sekām veselības aprūpē.Vakar, RSU mūžizglītības kursos par vakcināciju, mans publiskais aicinājums kursu organizatoriem ārstus izglītot korekti un ētiski, kādu nepazīstamu vīrieti tā satrauca, ka viņš pieskrēja man klāt, sāka mani fiziski aizskart un grūstīt, draudot sadot pa galvu.Vardarbība nav pieņemama. Latvijā visi visus atpazīst. Lūdzu, palīdziet noskaidrot šī emocionāli nestabilā, vardarbīgā vīrieša personību!Vai viņš ir RSU darbinieks, zāļu firmas seja vai vardarbīgs ārsts, kurš uzskata, ka par vakcīnu blaknēm un absolūto efektivitāti nedrīkst jautāt un domā, ka argumentu trūkuma gadījumā ir pieļaujama vardarbība? Es apsveru iespēju par šo uzbrukumu vērsties ar iesniegumu policijā, brīdināt viņa darba devēju vai ārstu ētikas komisiju.Imunizācijas valsts padomes vadītāja - augstākā par vakcinācijas drošību atbildīgā amatpersona Latvijā - nerīkojas ētiski, ja liedz iespēju argumentēti iebilst un pamatot savu viedokli ārstiem, kuri uzskata, ka ārstniecībā pacienta interesēm, kuras vislabāk pārzina viņš pats, ir jābūt pirmajā vietā.  Ārstiem ir jāpārzina informācija par zāļu blaknēm un zāļu absolūto efektivitāti. Nekādos apstākļos nedrīkst ierobežot cilvēka tiesības un pacientu tiesības aizsargāt savu dzīvību, ja tie atsakās no ārstniecības, kuras sekas ir neparedzamas. Starptautiskās cilvēktiesību normas tomēr ir jāievēro, jo tās arī Latvijai ir saistošas.  Pacienta tiesību ierobežojumi nav attaisnojami ar abstraktām visas sabiedrības interesēm vai iluzorām bērna interesēm, kur nu vēl finansiālu izdevīgumu.Bērnu vakcinēšanas atteikuma gadījumā Imunizācijas valsts padomes vadītāja atbalsta veselības ministra un Tiesībsarga ieteikto iespēju iesaistīt Bāriņtiesu. Ja Bāriņtiesa, nesaprātīgu un nesamērīgu motīvu vadīta, atņem vecākiem tiesības uz bērna interesēm neatbilstoša ārstu iesnieguma pamata, tad šāda rīcība jau pēc noklusējuma ir kaitējusi kāda bērna interesēm. No šobrīd pieejamās informācijas ir redzams, ka pēc varmācīgas bērnu atgriešanas “obligātai ārstēšanai stacionārā”, izmisuma, stresa un šoka par vardarbīgu vecāku atņemšanu radītās ilgstošās pārslodzes dēļ bērna sirds bojājuma rādītāji pasliktinājās. Bērns, kura brieduma pakāpe pieļāva viņa viedokļa uzklausīšanu, Bāriņtiesas pārstāvei teica, ka grib mājās pie vecākiem. Bāriņtiesa neierobežoja vecāku saskarsmes tiesības ar bērniem laikā, kamēr vecāku aizgādības tiesības bija pārtrauktas. Pretēji bērna interesēm būt kopā ar vecākiem, tikšanos ierobežojumu - vienu stundu dienā - noteica slimnīca. Kad mammai atļautais īsais tikšanās laiks beidzās un bija jādodas prom, bērns smagi pārdzīvoja un katru dienu teica, ka grib uz mājām, raudāja... Tāpat bērns pārdzīvoja ilgstošus kustību ierobežojumus, atrašanos stresainā vidē. Periodā no 21.septembra līdz 7.oktobrim bērnam bija noteikts stingrs aizliegums kustēties un atstāt gultu. Režīms un izmeklējumi nedrīkst kaitēt bērna veselībai. Nepieciešamais miers un emocionālā drošība tā netiek nodrošināti. Apstākļi bērna emocionālajai labklājībai un drošībai, kas tiešā veidā ietekmē atveseļošanos, nebija bērnam piemēroti."
1153,11.10.2024 21:16:29,Āgenskalna klīnika,,,"Uzskatu, ka nav pieļaujams vispārējs, obligāts pienākums vakcinēties un nav pieļaujama vecāku tiesību ierobežošana uz nevakcinēšanās pamata. Katram cilvēkam veselības aprūpē ir jābūt tiesībām uzzināt par piemērojamās ārstniecības riskiem un brīvi, bez nelabvēlīgām sekām lemt, kas viņam vai viņa bērnam ir labāk. Vēl jo vairāk tāpēc, ka ārstniecībai, tostarp vakcinācijai, ir riski. Neviens ārsts nespēj paredzēt vai garantēt ārstniecības iznākumu, tāpēc ārstam ir pienākums skaidrot ieguvumus un riskus, iegūt pacienta informētu piekrišanu. Gala lēmumu drīkst pieņemt tikai cilvēks pats vai mazgadīga bērna aprūpētājs. Ārsts nedrīkst ārstniecību uzspiest. Piespiedu ārstniecība atbilstoši starptautiskām tiesību normām ir pielīdzināma miesas bojājumu nodarīšanai, faktiski spīdzināšanai. Jāpiebilst, ka neviens normatīvais akts neparedz nozīmēt bērniem obligātu ārstēšanu konkrētā slimnīcā. Valsts vakcinācijas programmas vadītāja rīkojas ļaunprātīgi un neētiski, uzstājot, ka aicinājums ārstus izglītot ētiski nav pieļaujams, jo tas traucējot vakcīnu reklāmas pasākumu. Ja augstākā par vakcināciju atbildīgā amatpersona pretlikumīgi neuzrāda savu iespējamu interešu konfliktu (nesniedz atrunu), tad ārstiem, kuriem rūp ārstu mūžizglītības pasākumu kvalitāte un atbilstība likumam, un kuriem rūp pacientu tiesības, nav citas iespējas, kā vien izteikties publiski un darīt to zināmu plašai sabiedrībai. Vai arī klusēt, tādējādi pasīvi atbalstot ārstu ētikas un pacientu tiesību sistemātisku iznīcināšanu Latvijā...Saistībā ar vārda brīvības ierobežojumiem, kuri sākās kovidvakcinācijas kampaņas laikā kā manipulatīvs aicinājums aizliegt “viltus ziņas”, ir izveidojusies absurda situācija - ārstiem ar ārstiem par veselības aprūpes svarīgiem jautājumiem ir jādiskutē feisbukā, jo klātienē ir sirreāla pieredze, un proti, uz pierādījumiem balstītas diskusijas vietā man neļauj runāt, neatbild arī uz rakstiski iesniegtiem jautājumiem, grūsta, draud sist pa seju vai, iespējams, slēgtā sēdē, slepus atņemt man ārsta sertifikātu.Ārstu ētikas komisijas vairākuma balsojumi ne vienmēr ir ētiski.http://www.bernuarsts.lv/kapec-nedrikst-but-diskriminejoss-pacientu-skirosanas-plans/http://www.bernuarsts.lv/tiem-kurus-gatavojas-nearstet-ir-tiesibas-to-zinat/Cilvēka dzīvību apdraudoši lēmumi par cilvēktiesību ierobežojumiem, veselību un dzīvību apdraudošiem pienākumiem ir brīvi jādiskutē publiski.Ir izveidojusies absurda situācija - vārda brīvība Latvijā tehniski ir atcelta, jo par to, kas ir vai nav viltus ziņas, lemj valsts pārvaldes (vai arī lielo farmācijas kompāniju?) apmaksāti cilvēki ar nepārprotamu interešu konfliktu, kamēr sabiedriskie mediji klusē, vai arī atspoguļo tikai valsts pārvaldes viedokli.Ārstu izglītība un cilvēktiesību, tostarp pacientu tiesību ievērošana Latvijā šobrīd ir savā zemākajā punktā. Pacientu veselības aprūpes drošību var uzlabot vienīgi uzklausot un publiskojot ārstu un pacientu brīvi izteiktus, argumentētus viedokļus. Veselības aprūpes un ārstu izglītības organizatori, kas to nesaprot, nav piemēroti savam amatam.Kā rāda kovidvakcinācijas pieredze Latvijā, ja politiķu ieceltie veselības aprūpes organizatori pieņems jaunus ierobežojumus vai atkal noteiks obligātu pienākumu vakcinēties, būs tikai sliktāk. Cilvēku mirstība Latvijā atkal pieaugs.http://www.bernuarsts.lv/jautajumi-un-atbildes-par-vakcinaciju-pret-covid-latvija/http://www.bernuarsts.lv/vakcinas-izraisiti-veselibas-traucejumi/Kopā mēs varam!!!Kopā mēs darām!!!/Dr.E.Mednis/#AgenskalnaKlinika #KopaMesVaram #DziveBezBailem #IzglabDraugu #SargiBernus #KopaMesDaram"
1154,11.10.2024 21:35:11,Āgenskalna klīnika,,,
1155,11.10.2024 22:08:22,Āgenskalna klīnika,,,
1156,12.10.2024 15:18:03,Āgenskalna klīnika,,,
1157,12.10.2024 15:54:57,Āgenskalna klīnika,,,"Re, te vēl mums raksta mūsu lasītāji:Tas kungs jau ir vēl arī šeit:https://siffa.lv/lv/kontakti/Turklāt bija interesanti paskatities viņu Ētikas noteikumus (ātri pārskrēju pāri  -  ļoti gari, plaši sarežģīti), izdoti/apstiprināti 2020.gadā, kurus starp citu parakstījis šis kungs, kas tobrīd bijis valdes priekšsēdētājs (tāds apraksts), kā var saprast.Varbūt SIFFA varētu mums skaidrot šī kunga rīcību?Kopā mēs varam!!!Kopā mēs darām!!!/Dr.E.Mednis/#AgenskalnaKlinika #KopaMesVaram #DziveBezBailem #IzglabDraugu #SargiBernus #KopaMesDaram"
1158,12.10.2024 20:23:43,Āgenskalna klīnika,,,"Cilvēks izstāsta medicīnas vēsturi 5 minūtēs. īsi, bet konkrēti. Kas ir mūsdienu medicīnas radītāji un kādēļ tā tika radīta. Varam ticēt vai neticēt, bet tas jau būtību nemaina. Vienķarši padomājam par šo.Kopā mēs varam!!!Kopā mēs darām!!!/Dr.E.Mednis/#AgenskalnaKlinika #KopaMesVaram #DziveBezBailem #IzglabDraugu #SargiBernus #KopaMesDaram"
1159,12.10.2024 20:23:43,Āgenskalna klīnika,,,
1160,13.10.2024 12:06:20,Āgenskalna klīnika,,,
1161,14.10.2024 22:55:10,Āgenskalna klīnika,,,"Nu jau plašu rezonansi arī lielajos medijos ir izpelnījies skandāls RSU vakcinācijas konferencē ar Dr. A. Žeigura izraidīšanu no zāles par neērtiem jautājumiem konferences vadībai. Konkrēti Prof Zavadskai. Viens no jautājumiem bija par interešu konflikta neesamību. Par to Dr. Žeigurs tika rupji izraidīts no zāles. To darīja, iespējams, zāļu ražotāja MSD Latvijas biroja vadītājs Imants Sinka, kas ir arī Starptautisko inovatīvo farmaceitisko firmu asociācijas SIFFA valdes loceklis. Viņiem ir arī ētikas kodekss un Ētikas komisija, kurai var iesniegt iesniegumus un ierosinājumus. Piedāvāju visiem, kas vēlas uzrakstīt SIFFA Ētikas komisijai iesniegumu un lūgt izvērtēt vai tas bija Imants Sinka un, ja jā, tad viņa rīcību atbilstoši ētikas normām. Te arī SIFFA mājas lapa: https://siffa.lv/lv/etika-un-atklatiba/To pašu varam rakstīt arī uz MSD galveno mītni: https://www.msd.com/contact-us/worldwide-locations/Pievienošu zemāk arī video notikuma atgādinājumamKopā mēs varam!!!Kopā mēs darām!!!/Dr.E.Mednis/#AgenskalnaKlinika #KopaMesVaram #DziveBezBailem #IzglabDraugu #SargiBernus #KopaMesDaram"
1162,14.10.2024 22:55:34,Āgenskalna klīnika,,,Te video atgādinājums
1163,14.10.2024 22:55:34,Āgenskalna klīnika,,,
1164,15.10.2024 20:48:00,Āgenskalna klīnika,,,"Šodien pirmo reizi mūžā piedalījos tādā pasākumā. Bija diezgan interesanti. Bet baisi. Pēc abu meiteņu vecāku lūguma devāmies uz BKUS tikties ar ārstiem kā pieaicināti konsultanti,  lai saprastu, kas un kā meitenēm tiek ārstēts. No vecāku puses viss bija izdarīts - BKUS administrācijai un kardioloģijas nodaļai adresēts iesniegums iesniegts, ar lūgumu rast iespēju nodrošināt tikšanos ar vismaz vienu ārstējošo ārstu konkrētā datumā un laikā. Bijām trīs ārsti - Dr. Līcītis, Dr Žeigurs un es. Mums kompānijā bija zvērināts tiesu izpildītājs, kas fiksē notikumus. Sākām ar BKUS administrāciju. Aizgājām tur, izrādās, ka pēdējā brīdī viņi ir sūtījuši bērnu mammai vēstuli, kurā norāda, ka jāvienojas ar ārstējošo ārstu. Labi, ejam uz nodaļu. Sen nebiju bijis bērnu slimnīcā. Bija patīkami tur būt. Atcerējos studiju laikus. Daudz kas tur ir izmainījies. Tīri ārēji un arī attieksmes ziņā. Ārējās pārmaiņas ir patīkamas. Iekšējās… ne visai.Jāpiebilst, ka gājām bez naida, tikai koleģiāli aprunāties un, iespējams, sniegt palīdzīgu roku. Jo ir sajūta, ka ārstēšanas process, ja to tā var nosaukt, jo nekādas zāles netiek dotas, stagnē. Meitenēm labāk nepaliek un analīzes te labākas, te atkal sliktākas.Nodaļā sagaidīja mūs diezgan laipni, vienīgi dakteris izskatījās tāds nervozs (ļoti saprotu viņu). Māsiņas arī satrauktas, bet laipni ieaicināja mūs iekšā pārrunu telpā, piedāvāja apsēsties un solījās pacienāt ar kafiju. Un tad sākās... Ieradās BKUS administrācijas pārstāve kopā ar juristi (jaunu meiteni). Bija jānoklausās tāda dīvaina performance no šo divu, visnotaļ jauko dāmu puses. Varēju saprast, ka dusmīgas par šo situāciju un nevēlas neko ne dot, ne rādīt, ne arī runāt ar mums. Uz manis teikto, ka neesam nākuši karot un tikai un vienīgi rūpējamies par meiteņu veselību, vēlamies palīdzēt pēc vecāku uzaicinājuma, nebija nekādas pozitīvas reakcijas. Kā vēlāk izrādījās, pilnam komplektam koridorā bija izsaukts arī apsardzes darbinieks (visādam gadījumam, jo esam tak bīstami 😂). Kopš šo dāmu ierašanās arī dakteris ""uzvilkās"" un palika ļoti strikts - runāšot tikai ar vecākiem. Mūs palūdza iziet ārā gaitenī. Stāvam pie durvīm, gaidām rezultātu. Pienāk vēl divas dakteres un saka, ka esam NODAĻĀ un tagad vīrusu laiks, ka jāiet kur citur. Domāju: cik tālu sūtīs.  Izrādās, jāiet vien 3 metri līdz krēsliem. Tur, laikam, vīrusi mazāk. Paklausījām. Pasēdējām bariņā kopā ar apsargu. Tāds lādzīgs vīrs. Pēc garāka laiciņa iznāk ārā meiteņu mamma un saka, ka BKUS atsakās runāt ar jebkuru citu cilvēku, vienīgi mammu."
1165,15.10.2024 20:48:00,Āgenskalna klīnika,,,"Tāda dīvaina sajūta pēc šī visa. Manuprāt jebkurā ārstēšanās procesā galvenais cilvēks ir pacients. Un viņa vēlmes un labsajūta ir svētas. Vismaz tā vienmēr esmu rīkojies un uzskatījis. Izrādās, šis ir tas punkts, kas mainījies. Un ne uz to labāko pusi. Šī ģimene faktiski ir ieslodzījumā. Bez tiesībām aiziet, pārtraukt ""ārstniecību"", bez tiesībām pieaicināt ārstus, kam viņi uzticas, bez iespējām uz citu, alternatīvu viedokli. Kā vārdā? Un kas tad te īsti notiek? Izskatās pēc medicīniskas diktatūras vai medicīniska fašisma. Ar kādām tiesībām šī ģimene ir “ieslodzīta” BKUS nodaļā? Kādēļ mammai nav tiesību lemt par saviem bērniem un viņu ārstniecību? Kādēļ viņiem nav iespēju izņemt bērnus no BKUS, pārvest uz tādu klīniku, kam viņi uzticas vai turpināt veselības aprūpi nodrošināt ambulatori? Daudz jautājumu.  Protams, paliek arī jautājums kāpēc BKUS iestājas tādā pozā? Vai tā ir vienkārši galēja augstprātības pakāpe, jeb tā ir apzināta kaitniecība? Vai ar šo viņi grib pateikt: sataisījām ziepes un tagad labākā ir nolieguma un izvairīšanās taktika? Jebkurš informācijas vakuums rada dažādus minējumus. Arī es minu un izsaku savu viedokli, uzdodu jautājums. Jautājumus sev, jo cerība, ka kāds cits uz tiem atbildēs, nav nekāda. Bet šī situācija tikai stiprina pārliecību, ka kaut kas tajā visā nav pareizs un mums ir vēl jaudīgāk jāstrādā pie tā, lai šo ģimeni atbrīvotu no “ieslodzījuma” un jāsauc pie atbildības visas šī jezgas iniciatori. Neatkārtošos par roku dzelžiem, bet jebkurai rīcībai mēdz būt tiesiskas sekas, kā teica mans jurists. Un arī šajā gadījumā tās agrāk vai vēlāk iestāsies. Turam roku uz pulsa. Un darām!!!Kopā mēs varam!!!Kopā mēs darām!!!/Dr.E.Mednis/#AgenskalnaKlinika #KopaMesVaram #DziveBezBailem #IzglabDraugu #SargiBernus #KopaMesDaram"
1166,18.10.2024 22:46:23,Āgenskalna klīnika,,,"Šodien meitenēm esot bijis 14 (četrpadsmit) ārstu konsīlijs. Jaudīgi. Ko nolēma? Nolēma, ka kaut kas jānolemj. Tas tā vienā vārdā. Ja sīkāk - novērot, uztaisīt pāris izmeklējumus, no kuriem viens ar kontrastvielu. Neviens jau nerunā par to, ka tā var nelabvēlīgi ietekmēt sirds muskuli. Bet nu jātaisa. Un jānovēro abas. Lieki piebilst, ka novērošanas laiks netiek minēts. Un jautājums joprojām paliek atklāts: kādēļ nevar novērot mājās? Ja vecāki noīrē dzīvojamo platību Rīgā vai pie Rīgas, tad gulēt var taču arī tur. Pastaigāties var arī tur. Holtera monitoru var izīrēt un lietot mājās. Līdz BKUS, ja gadījumā sirds ritma traucējumi ir dažas minūtes. Tad kāpēc nevar novēroties mājās? Un ārsta apskati reizi dienā arī var mājās nodrošināt.Bet...... noslēgumā pats interesantākais. Kā jūs domājat, kāds ieteikums vecākiem? Faktiski nevis ieteikums, bet maigs uzspiediens.  Jā, pareizi! - Vakcinācija. Vecākiem esot jāsniedz atbilde vakcinācijas jautājumā. Mamma esot jautājusi - kad plānots uzsākt vakcināciju. Atbilde bija - nekavējoši. Un tagad es īsti nesaprotu. Vai man kaut kas ar zināšanām, jeb kā. Ja pareizi izprotu medicīnu, tad cilvēkam, kas ir pārslimojis konkrētu infekcijas slimību, ir jābūt antivielām pret šo slimību.  Tad ko godājamie BKUS kolēģi grib panākt savakcinējot šos bērnus? Un vēl - manuprāt cilvēkam, kas pārslimojis, kā BKUS paši raksta, smagu difteriju (infekcijas slimību), būtu jādod laiks, lai organisms atjaunotos. Vai ne tā? Un nākamais - bērniem ir miokardīts joprojām. Viņi tiek turēti stacionārā, jo stāvoklis esot nopietns. Tad jautājums - vai vakcinācija ar 6 komponentu vakcīnu, kāda ir difterijas vakcīna, kuras sastāvā ir gan difterijas un stingumkrampju toksoīdi, gan alumīnija sāļi, gan 3 antibiotikas un kas pēc savas būtības ir neirotoksiska, neradīs vēl tālāku un dziļāku miokarda bojājumu? Ja BKUS kolēģi domā par sirds vadīšanas traucējumiem, tad šeit pielieku klāt izkopējumu no kombinētās difterijas et al vakcīnas, kurā aprakstītas neirotoksiskas blaknes. Vai tiešām meitenēm vēl tas ir vajadzīgs? Tas jau izklausās pēc mēģinājuma nodarīt apzinātu kaitējumu bērniem. Kā vārdā? Kas vada šos cilvēkus? Kāds mērķis ir šīm darbībām? Patiesais mērķis, lai vai kāds tas būtu, nav par labu bērniem. Un tas, kā izskatās, pārkāpj galveno jebkura ārsta bausli - nekaitēt pacientam. Diezgan baisi to visu redzēt. Bet turpinām darīt visu iespējamo, lai meitenes pēc iespējas ātrāk tiktu brīvībā un spētu atgūt veselību.Kopā mēs varam!!!Kopā mēs darām!!!/Dr.E.Mednis/#AgenskalnaKlinika #KopaMesVaram #DziveBezBailem #IzglabDraugu #SargiBernus #KopaMesDaram"
1167,18.10.2024 22:46:42,Āgenskalna klīnika,,,
1168,22.10.2024 23:54:48,Āgenskalna klīnika,,,
1169,24.10.2024 08:52:44,Āgenskalna klīnika,,,Kopā mēs varam!!!Kopā mēs darām!!!/Dr.E.Mednis/#AgenskalnaKlinika #KopaMesVaram #DziveBezBailem #IzglabDraugu #SargiBernus #KopaMesDaram
1170,24.10.2024 08:52:44,Āgenskalna klīnika,,,
1171,24.10.2024 20:08:09,Āgenskalna klīnika,,,"Viens etaps nu ir beidzies. Bērnus dabūjām mājās. Tagad sākas atbildīgākais posms.  Esmu neizsakāmi priecīgas par to, kas šodien notika. Tā ir liela uzvara.  Liela uzvaram mums visiem. gan tiem, kas darīja, gan tiem, kas juta līdzi, gan tiem, kas ziedoja un visādi citādi palīdzēja. Nepacietīgajiem varu teikt, ka tas nebija ne viegli, ne arī vienkārši. Tādēļ arī kāds laiciņš pagāja. Mēs nevarējām atļauties vēlreiz sāks visu epopeju ar vecāku tiesību atņemšanu, policiju, un tā tālāk. Tādēļ tika sarakstīti daudz un dažādi dokumenti, iesniegti gan Bāriņtiesā, gan BKUS, gan arī citur, tā, lai padarītu visu bērnu izņemšanu no slimnīcas un tālāko atveseļošanos, kā arī ģimenes sadzīvi maksimāli drošu. Ceru, ka visām oficiālajām institūcijām pietiks prāta un cilvēcības nepasākt atkal ģimenes vajāšanu. Kaut gan arī tam mēs esam gatavi. Padoties netaisāmies. Lielākais darbs vēl stāv priekšā. Meitenes ir jāatveseļo gan fiziski, gan emocionāli. Protams sekos arī vēl gan tiesas procesi, gan citādas formālas darīšanas ar visiem, kas lēja samazgas pār visiem iesaistītajiem, visiem, kas pārkāpa likumu un terorizēja gan ģimeni, gan mani. Milzīgs darbs vēl stāv priekšā. tas būs ilgi, bet kādam tas liksies ļoti ilgi. Katrā ziņā beigās taisnība uzvarēs.Kopā mēs varam!!!Kopā mēs darām!!!/Dr.E.Mednis/#AgenskalnaKlinika #KopaMesVaram #DziveBezBailem #IzglabDraugu #SargiBernus #KopaMesDaram"
1172,25.10.2024 00:18:38,Āgenskalna klīnika,,,"Tagad pēc labi padarīta darba ir laiks padomāt par to, kas notiek. Un kā notiek. Tādas dīvainas sajūtas. Par kolēģiem un līdzcilvēkiem. Šoreiz vairāk par kolēģiem. Medicīnā vai paplašinot - dziedniecībā ir divi ceļi pa kuriem iet. Pirmais ir līdz vissmalkākajām niansēm izzināt vienu metodi, jeb vienu jomu. Un tajā arī strādāt, to pielietot. Otrs - gūt priekšstatu un apgūt vairākas jomas vai metodes. Pilnīgi skaidrs, ka katrā metodē nevarēs būt tik perfekts kā pirmajā gadījumā, bet, vismaz, ir daudzu instrumentu kopums. Ir no kā izvēlēties. tas ir tāpat kā labam amatniekam, kurš māk strādāt ar vienu instrumentu tikai, jeb tādam, kam ir instrumentu komplekts. Man patīk otrais. tādēļ esmu apguvis gan vispārējo medicīnu, gan homeopātiju (to nedrīkst praktizēt LV, ja nav sertifikāts kādā no klasiskās medicīnas jomām),, gan psiholoģiju, gan dziedniecību. Joprojām turpinu mācīties un apgūt arvien jaunas metodes. lai ir izvēle. Jo visiem pacientiem nekad nederēs viena un tā pati metode. tas ir gadījumā, ja gribu palīdzēt pēc būtības, nevis novērst tikai simptomus. vai pat tos nenovērst. nav jau labi vai slikti nevienā no pieejām. Pārsteidz vienīgi tas, ka tie, kam ir viens vien skrūvgriezis instrumentu somiņā skaļi kliedz, ka tā jau nu nevarēs izmantot visus instrumentus, jo šis ir pats labākais skrūvgriezis un tam ir jābūt vienīgajam instrumentam, ko drīkst lietot. Un to vajag noteikt ar likumu. Kungi un dāmas. Šis laiks ir beidzies. Viena skrūvgrieža laiks IR beidzies. paskatieties apkārt. Cik pasaule ir daudzveidīga. Cik daba ir daudzveidīga un dažāda. ieejiet kādā no būvniecības veikaliem, pieejiet pie skrūvgriežu plaukta un paskatieties cik to ir DAUDZ. Katrai vajadzībai savs. Bet tā ir tikai mehānika - tehnika. Bet šoreiz mēs runājam par cilvēkiem, to organismu un ārstēšanu. Man gan labāk patīk vārds dziedināšanu. paskatieties uz sevi, uz saviem tuvākajiem, tālākajiem un vēl tālākiem. Vai tad mēs esam vienādi? Kā jūs domājiet? Man acis žilbst no mūsu dažādības. Tad kā mēs varam gribēt, lai viens skrūvgriezis der visiem? Nederēs. Un nevar derēt. Un tad nonākam līdz vecajam spārnotajam teicienam - medicīna ir māksla. Tā tiešām arī IR MĀKSLA. Un kā mēs mākslā varam ieviest vadlīnijas un standartus? Ieejiet muzejā. jebkurā. Pastaigājiet pa zālēm. Papētiet gleznas, statujas, keramiku....... Vienādi? Nē! Vadlīnijas? Nē! Kuri mākslas darbi jums visvairāk patīk? Pareizi. Tie, kas atšķiras. Tie, kas ir savādāki. Tad kāpēc mēs gribam medicīnu nonivelēt? Kāpēc mēs pieprasām, lai visi ir vienādi. nav un nekad arī nebūs. Pierodiet. Un tādēļ arī mums vajag vairākas metodes. Tādēļ ir jāapgūst kas jauns un jāapgūst ar vien dažādākas metodes. Tikai tā mēs varam palīdzēt cilvēkiem dziedināties. Jo nav jau jēgas noņemt simptomu. Noņemsim šajā vietā, tas parādīsies citā. Un tā uz riņķi. Un tā pacients tikai staigā no viena kolēģa pie otra un pērk ar vien vairāk zāles. Un jo vairāk pērk, jo slimāks kļūst. paskatieties apkārt. parunājiet ar saviem vai arī ne saviem radiniekiem 70+. Cik tablešu dienā viņi patērē? Reizēm šermuļi skrien pār kauliem no tā kvantuma. Bet līdz slimības cēlonim tā arī neviens nav ""aizracies"". Nav jau laika. Kā man viena laba kolēģe savulaik teica uz manu jautājumu: kāpēc Tu raksti tās visas šausmas, ja zini, ka astma nedzīvo plaušās? Viņa atbildēja: nu ko tad Tu gribi, lai es 15 minūtēs (kas atvēlētas vizītei) visu dzīvi izrunāju? Un tā viņa strādā - izraksta zāles pēc vadlīnijām. Jo spiesta. lai gan saprot (saprata?), ka tā īsti tas nestrādā un tā cilvēkam nevar palīdzēt. Kā  tādā situācijā sadzīvot ar savu sirdsapziņu? Nezinu. Bet, laikam jau var. Es nepārmetu nevienam. Katrs drīkst darīt tā, kā viņš uzskata par vajadzīgu un pareizu. Bet nepārmetiet arī man. Sevišķi, ja nesaprotiet. Sliktāk ir ar tiem, kas pārdevušies un atpelna savus Jūdas grašus nomelnojot citus. Katrā ziņā, šīs ir brīnišķīgs laiks - patiesības laikmets. Tā nāk un arī vēl nāks gaismā. Un tie, kas nevar vai negrib iet laikam līdzi, izjutīs ar vien vairāk ciešanu. Un vainos citus savās sāpēs. Bet mūsu katra  liktenis ir katra mūsu paša rokās."
1173,25.10.2024 00:18:38,Āgenskalna klīnika,,,"Pļaujam to, ko iesējām. Katram mūsu darbam ir augļi. Ja kādam tie nepatīk, paskatāmies uz sevi. ielūkojamies savā sirdī. Pajautājam sev - kā es Tev varu palīdzēt? Un ieklausāmies. Atbilde būs. Iespējams, ļoti klusa. Bet būs. Un ir jābūt pietiekami klusam, lai to sadzirdētu. Ja ir vēlēšanās, protams. lai mums visiem sanāk sadzirdēt savu sirdsbalsi. 🕊❤️Kopā mēs varam!!!Kopā mēs darām!!!/Dr.E.Mednis/#AgenskalnaKlinika #KopaMesVaram #DziveBezBailem #IzglabDraugu #SargiBernus #KopaMesDaram"
1174,26.10.2024 18:54:49,Āgenskalna klīnika,,,
1176,01.11.2024 23:32:37,Āgenskalna klīnika,,,"Šodien atbraucu uz darbu, lai sāktu darbu ar pacientiem, bet pie kabineta ārdurvīm mani sagaidīja pārsteigums - tāds bariņš visai jauku dāmu. Kopskaitā četras. Kā izrādījās, tad puse ir no Valsts ieņēmumu dienesta. Otra puse no Vajāšanas inspekcijas (biju jau par šo inspekciju piemirsis). Paldies, ka atgādinājās, būtu vēl kādu kļūdu pieļāvis bez viņu vērīgās un rūpīgās acs. :) Tā mēs tur pusotru stundu ņēmāmies. Visai aizraujošs pasākums. Esot plānveida pārbaude. Kā tad. Vismaz padsmit gadus nevajadzēja, tagad pēkšņi... Tāpat kā kovidlaikā pēc runām par Ivermektīnu un atļaušanos kritizēt to, kas notiek valstī. Sava veida mutes aizbāšana. Interesanti, kas būs nākamais solis? Bet ....... šis fakts tikai liecina par to, cik ļoti trāpīju sistēmai un atsevišķiem darboņiem ar savu apņemšanos aizstāvēt divas mazas, burvīgas meitenītes un viņu vecākus. Īsta demokrātijas paraugstunda. Tas, par ko cīnījāmies uz barikādēm un kā dēļ balsojām par būšanu aliansēs un savienībās. Sistēma nekādi nevar pieļaut to, ka neiet pēc plāna. Pēc iecerētā plāna. Tā, ko ir iesūtījuši saimnieki no ārpuses un kas padevīgi, salīkušu muguriņu ir jāpilda. Viss bija tik jauki, visi plāna punkti izpildījās, un re, te kaut kāds ""lauku dakteris"" nojauca. Ar iesniegumiem Valsts policijai uzsākt kriminālprocesu nogāja greizi - to neierosināja, jo nav par ko, nolēma ķerties pie smagās artilērijas - VID. Jo tie gan jau kaut ko atradīs. Visiem var atrast. Arī pašam VIDam, ja pameklē.Un nevienam neinteresē konflikta būtība. Ir tikai auksts, cinisks naratīvs. Kā armijā. Izpildi vai mirsti. Kurš tad grib mirt. Jāpilda. Ja vēl par to saimnieks atmet treknāku luņķīti..... Kā suņukam. Diezgan nožēlojami.Bet šajā visā ir arī labā ziņa. Faktiski tās ir vairākas. Viena no tām, ka caur jebkurām grūtībām ejot mēs paliekam stiprāki. Otrā - tomēr ir tautas daļa, kas šobrīd apvienojas. Un, jo lielāks būs varas spiediens, jo ciešāk apvienosies. To nevar nejust. Domāju, ka arī valdošā kliķe to jūt. Tāpēc tā nervozē. Bet kungi, Jūs paši to radījāt! Paši mocījāt tautu pirms četriem gadiem. Viss it kā sanāca. Mēģinājāt tagad atkal. Kaut kas sāka neiet pēc plāna. Un varu pateikt priekšā - arī neies. Vairs neies. Cilvēki sāk saprast kas notiek. Nevar tautu muļķot bezgalīgi. Tas nav aitu bars. Ir ļoti daudz sakarīgu, domājošu cilvēku. Pagaidām vēl bailīgu, kas nav gatavi iet ielās, skaļi par sevi pastāvēt, bet to skaits, kas ir gatavi, strauji aug.Mēs paliekam stiprāki. Mēs paliekam gudrāki. Mūsu kļūst vairāk. Un vecie laiki beidzas. Vecās metodes ir nolemtas kraham. Gan medicīnā, gan politikā, gan citās jomās. Šobrīd viss mainās. Mainās daudzkārt vairāk kā mēs spējam iedomāties. Skatāmies, vērojam, dzīvojam pilnu krūti. Mēs uzvarēsim!Kopā mēs varam!!!Kopā mēs darām!!!/Dr.E.Mednis/#AgenskalnaKlinika #KopaMesVaram #DziveBezBailem #IzglabDraugu #SargiBernus #KopaMesDaram"
1177,06.11.2024 15:28:51,Āgenskalna klīnika,,,"Vēl cīņa nav galā un nebeigsies ....... Tagad Latvijas Ārstu biedrībai būs jāvērtē ļoti neērtu personāžu rīcība. Interesanti vai LĀB Ētikas komisija virzīs uz Sertifikācijas padomi arī Prof. Zavadskas un Imanta Sinkas lietu par sertifikātu anulēšanu ""sakarā ar rupjiem ārstu ētikas pārkāpumiem""? Un Latvijas Ārstu biedrībai būs iespēja parādīt savu mugurkaulu. Dzīvosim redzēsim. izrāde turpinās. Un paliks tikai interesantāk.Kopā mēs varam!!!Kopā mēs darām!!!/Dr.E.Mednis/#AgenskalnaKlinika #KopaMesVaram #DziveBezBailem #IzglabDraugu #SargiBernus #KopaMesDaram"
1178,06.11.2024 15:28:51,Āgenskalna klīnika,,,
1179,10.11.2024 23:08:39,Āgenskalna klīnika,,,
1180,14.11.2024 11:46:57,Āgenskalna klīnika,,,"Tars Ramats ir ceļā uz kolosālu projektu un aicina līdzi darboties, piedalīties projekta realizācijā.Tars Ramats:KOPIENU SKOLU TĪKLA RADĪŠANAS NOTIKUMSAicinu ģimenes, kas ir nobriedušas iet savu taku, apvienoties, lai radītu kopā realitāti, kas dod spēku, ir dzīva un radoša. Mēs pamazām aptveram un pieņemam, ka šādu realitāti neradīs Lāčplēši vai Antiņi vai citi pasaku tēli, ka mums pašiem būs jākļūst gan stipriem, gan jāatzīst sava muļķība, lai spētu izdarīt to, kas nav iespējams. Mums būs jāuzņemās pilnīga atbildība par sevi, ģimeni un tuvajiem, lai pārdzīvotu šos pārmaiņu laikus, kurus nav iespējams vairs nesajust.Daudzi gadi ir pagājuši domās, sarunās par to, kas vairs nav iederīgs. Tas bija svarīgi, lai spētu izkustēties no punkta, kas bijis ierasts un komfortabls, taču tālāk vecā noliegšana nepalīdzēs. Ir jāsāk darīt un radīt, lai to, ko vēlamies pieredzēt, piedzīvotu.Aicinu ģimenes, kas ir gatavas darbībai, kas ir atvērtas un drosmīgas spert soļus, kas iepriekš nav sperti, uz notikumu, kas var mainīt realitāti, sākot ar sevi, savu ģimeni un tuvāko cilvēku loku. Tas nav tikai par skološanos bērniem, bet, pirmkārt, jau pašiem. Tas ir arī par piedzimšanu un nomiršanu. Tas ir par veselību un veselumu. Tas ir par resursiem, ekonomiku un pārticību. Līdz tam ceļš ir tāls un neskaidrs, bet sākumā pietiek ar atvērtu prātu un sirdi. Ja spēsim atvērties viens otram un visumam, tad ceļš uz to visu sāksies.🌸❤️🌸❤️🌸❤️🌸❤️🌸❤️🌸❤️🌸Vairāk info http://www.manataka.lv/dziva-skola/dzivas-skolas-notikumi/Kopā mēs varam!!!Kopā mēs darām!!!/Dr.E.Mednis/#AgenskalnaKlinika #KopaMesVaram #DziveBezBailem #IzglabDraugu #SargiBernus #KopaMesDaram"
1181,18.11.2024 20:24:01,Āgenskalna klīnika,,,"Interesants teksts atradās interneta dzīlēs. Es arī domāju par to, ka man nav svētku sajūtas. man nav prieka par šo brīvdienu. Man nav prieka par šo, tā saucamo valsti. Kāpēc? Tāpēc. lasiet Simonas rakstīto. Es pievienojos par visiem 💯. Domāju arī par to vai ""Latvijas laikā""   Latvija bija patiesi neatkarīga, jeb tāpat kā šodien vasaļvalsts. papētot vēsturi kārtējā vilšanās - tāpat kā šodien. Kur tā saucamā valdība saņem direktīvas no ārzemju vēstniecībām kas ir ""jāiebaro""tautai.Gribēju rakstīt, ka nav mums savu lāčplēšu. Bet ir.  Tikai viņi nesēž tajā glaunajā mājā Vecrīgā. Viņi klusu un mierīgi dara savu darbu savās lauku sētās¸ savās mājās, ar saviem bērniem kalpojot līdzcilvēkiem. Kalpojot savai tautai. Kalpojot saviem bērniem un veidojot viņu nākotni.Saule aust!Te Simonas rakstītais:Simona Kalniņa:Šodien esot Latvijas dzimšanas diena, un tai par godu - svētki. Vairumam pie krūtīm ir karodziņš un prieks par brīvdienu. Man nav ne viens, ne otrs, un arī ne svētku izjūta, jo, izzinot vairākus gadus, kur tad mēs dzīvojam, kas tad patiesībā ir tas veidojums, kas sevi pasludina par valsti, man nav nekāda atbalsta šai noziedzīgajai sistēmai, kas domāta cilvēka spēku izsmelšanai, pilnīgai pakļaušanai un visa iznīcināšanai. Tas, kas tiek saukts par patriotismu, nav nekas vairāk par spēlēšanu uz jūtām. Tie, kas iedomājas sevi pie varas esam un kas sludina patriotismu, patiesībā tikai kurina naidu, vairo lepnību un aizmiglo acis, lai aiz saukļiem neredzētu, ka valsts nav. Kopš 2013.gada 1.septembra nevienas valsts vairs nav. Ir tikai komercstruktūras un korporācijas, kas sagrābušas varu, un kur galvenais ir peļņa. Tāpēc arī Lursoftā ir divas LATVIJAS REPUBLIKAS - Latvijas Republika un LATVIJAS REPUBLIKA. Neslēpj jau vairs neko, vienkārši cikvēki nav saskārušies ar šo informāciju un izpratuši tā nozīmi.Vai Tu lepojies ar Latvijas “valsti”? Es nē. Es to ignorēju, cik spēju, jo tādas nav. Mums viss ir atņemts. Mums vairs nav nekā. Pat ne zeme, ne ražotnes, pat ne savas teikšanas, jo esam Amerikas kolonija (visās “iestāžu” mājas lapās figurē gov.) Mums nav pat Satversmes, jo oriģinala vienkārši nav. Un iespējams, tas viss ar Proklamēšanu bija teātris, jo tieši teātrī notika sapulce. Lai latviešu tauta noticētu, ka nu viņiem būs kaut kas savs, un brīvība. Pat tā saucamā pase, ko nopirki, izrādās nav Tava, bet pieder korporācijai LATVIJAS REPUBLIKA.  Un Tavi bērni nav Tavi, bet piereģistrēti Korporacijā un iemainīti pret papīrīti ar nosaukumu dzimšanas apliecība. Viss ir izlaupīts un izzagts. Mums pat vairs nav teikšanas par gaisa telpu virs teritorijas, kur dzīvojam. Caur ķīmijtrasēm viss ir saindēts, un sekas ir un būs vēl vēlāk.  Mums nav teikšanas par pārtiku - mēs nezinām, vai piena pakā ir piens vai kāds surogāts no nezināmas izcelsmes subprodukta. Vai siers ir siers, un pīrādziņš ir pīrādziņš, ja uz tā rakstīts drukāšanas laiks… Mums nav savu īpašumu, ir tikai tiesības uz īpašumu (īpašumtiesības), kas reģistrētas svešas korporācijas reģistrā. Mums nav savas naudas, savas bankas. Pat vēsturi savu īsto mēs nezinām. Mums nestāsta par dižiem latviešiem, kas radīja unikālas tehnoloģijas pasaulē. Mums nestāsta par dižiem cilvēkiem, kas paveikuši neiespējamas lietas. Bet tādi ir. Mums nestāsta, ka šajā teritorijā, ko sauc par Latviju, vairs atlikuši vair tikai aptuveni miljons iedzīvotāju. Latvieši izmirst. Karogs, ģērbonis un himna, tie ir pirātiskās korporācijas atribūti. Tos lietojot kaut vai svētkos, Tu atbalsti šo svešo varu. Lepns vicinot karodziņu un dziedot žēlabaino gaudu dziesmu, Tu atbalsti šo varu, jo tie ir varas uzspiestie vienotie atribūti. Tā arī viņi dabū cilvēku neapzinātu piekrišanu viņu varai un teikšanai. Viņi taču redz, kā jūs priecājaties kā bērni par karodziņiem, kopējām rituālām izdarbām un saprot, ka ar šitiem var darīt, ko grib, jo viņi vienkārši neko nesajēdz. Viņiem (tautai) patīk šī iekārta, šī verga dzīve, šie nodokļi, šie noteikumi, kas nosaka pienākumus, bet atņēmuši gandrīz visas tiesības, šis beztiesiskums, šī kalpošana svešajiem, savas būtības aizmiršana utt… utt."
1182,18.11.2024 20:24:01,Āgenskalna klīnika,,,"Atbalstot šos svētkus, Tu atbalsti viņu varu. Un ja Tev kaut kas nepatīk - tad padomā, vai esi kaut ko darījis, lai to mainītu! Tāds ir mans novēlējums tautai - pacel skatu uz austošo sauli, jūti to spēku, kas tevi ceļ līdz…Kopā mēs varam!!!Kopā mēs darām!!!/Dr.E.Mednis/#AgenskalnaKlinika #KopaMesVaram #DziveBezBailem #IzglabDraugu #SargiBernus #KopaMesDaram"
1183,21.11.2024 21:36:38,Āgenskalna klīnika,,,
1184,24.11.2024 19:33:55,Āgenskalna klīnika,,,
1185,25.11.2024 09:15:30,Āgenskalna klīnika,,,"Mūs aicina ticēt zinātnei. Nu labi. Ticam. Bet ko tad zinātne saka? Kovidlaiku pārdzīvojām. Ko zinātne teica? neko jau labu. Vai arī kā kuram, atkarībā no mērķiem. Pazinu vairākas ģimenes, kam radinieki - jauni, spēcīgi, neslimojoši cilvēki saslima, nokļuva slimnīcā (iegāja savām kājām) un nedēļas laikā stāvoklis pasliktinājās un no slimnīcas iznesa ar kājām pa priekšu. Zinātne. Ivermektīnu aizliedza lietot, jo tās esot lopu zāles, lai gan pēc sākotnējiem pētījumiem tā efektivitāte bija ap 70% un maksāja salīdzinoši lēti, turpretim Remdesivir, kas maksāja ap 3000EUR viena deva, bet vajadzēja trīs, efektivitāte bija 20% un tas bija ļooooti toksisks aknām un nierēm. Ivermektīns turpretim ir vienas no drošākajām zālēm. Un ....... pārsteidzoši, tagad tas ir par PVO rekomendācijās. Šai sakarā gaidu Vajāšanas inspekcijas un Latvijas Ārstu biedrības atvainošanos par represijām, kas tika izvērstas pret mani Ivermektīna sakarā. tai skaitā VI aizliegumu runāt un nozīmēt Ivermektīnu un LĀB Ētikas komisijas lēmumu ar ieteikumu nerunāt par to un nenozīmēt. Rīt uzdošu šo jautājumu LĀB juristei Elitai Vīksnai un Sertifikācijas komisijas locekļiem par LĀB kā instrumentu valdošā politiskā grupējuma rokās, lai realizētu noteiktā politiskā naratīva īstenošanu un mutes aizbāšanu citādi domājošiem un runājošiem ārstiem.Turpinām ticēt. Singulair. Ir vadlīnijās, kas balstītas uz zinātni. Izmanto bronhiālās astmas ārstēšanai. Tagad gan atraduši lētāku analogu. gadiem lietoja ticībā un cerībā. Izrādās kas? izraisa ļoti nevēlamas psihiskas reakcijas bērniem visā pasaulē. Turpinām ticēt? Zinātne laba lieta. Cik ir tādu zāļu (farmaceitisko preparātu), kas tiek plaši lietoti un pēc laiciņa izrādās, ka tomēr nav īsti labi - izraisa vai nu vēzi, vai arī psihiskas novirzes vai kādus citus labas blakus efektus.  jautājums: kas tas ir? Vai tā ir apzināta rīcība? Domājam paši. Un turpinām ticēt? Es nē. Es neticu šai zinātnei, jo tā nav tā, ko mums mācīja Rīgas Medicīnas institūtā un vēlāk Latvijas Medicīnas akadēmijā. kaut kas ir noticis ar šo zinātni. vai arī mēs esam to beidzot ieraudzījuši. Lai vai kā ir zinātne arī ārpus labi apmaksātās farma zinātnes. Es izvēlos ticēt tai otrai. Jo, manuprāt, tā ved uz patiesu atveseļošanos. Katram savs.Kopā mēs varam!!!Kopā mēs darām!!!/Dr.E.Mednis/#AgenskalnaKlinika #KopaMesVaram #DziveBezBailem #IzglabDraugu #SargiBernus #KopaMesDaram"
1186,25.11.2024 09:15:30,Āgenskalna klīnika,,,
1187,25.11.2024 16:10:51,Āgenskalna klīnika,,,
1188,26.11.2024 09:35:52,Āgenskalna klīnika,,,
1189,26.11.2024 23:13:43,Āgenskalna klīnika,,,"Es gribēju pateikt milzīīīīgu PALDIES visiem maniem atbalstītājiem, visiem, kas bija atnākuši uz piketu pie Ārstu biedrības, visiem, kas dažādu iemeslu dēļ nebija klātienē, bet juta līdzi un piedomāja labas domas. PALDIES jums, ka esiet. Paldies Jūlijai Stepaņenko par šī piketa ideju un tās praktisku realizāciju, paldies visiem, kas filmēja, kas man rakstīja personīgi. Mēs kopā esam spēks!!!Pagaidām oficiāla lēmuma par Sertifikācijas padomes lēmumu man vēl nav. Ir parādījies video ar ""pa sētas durvīm"" iegūtu informāciju. gaidām kad atsūtīs oficiālu dokumentu, tad varēsim spriest ko darīt tālāk.Lai kāds arī būtu Padomes lēmums, dzīve nebeidzas. Pēc sajūtām, man šis ir tāds pagrieziena punkts, kas ļauj apjaust savu spēku, savu varēšanu. Nostiprina pārliecību, ka es rīkojos pareizi, jo daru to saskaņā ar savu sirdsapziņu un saviem ideāliem. Un nav tāda spēka, kas liktu man iet pret to. Sirdsapziņa nepārdodas. Esam kopā, darām, un mēs uzvarēsim. Gaisma jau aust. ☀️Vēlreiz lielum lielais paldies visiem jums, kas bijāt, kas esat un kas būsiet. ❤️❤️❤️Kopā mēs varam!!!Kopā mēs darām!!!/Dr.E.Mednis/#AgenskalnaKlinika #KopaMesVaram #DziveBezBailem #IzglabDraugu #SargiBernus #KopaMesDaram"
1190,26.11.2024 23:14:09,Āgenskalna klīnika,,,
1191,26.11.2024 23:14:44,Āgenskalna klīnika,,,
1192,26.11.2024 23:15:22,Āgenskalna klīnika,,,
1193,27.11.2024 09:38:34,Āgenskalna klīnika,,,
1194,01.12.2024 21:36:03,Āgenskalna klīnika,,,
1195,05.12.2024 09:07:21,Āgenskalna klīnika,,,"LĀB mājaslapas jaunumu sadaļā parādījies vēstījums, kurā biedrība atskaitās, kam un kādēļ pēdējo piecu gadu laikā anulēti ārstu sertifikāti. (https://www.arstubiedriba.lv/category/jaunumi/lab-zinas/) Mīlīga lasāmviela. Saprotama un atbilstoša tiesiskajam regulējumam. Vēstījuma beigās jauka rindkopa: “Ņemot vērā mediju un sabiedrības iepriekšējo interesi par lēmuma pieņemšanu dr. Edgara Medņa lietā, informējam, ka šajā sagatavotajā materiālā nav ietverta informācija par dr. Edgara Medņa lietu saistībā ar to, ka rakstveida lēmums vēl ir sagatavošanā un lēmums nav stājies spēkā.” Kas tas ir? Pieļauju, ka gatavināšana. Redziet, tauta, tas nav nekas ārkārtējs, ir nācies pa kādam ārsta sertifikātam anulēt, arī šajā reizē varbūt izdosies. Ja vien veiksmīgi (vai tizli) sabrauksim auzās ar tiesiskā regulējuma piemērošanu.... Atminos ainu no LĀB Sertifikācijas padomes sēdes, kad LĀB pieaicinātās juristes palīdze sēdes sākumā uzskaitīja un nolasīja manas lietas materiālus. Tika pieminēts Centrālās medicīnas ētikas komitejas ""ieteikums"" anulēt man ārsta sertifikātus. Interesanti. Ieskatījos Centrālās medicīnas ētikas komitejas nolikumā ( t.i. MK 13.01.98. noteikumi Nr.9.). Nolikums skaidri nosaka, kādus jautājumus šī komiteja izskata, un tie ir biomedicīniskā progresa ētikas jautājumi. Šajos MK noteikumos (nolikumā) definēts, ka tas ir attiecināms uz cilvēktiesību un cilvēka cieņas aizsardzību ģenētiskajos, dzimuma atlases, transplantācijas un citos zinātniskajos pētījumos.   Te rodas jautājums - kāds šādai komitejai vispār sakars ar manām publikācijām sociālajos tīklos?! Var jau būt, ka LĀB ir spējusi pamatot un pierādīt, ka viedokļa paušana (turklāt citāta formā) attiecas uz biomedicīnisko progresu. Būtu interesanti iepazīties ar šādu pamatojumu. Man gan tas vairāk liecina par centieniem mākslīgi piešķirt svarīgumu nekompetentai rīcībai – jo vairāk dažādu institūciju viedokļus lietā savāksim, jo draudīgāk (varbūt nopietnāk?) tas izskatīsies. Realitātē ar tādām pašām sekmēm varēja prasīt viedokli arī, piemēram, Sankciju koordinācijas padomei, Zivsaimniecības konsultatīvai padomei, vai kaut Pārtikas un veterinārajam dienestam. Kad jau, tad jau – kvantitāte šajā gadījumā pārāka par kvalitāti.Un tad vēl spriņģes kā iesniedzējas pieminēšana, uz kuras iesnieguma pamata visa šī jezga sākās. Lieki teikt, ka šī madāma nav ne mana paciente, ne kolēģe, līdz ar to viņas ambiciozā prasība anulēt ārsta sertifikātu LĀB ir vērtējama tieši tik pat, cik, piemēram, Pētera no Pampāļiem iesniegums valdībai ar prasību atlaist kādu ministru par viņa nedarbiem, kurus Pēteris uzskaitījis. Vai kādreiz kādam Pēterim, Jānim vai Ilzei kas tāds ir izdevies? Nekad. Bet spriņģe var. Jo žurnāliste. Aizjūras onkuļu sponsorēta un ne visos jautājumos, par ko pati raksta vai runā, izglītota , bet žurnāliste. Katrā ziņā garlaicīgi nav. Brīžiem var tikai pabrīnīties, kādās galējībās ir gatavi iet tie, kam deleģētas kādas funkcijas un iedota kripatiņa varas, taču trūkst izpratnes, kā godprātīgi to visu izmantot.Kopā mēs varam!!!Kopā mēs darām!!!/Dr.E.Mednis/#AgenskalnaKlinika #KopaMesVaram #DziveBezBailem #IzglabDraugu #SargiBernus #KopaMesDaram"
1196,06.12.2024 23:00:17,Āgenskalna klīnika,,,"Dzīvojam paralēlajās pasaulēs. Un, protams., nāk prātā Alise Brīnumzemē. To, ka man ir atņemti sertifikāti, man nākas uzzināt no preses. Man līdz šim nav LĀB sertifikācijas padomes lēmuma. Neesmu to saņēmis. paralēlā realitāte tādēļ, ka normāli un tiesiski būtu man saņemt lēmumu, kurā ir verdikts, un arī aprakstītas iespējas pārsūdzēt. Līdz galīgā lēmuma pieņemšanai sertifikāti ir darbīgi. Tā man solīja LĀB juriste Ilze Vilka sertifikācijas padomes sēdē. Rezultāts dīvains un man īsti nesaprotams. Un nesaprotams arī no tiesiskā viedokļa. Nu jau lēnām slīdam vēsturē - no Brežņeva laikiem uz agrīnajiem Brežņeva laikiem un tālāk pie Ņikitas Sergejeviča. Cerams, ka līdz Josifa laikiem nenonāksim. Kaut gan ko var zināt.Katrā ziņā interesanti. Šie asins un varaskārie plānprātiņi (atvainojiet par tiešumu) pieļauj vienu juridisku kļūdu pēc otras. Kolosāli. Būs juristiem darbiņš un pamatojums lēmuma apstrīdēšanai. Un arī pozitīva lēmuma panākšanai. Prieki, kā izskatās būs īsi.Bet līdz tam ....... Jau labu laiku domāju par atšķirību starp terminiem ""ārstēt"" un ""dziedināt"". Un tā ir milzīga. Līdz šim runāju, ka ārstēju, bet vienmēr mēģināju tomēr dziedināt. Tagad ir pienācis laiks ""legalizēties"" 😄 Turpmāk strādāšu kā dziednieks. Šobrīd arī kārtoju dziednieka sertifikātu. Man būs aizliegts ārstēt, bet drīkstēšu konsultēt par veselības jautājumiem (izglītība) un dziedināt. To arī darīšu pilnā apmērā. Tiem, kas piedāvā m,an izmantot kāda cita ārsta ""vadību"", apbēdināšu. Es esmu pats par sevi un neizmantošu savus kolēģus. Tas man atbrīvos rokas un arī muti (varēšu brīvi runāt, nebaidoties par atkal kādas vasaļorganizācijas viedokli un pasūtījumu. Dziedniecību esmu mācījies pie vairākiem speciālistiem. Kristāla bumbā skatīties vēl nemāku, bet auru nobalansēt māku un enerģētisko kaitējumu noņemt arī māku. Šajā sakarā man ir piedāvājums Ingai Spriņģei @ingaspringe par veikto milzīgo ieguldījumu manas necilās personības popularizēšanā: 50% atlaide ""jaunajiem"" pakalpojumiem - auras balansēšanai vai kaitējuma noņemšanai. Pierakstieties caur reģistratūru vai rakstot man personīgi. Iespējams tas Jums noderēs.Nekas nebeidzas, viss tikai sākas un paliek ar vien interesantāk dzīvot.Kopā mēs varam!!!Kopā mēs darām!!!/Dr.E.Mednis/#AgenskalnaKlinika #KopaMesVaram #DziveBezBailem #IzglabDraugu #SargiBernus #KopaMesDaram"
1197,06.12.2024 23:00:40,Āgenskalna klīnika,,,
1198,06.12.2024 23:28:53,Āgenskalna klīnika,,,"Un te arī jurista viedoklis, kam pievienojos par visiem 200%:Darām zināmu, ka dr.Edgars Mednis NAV SAŅĒMIS LĀB Sertifikācijas padomes lēmumu par ārsta sertifikātu anulēšanu.Atbilstoši Paziņošanas likuma nosacījumiem dokuments, kas sūtīts pa elektronisko pastu, uzskatāms par paziņotu otrajā darba dienā pēc tā nosūtīšanas. Savukārt dokuments, kas paziņots kā ierakstīts pasta sūtījums, uzskatāms par paziņotu septītajā dienā pēc tā nodošanas pastā. Dr.Mednis šobrīd nav oficiāli saņēmis lēmumu nekādā veidā! Tiesiskais regulējums nosaka, ka Sertifikācijas padomes lēmumu var apstrīdēt Veselības ministrijā viena mēneša laikā no tā spēkā stāšanās dienas. Ja tiek pieņemts lēmums par sertifikāta anulēšanu vai apturēšanu, sertifikāts ir spēkā līdz brīdim, kamēr beidzas pārsūdzības termiņš Veselības ministrijas lēmumam. Tas nozīmē, ka dr.Medņa sertifikāti abās specialitātēs ir un būs spēkā līdz minētajam termiņam. Neskatoties uz tiesību normās noteikto kārtību, Veselības inspekcija jau ir aizskrējusi zirgam pa priekšu un atsūtījusi lēmumu, ka ar 06.12.2024. veiks atzīmes Ārstniecības personu un ārstniecības atbalsta personu reģistrā par abu dr.Medņa sertifikātu anulēšanu, kā arī atzīmi informācijā “Ārstniecības personas darbavietu informācija” laukā “Atbrīvošanas datums” specialitātei un amatam pediatrs, specialitātei un amatam homeopāts. Mediju paziņojumi šobrīd dezinformē sabiedrību, diskreditē lēmumu pieņēmušo iestādi un maldina dr.Medņa pacientus. Kas tas ir – juridiskais analfabētisms, aptumšotu prātu nekompetence, kognitīvo spēju totāls zudums vai vienkārši stulba pakļaušanās režīma marionetēm – spriediet paši. Neticēju kolēģu – advokātu teiktajam par LĀB un VI juridisko vājprātu daudzu garumā, tagad tā izpausmes redzu visā krāšņumā. Par masmēdekļu darboņu intelektuālajām spējām ilūziju nav jau sen – gludas, ar banknotēm apklātas smadzenes. Būs jautri! Diemžēl, kādam bariņam ilgtermiņā arī sāpīgi, apkaunojoši un dārgi...Kopā mēs varam!!!Kopā mēs darām!!!/Dr.E.Mednis/#AgenskalnaKlinika #KopaMesVaram #DziveBezBailem #IzglabDraugu #SargiBernus #KopaMesDaram"
1199,08.12.2024 17:21:24,Āgenskalna klīnika,,,
1200,09.12.2024 13:20:10,Āgenskalna klīnika,,,"Visi, kas vēlas, laipni lūgti reģistrēties starptautiskai konferencei.Starptautiska konference latviešu valodā. ""PACIENTU TIESĪBAS GLOBĀLĀS VESELĪBAS POLITIKĀ: VAKCINĀCIJA UN PANDĒMIJU PĀRVALDĪBA""""PATIENT’S RIGHTS IN GLOBAL HEALTH POLICY: Vaccination and Pandemic Managment"".Konferencē piedalīsies drosmīgākie Latvijas ārsti un juristi.✅2024. gada 17. Decembrī ✅Plkst 18:30 ✅Konference notiks: Bellevue Park Hotel Rīga, Slokas iela 1-1.REĢISTRĀCIJA DALĪBAI KONFERENCĒ IR OBLIGĀTA. Vietu skaits ir ierobežots.Reģistrējies te līdz 10.12.24.⬇️⬇️⬇️✅Links uz reģistrāciju. https://forms.gle/x3HrRo1oDVSTgNRg8Ja rodas problēmas ar reģistrāciju, rakstat uz e-pastu konferencesv@gmail.com"
1201,09.12.2024 22:43:57,Āgenskalna klīnika,,,Latvijas Tautas kanāls aicina...... Balsojam :))
1202,09.12.2024 22:43:57,Āgenskalna klīnika,,,
1203,15.12.2024 16:27:25,Āgenskalna klīnika,,,"Svētdienas vakar atslodzei labākais no profesora Andra Skrides. Viņš pauž svētu patiesību. Latvijas Ārstu biedrība, protams, nesaredz šeit ne ētikas pārkāpumus, ne arī klaju cilvēku maldināšanu. Cik cilvēki ir miruši šī cienījamā profesora izteikumu dēļ? https://www.youtube.com/watch?v=xPNQ7FQhL2IKopā mēs varam!!!Kopā mēs darām!!!/Dr.E.Mednis/#AgenskalnaKlinika #KopaMesVaram #DziveBezBailem #IzglabDraugu #SargiBernus #KopaMesDaram"
1204,22.12.2024 23:42:38,Āgenskalna klīnika,,,
1205,25.12.2024 09:45:50,Āgenskalna klīnika,,,
1206,31.12.2024 14:02:27,Āgenskalna klīnika,,,
1207,31.12.2024 16:42:10,Āgenskalna klīnika,,,
1209,06.01.2025 23:37:58,Āgenskalna klīnika,,,
1210,06.01.2025 23:41:47,Āgenskalna klīnika,,,
1211,08.01.2025 08:37:08,Āgenskalna klīnika,,,"Kvēlākie sveicieni Ingai Spriņģei un arī līdzjūtība viņai sakarā ar eventuālu darba zaudēšanu. Cukam faktčekeri vairs nebūšot vajadzīgi, jo tautas svētas tiesības esot brīvi izpausties, brīvi paust savu viedokli. Godam viņa cīnījās. Godam meloja, izkropļoja faktus, godam centās ar dažādu nepatiesību un puspatiesību palīdzību ""atspēkot"" faktus un jau sen visiem zināmas patiesības. Kaut kādu nezināmu iemeslu dēļ Cuks ir pārvilcis čībiņas lidojumā. Esot pat Mar-A-Lago bijis un 1 miljonu dolāru ziedojis jaunievēlētā ASV prezidenta kampaņai. Kas ir noticis? Kāpēc tā? Vai kaut kas ir mainījies. Šobrīd, kā izskatās, mainās pilnīgi viss - gan pasaules karte, gan ierastās paradigmas un uzskati. Spēj tik sekot visam līdzi. Un mainīsies vēl vairāk un vēl straujāk. Bet, lai arī kā gribētos, saglabājam vēsu prātu, skaidru galvu, siltas kājas un vērojam. Kā ir rakstīts Maksā un Moricā: vēl daudz notikumu priekšā, liekam jaunu bildi iekšā.Kopā mēs varam!!!Kopā mēs darām!!!/Dr.E.Mednis/#AgenskalnaKlinika #KopaMesVaram #DziveBezBailem #IzglabDraugu #SargiBernus #KopaMesDaram"
1212,08.01.2025 08:37:08,Āgenskalna klīnika,,,
1213,08.01.2025 19:06:27,Āgenskalna klīnika,,,"Atbalstām, lūdzu, iniciatīvu:Tiek vākti paraksti, lai liegtu izcirst mežu un nodot apbūvei Baltās kāpas rajonu pie Lielupes.https://manabalss.lv/saglabasim-varnukroga-baltas-kapas-mezu-iedzivotajiem/showLīdz 21.janvārim aktīvisti vāc parakstus, lai pēc Latvijas iedzīvotāju iniciatīvas projektu apturētu.https://www.jab.lv/Es parakstīju.Kopā mēs varam!!!Kopā mēs darām!!!/Dr.E.Mednis/#AgenskalnaKlinika #KopaMesVaram #DziveBezBailem #IzglabDraugu #SargiBernus #KopaMesDaram"
1214,10.01.2025 21:03:11,Āgenskalna klīnika,,,"Veselības ministrija ir izsludinājusi sabiedrisko apspriešanu grozījumiem MK`Vakcinācijas noteikumos Nr 330. Viss jau nebūtu nekas, bet ...... vecākus, kuri izvēlas savu bērnu nesašpricēt, grib kriminalizēt. Draud ar kriminālatbildību ja gadījumā bērns saslims ar kādu no slimībām pret ko vakcinē. Pilnīgs sviests un patvaļa. Tādā pat gadījumā lūdzu kriminālatbildību arī tiem, kas šos noteikumus veidoja un iniciēja, kā arī tiem, kas izpildīja pavēli: špricēt, tajā gadījumā ja kādam no sašpricētajiem ir kādas blaknes. Varētu cietumsoda laiku piemērot atkarībā no blakņu smaguma. Tā būtu godīgi. ja jau n uzņemamies atbildību, tad visi kopā. Patreiz sanāk tā, ka atbildību uzņemas tie vecāki, kas rūpējas par savu bērnu, iedziļinās tajā, kas bērnam tiek piedāvāts, lasa, izglītojas, izdara izvēli. Tiem, kam viss vienalga: uzticos ārstam, paši nedomā, nevēlas iedziļināties, un pieņem visu bez izšķirības, ko piedāvā, tiem viss ir labi. Tie ir īstie malači, kas par bērniem rūpējas. Vai tā? Distopija pilnīga. Kā jau ir ierasts - melns ir balts, jā ir nē ...... Un kur nu vēl prasīt atbildību no tiek, kas šito visu pielemj. Tiem būtu pirmajiem jāiet cietumā blakņu gadījumā. Jo tie ir tie cilvēki, kas ir vistiešāk atbildīgi par savu līdzcilvēku sakropļošanu. Pēc viņu pavēles tas tā būs noticis. Tādēļ aicinu visus, kas šo lasa, iesaistīties diskusijā un izteikt savu viedokli. Projekts ir publicēts šeit un šeit var arī piedalīties apspriešanā. Piedalāmies.https://tapportals.mk.gov.lv/public_participation/6ad82f14-7235-494c-92fb-e210af7573c6Visa sāls ir 9. pielikumā 4.lapaspuses beigās.Kopā mēs varam!!!Kopā mēs darām!!!/Dr.E.Mednis/#AgenskalnaKlinika #KopaMesVaram #DziveBezBailem #IzglabDraugu #SargiBernus #KopaMesDaram"
1215,10.01.2025 21:24:02,Āgenskalna klīnika,,,"Es pie grozījumu Vakcinācijas noteikumos projekta ierakstīju šādi:Esmu pret grozījumiem MK noteikumos Nr 330. Sevišķi jau pret vecāku kriminalizēšanu pie atteikšanās vakcinēt. Būsim godīgi, vakcīnām ir blaknes. Un tās nevar noliegt. Ja kriminalizējam šo grupu, kas atsakās, tad lūdzi kriminalizējam arī tos, kam viss vienalga, kas nelasa literatūru, kas nelasa vakcīnu anotācijas un kas paļaujoties tikai uz ārsta teikto vakcinē. Tāpat tad būtu jākriminalizē arī šo MK noteikumu veidotāji, sastādītāji un iedvesmotāji, jo, kā jau minēju visām vakcīnām ir blaknes. Un šo kategoriju lūdzu kriminalizēt par apzinātu kaitējuma nodarīšanu citiem cilvēkiem un jo sevišķi bērniem. Kā arī izņemiet no šiem MK noteikumiem bērnu atkārtotu vakcināciju ar MMR vakcīnu 4 gadu vecumā. Tam īsti nav pamatojuma.Un lūdzu ieviesiet šajos MK noteikumos obligātu prasību pirms katras vakcinācijas pēc 1 gada vecuma noteikt antivielas uz vakcinējamo slimību. lai ir skaidrs kāpēc tas tiek darīts.Kā arī noteikt par obligātu prasību personai kas vakcinē iepazīstināt ar VISĀM blaknēm to, kuru vakcinē vai viņa pilnvaroto personu vai aizbildni UN laicīgi iedot izlasīt zāļu lietošanas instrukciju valsts valodā. Kā arī paņemt parakstu no minētās personas, ka tā ir iepazinusies ar VISĀM vakcīnas blaknēm un piekrīt, ka viņa vai tās apgādībā esošs bērns tiek savakcinēts un uzņemas pilnu atbildību par visām sekām blakņu gadījumā.Kopā mēs varam!!!Kopā mēs darām!!!/Dr.E.Mednis/#AgenskalnaKlinika #KopaMesVaram #DziveBezBailem #IzglabDraugu #SargiBernus #KopaMesDaram"
1216,12.01.2025 20:45:36,Āgenskalna klīnika,,,
1217,12.01.2025 20:46:29,Āgenskalna klīnika,,,
1218,13.01.2025 10:59:27,Āgenskalna klīnika,,,"Lēnām viss nāk gaismā. Cik tas droši un efektīvi. Protams, jautājums ir par to kas ir mērķis. Kāds ir uzstādītais mērķis drošumam un efektivitātei? Cilvēku veselība, jeb depopulācija un pacientu tiražēšana, lai var pārdot vairāk medikamentu? Pēc pēdējo gadu notikumiem un kā tas tagad virzās¸ izskatās, ka otrais. Vakcīnas ir tikai viena no metodēm.  Viena no daudzām. Un mums katram ir tiesības izvēlēties ar kādu metodi un pie kura speciālista ārstēties. Tad kāpēc vakcinācija ir kļuvusi prioritāra? Tad varbūt varam iesniegt Veselības ministrijai priekšlikumu akupunktūru padarīt par obligātu visiem Latvijas tautas republikas iedzīvotājiem. Jeb varbūt labāk homeopātiju. Kolosāli skan: Homeopātija kā vienīgā ārstniecības metode LV. Vai ne? Obligāti visiem ir jāārstējas pie homeopāta. kas tur neārstēsies, tiks kriminalizēts un likts cietumā par nerūpēšanos par sevi. ja bērnus nevedīs pie homeopāta, tad kriminālatbildība par nolaidību pret bērna veselību un dzīvību. Kolosāli. Bet....... homeopātijai nav blakņu. Turpretim visām vakcīnām ir. Un, kā vienmēr, jautājums ir: kam tas ir izdevīgi? Vakcīnu gadījumā valdībai un farmācijai. Pamatā farmācijai. Un valdība tikai kā piedēklis jeb izpildorgāns farmācijas gigantu rokās. Peška. Ka teiks  lielie onkuļi, tā būs. Iespējams atmetīs kādu grasi. Aizsūtīs lēmēju uz kādu kongresu ārzemēs. Nopirks importa košļenes. Un varēs saviem bērniem tās atvest. Skaisti. Bet tie lēmēji, iespējams, nesaprot, ka viņi ir tikai marionetes. Un danco pēc stabules par nožēlojamiem Jūdas grašiem. Ņemot vērā, ka visām vakcīnām ir blaknes, tās var radīt gan īslaicīgus, gan arī ilglaicīgus veselības traucējumus. Izdevīgāki ir ilglaicīgie. Jo tie tak ir jāārstē. Un  ārstē ar ko? Ar medikamentiem, ko ražo tas pats vakcīnu ražotājs. Spilgts piemērs ir faizers ar savu kovidindi, kura rada trombus cilvēka asins vados. Protams, viņu kļastā ir arī trobolītiskie (pretrombu jeb trombus šķīdinošie) medikamenti. Bingo. Loks noslēdzas. Paši radām problēmu, paši risinām. Paši pūta, paši dega.  Un valdība kā Tabakijs Širhanam pie sāniem arī savu labu`miņu nokampj - paklausību. Pieņem likumu vai MK noteikumus un visiem tagad jāklausa. Laiki mainās, kungi un dāmas. Nekas vairs nebūs kā bija. Interesanti būs tuvāko gadu laikā. Kopā mēs varam!!!Kopā mēs darām!!!/Dr.E.Mednis/#AgenskalnaKlinika #KopaMesVaram #DziveBezBailem #IzglabDraugu #SargiBernus #KopaMesDaram"
1219,13.01.2025 10:59:27,Āgenskalna klīnika,,,
1220,13.01.2025 21:22:23,Āgenskalna klīnika,,,"Sakarā ar to, ka Veselības ministrija ir publicējusi uz iebiedēšanu balstītu MK Vakcinācijas noteikumu projektu, kas nodots sabiedrības apspriešanai un lielu sabiedrības daļu patiesi uztrauc šī kārtējā iebiedēšanas kampaņa, publicēju jurista sagatavotu atteikuma no vakcinācijas veidlapu (MK noteikumu Nr. 330 9. pielikums), ko katrs var izmantot pasargājot savu bērnu no potenciāli indīgas un kaitīgas substances ievadīšanas bērna ķermenī. Tālāk jurista rakstītais un viedoklis, kam 100% pievienojos:Sagatavoju atteikumu no vakcinācijas bērnam. Par pamatu ņemta sagatave no Ministru kabineta noteikumu Nr.330 ""Vakcinācijas noteikumi"" 9.pielikuma. Veidlapa ir uz divām lappusēm, to jāizdrukā, vēlams uz abām pusēm, lai sanāk viena lapa. Par katru bērnu jāpilda atsevišķs iesniegums. Tur ir ailītes, kuras pašam jāaizpilda ar roku - bērna vārds, dzimšanas dati, vecāka dati. Tabulā ar uzskaitītajām slimībām jāieliek ķeksīši, no kurām vakcīnām atsakās. Iesniegumu paraksta arī ārstniecības persona. Pamatojumu, kāpēc vecāks atsakās no bērna vakcinācijas, jau iedrukāju, tur neko pat nevajag papildināt. Ja nav skaidrs, no kurām vakcīnām atteikties, iesaku ķeksīšus likt visās, jo patiesībā tos draņķus nevajag nevienam bērnam un vakcinēšana ar nezināma sastāva un tehnoloģiju substancēm tiešām ir reāls drauds bērna veselībai un dzīvībai.Kopā mēs varam!!!Kopā mēs darām!!!/Dr.E.Mednis/#AgenskalnaKlinika #KopaMesVaram #DziveBezBailem #IzglabDraugu #SargiBernus #KopaMesDaram"
1221,13.01.2025 21:22:41,Āgenskalna klīnika,,,
1222,16.01.2025 14:51:31,Āgenskalna klīnika,,,"Šodien tāda dīvaina diena. No rīta man cilvēki ziņo, ka mani sertifikāti ir atjaunoti. Priecīgi. :) Bet skatos, ka joprojām nevaru piekļūt e-veselībai. Zvanu viņiem. Viņi saka, ka man neesot darba vietas. Uz jautājumu kā tas var būt, ja gadiem bija un pēkšņi nav, viņi iesaka vērsties Vajāšanas inspekcijā ar šo jautājumu. Zvanu viņiem - kundze ļoti nikna un ne pārāk laipna par tiešiem jautājumiem un saka, ka viņiem nav nekādas informācijas un viņi neko nevar un nezina, lai jautājot LĀB (Latvijas ārstu biedrībai). Zvanu viņiem. Sazvanu LĀB juristi, kas ir ļoti laipna un informē mani, ka jau pirms 2 dienām viņi ir nosūtījuši Vajāšanas inspekcijai e-pasta vēstuli, ka esmu lēmumu pārsūdzējis un man ir atjaunojami sertifikāti. Tad jautājums ir kā Vajāšanas inspekcija nezina to? Zvanu viņiem. Šoreiz ir cita meitene, ļoti laipna un saka, ka esot viss kārtībā un mani sertifikāti ir atjaunoti. Pārbaudot reģistrā - jā, bingo!!!, tiešām atjaunoti. Tad tas viss stāsts varētu nozīmēt to, ka vajāšanas inspekcija ne pārāk vēlējās atjaunot mani reģistrā un izlikās par beigtiem, ka viņi neko nezina kāmēr es nesāku meklēt. Dīvaini. Vai tā būtu kāda personīga lieta viņiem? Jeb apzināta kaitniecība? Eveselību nevaru šobrīd pārbaudīt, jo viņiem kārtējie traucējumi. Viss jau ir labi. Visi šie materiāli krājas kaudzītē un tiks iesniegti tiesā kā pierādījumi. varbūt pat ir ļoti labi, ka viņi tā rīkojas. Būs aizraujošāk vērot tiesas procesu.  Apbruņojamies ar papkornu. Lielo tūtu, jo ar mazo varētu nepietikt.Kopā mēs varam!!!Kopā mēs darām!!!/Dr.E.Mednis/#AgenskalnaKlinika #KopaMesVaram #DziveBezBailem #IzglabDraugu #SargiBernus #KopaMesDaram"
1223,21.01.2025 11:36:13,Āgenskalna klīnika,,,"Tas nu ir noticis. ASV ir izstājušās no PVO. Kas būs tālāk? Cik šis kartelis spēs pastāvēt. Protams jāpatur prātā, ka šis viss ir spēle. Un var būt dažādi zemūdens akmeņi. Un tādi noteikti būs. Bet pats fakts kā tāds ir vairāk nekā patīkams. Interesanti tikai kā uz šo reaģēs mūsu cienījamie medicīnas spīdekļi tādi kā Uga Dumpis, Dace Zavadska un citi? Šis fakts, iespējams, ko mainīs viņu darbībās.  pavērosim, paskatīsimies.Ir jau arī vēl labas ziņas. Sertifikātus man atjaunoja. Abus. Nebija diži ilgi jāgaida. Jāsaka godīgi, man gan dikti patika būt ārpus sistēmas. Ļoti labi jutos. Bet vispār tas notiek kā lētā seriālā - paši atņem, pēc tam paši iedod atpakaļ. Diezgan smieklīgi būtu, ja nebūtu tik nožēlojami. Arī e-veselībai speciālista piekļuvi man atjaunoja. Tā kā atkal esmu pilntiesīgs ārsts. Kārtējo  reizi gribas citēt Maksu un Moricu - vēl daudz notikumu priekšā, liekam jaunu bildi iekšā.Lai Top!!Kopā mēs varam!!!Kopā mēs darām!!!/Dr.E.Mednis/#AgenskalnaKlinika #KopaMesVaram #DziveBezBailem #IzglabDraugu #SargiBernus #KopaMesDaram"
1224,21.01.2025 11:36:13,Āgenskalna klīnika,,,
1226,23.01.2025 22:05:49,Āgenskalna klīnika,,,
1227,27.01.2025 08:56:33,Āgenskalna klīnika,,,Piekrītu Taram par visiem 💯Kopā mēs varam!!!Kopā mēs darām!!!/Dr.E.Mednis/#AgenskalnaKlinika #KopaMesVaram #DziveBezBailem #IzglabDraugu #SargiBernus #KopaMesDaram
1228,27.01.2025 08:56:33,Āgenskalna klīnika,,,
1229,27.01.2025 08:56:33,Āgenskalna klīnika,,,
1230,31.01.2025 21:40:08,Āgenskalna klīnika,,,"Padarīsim Latviju brīvu no tām vējdzirnavām, kas, iespējams, nedara neko labu Latvijas tautai un rada tikai zaudējumus un bojā apkārtējo iedzīvotāju veselību.https://manabalss.lv/par-latviju-bez-veja-parkiem/showKopā mēs varam!!!Kopā mēs darām!!!/Dr.E.Mednis/#AgenskalnaKlinika #KopaMesVaram #DziveBezBailem #IzglabDraugu #SargiBernus #KopaMesDaram"
1231,02.02.2025 12:17:02,Āgenskalna klīnika,,,
1232,09.02.2025 12:24:16,Āgenskalna klīnika,,,"Ieskatāmies sevī, savās attiecībās un sajūtās. Manuprāt ļoti vērtīgs pastāsts (krievu valodā) par sevi, mīlestību un attiecībām. ❤️🕊Kopā mēs varam!!!Kopā mēs darām!!!/Dr.E.Mednis/#AgenskalnaKlinika #KopaMesVaram #DziveBezBailem #IzglabDraugu #SargiBernus #KopaMesDaram"
1233,09.02.2025 12:24:16,Āgenskalna klīnika,,,
1234,14.02.2025 22:22:31,Āgenskalna klīnika,,,
1235,15.02.2025 10:50:26,Āgenskalna klīnika,,,"Te NORTH grupas jurista papildinājums:Kolēģi, draugi, lūdzu iesaistīties šajā iniciatīvā! ‼️Tas prasa minūti, viss ir uzrakstīts priekšā. Nobombardēsim to korumpēto kantori! No šādas pilsonisko tiesību izmantošanas tur sēdošie augstprāši ļoti baidās. Vakar dažu stundu laikā 100+ Francijas iedzīvotāji jau iesniedza. Sarūpēsim EMA darbonīšiem ražīgu pirmdienu! 😁  Piebildīšu - ja EMA neatbildēs un neatsūtīs prasīto informāciju 15 dienu laikā, mums būs pamats viņus sūdzēt tiesā. Tāpēc arī nepieciešams pārsūtīt ASK numuru uz norādīto e-pastu, tad prasības apvienosim un Jūs pārstāvēs jurists (Latvijā - es), ja būs nepieciešama tālāka cīņa ar EMA. Šāda pieredze mums jau ir. Process nav ātrs un vienkāršs, taču mēs, NORTH grupas juristi, esam tam sagatavojušies. ✊🏻Iesaistāmies!!!!Kopā mēs varam!!!Kopā mēs darām!!!/Dr.E.Mednis/#AgenskalnaKlinika #KopaMesVaram #DziveBezBailem #IzglabDraugu #SargiBernus #KopaMesDaram"
1236,18.02.2025 13:40:18,Āgenskalna klīnika,,,"Sveiciens visiem vaxmīļiem no Kenedija, ASV veselības ministra.Kopā mēs varam!!!Kopā mēs darām!!!/Dr.E.Mednis/#AgenskalnaKlinika #KopaMesVaram #DziveBezBailem #IzglabDraugu #SargiBernus #KopaMesDaram"
1237,18.02.2025 13:40:18,Āgenskalna klīnika,,,
1238,20.02.2025 12:54:18,Āgenskalna klīnika,,,"Ārprātīgo, varas un kara apsēsto cilvēciņu plosīšanās zināmā mērā pārsteidz. vai tiešām mums  nepietiek ar to, ka izputinām savu ekonomiku, ka sadārdzinām resursus, ka aizdzenam ģimenes trimdā -0 darām visu, lai Latvijas zeme paliktu tukša bez iedzīvotājiem. tagad nāk vēl jaunumi, ka mūsu puišiem jāiet karot. Kā vārdā? Par ko? Ko panākt? Sist krievus? OK, bet kas tālāk? Ko ar to panāksim? Sev labāku dzīvi? Pārticīgāku dzīvi? Jeb maziņu plusiņu kārtējā izkalpošanās ailītē gejropas biezajos aktu vākos? Plusiņi ir laba lieta, bet vai tā cena, ko samaksāsim ar mūsu kritušajiem karavīriem būs tā vērta? Manuprāt mums jau pietika ar cinka zārku kravām Afganistānas kara laikā. tāpat mūsu jaunieši gāja karā svešā, nevienam mūsu zemē nevajadzīgā karā. Tāpat tagad. Gribam cinka zārku kravas atkal? Rinkeviča kungs, vai Jūs būsiet iesaucamais ar Nr1, kas pieteiksies iet karot Ukrainā? Un kurš no valdības būs ar Nr2? vai Siliņas kundze būs medicīnas  vienībā? Neticu. tad par ko ir runa? varbūt mērķis ir panākt, lai jaunieši masveidā izbrauc no valsts uz kādu laiku? Un neatgriežas atpakaļ? Lai, tā teikt, tīrāks gaiss. Atbrīvojam zemi no aborigēniem. Uzcelsim kārtējo armijas poligonu. Skaisti. Patriotiski. Un domājot par mūsu zemes nākotni un uzplaukumu. Mammas un tēti, sargiet savus dēlus, neatdodiet svešiem ļaudīm un svešiem kariem saplosīšanai. Viņu būs daudz kārt vairāk vajadzīgi gan Jums pašiem, gan arī Latvijas zemei un tautai. Un būs daudz noderīgāki dzīvi, nevis cinka zārkā.Kopā mēs varam!!!Kopā mēs darām!!!/Dr.E.Mednis/#AgenskalnaKlinika #KopaMesVaram #DziveBezBailem #IzglabDraugu #SargiBernus #KopaMesDaram"
1239,20.02.2025 12:54:18,Āgenskalna klīnika,,,
1240,26.02.2025 22:51:40,Āgenskalna klīnika,,,
1241,12.03.2025 00:19:14,Āgenskalna klīnika,,,Klusēt un visu šo varas patvaļu paciest nedrīkst. Es arī iešu atbalstīt kolēģi.Kopā mēs varam!!!Kopā mēs darām!!!/Dr.E.Mednis/#AgenskalnaKlinika #KopaMesVaram #DziveBezBailem #IzglabDraugu #SargiBernus #KopaMesDaram
1242,12.03.2025 00:19:15,Āgenskalna klīnika,,,
1243,13.03.2025 22:42:03,Āgenskalna klīnika,,,"Vakar biju uz piketu. Cilvēku nebija daudz. Pārsteidza Latvijas Ārstu biedrības ētikas komisijas un, protams, arī valsts ierēdņu darba stils.Problēmas būtība: daktere uzrakstīja soc tīklos, ka konkrētas zāles nav pieejamas aptiekās un minēja, ka tas varētu būt Hosama Abu Meri “veiksmes stāsts”. Veselības ministrija, tā vietā, lai pateiktos dakterei un novērstu trūkumu, uzrakstīja iesniegumu LĀB ētikas komisijai par “sabiedrības maldināšanu” no dakteres puses. Nedaudz vēlāk Zāļu valsts aģentūra apstiprināja, ka konkrētās zāles tiešām NAV pieejamas aptiekās. Šķita, ka konflikts ir izbeigts. Bet ..... ētikas komisijas sēde tomēr notiek, tajā ir jāpiedalās minētajai dakterei. Viņa tur bija kopā ar juristu. Jau sēdes sākumā tika noskaidrots, ka Veselības ministrijas iesniegums pats ir maldinošs un šajā punktā sēdi varētu arī beigt. Nekā nebija. Ētikas komisija uz savu iniciatīvu sāka meklēt ""utis"" dakteres darbībā. Kāpēc? Institūcija, kam būtu jāaizstāv ārsti, kam būtu jābūt ārstu pusē, klaji pārkāpj savu nolikumu un darbojas pilnīgi pretēji savas sūtības un faktiskās jēgas principiem. Kas notiek Latvijā? Jau daudzus gadus pazīstu Dr. Vilni Lietuvieti, kas ir LĀB Ētikas komisijas vadītājs, vislabākās atsauksmes par viņu kā cilvēku un ārstu, bet.... tas līdz kovidlaikam. Iespējams, tas ir tāds lūzuma punkts daudzu cilvēku dzīvēs. Tas izmainīja cilvēkus. Pēdējos gados bieži nākas vilties cilvēkos un kolēģos.Īpatnēja ir šāda Veselības ministrijas rīcība. Iespējams, ka galvenais aizskārums tomēr bija nevis medikamentu nepieejamības fakta atspoguļojums, bet gan veselības ministra vārda piesaukšana šīs problēmas sakarā.  Ja tā, tad tas jau izskatās pēc administratīvo resursu izmantošanas personīgas izrēķināšanās īstenošanai. Ceru, ka kļūdos... Jāatzīst, pēdējā laikā bieži nākas sastapties ar ierēdņu pārspīlēta EGO izpausmēm. Man pašam tik pat dīvaini iet ar Valsts ieņēmumu dienesta ierēdņiem. Viņiem arī likumi nav rakstīti un ego sit augstu vilni. Es nelietoju EDS un man pat īsti nav iespējas to lietot, kā arī nav tādas vēlēšanās. Tādēļ iesniedzu ieņēmumu dienestam vēstuli (e-pastā), ka laužu līgumu un aicinu turpmāk sūtīt visu, ko viņi man vēlas paziņot, e-pastā vai arī uz deklarēto adresi pa pastu. Telefoniski man kundze atrunājās, ka tādas iespējas neesot un vispār neko tādu nevarot viņi darīt, bet vēlāk tomēr atnāca vēstule pa pastu ar visu prasīto informāciju.  Jāpiebilst, ka VID darbinieces atruna bija par informācijas konfidencialitāti, taču vēstule atnāca parastā un pa pusei aizlīmēta. Nezinu, vai tā vispār bija aizlīmēta, jo, kad saņēmu, tad puse no līmējuma turējās, bet otra puse bija vaļā (atlīmējusies).  Likās jau, ka lieta nokārtota. Te tev nu bija. Paziņojumu par administratīvās lietas ierosināšanu atsūtīja minētajā vēstulē, bet rezultātu spītīgi nesūta, lai gan esmu atkārtoti norādījis, ka EDS neizmantoju un negrasos izmantot. Uz maniem atgādinājumiem turpina nākt e-pasta vēstules, ka jāpieslēdzas EDS. Lai gan neviens likums nenosaka, ka cilvēkam obligāti būtu jālieto viņu sistēma. Likums nosaka, ka es varu izvēlēties kādā formā un pa kādu kanālu saņemt informāciju no valsts iestādēm.Interesanti laiki. Un ierēdņu ego ir bezizmēra. Arī viņu visatļautība. Bet tādā veidā viņi degradē visu sistēmu un mazina cilvēku uzticību tai. Mans uzticības reitings valsts pārvaldes sistēmai ir apaļa nulle. Nullīte, tukšs gaiss. Neticu un neuzticos nevienam valsts ierēdnim un sistēmai vēl jo mazāk. Un tādu cilvēku paliek ar vien vairāk. Vēlāk lai tad nebrīnās, ka cilvēki neizmanto valsts iestādes pakalpojumus, netic ierēdņiem, nenāk uz vēlēšanām, boikotē dažādus valsts pasākumus. Valsts, tā ir fikcija. Tāpat kā viss valsts aparāts ar tā varenību - tā IR FIKCIJA. Jo laicīgāk cilvēki to sapratīs, jo labāk viņiem pašiem. Jo ātrāk šī sistēma sabruks pati no saviem gremošanas traucējumiem. Tie viņai ir pamatīgi. Un brūk šobrīd ar lielu joni. Tāpēc jau ierēdņi plosās. Kas viņiem cits atliek.Tādēļ novēlēšu sistēmai ātrāku galu. Kaut gan nevis ātrāku, bet lai tā sabrūk mums visiem vislabākajā veidā. Lai mums viss sanāk."
1244,13.03.2025 22:42:03,Āgenskalna klīnika,,,Kopā mēs varam!!!Kopā mēs darām!!!/Dr.E.Mednis/#AgenskalnaKlinika #KopaMesVaram #DziveBezBailem #IzglabDraugu #SargiBernus #KopaMesDaram
1245,15.03.2025 00:19:52,Āgenskalna klīnika,,,"Bravo Aināram Kadišam! Dienās grasījos uzrakstīt kādu vārdu par vakcināciju un tās ietekmi uz cilvēku, bet Ainārs bija ātrāks. Pievienojos viņa viedoklim, jo vakcinācijas nepieciešamība šobrīd atkal tiek mākslīgi radīta un stimulēta. vairāk gan nevis skaidrojot, bet, kā vienmēr, baidot. Jo, kā zināms, bailes un zem jostas vietas, ir stiprākie marketinga stimuli. Šī kampaņa jau iesākās pagājušā gada septembrī ar, tā saukto, difterijas gadījumu, tad pa vidu masalas, mikoplazma, garais klepus. Vai nav vienalga kas, ka tik bailes. Un pēc iespējas sarežģītāks (gudrāks) slimības nosaukums.  sarežģītums piedod svaru. Jo skaidrot, jau nav īpaši izdevīgi un ērti. kādēļ? tādēļ, ka atbilžu jau nav. tādu atbilžu, kas balstītas loģikā un zināšanās.  Diemžēl medicīna degradējas līdz tirgus tantu līmenim, kad paskaidrot nav iespējams, ir tikai demagoģija. Un tad vē, protams, slavenie likumprojekta grozījumi, kuros plāno atcelt tālmācību un skolām uzdot stučīt ziņot par bērnu vakcinācijas veselības stāvokli atbildīgajām instancēm.   Redzēsim pie kā tas novedīs. Bet man tomēr izskatās, ka šī hunta dabūs mukt, jo vadzis jau nav bezizmēra, tas reizēm lūzt. Bet nu turpinām vērot ar papkorna tūtu rokās.Kopā mēs varam!!!Kopā mēs darām!!!/Dr.E.Mednis/#AgenskalnaKlinika #KopaMesVaram #DziveBezBailem #IzglabDraugu #SargiBernus #KopaMesDaram"
1246,15.03.2025 00:19:52,Āgenskalna klīnika,,,
1247,15.03.2025 00:21:05,Āgenskalna klīnika,,,
1248,15.03.2025 00:47:45,Āgenskalna klīnika,,,"Un te ir pilnīgi pretēji uzskati. Lai gana noskatoties šo video, nevilšus rodas asociācijas ar vienu ūsaini no 39.gada. Bet tas, lai nu paliek kā manas samaitātās iztēles auglis. Bet jautājumi gan rodas - šī kundze veidoja iepirkumu kovidvakcīnām un iepirka katram no mums pa 10 devām, ja nemaldos. GAVI ir Bila Geitsa sponsorēta alianse. Par tās darbību un šīs darbības sekām ir daudz informācija no Āfrikas kontinenta. Un ne tās pozitīvākās. šai kundzei ir ciešas saites ar farmācijas industriju un, līdz ar to, jautājums par interešu konfliktu. Un visbeidzot - vai kāds no tautas šo kundzi kaut kur ir ievēlējis? Protams arī jautājums ir: kādēļ tādas pēkšņas rūpes par mūsu bērniem?  vai tiešām aiz tīras labsirdības? Es tam neticu. Un jūs? Kopā mēs varam!!!Kopā mēs darām!!!/Dr.E.Mednis/#AgenskalnaKlinika #KopaMesVaram #DziveBezBailem #IzglabDraugu #SargiBernus #KopaMesDaram"
1249,15.03.2025 00:47:45,Āgenskalna klīnika,,,
1250,18.03.2025 22:11:02,Āgenskalna klīnika,,,"Atkal vakcinācijas tēma. ASV veselības  ministrs Kenedijs nācis klajā ar paziņojumu, kas pamatos apgāž mums gadiem daudzināto mantru, ka vakcīnas dara tikai labu. Tā nav. katrs domājam pats par sevi un saviem bērniem.Kopā mēs varam!!!Kopā mēs darām!!!/Dr.E.Mednis/#AgenskalnaKlinika #KopaMesVaram #DziveBezBailem #IzglabDraugu #SargiBernus #KopaMesDaram"
1251,18.03.2025 22:11:02,Āgenskalna klīnika,,,
1252,27.03.2025 22:50:53,Āgenskalna klīnika,,,"Diezgan vienkārša un efektīva procedūra. Bez tam droša. palīdz atbrīvoties no visa liekā, kas ir degunā un saīsināt slimošanas laiku.Kopā mēs varam!!!Kopā mēs darām!!!/Dr.E.Mednis/#AgenskalnaKlinika #KopaMesVaram #DziveBezBailem #IzglabDraugu #SargiBernus #KopaMesDaram"
1253,27.03.2025 22:50:53,Āgenskalna klīnika,,,
1254,03.04.2025 09:12:49,Āgenskalna klīnika,,,"Vakcinācijas nozīme mums visu laiku tiek uzsvērta. Tā tiek propagandēta teju vai katru dienu un visur. Kā vecākiem neapmaldīties propagandas džungļos? Jo stāsta jau, ka no vakcīnām tikai labais. Un kā tad ir ar informētu piekrišanu. Nevis baidīšanu, kā tas notiek vairumā ārstu prakšu, bet informācijas sniegšanu? Par to tad arī parunāsim 3 sarunu ciklā par slimībām un vakcināciju, lai vairotu cilvēku sapratni par šo procesu. Un, lai katrs varētu  pieņemt argumentētu lēmumu.Sākam jau šovakar plkst. 19.00. Zoomhttps://monade.lv/courses/e-mednis-vakcinacija/Kopā mēs varam!!!Kopā mēs darām!!!/Dr.E.Mednis/#AgenskalnaKlinika #KopaMesVaram #DziveBezBailem #IzglabDraugu #SargiBernus #KopaMesDaram"
1255,22.04.2025 14:31:38,Āgenskalna klīnika,,,"David Icke diezgan spēcīgi runā paar brīvību. esot 3 cilvēku grupas - 2 ir atbildīgas par jebkuras tirānijas ieviešanu un tikai viena ir atbildīga par jebkuras tirānijas izbeigšanu. izvēlies, kurā grupā tu esi un vēlies būt.Kopā mēs varam!!!Kopā mēs darām!!!/Dr.E.Mednis/#AgenskalnaKlinika #KopaMesVaram #DziveBezBailem #IzglabDraugu #SargiBernus #KopaMesDaram"
1256,22.04.2025 14:31:38,Āgenskalna klīnika,,,
1257,06.05.2025 09:20:38,Āgenskalna klīnika,,,"Šobrīd ir izvērsta pasaku kampaņa ar motīvu: uzticies zinātnei. Man šajā sakarā ir pāris jautājumi:1. Vai tiešām tā iz zinātne?2. Vai tiešām cilvēku atmiņa ir tik īsa un ir vēl kas tic?Pirms pieciem gadiem tieši ar šādu lozungu lielu tautas daļu nošpricēja gan Latvijā, gan pasaulē ar eksperimentālām indes devām, ko uzdeva par drošām un efektīvām. Tikai aizmirsa piebilst kāds mērķis ir šādai efektivitātei. To varēja pēc neilga laiciņa redzēt - jauni, veselīgi cilvēki mira un citiem parādījās neārstējamas kaites. Un tādas, ko ""zinātne"" nespēj izskaidrot un izārstēt. Bez tam cilvēkus šī ""zinātne"" visādi iespaidoja - gan mēģināja uzpirkt, gan piespiest, lai tikai dabūtu viņos iekšā to indi.Kas tad notiek šobrīd? Ar ko tas atšķiras? Un kāds ir šai ""zinātnes"" kampaņai mērķis? Šobrīd ar vien vairāk parādās informācija, ka vakcinācija (nekāda) nav ne droša, ne efektīva. Iespējams, visi drošības pētījumi, ja par tādiem tos var nosaukt, ir maigi sakot, nepilnīgi. Bez tam nav ilgtermiņa pētījumu. Ja ir, tad rezultāti netiek publiskoti. palasot vakcīnu anotācijas un zāļu aprakstus, atklāju, ka pētījumi par vakcīnu drošību, bieži vien, tikai veikti uz pāris simtiem brīvprātīgo. Vai pēc tā var secināt par zāļu vielas drošību? Bez tam visi tie ""labumi"", kas ir vakcīnās - kā alumīnijs lielā daudzumā, antibiotikas, mērkaķu šūnas, abortētu cilvēka audu šūnas ....... Ko ar šo? Alerģijas, ar ko cilvēki netiek galā gadiem, neiroloģiskas komplikācijas..... Tas viss ir. Un tā ir tā ""zinātne"", ko mums un jums piedāvā. Gribiet uzticēties? Uzticieties. Tikai sekas būs pašiem vien jāstrebj.  Visi zinātniskie noplātīs rokas un teiks: tā gadās. Bet ko tas palīdz tam, kam gadījies? Vai caur to viņš kļūs veselāks? Zinātne ........Kopā mēs varam!!!Kopā mēs darām!!!/Dr.E.Mednis/#AgenskalnaKlinika #KopaMesVaram #DziveBezBailem #IzglabDraugu #SargiBernus #KopaMesDaram"
1258,08.05.2025 21:07:12,Āgenskalna klīnika,,,"Šis teksts ir pārkopēts. Es tam pievienjos par visiem 💯. Un parakstu aicinājumu.Aicinu arī jūs to darīt.Pārkopēts (ko iesaku arī jums, kas vēlas dalīties - atverot un pārkopējot saites, kas citādi aiziet aizvērtas):Aicināsim LR Ministru kabinetu un Saeimu neratificēt Pasaules Veselības Organizācijas (PVO) dalībvalstu iniciēto Starptautisko nolīgumu par prevencijas un gatavības pasākumiem saistībā ar pandēmijām, jeb PVO globālo pandēmijas līgumu(teksts angļu valodā, google māk tulkot) https://apps.who.int/.../pdf_files/inb9/A_inb9_3-en.pdf...Iepriekšējo gadu pieredze, kad cilvēkiem tika ierobežotas tiesības pelnīt sev iztiku, iegūt izglītību un saņemt būtiskus pakalpojumus, nedrīkst tikt aizmirsta.Šobrīd mūsu politiķi gatavojas mūsu vārdā uzņemties jaunas saistības, par kurām mums būs jāatbild ar savu brīvību.Pret to jau iebilst starptautiskas NVO https://www.hrw.org/.../draft-pandemic-treaty-fails...un arī akadēmiskā izdevniecība ""The Lancet"" https://www.thelancet.com/.../PIIS0140-6736.../fulltext...PVO pandēmijas nolīgums paredz dalībvalstu pienākumu ierobežot vārda un izteiksmes brīvību, kā arī iekļauj sevī citus riska faktorus brīvai lēmumu pieņemšanai.Ratificējot šo nolīgumu, Latvija uzņemsies starptautiskas saistības ieviest dažāda veida sankcijas pret saviem iedzīvotājiem tad, ja tie izmantos savas tiesības brīvi izteikties par notiekošo. Starptautiskie juristi jau ir norādījuši uz riskiem, kuri ir iekļauti šajā līgumā, un brīdina dalībvalstis nespert neapdomātus soļus.Latvijas politiķiem ir jāizpēta un jāatzīst pieļautās kļūdas Covid-19 infekcijas izplatības laikā un, gatavojoties jauniem izaicinājumiem, jāpieņem pārdomāti lēmumi, kuri ir sagatavoti, balstoties uz iepriekšējo kļūdu analīzes.Lai kādi izaicinājumi būtu gaidāmi mūsu valstī, politiķi savos lēmumos nedrīkst pārkāpt cilvēka tiesības un pamatbrīvības.Parakstīšanās sākta jau pirms gada, bet, ja vēl neesi paspējis - to var izdarīt šeit: https://manabalss.lv/par-latvijas-nepievienosanos.../showManuprāt, neviens karš nav bīstamāks par šo, kas tiek organizēts medicīnas aizsegā....Kopā mēs varam!!!Kopā mēs darām!!!/Dr.E.Mednis/#AgenskalnaKlinika #KopaMesVaram #DziveBezBailem #IzglabDraugu #SargiBernus #KopaMesDaram"
1259,08.05.2025 21:48:27,Āgenskalna klīnika,,,Saites nav pārkopējušās korekti. Tagad tās ir šeit:https://apps.who.int/gb/inb/pdf_files/inb9/A_inb9_3-en.pdfhttps://www.hrw.org/news/2023/11/07/draft-pandemic-treaty-fails-protect-rightshttps://www.thelancet.com/journals/lancet/article/PIIS0140-6736(24)00410-0/fulltextKopā mēs varam!!!Kopā mēs darām!!!/Dr.E.Mednis/#AgenskalnaKlinika #KopaMesVaram #DziveBezBailem #IzglabDraugu #SargiBernus #KopaMesDaram
1260,10.05.2025 14:40:50,Āgenskalna klīnika,,,"Frekvences tā ir brīnumaina lieta. Un to var izmantot gan labos, gan ne tik labos nolūkos. Šeit ir mūzikas instruments, kas spēlējot rada  sajūtu, ka frekvences nav no šīs pasaules. Dziedinošas. Un šai dziedniecībai ir nākotne.Kopā mēs varam!!!Kopā mēs darām!!!/Dr.E.Mednis/#AgenskalnaKlinika #KopaMesVaram #DziveBezBailem #IzglabDraugu #SargiBernus #KopaMesDaram"
1261,10.05.2025 14:40:51,Āgenskalna klīnika,,,
1262,11.05.2025 23:25:14,Āgenskalna klīnika,,,
1263,13.05.2025 19:58:46,Āgenskalna klīnika,,,"Interesanti cilvēki mīt mūsu zemē. Viens no tādiem ir jaunās Vienotības pārstāvis Dmitrijs Golubevs ,kurš savā X kontā apgalvoja, ka: ""katrs miris homeopāts ir neto ieguvums sabiedrībai"". Tas bija citāts. Un šāds apgalvojums no šī brīnišķīgā cilvēka izskanēja neilgi pēc Latvijas Ārstu biedrības prezidentes, ģimenes ārstes un homeopātes Ilzes Aizsilnieces nāves. šķiet, lieki šeit runāt par ētiku, par morāles normām. par sēru laiku, par cieņu pret aizgājēju. Brīžiem var tikai pabrīnīties kas notiek dažu cilvēku prātos.Bet šeit tomēr viss nebeidzas tikai ar ētiku un morāles normām, jo šo izteikumu var traktēt arī kā genocīda slavināšanu jeb maigākā versijā diskrimināciju pēc sociālās piederības, vai arī kā apdraudējumu (draudu izteikšanu) cilvēku veselībai un dzīvībai. Un, iespējams, Dmitrija Golubeva izteikumos ir saskatāma arī naida runas pazīmes. To tad lai skaidro valsts policijas un prokuratūras amatpersonas un piemēro pareizāko pantu. Jo šādus izlēcienus nedrīkst atstāt bez ievērības.Es lūdzu Valsts policijas #valstspolicija viedokli šajā sakarā un arī rīcību. Kā labi zināms valsts policija drīkst ierosināt lietu pēc valsts amatpersonas iniciatīvas. Ceru, ka dotajā gadījumā tas arī notiks, jo ir skaidri zināms, ka Valsts policijas un drošības struktūru darbinieki monitorē sociālos tīklus.https://www.1188.lv/zinas/jv-parstavis-cietsirdigi-izsakas-par-paragri-miruso-ilzi-aizsilnieci-katrs-miris-homeopats-ir-neto-ieguvums-sabiedribai/48126Kopā mēs varam!!!Kopā mēs darām!!!/Dr.E.Mednis/#AgenskalnaKlinika #KopaMesVaram #DziveBezBailem #IzglabDraugu #SargiBernus"
1264,15.05.2025 23:19:41,Āgenskalna klīnika,,,
1265,20.05.2025 11:53:44,Āgenskalna klīnika,,,"Atkal jau stāsts par vakcināciju. Šoreiz bērnu vakcināciju. Atradu interesantu ziņu. japāņi, kā vienmēr, priekšā visiem savā domāšanā veselības jomā. Viņi vieni no pirmajiem pasaulē apjauta kovidinžu nodarīto ļaunumu sabiedrībai un to publiski atzina. tagad šis. Un loģiski šis izklausās, jo bērna imūnsistēma, kā jau viss viņa organisms, ir nenobriedis līdz 2-3 gadu vecumam. Līdz gada vecumam bērna organismā procesi attīstās mega ātrumā un apjomā. Tik daudz iemaņu bērns iemācās, ļoti liela fiziskās un garīgās attīstības dinamika šai laikā notiek.  Tādu dinamiku mēs nedabūsim nekad vairs savā mūžā. Svars trīskāršojas, garumā izaug ļoti - pirmā gada laikā +30% garumā. Tik daudz iemaņu. No pilnīgi nevarīga un sevi noturēt nespējīga mazuļa, kļūst par spēcīgu, skrienošu mazu cilvēciņu. Un tad šajā procesā mēs iejaucamies ar dzīviem slimību izraisītājiem, ko ievadām bērna organismā ar šļirci un adatu, dažādām toksiskām vielām, kā difterijas un stinguma krampju toksīni, alumīnija sāļi, formaldehīds, antibiotikas ........ Šo uzskaitījumu varētu turpināt ilgi un gari. Un tad nu esam tur, kur esam ar atopiskajiem dermatītiem un citām alerģijām, bronhiālo astmu, autoimūnām saslimšanām. Viss droši un efektīvi. Tikai mums neviens tā arī nepasaka, kas  ir šīs drošības un efektivitātes mērs. Lai vai kas tas būtu, bet bērna veselība tā nu gan nav. Bet izvēle ir katra paša vecāka ziņā. Informācija ir pieejama, jāvēlas tikai tajā iedziļināties. Un nav vērā ņemami valdības pīkstieni par nevakcinēšanās kriminalizēšanu. Ar šo ir tāpat kā ar maskām un kovidindēm - ja vismaz 70-80% iedzīvotāju tās nelietotu, tad pasākums būtu beidzies nemaz nesākoties. nav jau nemaz tik daudz to cietumu, kuros salikt 70% bērnu vecāku. Esam drosmīgi un domājoši. Bija kādreiz tāda skaista dziesma:Pasakām vajaga ticēt,Pasakas labu vien vēlēPrincesi pili un dūdasSkaistākos dančus, kas spēlē......Kopā mēs varam!!!Kopā mēs darām!!!/Dr.E.Mednis/#AgenskalnaKlinika #KopaMesVaram #DziveBezBailem #IzglabDraugu #SargiBernus"
1266,20.05.2025 11:53:44,Āgenskalna klīnika,,,
1267,25.05.2025 19:13:01,Āgenskalna klīnika,,,Esošā vara sevi ir izsmēlusi tāpat kā esošā vēlēšanu kārtība. Ir laiks kam jaunam. Un šis ir viens no variantiem. Pievienojos rakstītajam par visiem 100%Kopā mēs varam!!!Kopā mēs darām!!!/Dr.E.Mednis/#AgenskalnaKlinika #KopaMesVaram #DziveBezBailem #IzglabDraugu #SargiBernus
1268,25.05.2025 19:13:01,Āgenskalna klīnika,,,
1269,28.05.2025 19:49:42,Āgenskalna klīnika,,,"Interesanti kā valdības cenšas izskaidrot kovidinžu sekas - imunitātes nomākumu. Kovic, laikam vēl ilgi būs kā bieds. Un tā ticīgajiem melns murgs. Bet tas viss, ļoti iespējams, ir tikai un vienīgi veiktās procedūras atbalsis. Tiem, kas to izdarīja 3 reiz, sekas visnopietnākās. Kopā mēs varam!!!Kopā mēs darām!!!/Dr.E.Mednis/#AgenskalnaKlinika #KopaMesVaram #DziveBezBailem #IzglabDraugu #SargiBernus"
1270,28.05.2025 19:49:42,Āgenskalna klīnika,,,
1271,05.06.2025 00:31:37,Āgenskalna klīnika,,,"Gardasil - vakcīna, ko mums prezentē kā līdzekli pret dzemdes kakla vēzi. Kā vienmēr droša un efektīva. Izrādās ASV veselības ministram Robertam Kenedijam ir savs viedoklis šai sakarā. Būtībā jau pati šīs vakcīnas ideja ir diezgan apšaubāma. Jo vēzim ir citi rašanās iemesli. Vīruss, ja tas vispār ir līdzdalīgs vēža izraisīšanā, ir tikai pēdējais posms notikumu ķēdītē. Rūpējieties par saviem bērniem. Neļaujiet viņiem šo ķīmisko kokteili ievadīt. sargiet savus bērnus.Kopā mēs varam!!!Kopā mēs darām!!!/Dr.E.Mednis/#AgenskalnaKlinika #KopaMesVaram #DziveBezBailem #IzglabDraugu #SargiBernus"
1272,05.06.2025 00:31:38,Āgenskalna klīnika,,,
1273,06.06.2025 10:05:37,Āgenskalna klīnika,,,"Varu tikai piekrist Taram Ramatam.  Es nepiedalos šajā farsā, ko sauc par vēlēšanām. Jo kā viens gudrs cilvēks ir teicis: nav svarīgi kā balso, svarīgi ir kā saskaita. Tad lai nu viņi skaita bez manis. Es šajā spēlē nepiedalos.Kopā mēs varam!!!Kopā mēs darām!!!/Dr.E.Mednis/#AgenskalnaKlinika #KopaMesVaram #DziveBezBailem #IzglabDraugu #SargiBernus"
1274,06.06.2025 10:05:37,Āgenskalna klīnika,,,
1275,06.06.2025 10:05:37,Āgenskalna klīnika,,,
1276,10.06.2025 08:59:00,Āgenskalna klīnika,,,Ar šo ziņu nevarēju nepadalīties. Tiešām prieks par mūsu aizjūras saimniekiem. Vienīgi jautājums ir kad beidzot līdz mums nonāks šāda veida pārmaiņas un mūsu Imunizācijas padome tiks atlaista un tās vietā tiks pieņemti speciālisti ar patiesi zinātnisku pieeju un rūpi par Latvijas iedzīvotājiem? Gaidām.Kopā mēs varam!!!Kopā mēs darām!!!/Dr.E.Mednis/#AgenskalnaKlinika #KopaMesVaram #DziveBezBailem #IzglabDraugu #SargiBernus
1277,10.06.2025 08:59:00,Āgenskalna klīnika,,,
1278,06.07.2025 23:09:40,Āgenskalna klīnika,,,"Šodien Āgenskalna klīnikas diskusijās viens no lasītājiem ierakstīja šādu jautājumu:Cien. Dakter, pa citu tēmu. Būtu ļoti interesanti uzzināt jūsu viedokli par situāciju, ko tagad dzirdām Latvijas ziņās, par A streptokoka infekciju diviem bērniem, un ka viens ir miris. Kur ir tā problēma, tā taču ir infekcija, kas ārstējas ar antibiotiku. Vai tad nemāk diagnoscēt, laicīgi neņem analīzes?Kur ir problēmas sakne? Skan drausmīgi, ka 21. Gadsimtā Latvijā nevar izārstēt skarlatīnu un vēl Perevosčikovs komentē, ka “apkarot sabiedrībā streptokoku mēs nevaram”.  PaldiesDomāju, ka, iespējams, šīs jautājums interesē plašāku lasītāju loku. Līdz ar to uz to atbildēšu šeit:Lielas dīvainības notiek.Protams, kā jau katrā gadījumā, mani interesē plašāka informācija - apstākļi ģimenē, pamatsaslimšanas, slimības vēsture un daudz citu jautājumu. Vienmēr saku, ka man vajag pilnu stāstu. Līdz ar to jebkuri spriedumi, nezinot to visu, būtu klaja spekulācija.Vienu gan varu teikt, ka no streptokoka daudz maz veselīgam bērnam, nebūtu jāmirst. Bet, nesenā pagātnē esam, pārdzīvojuši visai sirreālus notikumus, spekulācijas par medicīnas tēmu, klajus melus, propagandu, medicīnisko teroru un iebiedēšanu un citas interesantas lietas. Tādēļ neizslēdzu, ka šajā gadījumā arī kaut kas no tā visa. Tāpat pavisam nesen BKUS mira mazs puisēns. Viņam bija tikai 5 gadi. It kā no difterijas. Visi zinām šo stāstu. Un tajā bija gan meli, gan iespējamas ārstu kļūdas, gan BKUS klaja nevēlēšanās sadarboties ar puisēna mammu, ģimenes terorizēšana, ko organizēja BKUS amatpersonas - bērnu un vecāku arests (apcietināšana) agrā rīta stundā, bērnu aprūpes tiesību atņemšana, krimināllietas ierosināšana pret vecākiem. Politisks terors arī vērsts pret mani, jo atļāvos šo ģimeni aizstāvēt - gan Vajāšanas inspekcijas vizīte, gan ārsta sertifikātu anulēšana (tie gan uz laiku ir atjaunoti), gan valsts ieņēmumu dienesta vizīte un vēlākais terors - uz pieņēmumiem balstītu argumentu piedēvēšanu īstenībai ar tam sekojošu soda naudu piespriešanu un tiesu izpildītāja iesaistīšanos. Process vēl nav beidzies ne man ne arī mirušā puisēna ģimenei. Bet esmu pārliecināts, ka mums sanāks pierādīt taisnību - patieso bērna nāves cēloni. Un kad tas notiks, tad nevar izslēgt arī to, ko man visskaudrāk pārmeta BKUS un Ārstu biedrība - roku dzelžu spodrināšanu atsevišķām personībām, īstenošanos dzīvē. Kā saka dzīvosim redzēsim.Bet ticēt šobrīd nevar nekam. Sevišķi jau valsts medijiem. Jo tie, iespējams, izpilda politisku pasūtījumu, nevis atspoguļo reālo notikumu.Kopā mēs varam!!!Kopā mēs darām!!!/Dr.E.Mednis/#AgenskalnaKlinika #KopaMesVaram #DziveBezBailem #IzglabDraugu #SargiBernus"
1279,16.07.2025 10:48:04,Āgenskalna klīnika,,,"Vakar ar Kasparu Pudniku Latvijas Tautas kanālā ierakstījām brīnišķīgu sarunu par ārstēšanos, medikamentu izvēli, to daudzumu un lietošanu vai nelietošanu. Kā arī par ārstēšanos un pašārstēšanos. Kad to var darīt un kad to nevajag darīt.https://youtu.be/7c6FJal2hKMKopā mēs varam!!!Kopā mēs darām!!!/Dr.E.Mednis/#AgenskalnaKlinika #KopaMesVaram #DziveBezBailem #IzglabDraugu #SargiBernus"
1280,17.07.2025 00:46:40,Āgenskalna klīnika,,,
1281,01.08.2025 10:26:30,Āgenskalna klīnika,,,"Manā bērnībā bija filma ""Neticamie itāliešu piedzīvojumi Krievijā"". Manā dzīvē nu ir iestājies periods, ko varētu pēc analoģijas nosaukt ""Mani neticamie piedzīvojumi Latvijā"". Ļoti interesants laiks iestājies un daudz kas atklājas. Faktiski lēnām atklājas visas tā saucamās valsts un tās institūciju prettiesiskums un fikcija. Demokrātija un tiesiskums Latvijā? Kas tas tāds? Un pārsteigumi ir ik uz soļa.Īsai izziņai par ko ir stāsts. Pirms kāda laiciņa - pagājušā gada novembrī, pie manis darba vietā ieradās 4 visnotaļ apburošas dāmas ar bodycam un diktofonu. Divas bija no Valsts ieņēmumu dienesta, divas no Vajāšanas inspekcijas. Veica pārbaudi. Un, protams, aši knaši safabricēja lietu.Safabricēja lietu uz pieņēmumu un nepierādītas informācijas pamata, pieprasīja no mana uzņēmuma 5100 EUR par it kā nesamaksātiem nodokļiem, lai gan maksājam tos regulāri un pilnā apmērā. Samaksāt varot visu uzreiz, jeb dalīt daļās uz 3 gadiem, vai lūgt ģenerāldirektoru samazināt summu par 75%, bet tad ir pilnā mērā jāatzīst vaina un ģenerāldirektors pēc tam var samazināt par tiem 75%. Smieklīgi, ja nebūtu traģiski. Un no manis paša paprasīja 281 !! soda vienību, kas summā sanāk 1405 EUR. Jautājums, protams, par to vienu vienību. :)) Kāpēc tieši 281, nevis 280 vai 285 vienības. Bet tas nu tā. Ir gudrākas galvas par manējo, viņām labāk zināms. Uzņēmuma soda naudu pārsūdzēju Ieņēmumu dienesta ģenerāldirektoram. Un tad sākās interesantākais. Izrādās, tagad esot jāmaksā cita summa - ne vairs 5100, bet gan 3200 EUR.  Var samaksāt visu uzreiz, jeb sadalīt daļās, bet ne vairs uz 3 gadiem kā iepriekš, bet uz 5 gadiem. Un vēl esot iespējama speciāla vienošanās. Netika gan klāt rakstīts, kas man jādara, lai tādu noslēgtu. Nesaprotu, vai man bija jāiet ar dāvanu pie kāda, lai tādu panāktu? Kā lētā arābu bodītē. Kaulēšanās. Nu samaksā mums kaut ko vismaz, jeb kā, bet samaksā. Un jūties vainīgs. Bet es nejūtos vainīgs. Un par savām tiesībām pastāvēšu.Pa to laiku man privāti pienāca vēstulīte no Zvērināta tiesu izpildītāja. Tagad esot jāsamaksā arī viņam. Bet interesanti ir tas, ka reģistrācijas numurs, ko viņš norādījis savā vēstulē, nav atrodams nevienā oficiāli pieejamā datu bāzē. Lursoft datu bāzē ir minēti 3 komersanti ar tādu vārdu un uzvārdu. Un pavisam citiem reģistrācijas numuriem. Interesantākais ir tas, ka viņš esot apstiprināts amatā ar Tieslietu ministra rīkojumu. Lūdzot paskaidrot, kurš no visiem trijiem viņš ir un uzrādīt minēto rīkojumu, saņēmu atbildi - skatīties kaut kādā mājas lapā internetā, kurā, protams, šāda rīkojuma nav. Sūtīju atkārtotu lūgumu izskaidrot situāciju uz ko saņēmu strupu vēstuli, ka zvērināts tiesu izpildītājs esot atstājis manu otro iesniegumu bez izskatīšanas, jo esot jau atbildējis. Lai gan neko tā īsti un konkrētu paskaidrojis nebija. Bez tam zvanot uz Tieslietu ministriju un lūdzot atsūtīt tieslietu ministra rīkojuma kopiju par minētā personāža iecelšanu amatā, tā arī paliku gribot. Tāda rīkojuma nav. Kā gan citādi var izskaidrot faktu, ka tādu nevar dabūt? Tātad jautājums ir par aprakstīto darbību leģitimitāti. Jo faktiski sanāk tā, ka iestāde, kas ir komersants (pēc Lursoft datu bāzes datiem) safabricē lietu un  pieprasa naudu, nodot tālāk tiesu izpildītāja, kas nevar pierādīt savu leģitimitāti, izpildei. Kā to sauc? Rekets? Izspiešana organizētā grupā? Tas sāk atgādināt trakulīgos deviņdesmitos, kad bija klanu klani un jumtu jumti. Un visiem naudu gribējās.Protams, sniegšu prasību tiesā. Cerot, ka vismaz kaut kur vēl šeit mājo tiesiskums. Lai gan pēc savas personīgās pieredzes apzinos - tāda šeit nav. Jeb ir ļoti maz (vienu Vajāšanas inspekcijas sodu man tomēr tiesa atcēla).  Tātad ir vērts. Un tad vēl ir Eiropas cilvēktiesību tiesa un esot vēl viena Eiropas tiesa, kurā var celt prasību."
1282,01.08.2025 10:26:30,Āgenskalna klīnika,,,"Tā kā kungi un dāmas, dzīvojam mēs totalitārā iekārtā. Mūs tiesības šobrīd ir stipri apdraudētas. Tas attiecas arī uz ziņu, ka Ieņēmumu dienests ir nopircis Izraēlas spiegprogrammatūru, kas ir reāls drauds mūsu privātumam. Un Eiropas datu aizsardzības regula ir tikai un vienīgi rīks, lai parastajiem  mirstīgajiem būtu vēl papildus nodarbošanās. Tā, protams, neattiecas uz tiem, kas domā, ka viņu asinis ir zilākas kā citiem.Nobeigumā nāk prātā Raiņa citāts: Vēl cīņa nav galā un nebeigsies, Tev, Lāčplēsi, Spīdola palīgā ies. Apvienojamies un darām. Tikai tā mēs varam tapt uzklausīti.Kopā mēs varam!!!Kopā mēs darām!!!/Dr.E.Mednis/#AgenskalnaKlinika #KopaMesVaram #DziveBezBailem #IzglabDraugu #SargiBernus"
1283,02.08.2025 11:58:40,Āgenskalna klīnika,,,"Vakar arī Tars Ramats nopublicēja šo rakstiņu, kas ļoti labi sasaucas ar manis rakstīto. Par valsti kā fikciju, par cilvēka un personas statusa atšķirībām.  par brīvu dzīvošanu....Kopā mēs varam!!!Kopā mēs darām!!!/Dr.E.Mednis/#AgenskalnaKlinika #KopaMesVaram #DziveBezBailem #IzglabDraugu #SargiBernus"
1284,02.08.2025 11:58:40,Āgenskalna klīnika,,,
1285,18.08.2025 09:06:20,Āgenskalna klīnika,,,"New  York 1916 gads. Poliomielīta epidēmija. Diezgan baiss notikums Ņujorkas vēsturē. Ar daudz upuriem bērnu vidū. Bet patiesais šīs epidēmijas cēlonis, iespējams, nav nemaz tik nevainīgs. Tāpat kā nesenie notikumu ar citu vīrusu. Izrādās Ņujorkā bija Džona Rokfellera laboratorija, kurā tajā laikā notika eksperimenti ar poliomielīta vīrusu. Sakritība. Un tikai. Šis ir patiesības laikmets. Un daudzas lietas nāk gaismā. Arī medicīnas ne visai tīrās puses.  Gana daudz vēl uzzināsim arī par šī laika medicīnas darboņiem.Kopā mēs varam!!!Kopā mēs darām!!!/Dr.E.Mednis/#AgenskalnaKlinika #KopaMesVaram #DziveBezBailem #IzglabDraugu #SargiBernus"
1286,18.08.2025 09:06:20,Āgenskalna klīnika,,,
1287,18.08.2025 09:06:20,Āgenskalna klīnika,,,
1288,18.08.2025 16:00:19,Āgenskalna klīnika,,,"Un te turpinājums rīta ierakstam. Kur tas bija rakstīts un teikts - mums visu pasaka priekšā. Tikai mums jādara pretējais. Ja saka - svaigs piens ir kaitīgs - jāmeklē mazie piena ražotāji un jāpērk no viņiem. ja saka - jāpotējas pret visu iespējamo, tātad jādara pilnīgi pretēji - jāizvairās no jebkuras vakcinācijas. Un tā tālāk. Klausāmies un darām pretēji, pieslēdzot veselo saprātu un ieklausoties savā sirdsbalsī. Un atceramies, ka cilvēks kļūst vadāms, kad viņš baidās, jeb arī kad tiek padarīts par vainīgo. To visu mēs atliku likām atskatījāmies pirms dažiem gadiem: esi sociāli atbildīgs, valkā masku un ej špricēties. Tas, kā vēlāk izrādījās, bija pilnīgas muļķības, ko atzina pats Dr. Fauči. Klausāmies, vērojam, domājam un darām pa savam. Tikai tā mēs varam saglabāt savu veselību un arī dzīvību, jo daudzu kovidpaklausīgo vairs nav mūsu vidū. tāds arī, iespējams, bija visas šīs izrādes mērķis.Kopā mēs varam!!!Kopā mēs darām!!!/Dr.E.Mednis/#AgenskalnaKlinika #KopaMesVaram #DziveBezBailem #IzglabDraugu #SargiBernus"
1289,18.08.2025 16:00:19,Āgenskalna klīnika,,,
1290,03.09.2025 20:51:38,Āgenskalna klīnika,,,"Kā un kāpēc radusies mūsdienu klasiskā medicīna. Izrādās tas ir biznesa projekts. Tik vienkārši un banāli.  Un tāpēc arī kungi un kundzes tik sāpīgi uztver jebkuru netradicionālās medicīnas ārstu un citu speciālistu veiksmi. Jo paši nejūtas stipri un varoši. Un jūtas ierobežoti savā spējā palīdzēt cilvēkiem. Jo neko ārpus s""klasiskās medicīnas"" nezina. Un tas arī ir tas diedziņš aiz kā var raustīt jebkuru ārstu - atņemsim sertifikātu, neļausim praktizēt kā ārstam. Un viss klusi un mierīgi. Neviens nelecas. Neviens nevar muti. Jo bail. Jo neko vairāk nemāk.  Vienkārši. Vai ne? Tādēļ jāmācās. jāpaplašina savs redzes loks, jāpaplašina savu metožu klāsts. Kā man kādreiz teica izcilais ārsts Juris Vecvagars: Edžu, antibiotikas māk izrakstīt katrs, Tev jāmācās kaut kas vairāk.  Un tā es mācos visu laiku. Meklēju arvien jaunas iespējas, kas palīdzētu tikt klāta tām pacientu problēmām, kam lāgā pagaidām netieku klāt. Un tas ir fantastiski. Jo dod brīvības sajūtu un nepieķeršanos kādam statusam vai papīram. Zināšanas ir un paliek zināšanas. tās nevar atņemt neviens ierēdnis.Kopā mēs varam!!!Kopā mēs darām!!!/Dr.E.Mednis/#AgenskalnaKlinika #KopaMesVaram #DziveBezBailem #IzglabDraugu #SargiBernus"
1291,03.09.2025 20:51:38,Āgenskalna klīnika,,,
1292,05.09.2025 00:48:19,Āgenskalna klīnika,,,"Labas ziņas no Floridas. Viņi izbeidz jebkādu obligāto vakcināciju. Neviena vakcīna vairs nebūs obligāta Floridas štatā. Pareizi jau Dr. Ladapo saka: kas es tāds esmu, ka es noteikšu ko Jūsu bērnam injicēt ķermenī. Interesanti ko mūsu vakcīnu apoloģēti dara? Iespējams, ka dzīvo vēl eiforijā pēc Eiropas galvenā ginekologa vizītes., kurā, iespējams, ir saņemtas jaunas norādes turpmākajam laika periodam. Iespējams kādu pandēmiju atkal jāuzrīko, jebšu atkal jābūt kādai drāmai ar ""ļoti slimu"" bērnu, lai virzītu vakcinācijas naratīvu. Un cīnītos ar vakcīnu skeptiķiem. Bet skeptiķu kļūst ar vien vairāk. Bet virzītāji jau nepajēdz, ka katra šāds mākslīgi uzburta drāma tikai veicina cilvēku domāšanu. Viņi sāk uzdot jautājumus. Un, kas ir ar tālejošām sekām, sāk neuzticēties valstij kā tādai un valsts medicīnai kā tādai.  Man ik pa laikam kāds jautā - ko darīt, stāvoklis smags, bet slimnīcā es neiešu. Šāda situācija ir bīstama. Jo labi, ja pajautā. Bet cik ir tādu, kas nejautā pēc palīdzības? Un te nu mēs varam sagaidīt daudz un smagus gadījumus. Bet saprast cilvēkus var - viņi vienkārši baidās no valsts medicīnas.  Un pamatoti. Balstīti nesenajā pieredzē. Bet atpakaļ pie labajām ziņām. Jācer, ka arī līdz mums atnāks tās vēsmas. Un nebūs mums vairs viltus pandēmijas, viltus difterijas vai citas ligas. Bet nu baudām dzīvi, vērojam procesus un reaģējam, kad tas būs vajadzīgs.Kopā mēs varam!!!Kopā mēs darām!!!/Dr.E.Mednis/#AgenskalnaKlinika #KopaMesVaram #DziveBezBailem #IzglabDraugu #SargiBernus"
1293,05.09.2025 00:48:19,Āgenskalna klīnika,,,
1294,06.09.2025 13:28:27,Āgenskalna klīnika,,,"Nu re, drošās un efektīvās ar Burlas kungu priekšgalā. Indija vēlas veikt neatkarīgu (savu) pētījumu par Pfizer vakcīnu drošību un efektivitāti, bet Pfizer labāk zaudē 1,8 miljardus klientu, bet neļaus veikt šo pētījumu.  Mēs varētu tikai minēt iemeslus kāpēc tā notiek. Diez, ko saka Prof. Zavadska šajā jautājumā? Es gribētu dzirdēt viņas viedokli. Ā, nē, viedokļa nebūs, jo tikko tak bija ginekologa vizīte Latvijā un, iespējams, ir saņemtas jaunas norādes vakcinācijas veicināšanai. Tad nu dzīvojam savā aizkrāsnē kā circenīši un špricējamies tik nost. Nošpricējam savu tautu, lai te ir tukša zeme, tuksnesis..... Nesanāks šis scenārijs. Jo cilvēki lasa, cilvēki domā un viņi nav tādi muļķi, kā varneši par viņiem domā.  Kopā mēs varam!!!Kopā mēs darām!!!/Dr.E.Mednis/#AgenskalnaKlinika #KopaMesVaram #DziveBezBailem #IzglabDraugu #SargiBernus"
1295,06.09.2025 13:28:27,Āgenskalna klīnika,,,
1296,07.09.2025 12:44:31,Āgenskalna klīnika,,,"Šī ir reāla problēma arī mūsu valstī. Nedod dievs ir vajadzīga asins pārliešana.... Tad nav variantu, jo, cik zinu, mūsu Asinsdonoru centrs nešķiro asinis piesārņotajās un tīrajās. Savulaik mēģināju noskaidrot vai ir iespēja atnākt ar savu donoru un pārliet zināma cilvēka asinis - izrādās tādas iespējas nav. Neviens ar to negrib ķēpāties. Bet, no patērētāja viedokļa, tas būtu ļoti pat lietderīgi. Jo asinis ir dzīvības eliksīrs un tās nes tā jau ļoti daudz informācijas. Un tad vēl spike proteīns...... Šveicē it kā esot tīro asins banka, bet kā tai tikt klāt un vajadzības gadījumā dabūt devu? tā kā dzīvojam prātīgi, sevi saudzējot, rūpēja ies par savu ķermenīti un ceram uz to labāko, ka nebūs nepieciešama svešu asiņu pārliešana. Kopā mēs varam!!!Kopā mēs darām!!!/Dr.E.Mednis/#AgenskalnaKlinika #KopaMesVaram #DziveBezBailem #IzglabDraugu #SargiBernus"
1297,07.09.2025 12:44:31,Āgenskalna klīnika,,,
1298,08.09.2025 11:41:36,Āgenskalna klīnika,,,"Re kāda ziņa ienācās. Par to jau sen runāja. Bet vai tā ir taisnība vai nav, par to pagaidām vēsture klusē. Bet uzmanīgiem jābūt. Farmācija un Rokfellera medicīna nav domāta mūsu veselības uzlabošanai. Tai ir savi plāni, mērķi un budžeti.Domājam.....Kopā mēs varam!!!Kopā mēs darām!!!/Dr.E.Mednis/#AgenskalnaKlinika #KopaMesVaram #DziveBezBailem #IzglabDraugu #SargiBernus"
1299,08.09.2025 11:41:36,Āgenskalna klīnika,,,
1300,10.09.2025 11:14:32,Āgenskalna klīnika,,,"Annas un Karmela epopeja turpinās. Policija beidzot izbeidza krimināllietu pret Annu un viņas vīru Lauri. Bet skaidrība un pierādījumi viņu mirušā dēla Karmela lietā vēl tikai top. Ir uzsākta neatkarīga ekspertīze, lai noskaidrotu patiesību par Karmela nāves cēloni. Bet tam ir nepieciešami līdzekļi. Mēs noteikti pa visiem varam Annai un Laurim palīdzēt. Kopā mēs varam!!!Zemāk ir Annas vēstule.Kopā mēs varam!!!/Dr.E.Mednis/#AgenskalnaKlinika #KopaMesVaram #DziveBezBailem #IzglabDraugu #SargiBernus"
1301,10.09.2025 11:14:32,Āgenskalna klīnika,,,
1302,10.09.2025 11:14:32,Āgenskalna klīnika,,,
1303,11.09.2025 11:54:22,Āgenskalna klīnika,,,"Ļoti interesanta informācija par to kā dzimst bērni, kas notiek pirmajās minūtēs pēc dzimšanas, kā tiek palaists mūsu iekšējais ""reaktors"" un ar ko atšķiras cilvēki ar un bez dvēseles.  Kā arī kāpēc placentas tiek savāktas.Video krievu valodā un jāskatās ar ieslēgtu VPN, jo demokrātiskajā valstī LV, šis domēns tiek bloķēts.Kopā mēs varam!!!/Dr.E.Mednis/#AgenskalnaKlinika #KopaMesVaram #DziveBezBailem #IzglabDraugu #SargiBernus"
1304,11.09.2025 11:54:22,Āgenskalna klīnika,,,
1305,11.09.2025 16:04:00,Āgenskalna klīnika,,,Tallinā šobrīd norisinās Eiropas veselības un cilvēktiesību konference. Tiešraidi var skatīties šeit:https://www.youtube.com/live/HFG2O6LvLi4Kopā mēs varam!!!/Dr.E.Mednis/#AgenskalnaKlinika #KopaMesVaram #DziveBezBailem #IzglabDraugu #SargiBernus
1306,17.09.2025 23:10:21,Āgenskalna klīnika,,,Interesanti par ilgdzīvošanu. Cik mums būtu jādzīvo labā kvalitātē un cik mēs šobrīd varam nodzīvot un kāpēc.Kopā mēs varam!!!/Dr.E.Mednis/#AgenskalnaKlinika #KopaMesVaram #DziveBezBailem #IzglabDraugu #SargiBernus
1307,17.09.2025 23:10:21,Āgenskalna klīnika,,,
1308,18.09.2025 11:15:34,Āgenskalna klīnika,,,"Viens ko krievu izcilākajiem aktieriem. Bērnības garša ir šajā fotogrāfijā. Un cik daudz skaistu filmu ar viņa piedalīšanos....Zem fotogrāfijas ir viņa teiktais: Jūs esiet ļauni, jo esiet vāji. Labsirdīgam būt ir daudz grūtāk.Kopā mēs varam!!!/Dr.E.Mednis/#AgenskalnaKlinika #KopaMesVaram #DziveBezBailem #IzglabDraugu #SargiBernus"
1309,18.09.2025 11:15:34,Āgenskalna klīnika,,,
1310,19.09.2025 11:00:40,Āgenskalna klīnika,,,"Būtiski ir tas kā mēs domājam un arī kā mēs runājam.  tam visam ir materiāls spēks. Un pats galvenais mūsu dzīve ir mūsu pašu atbildība. Mūsu zaudējumi ir mūsu pašu atbildība. mūsu uzvaras ir mūsu pašu atbildība. tāpat kā veiksmes un neveiksmes, tāpat kā bēdas un prieki. Viss, kas ar mums notiek, ir tikai un vienīgi mūsu pašu roku darbs. nekādi apstākļi, nekādas sakritības, nekas cits, tikai paši. Un tad¸ kad mēs to sapratīsim un arī pieņemsim, mūsu dzīve būs tikai un vienīgi izpriecu brauciens. Tā būs piedzīvojums. Tas nenozīmē, ka vienmēr būs viegli, bet tas nozīmē, ka mēs baudīsim gan kalnus, gan lejas, gan braucienu augšup, gan lejup. Tas viss ir jautri un tas viss ir piedzīvojums, ko sauca: DZĪVE.Kopā mēs varam!!!/Dr.E.Mednis/#AgenskalnaKlinika #KopaMesVaram #DziveBezBailem #IzglabDraugu #SargiBernus"
1311,19.09.2025 11:00:40,Āgenskalna klīnika,,,
