message_id,timestamp,sender,fwd,reply,content
2,18.02.2021 13:10:43,Āgenskalna klīnika,,,zinātnieki juristi visā pasaulē strādā pēta situāciju covid viennozīmīga mums mēģina pasniegt liels ļoti liels jautājums ierobežojumiem efektivitāti skatieties rīt konferenci piedalīsies zinātnieki ārsti juristi runās pandēmiju pastāv ierobežojumiem tiesiskumu efektivitāti sīkāk konferenci reģistrācija
3,18.02.2021 13:10:43,Āgenskalna klīnika,,,protams vakcīnām skatāmies baudām
4,19.02.2021 00:01:13,Āgenskalna klīnika,,,sabiedrībā cirkulē bažas izvairīties vakcinācijas bažas vakcinācija covid piespiedu kārtā padomju laikā piespiedu brīvprātīgi labi zināms dūmu uguns zināms pamats šīm bažām protams paklausoties valdības lemtajā dažādu amatpersonu izteikumos īstas drošības sajūtas mēģinājumi piespiest vakcinēties tos darīt līdzīgi izraēlā atvēra veikalus bārus restorānus citas publiskas vietas tiem vakcinējušies pārējiem attiecas visi stingrie ierobežojumi faktiski demokrātiskā valstī šāda situācija pati sevi ņemot vērā konkrētā eksperimentāla vakcīna blaknēm ražotāji sekām atbildību iespējams minēto iemeslu eiropas savienības parlamentāra asambleja deklarējusi uzspiest vakcināciju covid 19 darīt slēptā formā te raksts kopā mēs varam dr e mednis
5,19.02.2021 22:58:32,Āgenskalna klīnika,,,man iespēja pārliecināties cenzūru facebook manu iepriekšējo ierakstu vakcinācija piespiedu facebook bloķēja informācija vienkārši mūsu facebook lapā cilvēki redzēt laipni lūgti demokrātiskajā pasaulē jaunajā realitātē kopā mēs varam dr e mednis agenskalnaklinika gribusportot kopamesvaram dzivebezbailem
7,20.02.2021 22:43:50,Āgenskalna klīnika,,,interesants uzsaukums pasaules ārstu alianses esam vienoti kopā mēs varam dr e mednis agenskalnaklinika gribusportot kopamesvaram dzivebezbailem
10,21.02.2021 12:19:21,Āgenskalna klīnika,,,šobrīd ļoti daudz šķēpu lauzti saistībā kovid ārstēšanu profilaksi ierobežojumiem vienmēr cilvēku viedokļu manuprāt veiksmes atslēga vienmēr meklējama savstarpējā cieņā mīlestībā viedokļu dažādībā manuprāt daudz veiksmīgāka pacientu ārstēšana šobrīd populāro diagnozi profilakses pasākumi savstarpēja komunikācija pusēm valdība varētu gribētu dzirdēt alternatīvos viedokļus slimnīcu kolēģi strādā vaiga sviedros palīdzēt saviem pacientiem aicinātu palīgā savus kolēģus pārstāv alternatīvās medicīnas laikam sapņi mums savs skatījums problēmu diskusijās savstarpējā cieņpilnā viedokļu apmaiņā mēs varam pakāpties kādu pakāpienu augstāk mēs varam apgūt daudz citu kovid pacientu ārstēšanu vakcināciju runā maskavas profesors vorobjovs 40 pieredzi medicīnā desmitiem ārstējis černobiliešus citus smagus pacientus vērts paklausīties aizdomāties kopā mēs varam dr e mednis agenskalnaklinika gribusportot kopamesvaram dzivebezbailem
11,22.02.2021 12:12:04,Āgenskalna klīnika,,,gribēju uzrakstīt mūsu katra personīgo atbildību pandēmijas turpināšanā uzturēšanā gandrīz skaidrs pandēmijas skaitļi radīti uzturētu mītu pandēmiju mirstība visā pasaulē paaugstinājusies saslimstība daudz vairāk ielaistu slimību laicīgi daudz vairāk depresiju pašnāvību pārbijušos cilvēku ļoti daudz ciešanu vakcīnu blakņu rada uztur pieļauj rada iespējams cilvēku grupējums grupa gūst iespējams labumu visa uzturam pieļaujam mēs klusē ārprāts beigtos veido vajadzīgo statistiku griež pcr testa ciklus 40 vairāk dod rīkojumus uzliek dažādus vairāk mazāk absurdus ierobežojumus visi atbildīgi ārprāta stāvokļa turpināšanos es valdības rīkojumu jāpilda iedomājieties brīdi situāciju mēs visi vienā dienā maskas teiktu pietiek restorānu bāru īpašnieki teiktu pietiek atvērtu savu uzņēmumu durvis kosmetologi frizieri vienā dienā teiktu pietiek atvērtu savus kabinetus pandēmija dienā beigtos terorizēt sabiedrību sašķelta mēs esam pats sevi iebaidīti kūtri paši sevi pastāvēt mums manipulēt tieši manipulēt citādi ārprātu komandantstundu ieviesa saslimstība 400 500 gadījumu dienā atcēla 700 800 teikumu atvainojiet tāpat veikalus slēdza rudenī tagad vērs vaļā mainījies būtības pilnīgi saslimstība grāmatas aizliedza tirgot atļāva mainījās pilnīgi atbildīgs valdība protams mēs protams domājam atveram acis vēlreiz domājam izdarām secinājumus rīkojamies darām mūsu spēkos palīdzētu sev valdībai tautai pasaulei izbeigt tālāk vairs iet mūsu katra līdzdalības bērnības atmiņā palicis pantiņš roka jāpieliek lielais darbs priekšu iet kopā mēs varam dr e mednis agenskalnaklinika gribusportot kopamesvaram dzivebezbailem
15,02.03.2021 23:00:52,Āgenskalna klīnika,,,augsti godājamais kariņa kungs atkal mums draud kārtējiem ierobežojumiem mutanti īsti saprast kompjūterspēles pārspēlējies kāda vajāšanas mānija īpaši smagā formā ļaunāku situāciju padara fakts premjersministrs lemj latvijas iedzīvotāju labklājību es liels skaitļu pazinējs vienu skaitli otra māku atšķirt māku tos salīdzināt vismaz lielāks mazāks pielietojot savas prasmes dzīvē papētot mirstības statistiku oficiāli pieejamu secinu mirstība latvijā palielinājusies salīdzinājumā pēdējās desmitgades vidējo loģisks jautājums mums ierobežojumi tiem joprojām runāts sen tis jāatceļ tautai paradokss tāds izrādās mirstība mazāka trešās pasaules valstīs valstīs ierobežojumi bijuši pievienoju del bigtree sarunu izmeklējošo žurnālistu jeffrey jaksen skaidri gaiši pateikts visi ierobežojumi vienīgi ļaunu cilvēku veselībai apzinoties dažādi maniakāli stāvoklī bailēm uzmācīgām domām grūti pārvarami kariņa kungs atbildīgs lielā mērā latvijas tautas veselību labklājību piedāvāju bezmaksas konsultāciju homeopātijā efektīvi preparāti baiļu psihožu maniakālu stāvokļu ārstēšanai mans ieguldījums latvijas tautas atbrīvošanā pilnīgi liekām ciešanām papildus piedāvāju bezmaksas konsultāciju pavļuta kungam iespējams tādējādi mums kopīgiem spēkiem izdosies pārvarēt krīzi atcelt ierobežojumus kopā mēs varam dr e mednis agenskalnaklinika gribusportot kopamesvaram dzivebezbailem
16,02.03.2021 23:56:29,Āgenskalna klīnika,,,mums jāseko teksasas piemēram kovidēmija beidzās izskatās
18,03.03.2021 11:42:13,Āgenskalna klīnika,,,paldies andrim ciekuram labo darbiņu publiskojis ministru kabineta sēžu protokolus interesantas lietas atklājas premjera kariņa domām visa cov histērija jāstiepj rudenim uzturētu cilvēkiem baiļu sindromu tādējādi piespiestu potēties diezgan manuprāt šādiem cilvēkiem jāsadzīvo šobrīd mainīsies manuprāt svarīgāks saglabāt veselo saprātu skaidru skatu dzīvi procesiem kopā mēs varam dr e mednis agenskalnaklinika gribusportot kopamesvaram dzivebezbailem te saite andra ciekura raidījumu
20,05.03.2021 14:19:04,Āgenskalna klīnika,,,dīvainā kārtā vakar manis facebook ievietotais video vācu ārsts bodo schiffmann asarām acīs stāsta kārtējo mirušo bērnu maskas lietošanas rezultātā pazuda klīnikas profila sakritība vakar ļoti īsā laikā apzīmogoja kvalitātes zīmi acīm redzot rečekisti sabīni bērziņu līdzīgajiem atbalsta bērnu spīdzināšanu tāpat atbalsta pārējo ārprātu latvijā pasaulē tāpat viņi atbalsta medicīniskus izmēģinājumus cilvēkiem informētas piekrišanas iespējams koda pārkāpums iespējams krimināli sodāms ceru mēs visai drīz tiesās pasaules lielākajā afērā medicīniskajā eksperimentā iesaistītos viņiem jāatbild cilvēku sakropļotām dzīvēm veselību izjukušajām ģimenēm pašnāvībām priekšlaicīgām rada afēra domājam labas domas mēģinām stāvēt haosu mums uzspiests saglabājam veselo saprātu kopā mēs varam dr e mednis agenskalnaklinika gribusportot kopamesvaram dzivebezbailem
22,06.03.2021 23:05:13,Āgenskalna klīnika,,,stokholmā šodien mītiņš demokrātiju cilvēki maskām ielās daudz cilvēku tūkstoti
24,06.03.2021 23:06:40,Āgenskalna klīnika,,,te turpinājums spriediet paši domājiet kopā mēs varam dr e mednis agenskalnaklinika gribusportot kopamesvaram dzivebezbailem
26,07.03.2021 17:55:22,Āgenskalna klīnika,,,man rokās divi visai interesanti dokumenti viens asv patents iesniegts patentu valdē 2015 gada 13 oktobrī patentēts c19 testēšanas aprīkojums metode otrs dokuments apliecina c19 aparatūras testu iepirkumu asv eiropā citur pasaulē savukārt 2018 gadā dīvaini šķiet pieņemam teātris plānots iepriekš dokumenti pierādījums domājiet vērojiet vēlreiz domājiet pasniegts padomju laikos jāmācās lasīt rindām rindām liekot kopā gabaliņu gabaliņam laiku puzzles bilde atklāsies kopā mēs varam dr e mednis agenskalnaklinika gribusportot kopamesvaram dzivebezbailem
29,07.03.2021 20:01:12,Āgenskalna klīnika,,,pieejams jaunais brīvvalsts tv ziņu raidījums kopā mēs varam dr e mednis agenskalnaklinika gribusportot kopamesvaram dzivebezbailem brivvalststv
33,08.03.2021 10:25:21,Āgenskalna klīnika,,,viens dokuments sagatavojusi pasaules ārstu alianse masku lietošanu atsaucēm oficiāliem datiem pētījumiem maskas zināms pilnīgi aizsardzībai vīrusiem jūsu veselībai vairāk ļaunuma labuma lasiet domājiet kopā mēs varam dr e mednis agenskalnaklinika gribusportot kopamesvaram dzivebezbailem
35,09.03.2021 11:32:16,Āgenskalna klīnika,,,blakņu apkopojums apvienotajā karalistē pfizer vakcīnas populāra mums blakņu sarakstā daudz vēdera problēmu 100 gadījumu aklums citi jaukumi laipni lūgti vakcinācijas kabinetu mīļie izmēģinājuma trusīši kopā mēs varam dr e mednis agenskalnaklinika gribusportot kopamesvaram dzivebezbailem
37,09.03.2021 13:53:01,Āgenskalna klīnika,,,te astra zeneca vakcīnas blaknes ietver aklumu parēzes sāpes dažādās ķermeņa daļās 200 mirušajiem apvienotajā karalistē laipni lūgti vakcinēties kopā mēs varam dr e mednis agenskalnaklinika gribusportot kopamesvaram dzivebezbailem
39,11.03.2021 13:01:32,Āgenskalna klīnika,,,mūsu valsts atbildīgās amatpersonas kariņš pavļuts citi aktīvi aģitē izdomā arvien paņēmienus piespiest cilvēkus vakcinēties gribu viņi dara faktu vakcīnas pārbaudītas izgājušas pilnu izmēģinājumu ciklu tātad eksperimentālas atceramies vēsturi pavisam 20 gadsimta 30 40 gados divas lielvaras vācija padomju savienība vadības veica eksperimentus cilvēkiem koncentrācijas tajās ieslodzītajiem šobrīd pasaule skaitā latvija pārvēršas vienu lielu koncentrācijas tiešām cilvēku varaskāre liela vēsturiskā atmiņa vāja vis izšķir slāpes slāpes daudz zemiski ļoti zemiski ļoti zemiski kariņa kungs ļoti zemiski pavļuta kungs jūs savu tautu saviem cilvēkiem jūs personīgi esiet atbildīgi blaknēm mirušajiem jūsu vadītajā eksperimentā jūsu personiskā atbildība ļoti ļoti smaga tagad ieviestajiem ierobežojumiem sabojātas ļoti daudzas dzīves ļoti daudzi cilvēki cieš jūsu ieviesto ierobežojumu ciešanu vairāk jums jāatbild tiesas priekšā vismaz savas sirdsapziņas priekšā jūs mocīs mūža beigām jūs apjautīsiet postu sējat jūs apjautīsiet agri vēlu sapratīsiet ceras taisnība uzvarēs jums jāstājas tribunāla priekšā cilvēci savu tautu taisnība uzvarēs sarakstiņš vakcīnu blaknēm oficiāliem avotiem lasiet domājiet kopā mēs varam dr e mednis agenskalnaklinika gribusportot kopamesvaram dzivebezbailem
40,11.03.2021 19:07:01,Āgenskalna klīnika,,,iedegsim sveces mūsu brīvību vakaru plkst 1900 laikā 11 20 martam kopā mēs varam dr e mednis agenskalnaklinika gribusportot kopamesvaram dzivebezbailem
44,12.03.2021 15:44:24,Āgenskalna klīnika,,,manuprāt ļoti lietderīga iniciatīva portālā iespēja parakstīties jaunizveidotā vakcinācijas biroja likvidāciju interesantākais fakts vienas dienas laikā iniciatīva savākusi 10 000 balsu cilvēki vienaldzīgi viņiem rūp tautas veselība valsts labklājība parakstīties kopā mēs varam dr e mednis agenskalnaklinika gribusportot kopamesvaram dzivebezbailem
47,14.03.2021 20:04:41,Āgenskalna klīnika,,,jauno brīvvalsts tv raidījumu
48,14.03.2021 23:15:03,Āgenskalna klīnika,,,ļoti emocionāla aizkustinoša īrijas ģimenes ārstes uzruna situāciju pasaulē vērts kopā mēs varam dr e mednis agenskalnaklinika gribusportot kopamesvaram dzivebezbailem
50,15.03.2021 12:10:34,Āgenskalna klīnika,,,vakcinācija covid laikam ejot izraisa vairāk jautājumu vairāk šaubu patieso mērķi vairāk šaubu drošību šaubas pastiprina valdības aktīvā pārlieku aktīvā rīcība minēto vakcīnu piedāvāšanai uzspiešanai sabiedrībai zināms fizikas likums lielāks spēks darbojas virsmu lielāks spēks darbojas pretim dzīvē likums darbojas perfekti vairāk mūs spiež vakcinēties vairāk mēs mēģināsim izvairīties vairāk cilvēku mēģinās izvairīties atrast citādus ceļus sev pienākošās indes devu mani antivakseri zinātnes zinātnes tukša propaganda biznesa intereses vara ambīcijas zinātnes saistībā pašu vīrusu vakcīnām vīrusu mēģina iebilst rakstīt skarbos komentārus izslēdziet televizorus radio ziņas svarīgu jūs garām atveriet acis paskatieties apkārt pasaule izskatīsies pavisam savādāka mazāk baisa vīruss iespējams pazudis jūsu mājas pagalma vēlējos padalīties savu kolēģu rakstīto daudzi jautājumi vakcīnām eiropas ārstu zinātnieku atklāta vēstule eiropas zāļu aģentūrai izlasiet atsaucēm atsaucēm zinātniski kopā mēs varam dr e mednis agenskalnaklinika gribusportot kopamesvaram dzivebezbailem
51,15.03.2021 22:28:18,Āgenskalna klīnika,,,vajadzīgi 5 brīvvalsts tv raidījumi patiesības ministrija bloķētu youtube kanālu translēti raidījumi pamatojums medical misinformation smieklīgi jautājums medicīnas eksperts izlēma sabīne bērziņa rebaltika līdzīga statusa izglītības medicīnas eksperts fizika fizika darbojas liekās spiediens virsmu lielāks pretspēks vairāk alternatīvi domājošos bloķē attīsta kreativitāti liek domāt plašāk attīstību priecē mēs visi augam situāciju iziesim daudz gudrāki daudz stiprāki daudz saliedētāki sākoties kopā mēs varam dr e mednis agenskalnaklinika gribusportot kopamesvaram dzivebezbailem
52,16.03.2021 09:11:32,Āgenskalna klīnika,,,interesants raksts rečekistu patieso seju finansējumu varu viņiem pačukstēt vārda brīvību latvijā atcēlis vismaz oficiāli mums tiesības savu viedokli subjektīvu tiesības tāpat mūsu oponentiem tiesības savu lab zināms patiesība dzimst strīdos diskusijās demokrātiskas sabiedrības stūrakmens brīvi runāt brīvi paust savu gribu šodien samierināmies vārda cenzūru rīt jābalso vēlēšanās parīt vēlēšanas mums rečekisti kopā citiem čekistiem mūsu vietā sakārtojuši lietas ievēlējuši vajadzīgos cilvēkus vajadzīgajās vietās pats brīvi paužu savu viedokli aicinu citus darīt tāpat bailēm lasīju komentāros viena saviem ierakstiem rečekistu zīmogs facebook profilā zināma kvalitātes zīme pareizi esam brīvi brīvi elpojam brīvi domājam brīvi paužam savus viedokļus mēs patiešām jutīsimies brīvi brīvi važām stereotipiem cenzūras maskām ierobežojumiem lokdauniem visa degradē cilvēku augstāko būtni cilvēku personību kopā mēs varam dr e mednis agenskalnaklinika gribusportot kopamesvaram dzivebezbailem
53,16.03.2021 10:53:44,Āgenskalna klīnika,,,lietas risinās vecajā labajā padomju savienībā kāda laikā savā telegram kanālā fb lapā informāciju pcr testiem informācija zinātniski pamatota balstīta pcr testa izstrādātāja karen mullis teikto paša testa tehnisko informāciju saeimas deputātam andrim skridem iesniegumu valsts policijai lūgumu izvērtēt manu viedokli atsevišķi personāži visā teātrī uzskata viedoklis cenzējams jebkuriem līdzekļiem viedokli cenzēt veselības inspekcijas palīdzību tagad skatuves jānāk valsts policijai cenzūras mēģinājums godājamais dr skride celšana mūsu valstī krimināli sodāma jūs mēģiniet pateikt šīm savām darbībām iesniegumiem dažādām valsts institūcijām patiesību vienalga redzama agrāk vēlāk pilnīgi vi deputāts skride vēlas kopā mēs varam dr e mednis agenskalnaklinika gribusportot kopamesvaram dzivebezbailem
55,18.03.2021 08:36:36,Āgenskalna klīnika,,,laikā pasaulē valda dīvainas lietas varas vīru darbības aizvien attālinātākas rūpēm savām tautām ļoti būtiski mums turēt možu garu celt savas vibrācijas brīviem savā apziņā savā būtībā aicinu gada 20 martā plkst 12 apvienoties vienoties kopīgā dziesmā kopīgā lūgšanā savu tautu mūsu bērniem mums pašiem dziedāsim sirds visi kopā vienā laikā vieniem vārdiem vienā melodijā mēs atrastos mēs esam kopā mēs esam vienoti vēlāk saite kopīgo ierakstu kopā mēs varam dr e mednis agenskalnaklinika gribusportot kopamesvaram dzivebezbailem
56,19.03.2021 18:26:30,Āgenskalna klīnika,,,gala produkts mūsu saruna artūru berni dzīvi vīrusiem citām interesantām lietām kopā mēs varam dr e mednis agenskalnaklinika gribusportot kopamesvaram dzivebezbailem
57,21.03.2021 13:12:57,Āgenskalna klīnika,,,šovakar svētdienas vakaru skatāmies ierastajā laikā plkst 2000 brīvvalsts tv kārtējo ziņu izlaidumu interesanti kopā mēs varam dr e mednis agenskalnaklinika gribusportot kopamesvaram dzivebezbailem
58,21.03.2021 19:58:33,Āgenskalna klīnika,,,jaunais brīvvalsts tv ziņu raidījums skatāmies baudām mēs varam dr e mednis agenskalnaklinika gribusportot kopamesvaram dzivebezbailem brivvalststv
59,23.03.2021 11:55:35,Āgenskalna klīnika,,,šodien mums interesanta saruna manu kolēģi dr pēteri apini bērniem sajūtām psihopandēmijas laikā bērnu alkoholismu citām pandēmijas sekām šobrīd skatieties dalieties rūpējamies saviem bērniem ceļam ārā depresijām ejam viņiem dabā sportojam kopā uzmundrinām šādi mēs visi kopā kāpjam ārā bedres valdoņi mūs pūlas iegāzt kopā mēs varam dr e mednis agenskalnaklinika gribusportot kopamesvaram dzivebezbailemskatieties dalieties baudiet
70,28.03.2021 12:18:22,Āgenskalna klīnika,,,laikā mums maskas uzspiež varu pasniegtas panaceja aizsardzībā vīrusiem vērts ielūkoties šūtas izgatavošanas procesā jauks video redzams ievērojiet zilā virsma augšu baltā likta sejas slauka grīdu labu apetīti turpinām lietot lielu uzcītību mēs varam dr e mednis agenskalnaklinika gribusportot kopamesvaram dzivebezbailem
72,29.03.2021 21:45:22,Āgenskalna klīnika,,,strādājot saviem pacientiem bieži domāt medicīnu kopumā attīstības virzieniem savulaik pabeidzis latvijas medicīnas akadēmiju sāku strādāt mans labs draugs varētu teikt dzīves skolotājs dr juris vecvagars reiz teica klasiskā medicīna laba brīža situācija ļoti skaudri apliecina mums atnācis vīruss pārsvarā mirst veci cilvēki cilvēki vairākām hroniskām saslimšanām slimo smagāk fona saslimšanas domāju pašā diagnozē slēpjas jautājuma būtība manuprāt slēpjas ārstēšanā daudz esmu domājis es savu kolēģu darbu es pūles ieguldījumu cilvēku veselības atgūšanā klasiskā medicīna farmakoloģiskā hronisku slimību gadījumā līdzēt vienīgi apārstēt simptomus pavērojam piemēram bronhiālās astmas pacientiem steroīdi reimātiķiem steroīdi utt citostātiķi antibiotikas citi dzīvību medikamenti protams reizes iespējams vajag vairumā gadījumu iztikt vismaz mana prakse rāda izārstēt plaušu karsoni bronhītu strutainu angīnu antibiotikām izārstēt reimatisko artrītu steroīdiem tāpat astmu katrai slimībai savs palaidēja mehānisms slimību tulkot slimību ķermenis runā mums jāprot valoda mums jāmāk sarunāties valodā izdarīt īstam palīdzēt pacientam ārstēt izārstēt dziedināt manuprāt visbūtiskākais ārstam jātiecas savu pacientu dziedināšanu protams laiks laiks sarunai pacientu mums studentiem savulaik profesors skuja mācīja anamnēzes ievākšanai laiks 2 3 stundas sapratne cilvēks saslimis praksē apstiprinās sarunai pacientu laiku žēlot mēs varam palīdzēt saviem pacientiem atgriežoties raksta sākumā minētā kurp dodas medicīna manuprāt dodas holistiskās pieejas virzienā dodas medicīnas virzienā homeopātijas akupunktūras ajūrvēdas līdzīgu turp pacients vērtība turp patiesa vēlme izārstēt turp vēlme ieklausīties saprast es redzu medicīnas ļoti skaidri pienāks pavisam drīz kopā mēs varam dr e mednis agenskalnaklinika gribusportot kopamesvaram dzivebezbailem
74,31.03.2021 14:16:07,Āgenskalna klīnika,,,pieņemoties spēkā vakcinācijas propagandai mums jāspēj pieņemt savs pamatots lēmums vakcinācijas sakarā mums jānoformulē sava attieksme mēs personīgi vēlamies piedalīties medicīniskā eksperimentā brīvprātīgi samaksas jāspēj sakārtot savas prioritātes salikt savas vēlmes prioritārā secībā man personīgi pirmajā vietā sava veselība es vesels es palīdzēt citiem es spējīgs dot citiem man gribētos ceļot baudīt ārzemju jaukumus kalnus sauli sniegu kalnos citas burvīgas lietas es esmu gatavs paciesties es ceļot brīvi testiem vakcīnām kādām koncentrācijas izziņām zaļajām pasēm citām cilvēku brīvību ierobežojošām lietām es esmu vesels vēlos vesels sakarā pievienoju ebreju rabīna chananya weissman uzrakstīto 31 punktu es pievienojos 100 1 vaccine vaccine by definition provides immunity disease this does provide immunity anything bestcase scenario merely reduces chance getting severe case virus if one catches hence medical treatment vaccine do want take medical treatment for an illness do have 2 drug companies politicians medical establishment media have joined forces universally refer this as vaccine when one with intention manipulating people into feeling safer about undergoing medical treatment because they are being deceitful do trust them want do with their medical treatment 3 presumed benefits this medical treatment are minimal would last long any case establishment acknowledges this already talking about additional shots everincreasing vaccines that would be required on regular basis refuse turn myself into chronic patient who receives injections pharmaceutical products on regular basis simply reduce my chances getting severe case virus that these injections do even prevent 4 can reduce my chances getting severe case virus by strengthening my immune system event catch virus there are vitamins wellestablished drugs that have had wonderful results warding off illness without risks unknowns this medical treatment 5 establishment insists that this medical treatment safe they cannot possibly know this because longterm effects are entirely unknown will be known for many years they may speculate that safe but disingenuous for them make such claim that cannot possibly be known because they are being disingenuous do trust them want part their treatment 6 drug companies have zero liability if anything goes wrong cannot be sued same for politicians who are pushing this treatment will inject myself with experimental medical device when people behind accept liability or responsibility if something goes wrong will risk my health my life when they refuse risk anything 7 israel prime minister has openly admitted that israeli people are world laboratory for this experimental treatment am interested being guinea pig or donating my body science 8 israel agreed share medical data its citizens with foreign drug company as fundamental part their agreement receive this treatment consented for my personal medical data be shared with any such entity was even asked will contribute this sleazy enterprise
77,31.03.2021 14:16:07,Āgenskalna klīnika,,,26 indeed horror stories are already coming at warp speed but politicians are least concerned medical establishment brushing them aside as unrelated or media ignoring drug companies are steaming ahead at full speed those who raise red flag continue be bullied censored punished clearly my life my wellbeing are their primary concern will be their guinea pig their laboratory will risk being coincidence 27 although many people have died shortly after getting injected including perfectly healthy young people we are allowed imply that injection had anything do with somehow this antiscience will cause more people die believe that denying any possible link abusing people who speculate that there might be link demonstrating slightest curiosity even explore if there might be link what antiscience could very well cause more people die these same people believe am obligated get injected as well freaking thanks 28 am repulsed by religious cultlike worship pharmaceutical product will participate this ritual 29 my healthcare provider keeps badgering me get injected yet they have provided me information on this treatment or any possible alternatives everything know learned from others outside establishment informed consent has become conformed consent decline 30 see all lies corruption propaganda manipulation censorship bullying violation medical ethics lack integrity scientific process suppression inconvenient adverse reactions dismissal legitimate concerns hysteria cultlike behavior ignorance closed mindedness fear medical political tyranny concealment protocols lack true concern for human life lack respect for basic human rights freedoms perversion torah common sense demonization good people greatest medical experiment all time being conducted by greedy untrustworthy godless people lack liability for those who demand risk everything see all this have decided they can all have my place line will put my trust god will use mind blessed me with trust my instincts which leads final reason which sums up why will get vaccinated 31 whole thing stinks kopā mēs varam dr e mednis agenskalnaklinika gribusportot kopamesvaram dzivebezbailem
80,01.04.2021 15:48:25,Āgenskalna klīnika,,,1 aprīļa ziņa skaisti pasapņot kopā mēs varam dr e mednis agenskalnaklinika gribusportot kopamesvaram dzivebezbailem
84,03.04.2021 20:50:52,Āgenskalna klīnika,,,šobrīd valdība izvērš ļoti aktīvu mārketinga kampaņu vakcīnām interesanti mērķis respektīvi kāda mērķa jāuzspiež tautai dara gandrīz katra valdība pasaulē galam iespējamām blaknēm gada diviem pieciem desmit ietekmēs mūsu organismu auglību imūnsistēmas darbību šobrīd zinātnieki visā pasaulē brīdina iespējamu mrna vakcīnām dažādām slimībām autoimūnām saslimšanām daudzi miruši pirmās otrās devas valdības joprojām sasaistīt vakcīnu toties cilvēks testēts pozitīvi covid gadījumā ierēķināts covid mirušo statistikā vērā patieso iemeslu bieži iespējams saistīts slimību retorisks jautājums pasaules valstu valdības tērē milzu covid mārketinga kampaņām izdevīgi vajadzīgs covid kults patiesie organizatori vārdā viņi darbojas piedāvāju pasaules ārstu alianses sagatavotu bukletu rosina domāt rosina izvērtēt laiciņa publicēju vakcīnealitātes izveidoto bukletu jauno vakcīnu sakarā loģisks vērtīgs turpinājums domājam domājam domājam glābjam savus tuviniekus draugus vēlāk žēl sirdsapziņas pārmetumi darīt pārfrāzējot zināmo teicienu izglāb draugu vakcinēties kopā mēs varam dr e mednis agenskalnaklinika gribusportot kopamesvaram dzivebezbailem
87,04.04.2021 12:58:11,Āgenskalna klīnika,,,ļoti ilustratīvs piemērs manis iepriekš rakstītajam vakcīnas drošas izpētītas cilvēki mirst ticības ādas krāsas reliģiskās piederības vecuma gadījumā jaunības padomājiet vakcinācijas palūdziet savu ģimenes ārstu jebkuru citu personu jums piedāvā vakcinēties jums izsniegt rokas vakcīnas anotāciju pajautājiet pētījumi dzīvniekiem bijuši beigsies trešās fāzes pētījumi konkrētajai vakcīnai domājiet kopā mēs varam dr e mednis agenskalnaklinika gribusportot kopamesvaram dzivebezbailem
92,08.04.2021 12:02:32,Āgenskalna klīnika,,,ļoti labu ierakstu fb telegram platformā ierakstījusi marika zelča čerāne covid vakcīnu virzīšanu tirgū mēģinājumiem uzspiest tautai informācijas telpa slēgta ziņas ātri izplatās visā pasaulē arvien vairāk dzirdēt gadījumus miris īsā laikā vakcinācijas kādu jaunajām mrna vakcīnām vakcinējas jāsaprot viņi piedalās klīniskā eksperimentā cilvēkiem iespējamos zaudējumus vakcīnu drošību teikt slīcēju glābšana pašu slīcēju rokās pats ej vakcinēties pats atbildi sekām latviju pāršalca ziņa vakcīnas miris prof riževs psihiatrs izmeklē gadījumu ieinteresēts atklāt patiesību miris tuvinieki zāļu valsta aģentūrai interesē veselības ministram interesē premjeram interesē viņi darījuši dara viņi aizņemti vakcinācijas mārketinga kampaņu dažas mazsvarīgākas lielais mērķis utopija vīrusa cilvēki absurds zinām 2020 gadā mirstība latvijā pieaugusi salīdzinājumā pēdējo vairāku vidējo kādu mērķi runa veselība muļķības iespējams absolūti savtīgas intereses vara pilnībā aizmiglo skatienu joprojām uzskatu vakcinācijas covid 19 pāragra kāmēr pabeigti pilnībā visi testi visās fāzēs uzskatu lielas katastrofas tieši komplikāciju jautājums pirmkārt jāiznīdē ārsti medmāsiņas glābēji policisti karavīri kategorijas mums svarīgas padomājiet izdariet savus secinājumus kopā mēs varam dr e mednis agenskalnaklinika gribusportot kopamesvaram dzivebezbailem
95,08.04.2021 20:49:18,Āgenskalna klīnika,,,jūs ziniet valdībai ļoti savakcinēt iespējas vairāk cilvēku bizness vīruss izrādās tamlīdzīga krievi atzinās vakcīna satur digitālas tehnoloģijas čipu izslēgts pārējās mums pieejamās vakcīnas satur pašu šīm tehnoloģijām jūs pilnībā izsekot zināt jūs dariet tiekieties ilgi vietā tālāk jums visa vēsture jūs izbēgt čipu izņemt vienu piegājienu jūs pilnībā kontrolēts mūžu jauki laipni lūgti jaunajā pasaulē kopā mēs varam dr e mednis agenskalnaklinika gribusportot kopamesvaram dzivebezbailem
100,11.04.2021 22:54:55,Āgenskalna klīnika,,,interesanti jaunumi klajā turpinoties šovam microsoft piegādā elektroniskus čipus pfizer koncernam tos ievietotu covid vakcīnās jaunās vakcīnas būšot tiem aprīkotas mērķis blaknes ticiet es saadīšanās tieši microsoft zinot bills geitss viens aktīvākajiem vakcinēšanās kovid baidīšanas ruporiem gada martā šovs sākās atcerieties cilvēku čipošanu runāja deivids aiks david icke runāja aivis vasiļevskis tolaik šķita slima suņa murgi kāda fantastika ātri daudz ātrāk mēs spējam iedomāties fantastiskās konspiratīvās teorijas milzu ātrumu precizitāti realitāti tagad palasiet abus paklausieties dažādos kanālos paklausieties citus viedos zinošos padomājiet viņi stāsta izklausītos atcerieties domājāt gada cilvēku čipošanu kopā mēs varam dr e mednis agenskalnaklinika gribusportot kopamesvaram dzivebezbailem
102,12.04.2021 08:24:40,Āgenskalna klīnika,,,vakar rakstīju microsoft čipiem pfizer vakcīnās paldies acīgajiem pamanīja satīras ziņa zināms katrā jokā daļa joka uztveram ļoti iespējams tuva zināms krievijas vakcīnā sputņik 5 viņi paši atzinās pamata uzskatīt citās vakcīnās katrā ziņā laiks rādīs labāk gataviem kopā mēs varam dr e mednis agenskalnaklinika gribusportot kopamesvaram dzivebezbailem
104,14.04.2021 21:36:24,Āgenskalna klīnika,,,patiešām priecīga ziņa pienākusi austrijas tiesa lēmusi pcr testi tautā sauktie kovid testi derīgi slimības diagnostikai ierobežojumiem lokdauniem juridiska pamatojuma taisnība uzvar jācer mūsu valdībnieki ieklausīsies vēstī mums atcels ierobežojumus masku obligāto piespiedu brīvprātīgo vakcināciju eksperimentālajām vakcīnām citas iespējami darbības medicīniska juridiska pamatojuma pielikumā vīnes tiesas spriedums 16 lapām angliski kopā mēs varam dr e mednis agenskalnaklinika gribusportot kopamesvaram dzivebezbailem
106,14.04.2021 23:48:42,Āgenskalna klīnika,,,ļoti iedvesmojošs flešmobs parīzē austrumu stacijā kopā mēs varam dr e mednis agenskalnaklinika gribusportot kopamesvaram dzivebezbailem
108,15.04.2021 14:49:02,Āgenskalna klīnika,,,dzīve met interesantus lokus atbilde iemesls padomāt lielās savu vakcīnu sagaidīt savu vakcīnas devu tv personība midwin charles vienmēr lielījās savu vakcināciju kovid 19 pierunāja savu mammu potēties mira 47 vecumā 1 mēnesi pfizer pirmās devas saņemšanas protams domāt iespējams saistība kopā mēs varam dr e mednis agenskalnaklinika gribusportot kopamesvaram dzivebezbailem
110,16.04.2021 16:05:19,Āgenskalna klīnika,,,publiskā telpa šobrīd pilna ziņām švakcīnu blaknēm blaknēm skaitā cilvēka mo mirst aprūpes mītošie seniori mirst švakcinētie bērni jauni spēka gados esoši cilvēki ļoti skumji skatīties pašnāvnieku rindu krasta ielā izaicina savu likteni pienācīgi labi mārketētu švakcīnu interesanti cilvēki pārdod savu veselību pīrādziņu savs ceļš ejams dzīvē kopā mēs varam dr e mednis agenskalnaklinika gribusportot kopamesvaram dzivebezbailem
119,16.04.2021 16:13:47,Āgenskalna klīnika,,,ļoti interesanta informācija pasaules ārstu alianses izrādās testa metodes covid 19 infekcijai patentētas 2015 gadā cilvēks vārdā ričards rotšilds patenta īpašnieks gaišreģis 2015 gadā zinājis 5 gadus vēlāk ļoti iespējams cits mēs varam iedomāties kopā mēs varam dr e mednis agenskalnaklinika gribusportot kopamesvaram dzivebezbailem
121,16.04.2021 20:07:24,Āgenskalna klīnika,,,te ļoti laba tabuliņa pārskatāma atspoguļota 7 dienu statistika dažādu švakcīnu blaknēm apvienotajā karalistē sarkanu atzīmētās augstu incidenci vairs sazvērestības teorijas dzīves īstenība kopā mēs varam dr e mednis agenskalnaklinika gribusportot kopamesvaram dzivebezbailem
123,17.04.2021 09:26:38,Āgenskalna klīnika,,,īss video reāliem cilvēkiem reālām reālām smagām blaknēm dažādām kovid švakcīnām ieskatieties domājiet kopā mēs varam dr e mednis agenskalnaklinika gribusportot kopamesvaram dzivebezbailem
124,17.04.2021 23:14:32,Āgenskalna klīnika,,,atkal sejas maskas pasargā mūs vīrusiem cits labums lietojot ikdienā varētu kaitīgas cilvēku organismam pilnīgi izrādās paralēli maskas rada dažādas vairāk mazāk sajūtas galvassāpes grūtības koncentrēties citas satur azbesta daļiņas ieelpojot rada paliekošus plaušu audu bojājumus kanādieši izpētījuši satur zilās ķīnas lupatiņas balti zilās vienreiz lietojamās sejas maskas palasiet interesanti kopā mēs varam dr e mednis agenskalnaklinika gribusportot kopamesvaram dzivebezbailem
126,21.04.2021 17:16:42,Āgenskalna klīnika,,,maskas krīt maskām mums jāvalkā pasargātu sevi citus jaunā vīrusa izplatības izrādās blēņas pasakas paši ražotāji ķīnā raksta iepakojuma maskas zili baltās inficēšanās jebkuru vīrusiem vīrusu izplatību lupatu maskām kopā mēs varam dr e mednis agenskalnaklinika gribusportot kopamesvaram dzivebezbailem
130,22.04.2021 11:34:50,Āgenskalna klīnika,,,brīnišķīga lapa apkopota informācija c19 švakcīnām derīga tiem prasīgi zinātniskām atsaucēm ļoti tiem uztraucas saviem apmātajiem tuviniekiem valdoņu masīvās reklāmas kampaņas rezultātā plāno traukties tuvāko pompozi atvērto tukšo švakcinācijas punktu savas eksperimentālās gēnu terapijas devas ceru izglāb draugu kopā mēs varam dr e mednis agenskalnaklinika gribusportot kopamesvaram dzivebezbailem
131,22.04.2021 12:15:33,Āgenskalna klīnika,,,zinātnisks raksts citējamā avotā sejas maskas lielāku kaitējumu cilvēkiem labumu labuma vismaz medicīniska jāizbeidz visa maskarāde beidzot jāļauj cilvēkiem brīvi elpot rādīt savas sejas cilvēku sejas skaistākas dabiskajā veidolā aizklātas zilu ķīnas lupatiņu savādāk izķēmotas citu krāsu faktūru lupatiņām muļķīgi pienāks brīdis mūsu valdoņi atzīs savu kļūdu pienāks brīdis cilvēku paši pateiks pietiek jāizbeidz daudz tauta lēnām mostas visā pasaulē vairs ilgi jāgaida kopā mēs varam dr e mednis agenskalnaklinika gribusportot kopamesvaram dzivebezbailem
133,23.04.2021 22:19:49,Āgenskalna klīnika,,,oracle films radījuši burvīgu filmu tautas pasaules tautu brīvības kustību pasaulē gada 20 martā mošanos bailēm letarģijas svētas ticības valdību apmaksātiem medijiem meliem visa cilvēci dzen postā pēdējā gada laikā mēs mostamies vairāk man apkārt cilvēku izprot kovidsāgas būtību patiešām priecē mūsu daudz ļoti daudz mēs vairāk kopā mēs varam dr e mednis agenskalnaklinika gribusportot kopamesvaram dzivebezbailem
135,26.04.2021 16:06:12,Āgenskalna klīnika,,,te profesors epidemiologs runā masku bezjēdzību faktiski kaitīgumu bērniem evidence based medicine šķiet vairāk vērā ņemama pianistu valodnieku kompjūtrespeciālistu vāji mēģinājumi iejusties ārstu lomā medicīna zinātne spīdēt jāmācās daudzu gadus vadlīnijām iespējamām direktīvām augstākstāvošām personām kopā mēs varam dr e mednis agenskalnaklinika gribusportot kopamesvaram dzivebezbailem
137,28.04.2021 11:16:45,Āgenskalna klīnika,,,mēs visi esam bezjēdzīgajiem ierobežojumiem maskām distancēšanos mājsēdēm stulbākais vārds esmu dzirdējis citām muļķībām mēs uzdodam sev jautājumu vīruss izdzīvošanas rādītājs saslimstot 99 mēs darām izbeigtos uzliekam masku 5 minūtēm pieciešam pasēžam mājās ilgi ilgi turpināsies ilgi mūs mocīs tieši ilgi mēs ļausim sen zināms psiholoģijas varmāka upuris upuris vienmēr aizstāv varmāku upura sindroms ilgi mēs upura lomā mēģināsim saprast muļķības ilgi mēs ļausim sevi spīdzināt ilgi mēs klausīsimies vakcinācija eksperimentālām vakcīnām mūsu vienīgais glābiņš mūs vēlas paglābt domāšanas saviem spriedumiem sapratnes lietām iespējams realizēt globālu kontroli mums šīm sastāvdaļām iespējams mūs pakļaut tāds mērķis pasaka briesmīgo vīrusu spējis pierādīt te vācu projekts izcils monologs 18 minūšu garumā domājam mums vienotiem domās rīcībā mēs paši mēs paši savu protams savu tagadni beidzot dzīvot pilnu krūti maskās pastāvīgā skābekļa badā bailēs kopā mēs varam dr e mednis agenskalnaklinika gribusportot kopamesvaram dzivebezbailem
141,03.05.2021 15:25:08,Āgenskalna klīnika,,,atturēties padalīties divi attēli augšējais apakšējais uzdevums bērnu dienās atrodi 10 atšķirības paša gada aprīlis teksasā eiropā stadions sporta spēles teksasieši mirst mušas pasākuma laiks mūsu valdiniekiem ieslēgt domāšanu iztaisnot muguru beigt klanīties savu bosu priekšā beidzot parādīt spēj domāt paši atgremot dzirdētas pavēles rīkojumus savā pakalpībā pastiprināt domājam pieņemam savu lēmumu kopā mēs varam dr e mednis agenskalnaklinika gribusportot kopamesvaram dzivebezbailem
143,03.05.2021 23:08:34,Āgenskalna klīnika,,,skaitļu valoda varen interesanta zviedrijas statistika mirstība 1000 iedzīvotājiem gadiem 2000 2020 spēj ieraudzīt pandēmiju solīto milzu mirstību man kopā mēs varam dr e mednis agenskalnaklinika gribusportot kopamesvaram dzivebezbailem
145,03.05.2021 23:30:21,Āgenskalna klīnika,,,laikam ejot arvien vairāk informācijas parādās šovu paši galvenie dalībnieki lēnām izstāsta plānoto svarīgi likt kopā gabaliņu gabaliņam raksturotu patreiz pieklājīgiem vārdiem kopā mēs varam dr e mednis agenskalnaklinika gribusportot kopamesvaram dzivebezbailem
146,04.05.2021 11:52:01,Āgenskalna klīnika,,,izraēlā zinātnieku grupa veikusi turpina veikt pētījumus kovid švakcīnu ietekmi cilvēka organismu viņi atklājuši iespējams pfizer vakcīna astra zeneca izraēlā paaugstinājusies kopējā mirstība gada pirmajos divos mēnešos salīdzinot iepriekšējo divi mēneši visdrūmākie pēdējo vēsturē visvairāk mirušo mums fgaišs prāt teicis daudz izraēlā pārfrāzēt mirušo tagad daudz mēs dodamies pašā virzienā pareizāk sakot mūs aktīvi virza dara mūsu pašmāju sarkano strēlnieku rokām mums ļoti svarīgi izkalpoties saviem kungiem reizēm domāju kurienes mūsu valdiniekiem daudz mazvērtības mazdūšības patstāvīgi domāt darīt svarīgāk kādu īres trīsarpus miljoniem parūpēties saviem līdzcilvēkiem savu tautu skaitļi runā savu gaidām mūsu vietējos skaitļus blaknēm mirušajiem daudz cerība mirst pēdējā ceru scenārijs mūsu tautai latvijas tautai pietiks veselā saprāta atteikties piedāvātās indes tāpat indijas ciemā švakcinētāju brigādi akmeņiem padzina ciema pienāks mūsu švakcinētāju kārta kopā mēs varam dr e mednis agenskalnaklinika gribusportot kopamesvaram dzivebezbailem
147,04.05.2021 11:55:26,Āgenskalna klīnika,,,tiem stāstu indijas ciemu iespēja kopā mēs varam dr e mednis agenskalnaklinika gribusportot kopamesvaram dzivebezbailem
149,07.05.2021 21:45:15,Āgenskalna klīnika,,,interesants plakāts apkopotas ievērojamas vēsturiskas personas domas uzskati cilvēks trešā reiha propagandas ministrs jozefs gebelss redziet paralēles šīsdienas situāciju man velkas paralēles interesanti kopā mēs varam dr e mednis agenskalnaklinika gribusportot kopamesvaram dzivebezbailem
151,08.05.2021 07:48:03,Āgenskalna klīnika,,,interesanta informācija vācijā vācijas lielo masu mediju apskats ņem vērā pavisam drīz atveļas mums tagad zināms divām mēģināts īstenot piesprādzējieties jautri maigi sakot traģiski kopā mēs varam dr e mednis agenskalnaklinika gribusportot kopamesvaram dzivebezbailem
152,09.05.2021 12:00:05,Āgenskalna klīnika,,,pasaulē vīruss iegansts demontēt demokrātiju cilvēkiem atņemt elementāras cilvēktiesības iedzīt vienā vārdā sauc pakļaut padarīt vergiem padarīt darba lopiem elites rokās reizes dzirdēts vairs vecam vairs agrāk tiešām savu veidojam mēs paši mēs paši izvēlamies virzienu kurp ejam mēs gribam kādu mums piedāvā es personīgi paldies es vēlos dzīvot pilnvērtīgu dzīvi es vēlos praktizēt savu arodu es vēlos tikties saviem tuviniekiem es vēlos ceļot es vēlos sportu saviem hobijiem es vēlos augt attīstīties lielais plāns švakcinētāji sarkasma kovidisti resetisti valdībnieki daļai viņiem šķiet vīzijas īsti viņi paši gribētu ilgtermiņā piedodiet jūsu vecumā jūs domājiet švakcinēsieties sarkasma ceļot tikties draugiem ēst restorānos jūs sabeigsiet savu veselību upurēsiet sevi altāra atmeties bailes ieslēdziet loģisko domāšanu paskatieties plašāk tālāk savām iegribām tālāk savu ikdienu deguna galu jūs ieraudzīsiet pasaules ārstu alianse savā interneta vietnē publicējusi īsu 5minūšu video skaidrojumu great reset mums draud kādu viņi mums zīmē mūsu rokās piekrist pieklājīgi atteikties domājiet pieņemiet savus lēmumus kopā mēs varam dr e mednis agenskalnaklinika gribusportot kopamesvaram dzivebezbailem
154,10.05.2021 11:05:10,Āgenskalna klīnika,,,indijā vienā slimnīcām švakcinācijas sarkasma kovid miruši pāri 100 cilvēkiem viena slimnīcā milzīgā valstī kopā protams cilvēks mirst infarktā pēdējā mēneša laikā testēts pozitīvi c19 miris kovid cilvēks mirst švakcīnas vainas mutanti švakcīnas bezspēcīgas jājautā mums švakcīnas bezspēcīgas protams ieņemt strausa politiku mirušo saistību švakcīnām teikt indijā pāri miljardu iedzīvotāju 100 mirušo padomājiet simts jūsu tuvinieks vienalga atbildēs šīm mūsu veselības ministrs a god pavļuta kungs minēja uzņemas personīgu atbildību švakcīnu blaknēm izpaudīsies vienīgais varu ieteikt tiem blaknes kovid švakcīnām vērsties pavļuta kunga lūgumu kompensēt zaudējumus morālos materiālos personīga atbildība svarīgi drosmīgi puses redzēsim reālajā dzīvē izskatīsies kopā mēs varam dr e mednis agenskalnaklinika gribusportot kopamesvaram dzivebezbailem
156,12.05.2021 10:34:27,Āgenskalna klīnika,,,apskāvieni viens veidiem cilvēki savā starpā sveicinās enerģijas apmaiņa cilvēkiem labi zināms pieskārieni vajadzīgi mums vitāli svarīgi mums būtiski apskauj galu galā sabučo komunikācija cilvēcisko būtņu starpā interesanti tālu varneši aiziet savā beidzamajā izdomā aizliegt apskāvienus sviests lasīju pagājušajā pavasarī viens spāņu seksologs ieteicis kovid drošāko seksa pozu sunītī censties ievērot 2 metru distanci darīt iespējas retāk kārtējais sviests visi apskāvienu prezervatīvi apskāvienu aizkariņi citas ārprāta idejas īsta trakomāja infektoloģijas šobrīd pasaules politika vērsta mūs atdalītu vienu otra pārrautu iespējamās saites mums cilvēciskām būtnēm jebkura cilvēciska būtne jūtoša mīloša savā būtībā grib mīlēta satikt savus tuvākos apskaut darām regulāri mūsu imūnsistēma vienīgi stiprināsies jebkura patīkama emocija stiprina mūsu imunitāti mēs jebkuru vīrusiem pielikumā raksts sviestu uk valdība izplata drīkst apskauties kopā mēs varam dr e mednis agenskalnaklinika gribusportot kopamesvaram dzivebezbailem
157,18.05.2021 08:09:04,Āgenskalna klīnika,,,bailes strādā šobrīd daudz cilvēku bailēm cilvēki pakļauti bailes visvienkāršākais cilvēciskais instinkts mantots dzīvniekiem ticam darvina evolūcijas teorijai patiesa ļoti dzīvnieku patiesi bezbailīgi spīti briesmām bailēm ļoti vienkārši manipulēt cilvēku prātu cilvēks instinktīvi meklē drošu patvērumu visā vīrusa afēras scenārijā paredzēts bailes vīrusa bailes sekojošs piedāvājums izglābšanos švakcīnu sākuma stadijā tālāk dzīve rādīs mums mēģinās iestāstīt varētu mūsu patiesais glābiņš švakcīnas zināms švakcīnas gēnu terapija materiālā plānā iniciācija kultā spirituālā plānā šoreiz gribu jums piedāvāt īsu skaidrojumu strādā bailes sabiedrībā veidotas zināms labi salikt plauktiņiem kopā mēs varam dr e mednis agenskalnaklinika gribusportot kopamesvaram dzivebezbailem
158,18.05.2021 11:47:21,Āgenskalna klīnika,,,tiem šķiet maska 5 minūtēm grūti sākums tālāk 2 metri sociālā distance skolu slēgšana aprūpes slēgšana apmeklētājiem medicīnas pakalpojumu liegšana pacientiem stāsts ilgi mums paprasīs ilgi daudz mēs paši ļausim ļausim atcerieties veco labo teicienu velnu mazo pirkstiņu šodienas realitāte vairs runa mazo pirkstiņu roku te runa mums mūsu vecākiem mūsu bērniem mūsu mazbērniem viesiem mums ceļamies kājās beidzot sakām skaļu ārprātam kopā mēs varam dr e mednis agenskalnaklinika gribusportot kopamesvaram dzivebezbailem
160,19.05.2021 12:30:21,Āgenskalna klīnika,,,šprices šprices vēlreiz šprices mūsu vienīgais glābiņš ceļš jauno pasauli dara labu blaknes kādreiz vismaz apsārtums pietūkums ģimenes ārsts brīdināja šprices bērns tagad ļoti rožaini blakņu mirstība palielinājusies špricēšanas sākuma gandrīz katrā pasaules valstī jocīgi špricējam vielu ūdeni cilvēki mirst fda smejies autorizēt šprices interesanti varētu iemesls skaisti mums mēģina iestāstīt katrā ziņā domājam sajūtam izdarām secinājumus paturam prātā mrna vakcīnas vakcīnas eksperimentāla gēnu terapija šobrīd testēta visā pasaulē piespiedu brīvprātīgā kārtā izmantojot visādus kārdinājumus cepumus virtuļus izdomā iemānītu tautai draņķi brīnumainā kārtā atrodas cilvēki sviestmaizi gatavi ziedot savu veselību sakarā prātā bērnu dienu anekdote ļeņingradas blokādes laikā satiekas trīs prostitūtas pirmā saka es atdotos kukulīti maizes otrā es atdotos riecienu maizes trešā saka es atdotos velti vismaz silts vēderā lētticīgi mēdz cilvēki virtuli gatavi ciest atlikušo mūžu letāla iznākuma gadījumā vienmēr domāju cilvēkiem suicidālas tieksmes izvēle katra paša rokās kopā mēs varam dr e mednis agenskalnaklinika gribusportot kopamesvaram dzivebezbailem izglabdraugu
162,20.05.2021 11:53:13,Āgenskalna klīnika,,,labu laiku šķiet skaidrs visa pandēmija vismelnākie meli ļaužu grupas interesēs visai afērai sakara medicīnu vismaz klasiskajā izpratnē medicīna šobrīd izmantota ieroci cilvēci jautājums šobrīd redzams aci demokrātijas demontāža biznesa mazā vidējā iznīcināšana masveida cilvēku apzināta plānota cilvēces pakļaušana ļaužu grupai tiem īsti skaidrs laiks pamosties paskatīties plašāk plašāk savu deguna galu savtīgajām interesēm plašāk savām bailēm mēs zinām planēta zeme pēdējos gados vibrē arvien augstākā frekvencē šūmaņa konstante zinātnieki uzskatīja konstantu pēdējo pāris desmitgažu laikā paaugstinās cilvēki justos komfortabli mums jāiet laikmetam līdzi rūpējas savas vibrācijas frekvences paaugstināšanu manuprāt ļaužu kliķes spējīgi paaugstināt savu frekvenci īsteno ļoti savtīgus mērķus citu sevi savu mainīties komforta īsti jādara izdzīvotu izdomāta pandēmija kolosāls veids pazemināt kopējo planētas iedzīvotāju frekvenci protams saraust kārtējo kaudzīti zināms bailes pazemina ķermeņa vibrācijas apšaubāmas šprices piedāvātas panaceja liels sašpricēto cilvēku pārsteigums apjautīs šprice viņi saņēma pamatlietās kaitē viņiem pašiem man vairāki pacienti saņēmuši šprices visi apgalvo tāds apjukums cilvēka organismā injekcijas šķiet pēdējais laiks apvienoties pateikt skaļu pārliecinošu ārprātam pievienoju maika jīdona mike yeadon pārdomas sakarā kopā mēs varam dr e mednis agenskalnaklinika gribusportot kopamesvaram dzivebezbailem izglabdraugu
164,20.05.2021 13:48:09,Āgenskalna klīnika,,,ļoti interesanta ziņa izrādās donoru centri asv sarkanā krusta pakļautībā vakcinētos vakcīna dabīgās antivielas jautājums mums vajadzīga vakcīna kopā mēs varam dr e mednis agenskalnaklinika gribusportot kopamesvaram dzivebezbailem izglabdraugu
166,20.05.2021 23:16:53,Āgenskalna klīnika,,,vairāk parādās jaunas vecas informācijas šobrīd pasaulē izrādās jaunais labi zināms vecais plāndēmija cilvēku špricēšana aizdomīgām galam substancēm paredzēta pagājušā gadsimta beigās 1995 gadā franču ārsts pierre gilbert runā substanci ievada asinsritē kristalizējas smadzenēs sava veida elektromagnētiskā starojuma uztvērēju skatieties priecājieties smiekli kopā mēs varam dr e mednis agenskalnaklinika gribusportot kopamesvaram dzivebezbailem izglabdraugu
167,22.05.2021 08:24:01,Āgenskalna klīnika,,,atkal atkal viens pasaulē uzdod sev citiem jautājumu vārdā šobrīd diezgan skaidra bilde šobrīd populārais vīruss bīstamāks gripu atšķirīgs klīniskajās izpausmēs mirstības ziņā lielas atšķirības toties vakcinācija šķiet lielāku ļaunumu pats vīruss daudz blakņu vakcīnas īsti vēsturē pieredzēts izmēra apjoma klīnisko eksperimentu dzīvniekiem testus vakcīnu pasaule pieredzējusi piespiedu kārtā milzu mārketinga budžetu tos piespiest mēģina tos mēģina piespiest bezprecedenta gadījums mierlaika pasaules vēsturē vēsturē zināmie šāda veida zāļu izmēģinājumi vācijā staļiniskajā padomju savienībā vienīgi mērķis tiešām izmēģināt jaunas bīstamas zāles ārstēšanas metodes šobrīd šķiet pamata mērķis izmēģināt zāles vairāk zāles iegansts ierocis medicīna devalvēta pilnībā pārvērsta labestīgas metodes mērķis palīdzēt cilvēcei masu iznīcināšanas ieroci viena interesanta detaļa pagājušā pavasarī visi atļāvās saukt lietas īstajos vārdos konspirācijas teoriju piekritējiem šobrīd redzam ļoti daudzas konspirācijas teorijām piepildās piepildījušās spriediet paši konspirācijas teorijas patiesie izplatītāji pieliek klāt cenzūru faktčekerus citus darboņus bilde paliek pavisam skaidra pievienoju atkal maika jīdona mike yeadon pārdomas sakarā piedevām paula šreiera paul schreyer vēstures apskatu atskatu vēsturē padomju savienības sabrukuma mūsu dienām interesanti kopā mēs varam dr e mednis agenskalnaklinika gribusportot kopamesvaram dzivebezbailem izglabdraugu
170,22.05.2021 12:46:06,Āgenskalna klīnika,,,vērts kanādiešu ārsta dr rodžera hodkinsona roger hodkinson runu skaidri gaiši pasaka sauc pasaulē vērtīgas maskas vīrusa apturēšanā ierobežošanā vērtīgi visi lokdauni distancēšanās pārējās muļķības mums uzspiež vara ārsti pasaulē runā domā mēs kopā mēs varam dr e mednis agenskalnaklinika gribusportot kopamesvaram dzivebezbailem izglabdraugu
172,22.05.2021 20:26:40,Āgenskalna klīnika,,,vēlos jums piedāvāt sarunas fragmentu medicīnas zinātņu doktori inesi jokstu dažādām interesantām tēmām kopā mēs varam dr e mednis agenskalnaklinika gribusportot kopamesvaram dzivebezbailem izglabdraugu
174,22.05.2021 20:31:43,Āgenskalna klīnika,,,oficiāli ziņām šodien vakcinācijas centrā potes miris 30 gadus jauns vīrietis draudzene reanimācijas vakcinējieties pārbaudītas atzītas drošām esam veikts pilns pētījumu cikls vīrietis eksperimentu izglābis vairākus cilvēkus tūdaļ atstājuši vakcinācijas centru savu eksperimentālās gēnu terapijas devu līdzjūtība tuviniekiem kopā mēs varam dr e mednis agenskalnaklinika gribusportot kopamesvaram dzivebezbailem izglabdraugu
176,22.05.2021 22:38:35,Āgenskalna klīnika,,,saprotu informācija šodien iespējams vakcinācijas mirušo vīrieti atsaukta precizēta kāda informācija iespējamā sakarā lūdzu dalieties palīdzēsim patiesību kopā mēs varam dr e mednis agenskalnaklinika gribusportot kopamesvaram dzivebezbailem izglabdraugu
178,24.05.2021 22:28:24,Āgenskalna klīnika,,,japānā aizliedz donoru modernās injekcijas saņēmējiem iemesls iespējams japāņi rūpējas savu tautu cilvēks asins pārliešana spēku pilnbriedā ģenētiski modificēta imūnsistēmu līdzbiedra ziedojums vēlīnās reakcijas šīm injekcijām mainīsies cilvēka ķermenis organisms sistēma mums pašiem jāpadomā septiņreiz iet saņemt savu ģenētiski modificētās ģenētiski modificējošās injekcijas devu vislabāk saņemt veselam kopā mēs varam dr e mednis agenskalnaklinika gribusportot kopamesvaram dzivebezbailem izglabdraugu
180,24.05.2021 23:53:08,Āgenskalna klīnika,,,te reāls stāsts cilvēku miris otrās gēnu terapijas injekcijas testēts pozitīvs ierindots statistikas ailē miris covid sviestaini fakts vismaz pasniedz pamata viena iespēja padomāt vēlaties saņemt šāda veida injekcijas gadīsies atbildību filologs pianists jāatbild pašam tuviniekiem izglabdraugu kopamesvaram kopā mēs varam dr e mednis agenskalnaklinika gribusportot kopamesvaram dzivebezbailem izglabdraugu
181,25.05.2021 09:06:54,Āgenskalna klīnika,,,pasaulē daudz sevišķi sauktās pandēmijas sakarā konspirācijas teorijām uztvert pasmieties taisnība taisnība parādīs vēsture daudziem vēlu slovāku pētījums deguna bakstāmajiem kociņiem ņem pcr testus interesantas lietas atklājas izskaidro daļēji izskaidro siekalu testi vairs vērā ņemami cenu uzspiesti deguna testi jocīgi mums jāievēro 2 metru distance vīrusa izplatības jāmeklē dziļi degunā katrā ziņā viela pārdomām kopā mēs varam dr e mednis agenskalnaklinika gribusportot kopamesvaram dzivebezbailem izglabdraugu
183,25.05.2021 15:20:57,Āgenskalna klīnika,,,floridas pavalsts sarosījusies šoreiz cenzūras ziņā pareizāk teikt decenzūras ziņā štata gubernators de santis parakstījis likumu aizliedz jebkādu cenzūru sociālajos tīklos floridā likuma pārkāpšanu pienākas brangs sods jāmaksā bigtech kompānijām cietušajiem pasaule mainās labu kopā mēs varam dr e mednis agenskalnaklinika gribusportot kopamesvaram dzivebezbailem izglabdraugu
184,26.05.2021 10:39:46,Āgenskalna klīnika,,,šodien ieraudzīju ļoti labu iniciatīvu ļauj mums pašiem paust attieksmi mainīt lietu kārtību mēs visi zinām facebook viens galvenajiem brīvas informācijas plūsmas cenzoriem pasaulē youtube šādi mēs varam pateikt zukerberga kungam īsti labi mēs šādām darbībām piedalāmies call action order respond dreadful shock facebook because censorship you must go google play or app store make rating for facebook with one star write comment condemning objecting facebooks racism towards antivaxxers palestine rating was 42 few days ago currently 37 update 19 when rating reaches 1 google will automatically delete from store which means that mark will lose billions dollars people who rated 220 thousand we about 100 thousand one star ratings order get stage removing from google app store please share this just did takes 2 seconds kopā mēs varam dr e mednis agenskalnaklinika gribusportot kopamesvaram dzivebezbailem izglabdraugu
185,27.05.2021 12:53:34,Āgenskalna klīnika,,,apvienotajā karalistē izrādās gēnu injekciju saņēmēji monitorēta uzvedība pārvietošanās valdības ziņu darot mobilā telefona palīdzību izsekots mums latvijā zināms vienīgi varam cerēt vienmēr mums saule spīd spožāk daudz labāk viņiem īstas ticības mums drīz parādīsies ziņas mēs tiekam izsekoti jautājums paliek vecais liela latvijas iedzīvotāju pacietība daudz lielas cūcības viņiem darīt viņi pacietīs ilgi cietīsim cietīsimies kopā mēs varam dr e mednis agenskalnaklinika gribusportot kopamesvaram dzivebezbailem izglabdraugu
186,28.05.2021 22:52:37,Āgenskalna klīnika,,,atkal gēnu špricēm mūsu muzikanti valodnieki sauc vakcīnām izrādās skaisti vienprātīgi izrādās francūžiem pārāk patīk gēnu terapijas šprices francijas zāļu centrs izpētījis četras vakcīnas pfizer moderna astra zeneca jenssen johnson johnson devis savu secinājumu jāatsauc aprites viņiem pamatojums vairākām lapām galvenie iemesli testi beigsies 2024 gadā beigsies zinām ietekme organismu izpētīta sastāvā esošo vielu drošība domā mūsu zāļu valsts aģentūra domā mūsu veselības ministrs svītu valodniekiem izskatās izpilda pavēles mūsu atbildīgajiem jāsaņem dūša jāatzīst skaisti jāpadomā iespējams latvijā vajadzētu eksperimentālās šprices apturēt izņemt apgrozības drošības testu pabeigšanai izmēģinājumu dzīvniekiem pabeigšanai cerēsim vērosim ilgi vairs palicis visa ārprāta sabrukumam agonija izskatās šprices automātiski aizmēztas mēslainē kopā īpašniekiem vasaļiem kopā mēs varam dr e mednis agenskalnaklinika gribusportot kopamesvaram dzivebezbailem izglabdraugu
187,28.05.2021 23:30:34,Āgenskalna klīnika,,,labas ziņas advokāta rainera fulmiha reiner füllmich zināms gatavo 2 starptautiskas tiesas priekšā jāstājas valdībām vadītājiem farmas kompānijām ļoti daudziem citiem cilvēci šobrīd milzu cilvēci sākot kovidšovu beidzot eksperimentālo gēnu terapiju sauc vakcīnām pārkāpj jebkuras cilvēcības robežas jebkuru ētiku morāli tiešām jācer solītais piepildīsies process vainīgie tiesāti gaidām labas ziņas 2 3 mēs uzvarēsim ārprātu kopā mēs varam dr e mednis agenskalnaklinika gribusportot kopamesvaram dzivebezbailem izglabdraugu
188,30.05.2021 18:50:36,Āgenskalna klīnika,,,interesants pavērsiens lidojumu sakarā sašpricējušies eksperimentālo gēnu injekciju iespējams lidot izskaidrojums ļoti vienkāršs lidojot pastiprināts trombožu sasiņošanas risks augstuma špricētajiem injekciju paaugstināts trombu veidošanās asiņošanas risks ražotāja aviosabiedrības šobrīd domājot darīt ārā situācijas dzīve interesanta pārsteigumu pilna kopā mēs varam dr e mednis agenskalnaklinika gribusportot kopamesvaram dzivebezbailem izglabdraugu
189,30.05.2021 23:16:49,Āgenskalna klīnika,,,pārlasīju hipokrāta zvērestu jocīgas sajūtas pārņem lasot šajos laikos mana prakse ārstniecībā 26 gadus ilga gadus esmu sekojis solītajam reizi pārkāpis sevis doto solījumu saņemot ārsta diplomu tālajā 1995 gadā vismaz apzināti turpmāk es vadīšos pašiem principiem ārsta profesijas aicinājuma būtībā hipokrāta laikiem turpmāk ļoti ceru ārstu sabiedrība drīz atgriezīsies principiem vismaz lielākā daļa vadlīnijas pārākas zvērestu es ticu pavisam drīz hipokrāta zvērestu ārstu profesijas pārstāvis es svinīgi solu savu dzīvi veltīt kalpošanai cilvēcei mana pacienta veselība labklājība man allaž vissvarīgākais es respektēšu sava pacienta autonomiju cieņu visaugstākajā cieņā es uzlūkošu cilvēka dzīvību es manu profesionālo pienākumu izpildi iespaidotu pacienta vecums slimība reliģiskā pārliecība etniskā izcelsme dzimums pilsonība politiskā piederība rase seksuālā orientācija sociālais stāvoklis jebkādi citu apsvērumi es glabāšu man uzticēti pacienta es veikšu savus profesionālos pienākumus labākās sirdsapziņas godprātīgi saskaņā labu medicīnisko praksi es veicināšu ārsta profesijas godu cildenās tradīcijas es izturēšos pienācīgu cieņu pateicību saviem skolotājiem kolēģiem studentiem es dalīšos savām medicīnas zināšanām pacienta veselības aprūpes pilnveidošanas labā es gādāšu savu veselību labsajūtu spēju attīstīšanu visaugstākā līmeņa veselības aprūpi es savas medicīnas zināšanas cilvēktiesību pilsonisko brīvību pārkāpšanai man tiktu draudēts solījumu es dodu svinīgi brīvas gribas apliecinu savu godavārdu svinīgi solu manuprāt zvērestu ārstam derētu laiku laikam pārlasīt labi iezemē kopā mēs varam dr e mednis agenskalnaklinika gribusportot kopamesvaram dzivebezbailem izglabdraugu
190,31.05.2021 12:36:24,Āgenskalna klīnika,,,mirušā jaunieša gadījumu informācija patiesa tuviniekiem runāt baidās jautājums mums atturīgajiem latviešiem vienreiz mērs pilns beigsim kurnēt aprunāt citus pukstēt savās virtuvēs guļamistabās segas sāksim darīt atklāti mums tuviem cilvēkiem jānomirst beidzot mums jāņirgājas spaidi pamodināt mūsos lauvu ilgi mēs gļēvuļi atklāti pateikt domā muguras kaujas mēs lieli varoņi mums viedoklis mostamies beidzot sākam runāt cilvēki tiešām mirst jauni miris policists 40 vecumā potes cilvēku vajadzīgs atklāti runājam stāstām savu pieredzi mums iespēja kādu izglābt mums iespēja kāda ģimenei ietaupīt šāda veida pieredzi mostamies sākam runāt mūsu vietā brīvību mums mums pašiem jāizdara mēs varam pierādīja mūsu vectēvi vecvectēvi 1918 gadā mēs varam kopā mēs varam dr e mednis agenskalnaklinika gribusportot kopamesvaram dzivebezbailem izglabdraugu
191,31.05.2021 20:03:37,Āgenskalna klīnika,,,lietas šobrīd valdības puses sāk uzņemt bīstamus apgriezienus tikšot atļautas dažādas lietas darbības vieniem otriem tikšot liegtas saņēmuši eksperimentālās gēnu injekcijas drīkstēšot atrasties telpās maskas apmeklēt kafejnīcas teātra izrādes citas privilēģijas turpretim pārējie izmēģinājuma trusīši spēlē mēs spiesti turpināt valkāt uzpurņus apmeklēt kafejnīcas koncertus teātrus sauc sauc vienā vārdā diskriminācija krimināli sodāma darbība juristi sastādījuši dokumenta paraugu jāaizpilda sastopoties diskriminējošām darbībām jāsafotografē jāieraksta video audio ieraksts pierāda darbības jāiesūta tiesībsargam iespējams vērties tiesā savu tiesību aizstāvībai veids mēs varam pastāvēt savām tiesībām pareizāk sakot veids mums jāpastāv savām tiesībām atkārtošos cits mums pašiem mūsu brīvību mēs paši pievienoju saiti lapu publicēts iesnieguma paraugs pavļuta kunga koordinātes tiem vēlas izteikt savu personisko viedokli mēs varam dr e mednis agenskalnaklinika gribusportot kopamesvaram dzivebezbailem izglabdraugu
192,31.05.2021 20:16:42,Āgenskalna klīnika,,,komentāriem londonas centrs gada 29 maijs mēs varam dr e mednis agenskalnaklinika gribusportot kopamesvaram dzivebezbailem izglabdraugu
193,01.06.2021 00:30:34,Āgenskalna klīnika,,,te austrālijas skaitļi covid pārliecinoši zaudē covid vakcīnas 1 210 5 mēnešu laikā izvēlamies labāko sev tīkamāko kopā mēs varam dr e mednis agenskalnaklinika gribusportot kopamesvaram dzivebezbailem izglabdraugu
195,01.06.2021 00:42:39,Āgenskalna klīnika,,,sveiciens starptautiskajā bērnu aizsardzības dienā asv dati kritušajiem eksperimentālās gēnu terapijas tagad latvijā sākšot špricēt jauniešus 12 gadiem vienkārši ārprāts pārsteidzoši tālu iet zemu krist mūsu farmācijas lielo aizjūras onkuļu pavadā ejošie vasaļi eksperimentālai gēnu terapijai izmēģinājuma trusīšus pakļauj pieaugušus cilvēkus tagad ķērušies klāt bērniem šķiet asv konektikutas pavalstī 18 iepriekš veseliem jauniešiem attīstījušās sirds problēmas kovidšprices tāds īpatnējs pavļuta kariņa kungu sveiciens mūsu bērniem dienā interesanti viņi savus bērnus pieteikuši rindā kovidšprici kādām tiesībām viņi ķērušies mūsu bērniem mēs varam dr e mednis agenskalnaklinika gribusportot kopamesvaram dzivebezbailem izglabdraugu
196,01.06.2021 11:28:25,Āgenskalna klīnika,,,ļoti interesants kārtējais golos germanii video citēti vācu lielākie preses izdevumu runāts maskām bērniem kovidšpricēm bērniem vācijas valdības reakcijām atceramies asv vācijā laika starpību latvijā vērts aizdomāties sevišķa vērība kovidšpricēm bērniem bērni riska grupa skolās bijuši infekcijas uzliesmojumi lokdauna laikā pieaugusi vardarbība bērniem bērnu suicīdi psihiskās saslimšanas pats mums vācijā kroņa miruši 4 bērni vardarbīgā 1000 bīstams vīruss kopā mēs varam dr e mednis agenskalnaklinika gribusportot kopamesvaram dzivebezbailem izglabdraugu
198,02.06.2021 22:44:49,Āgenskalna klīnika,,,ļoti interesantu rakstu uzrakstījis aivis vasiļevskis raksts zināmā mērā izskaidro gēnu injekcijas ļoti uzspiestas spīti blaknēm daudz izskaidro 5g varētu teikt vardarbīgu ieviešanu ti apkārtējo iedzīvotāju vēlmēm viedokli protams runāt folijas cepurītēm piedēvēt vēsture rāda mums šodien šķiet pilnīgs sviests rīt izrādās sūrā dzīves īstenība atceramies pagājušā gada pavasari rakstīts ziņots lielais vairums piepildījās 100 procentiem lasiet spriediet paši kopā mēs varam dr e mednis agenskalnaklinika gribusportot kopamesvaram dzivebezbailem izglabdraugu
199,03.06.2021 14:09:24,Āgenskalna klīnika,,,turpinot tēmu cilvēku digitalizāciju maika jīdona mike yeadon teiktais īsto vakcīnu sūtību tar mums valdība melo citām interesantām lietām šķiet viņā der ieklausīties strādājis pietiekami augstā amatā pfizer kompānijā domāt zina runā jautājums mēs vēlamies ieklausīties mēs tālāk darām kopā mēs varam dr e mednis agenskalnaklinika gribusportot kopamesvaram dzivebezbailem izglabdraugu
201,03.06.2021 14:41:30,Āgenskalna klīnika,,,bildīte ceļu ceļu grib mēs mums pašiem jāizšķir vēlamies ejam citu ceļu ejam savējo man šķiet daudzi citi ceļi kurp iet daudz skaistākiem mērķiem vienīgais izdarām savu izvēli dodamies savā ceļā kopā mēs varam dr e mednis agenskalnaklinika gribusportot kopamesvaram dzivebezbailem izglabdraugu
203,04.06.2021 22:54:50,Āgenskalna klīnika,,,injekciju iniciē velnišķīgā kultā padara piederīgiem kultam uzticamiem kalpotājiem jautājums mēs vēlamies iniciāciju piederību mēs vēlamies dzīvot saules pilsētā kopā mēs varam dr e mednis agenskalnaklinika gribusportot kopamesvaram dzivebezbailem izglabdraugu
204,04.06.2021 23:01:00,Āgenskalna klīnika,,,viena interesanta ziņa rodas juridiskas problēmas gēnu injekcijām darba vietā citur juristi vēlas palīdzēt pārliecinieties paši kopā mēs varam dr e mednis agenskalnaklinika gribusportot kopamesvaram dzivebezbailem izglabdraugujūsu palīgs tieslietās kanāls tiesplēsis tme tiespleesisnestandarta risinājumi strādā sapuvušā sistēmā grupā tiesplēšu apspriede tme tiespleeshu _apspriede īsi uzrakstiet lietas būtību lūdzu pievienojiet frāzi draugi man jūsu palīdzība mēs jums sazināsimies dalāmies savu pieredzi palīdzam tautiešiem aiciniet palīdzība tieslietās
205,05.06.2021 21:12:12,Āgenskalna klīnika,,,laikā viens vārdiem strauji dienas kārtībā diskriminācija soļa mūsu valdībnieki sola vairāk veselības ministrija solīja vakcinācija obligāta solījums iespējams piemirsies labā roka dara kreisā klajš diskriminācijas piemērs rsu universitāte apmāca jaunos ārstus rektors aigars pētersons ārsts labs bērnu ārsts pats esmu mācījies bērnu ķirurģiju pēkšņi mūsu vadošajiem ārstiem saprast vakcinācija kovidu medicīnisks eksperiments skaitļi liecina mirstība ligas 015 jaunākajiem datiem gripas jaunie ārsti jāspiež vakcinēties tiem jārada situācija mācīties kovidšprices faktiski vistiešākā veidā diskriminācija mobings attiecas citām iestādēm darba vietām pieprasa injekcijas absolūti pieprasa iestādes vadītājs atbildību sekām rasties eksperimentālās gēnu terapijas man paciente sašpricējusies darba devēja pieprasījuma tagad jāārstējas personīgi atbildīgs faktiski pieprasīja injekciju sūdzēt tiesā uzvarēt piedzīt kompensāciju morālu materiālu kaitējumu iespējams jādara faktiski pirmā kovidšprices pieprasījuma jāpalūdz darba devējs uzraksta rakstiski dokumentu jādodas tiesībsarga prokuratūru daba inspekciju rsu gadījumā jāapstrīd ceļš tāds pats tiesībsargs prokuratūra vē dzirdēju saeimas deputāte jūlija stepaņenko organizē juridisku palīdzību gadījumā rakstiet vairāk iesniegumu labāk skaidrāk mēs pateiksim valdībniekiem mēs šovam mēs diskriminācja jāsoda cīnāmies darām uzvarām mēs uzvarēsim klāt pievienoju iesniegumu diskrimināciju aizpildiet attiecīgajiem adresātiem iesniegumu lietot plašāk mēs varam iedomāties kopā mēs varam dr e mednis agenskalnaklinika gribusportot kopamesvaram dzivebezbailem izglabdraugu
207,06.06.2021 12:18:35,Āgenskalna klīnika,,,laiki mainās mēs maināmies tiem līdzi rakstīju vācijā asv brīža mums vienmēr kanāls golos germanii apskata vācijas galvenos masu medijus publikācijas izrādās vācijā mediji sāk lēnām ieslēgt atpakaļgaitu galvenais epidemiologs lautebahs laiku baidīja milzu miruši skaitu pārējo mums labi zināmo ārprātu sākot runāt traki interesants fakts vācijā saslimušo gandrīz vairs mirušie kovida kurienes uzrodas marsieši mums tos piespēlē kāda kļūda diagnostikā uzskaitē domājiet paši interesants moments aptuveni 80 vāciešu vācijas valdības politiku attiecībā kovidārprātu interesanti mums varētu līdzīgi dažas interesantas ziņas saistībā kovidšpricēm dāņi uzdāvinājuši vāciešiem astra zeneca injekcijas paši savā valstī aizliedza sakarā lielu blakņu skaitu parādījies pētījums pfizer biontech vakcīnas paliekot injekcijas vietā izmēģinājumā dzīvniekiem atrastas izkaisītas organismu skaitā lielā daudzumā atrastas olnīcās mums sava izvēle katrā ziņā skatāmies baudām vasaru vairs ilgi palicis kovidārprāts beigtos viņi zina plosās tāds siediens šobrīd saule vairs kalniem kopā mēs varam dr e mednis agenskalnaklinika gribusportot kopamesvaram dzivebezbailem izglabdraugu
208,06.06.2021 22:23:44,Āgenskalna klīnika,,,vēsture atkārtojas drīzāk turpinās visa kovidšļura cits globālā kapitāla pārdale kapitālisma sistēmas krīze kovids iegansts mainītu sistēmu sakars te medicīnu vienāds citiem ļoti interesantiem jautājumiem runā vēsturnieks andrejs fursovs ļoti interesanti aizraujoši izprastu šodien konkrēti saprotami vienkāršā valodā atkal domāt domāšana zināms atkarība attīstība domājam kopā mēs varam dr e mednis agenskalnaklinika gribusportot kopamesvaram dzivebezbailem izglabdraugu
209,08.06.2021 11:54:22,Āgenskalna klīnika,,,turpinot tēmu diskrimināciju latvijā kustība diskrimināciju jauna juriste izveidojusi dokumentu studēt gribošie iniciēties kultā izmantot savu tiesību aizstāvībai lietojam cīnāmies savu brīvību troļļi kariņa goblini paši galā savām injekcijām eksperimentālām substancēm lieto paši sev pievienoju saiti dokumentu ilze jurčas pavadvēstuli mums jāaizstāv savas tiesības izglītību aparteīda mēs varam dr e mednis agenskalnaklinika gribusportot kopamesvaram dzivebezbailem izglabdraugu
211,08.06.2021 21:56:47,Āgenskalna klīnika,,,izcils raksts ierakstīts klīnikas diskusiju sadaļā šausminošs reizē patiess vēsture vēsture šobrīd atkārtojas tālu toreiz daudziem šķita paciesties pacietās ilgi pasaule apraudāja kritušos ļeņingradas blokāde berlīnes ieņemšana prāva bojā gājušos skaits desmitiem miljonu cikls sākās kāda ūsaiņa uzrunu alus bārā tālāk vēss aprēķins aukstasinīga rīcība ļoti līdzīgi šodien šodien mēs esam procesa vidū ierobežotas atsevišķas cilvēku daļas elementāras brīvības izvēle jāizdara brīvības veselība smaga izvēle runāju cilvēkiem paspējuši sašpricēties viena daļa visai apmāta savu izredzētību otra daļa apmuļķota viņi sapratuši risku veselībai domāja savām brīvībām ceļošanu teātriem koncertiem uc skarba atklāsme saproti gribēji labu stulbi vienīgais varam darīt izglītoties spējam lasīt izzināt domāt līdzi klajai propagandai šobrīd faktiski karš savādākā formā pilsētas savulaik teica mūsu valsts prezidents levita kungs hibrīdkarš jāattiecas kara laikā zināms cilvēki ceļojumiem koncertiem citām ekstrām domā sava cena paliela cena dārgi sanāk izvēle katra paša rokās kopā mēs varam dr e mednis agenskalnaklinika gribusportot kopamesvaram dzivebezbailem izglabdraugu
213,11.06.2021 10:22:57,Āgenskalna klīnika,,,meli meli vēlreiz meli īsumā varētu raksturot jezgu vīrusu spējis izolēt pierādīt meli asv vācijā citās valstīs mums vienmēr vislabāk vācijā valdība melo maskām krāpjas iepirkumiem melo statistiku kukuļo slimnīcas izveido situāciju trūktu intensīvās terapijas gultu slimnīcām izdevīgi uzskaitīt iespējas vairāk pacientu c19 tādējādi uzpūšot statistiku radot iespēju vaimanāt trūkst intensīvās terapijas gultu sāk atzīt vācijas lielākie mediji mums latvijā likumā kārtībā mums vislabāk igaunijā dzīvo maskām lietuvā mums vislabāk mēs joprojām ar mēs varētu savu pieredzi piedāvāt igauņiem atbrauc mums mācīties jāmenedžē krīzi jāterorizē tautu viņi labi sarkano strēlnieku arāja komandas pēcteči viņiem jaudīgas vēstures mums vislabāk citētais golos germanii pavisam svaigiem vācijas priekšvēlēšanu jaunumiem interesanti sola mums kopā mēs varam dr e mednis agenskalnaklinika gribusportot kopamesvaram dzivebezbailem izglabdraugu
214,14.06.2021 15:13:50,Āgenskalna klīnika,,,pēdējā laikā sāk parādīties pacienti sūdzībām jaunajām gēnu injekcijām sūdzības visdažādākās izsitumu ādas drudzis ārkārtīgi slikta pašsajūta kaulu laušana strutaini izdalījumi citas jaukas lietas pārāk patīk pašiem pacientiem sākotnējās ziņas palīdzēt laimi palīdzēt vajag komplikācijas reizēm visai viena lieta jāatceras komplikācijām jebkurām injekcijām jānoziņo zāļu valsts aģentūrai parasti pajautāju iemesliem cilvēks izšķīries soli interesanti atbildes visdažādākās saprotiet mani pareizi es es pūlos saprast cilvēks izlēmis piedalās eksperimentā brīva izvēle vienīgais gribētos informēta piekrišana parasti cilvēki ļoti vieglprātīgi vairumā gadījumu uztver injekciju darba devējs piespiedu brīvprātīgi uzstāj gadījumā es parasti iesaku pajautāt darba devējam kompensāciju morālo materiālo zālēm ārsta konsultāciju utt godīgi parasti visi rausta plecus vienmēr atbild gadās piespiedis darbinieku sašpricēties uzņēmies pilnu atbildību vismaz morālu protams juridisku karmisku kosmosa dieva priekšā radītāja priekšā jāatbild izvairīties darba devējam vajadzētu padomāt mudina savus darbiniekus vārdā tāpat pavļuta kariņa kungiem brīža situācija latvijā personiskā atbildība sašpricēto komplikācijas tāpat ziņojam zva komplikāciju gadījumu šķiet varētu saistība ziņojam speciālisti paši vērtē atbilst dabs mūsu ziņā dot viņiem informāciju kopā mēs varam dr e mednis agenskalnaklinika gribusportot kopamesvaram dzivebezbailem izglabdraugu
215,17.06.2021 13:58:26,Āgenskalna klīnika,,,rakstīts bezgala daudz maskām jēgu vīrusa apkarošanā gandrīz visi zina bezjēdzīgas medicīniskā viedokļa masku režīmam citi režīma mērķi skaļi runājam tīri latviski savā virtuvē guļamistabā šobrīd šķiet pienācis laiks pateikt skaļi sanāk kopā pateikt beidzot ilgi latviešu tauta klusēs ilgi latvijas tautas klusēs mēs latvieši mēs esam krievi polī vācieši baltvācieši zviedru pēcteči romi ukraiņi daudzi dadzi citi laiks beidzot apvienoties teikt savu vārdu teikt skaļi iniciatīva mārupē tepat rīgas maskām masku režīmu režīmu genocīdu tautu aparteīdu brīvību brīvu elpu brīvu dzīvi brīvu izvēli sanākam kopā kopā mēs varam dr e mednis agenskalnaklinika gribusportot kopamesvaram dzivebezbailem izglabdraugu
220,20.06.2021 13:13:22,Āgenskalna klīnika,,,turpinājums laikam zīmju skaits pārsniegts iepriekšējā ziņā šobrīd koncentrācijas daudz plašāka cilvēki brīžiem esamību atveram acis skatāmies pasaulē domājam gaisma aust lēnām mēs uzvarēsim kopā mēs varam dr e mednis agenskalnaklinika gribusportot kopamesvaram dzivebezbailem izglabdraugu
221,20.06.2021 16:12:46,Āgenskalna klīnika,,,pamazām puzzli liekam kopā gabaliņu gabaliņam mums mediķi apzināti sāk runāt klajā patiesība izrādās daudz covid pacientu saslimušo mediķiem piemaksas tagad piemaksu vairs covid vairs dr cipule direktore sasaucas golos germanii publicēja iepriekš vāciju intensīvās slimnīcu gultu iztrūkums tieši piemaksu katra slimnīca centās iegūt piemaksas maksāja covid pacientu interesanti kopā mēs varam dr e mednis agenskalnaklinika gribusportot kopamesvaram dzivebezbailem izglabdraugu
223,20.06.2021 16:19:02,Āgenskalna klīnika,,,šādi mūsu valstī risināta citādi domājošo problēma iosifa visarionoviča staļina metodikas cilvēks problēma cilvēka problēmas cilvēki sanākuši miermīlīgu pasākumu privātā teritorijā kariņam pavļutam paklausīgie izrīkojas šādi sauc demokrātiju laipni lūgti jaunajā pasaulē labā ziņa šāda izmisīga rīcība cenu apspiest apklusināt citādi domājošos gribēt teikt veselīgi domājošos kovidfašismam vājuma baiļu izpausme dievs viens pasākums izdosies policijas iejaukšanās tauta ieraudzīs drīkst maisam gals vaļā vairs apturēt panika valdoņu rindās skatāmies tālāk ilgi kopā mēs varam dr e mednis agenskalnaklinika gribusportot kopamesvaram dzivebezbailem izglabdraugu
225,21.06.2021 20:33:37,Āgenskalna klīnika,,,beztiesiskums latvijas tautas republikā sāka atgādināt bērnībā redzēto programmā vremja sižeti militārām huntām latīņamerikā izrādās mums vairs tiesību rīkot privātus pasākumus privātā teritorijā policijai tiesības ielauzties redzama iemesla pielietot elektrošoku cilvēku agresīvi citādā veidā drīkst izrādās skumji varu piekrist sižeta veidotājam diženais vadonis kariņš rokaspuišiem būtībā dara lielisku darbu apvieno latvijas tautu apvieno latviešus krievus ukraiņus poļus citas latvijā dzīvojošās tautas pārstāvjus cilvēki skaidrs latvijā pamazām skaidrāks šobrīd latvijā valda hunta jautājumus risina vardarbīgā ceļā vardarbība viņi piedāvā piedāvā vienīgo risinājumu huntas diženais vadonis kariņš 1905 cilvēki asiņainajiem domāja cars labs cars padotie dara vadonis kariņš brīnišķīgi zina jāatkāpjas faktiski jādara jebkurā gadījumā visa pieredzētā pēdējā gada laikā baudiet video tikmēr tauta apvienojas apvienojas kopīgam mērķim izbeigt ārprātu izbeigt patvaļu sakara medicīnu kopā mēs varam dr e mednis agenskalnaklinika gribusportot kopamesvaram dzivebezbailem izglabdraugu
226,22.06.2021 17:15:14,Āgenskalna klīnika,,,kāmēr mūsu hunta dižo vadoni priekšgalā domā darīt izrādās indijā rīkojas vardarbīga piespiedu vakcinācija armijas palīdzību cerams mums ārprāts pasaulē atkārtošos vakcīna eksperimentāla gēnu injekcija mums mēģina pasniegt izeju valdības mediju radītās krīzes vienīgo izdzīvošanas garantu pasaulē minēti dažnedažādi slavenā vīrusa mutāciju varianti tāpat pienāk ziņas vairākiem izrādās šprices ierobežojumus atcelt injekcijas pasargā patiesībā domātas variantiem mums vajadzīgas vadonis uzskata vajadzīgas lūdzu iekšā medicīnu kripatiņas medicīna sākas sašpricētie liela daļa viņiem piedzīvo lielākas mazākas blaknes runāju vienu savu paziņu vakar dabūjis otro injekcijas devu vakar šodien grūti saņemties darbiem saprast jādara mums iela baznīcu vienā vecā padomju laika filmā jautāja personāžs domājam pieņemam paši savus lēmumus kopā mēs varam dr e mednis agenskalnaklinika gribusportot kopamesvaram dzivebezbailem izglabdraugu
229,01.07.2021 10:21:03,Āgenskalna klīnika,,,britu ārsts pētnieks vernons kolemans vernon coleman ierakstījis video skaidro vakcinācija bīstama izrādās bīstama pašiem špricētajiem bīstama apkārtējiem špricētie palīdz vīrusam mutēt mainīties vairāk špricēto vairāk mutāciju jaunu vīrusa variantu sliktais stāstā vīruss spēcīgāks bīstamāks jaunās vakcīnas tuvākajā saražotas zināms gripas vakcīnu pieredzes zinātnieki rūpniecība ātrāki vīrusa spēju mutēt tāpat gripas gadījumā cīņa vējdzirnavām mēģinājums vēju mērķis dr kolemans domā mērķis pavisam cits šausmīgs prāts atsakās pieņemt depopulācija faktiski visa jezga cits cilvēku populācijas masveida samazināšana bills geits bill gates savulaik teicis planēta pārapdzīvota briesmīgi patieso ainu parādīs rudens ziemas periods redzams varu ieteikt špricētajiem stiprināt savu imunitāti ēst veselīgi sabalansēti sportot regulāri meklēt sameklēt pozitīvas emocijas ikdienā dienu uzturēt sevī možu garu izslēgt televizoru ziņas vismaz meinstrīmu uzdzen depresiju samazina jūsu imunitāti turamies kopā mēs varam dr e mednis agenskalnaklinika gribusportot kopamesvaram dzivebezbailem izglabdraugu
231,01.07.2021 10:52:30,Āgenskalna klīnika,,,šobrīd skatoties klausoties informāciju pienāk prātā kadrs filmas 17 pavasara mirkļi millers teica štirlicam štirlic veriķ ņikomu mņe možno štirlic ticēt man drīkst ļoti ļoti daudz dažādas informācija informatīvais karš ļoti kritiski jāizvērtē piemērs klīnikas diskusiju lapā iesūtītais video pamācību injekciju blaknes paskaidroju šādā veidā domāju paskaidrošu substance jebkura ievadīta organismā injekcijas veidā momentā sāk uzsūkties asinsvadi lielāki mazāki intramuskulāra injekcija dod rezultātu 10 15 minūtēm laiku substance uzsūkusies izraisījusi sekas kāmēr cilvēks veic jauko procedūru substances vairs injekcijas vietā praktiski iznēsāta organismu elementāra fizioloģija esam lūdzu kritiski filtrējam paši sajūta sistēma mums citādi domājošiem zvēriņiem būrī pamet gaļas gabaliņu mēs kāri krītam virsū gremojam atgremojam tādējādi tiem domas būtiskā mēs savus prātus lietām vienkārši izdomātas sistēma mums uzjautrinās dara savas lietas domājam izplatām info kopā mēs varam dr e mednis agenskalnaklinika gribusportot kopamesvaram dzivebezbailem izglabdraugu
232,01.07.2021 18:03:27,Āgenskalna klīnika,,,ļoti interesantas ziņas taivānas šausminošas vairāki zīdaiņu vecuma bērni miruši atvemjot asinis sašpricētas mātes piena lietošanas domāju mums daudz pārsteigumu priekšā atbildību teātri režisē tālu mūsējie pakalpiņi akli izpilda rīkojumus atbildības morālās juridiskās ļoti smaga uzņemas mūsu varneši dziesmā smaga smaga vari aizmirst bagāts kopā mēs varam dr e mednis agenskalnaklinika gribusportot kopamesvaram dzivebezbailem izglabdraugu
234,01.07.2021 22:13:02,Āgenskalna klīnika,,,te vakcinācijas sekas izraēlā cilvēki slimo vasarā tiem vīrusiem parasti slimo ziemā iznāk pirmkārt vīrusi iemeslu cirkulē sabiedrībā gadalaika otrs vienā visašpricētākajām valstīm pasaulē cilvēki spējīgi pretim parastiem vīrusiem vasaras laikā jautājums ziemā ziemā iespējams respiratoro elpceļu vīrusu uzliesmojums mums pasniegs kārtējo kovidvilni testi pozitīvi sāksies jautrība iespējamiem jaunvārdiem mājsēdēm citām jautrām lietām scenārijā rakstīts patieso saslimstības iemeslu izņemot dažus atkritējus saistīt elpceļu saslimstības uzliesmojumu ilgstošu masku valkāšanu protams jaunajām špricēm vainīgs kovic sabiedrības veselību lasi globālistu pakalpiņu plāniem bt patiesi rūpējas veseli spēcīgi cilvēki fiziski garīgi viena lieta skaidra plāna agonija mēs uzvarēsim visai drīz kopā mēs varam dr e mednis agenskalnaklinika gribusportot kopamesvaram dzivebezbailem izglabdraugu
238,03.07.2021 11:22:50,Āgenskalna klīnika,,,dzīve reizēm izspēlē ļaunus jokus kādu laiku atpakaļ medijos parādījās ziņa eksperimentālās gēnu terapijas dēvē vakcīnu mirusi 47 gadus jauna asv tv seja aktīvi reklamēja injekciju vēējās pasaulei pierādīt tāpat indiešu komiķis 69 gadi atī vēlējās pierādīt injekcijas drošumu sašpricējoties tv ekrānos injekcija stiprāka mira injekcijas saņemšanas šoreiz varam lasīt vienu ziņu bārmenis asv ohio štata rakstīja savos soctīklos aizverieties ejiet vakcinēties zaudēja pieteicies loterijai sašpricējies vinnē miljonu vinnēs mantinieki aktuāls jautājums saņēmis atbildi personīgi uzņemsies atbildību sekām eksperimentālās injekcijas izpaudīsies tīri praktiski pavļuta kungs teica uzņemas atbildību izpaudīsies secinām pašam īsti skaidrs varētu palīdzēt sašpricētajiem cilvēkiem blaknes tuviniekiem gadījumā turpinām uzdot jautājumus gaidām atbildes bt laiku paši domājam pieņema savus lēmumus mēs varam dr e mednis agenskalnaklinika gribusportot kopamesvaram dzivebezbailem izglabdraugu
239,09.07.2021 10:25:44,Āgenskalna klīnika,,,špricējamies cilvēki mirst mirst dabīgā mūsu valdības dāsni uztieptajām injekcijām mūsu mirst pasaulē līdzšinējā prakse farmācijas industrijā sakritības kāda jauna medikamenta ieviešanas izmēģinājumu laikā vairāk smagu blakņu uzreiz pārtrauc izpēta gadījumā saistības medikamenta lietošanu blaknēm šobrīd pagātnē vismaz attiecībā uzspiestajām gēnu injekcijām likumi rakstīti špricējamies me jauniešu miokardīti sirds muskuļa iekaisums trombožu milzīgais skaits mirušie šprices svarīgs svarīgi iedabūt iespējas vairāk cilvēkos indi jocīgi tiešām asociējas hitleriešu pagājušā gadsimta 40 tajos gados jautājums protams paliek atklāts vārdā vajadzīgi sakropļotie mirušie cilvēki pārsteidz visvairāk kolēģi ārsti uzspiež injekcijas esam mācījušies vienā augstskolā vieniem tiem pašiem pasniedzējiem vienas pašas programmas jocīgi palicis veselais saprāts domāšana iejūtība pacientu tiešām dīvaini ārsti pārstājuši mācēt lasīt melns balta uzrakstīts injekcijas izgājušas pilnu aprobācijas kursu drošas drošība pierādīta utt tiešām reliģiskā kultā reliģiskā sektā līderis pauž doktrīnu vesels bars apmāto akli seko lietas būtībā vadonis teica tātad mums vietējais diženais vadonis kariņa kungs es ceru visai drīz adjutantam pavļuta kungam jāuzņemas personīga juridiska atbildība cilvēci savu tautu tagad izskatās agonijas esošais valdošais režīms hunta velk pēdējo dvašu jāparauj līdzi iespējas vairāk tautiešu briesmīgi turamies mēs uzvarēsim visai drīz kopā mēs varam dr e mednis agenskalnaklinika gribusportot kopamesvaram dzivebezbailem izglabdraugu
241,13.07.2021 22:52:07,Āgenskalna klīnika,,,interesanti cūcības gaismā sakarā kovidafēru tagad izrādās visi špricētie kāda īpašums sakarā izmaiņām genomā cilvēki transcilvēki viņiem attiecināmas cilvēktiesības viņi cilvēki tradicionālā izpratnē ziniet sauc verdzība visi sašpricētie izrādās kāda vergi viņiem darīt jebko saimnieka ieskatiem samaitātības pakāpes diezgan baisi taisnība atgriežamies viduslaikos dzimtbūšanā baudiet eksperimentālās injekcijas kļūstiet vergiem laimi lielākajai daļai pietiek prāta atteikties piedāvātās zinātnes sekojošām špricēm cerams mēs vairākums tagad esam mums pietiks spēka pretim ārprātam uzvarēt hibrīdkarā kopā mēs varam dr e mednis agenskalnaklinika gribusportot kopamesvaram dzivebezbailem izglabdraugu
243,13.07.2021 22:59:08,Āgenskalna klīnika,,,diezgan smieklīgi risinās saistībā špricēšanos šobrīd milzu spiediens sašpricētu maksimāli daudz cilvēku iemesls iespējams izrādās gauži prozaisks derīguma termiņš substancēm tepat lasītais paziņojums tagad drīkst jaukt substances pirmā šprice vienu otrā citu pārbaudījis dzīvniekiem protams kurienes šāds paziņojums iespējams paši derīguma termiņi ražotājiem vienādi dažiem beidzas ātrāk dažiem vēlāk iet viens kokčiks veselību vienkārši banāli kariņa pavļuta kungi sevi savu tautu vienkārši aptieku ķēdē šļuru utilizācijai viņi labi dara jūs izdarīsiet beidzot kādu labu darbu savai tautai valstij kopā mēs varam dr e mednis agenskalnaklinika gribusportot kopamesvaram dzivebezbailem izglabdraugu
248,15.07.2021 00:03:08,Āgenskalna klīnika,,,ļoti interesants jāzepa baško juniora raksts helsinku deklarāciju kodu brīža špricēšanas sakarā rakstā detalizēti atsaucēm pierādīts zāļu eksperiments cilvēkiem pārkāpj abus dokumentus kodu helsinku deklarāciju jocīgā pasaulē dzīvojam melnu mēģina pataisīt baltu tiem atsakās pieņemt draud dažādām represijām mūžīgi juris kulakovs savulaik teica impērijas gājušas bojā gremošanas traucējumiem kovidimpērija sabruks kāršu šobrīd varenajiem stāties tiesas priekšā saviem varoņdarbiem sods varētu bargs es ceru bargs mēs uzvarēsim cīņā kopā mēs varam dr e mednis agenskalnaklinika gribusportot kopamesvaram dzivebezbailem izglabdraugu
251,20.07.2021 11:23:00,Āgenskalna klīnika,,,latvijas valdība uzņēmusi bīstamu kursu cilvēkiem pamatoti rodas jautājumi veselības ministrija spītīgi atgaiņājas uzdotajiem jautājumiem atbild ļoti formāli izvairīgi jauna biedrība izvēles brīvību iestājas cilvēktiesību saglabāšanu latvijā cilvēka indivīda izvēles brīvību vakcinācijas sakarā minētā biedrība sagatavojusi vēstuli latvijas valdībai tiesībsargam citām oficiālām iestādēm lūgumu skaidrot piespiedu vakcināciju jautājumus skaitā jaunās gēnu injekcijas ietekmi ilgtermiņā cilvēk organismu skaitā grūtniecēm bērniem visi esam aicināti parakstīties saites iepriekšējo sagatavoto vēstuli veselības ministrijas tiesībsarga atbildēm esam aktīvi sevi dr e mednis kopā mēs varam dr e mednis agenskalnaklinika gribusportot kopamesvaram dzivebezbailem izglabdraugu
252,21.07.2021 09:11:57,Āgenskalna klīnika,,,facebook vēstuli parakstīt mēs varam dr e mednis agenskalnaklinika gribusportot kopamesvaram dzivebezbailem izglabdraugu
254,26.07.2021 21:54:36,Āgenskalna klīnika,,,pateicoties brīvvalsts tv mums iespēja esam piespiedu vakcināciju piespiedu dažādās sākot šantāžu beidzot atlaišanu darba vardarbīgu saduršanu balsojiet balsojumam juridiska spēka cilvēku tautas viedokli es savu viedokli paudu kopā mēs varam dr e mednis agenskalnaklinika gribusportot kopamesvaram dzivebezbailem izglabdraugu
256,27.07.2021 21:15:33,Āgenskalna klīnika,,,ļoti interesants intensīvs laiks cilvēki parāda savas patiesās sejas vieni iztapoņas tri bailīgie bail visa vīrusa bīstamāks gripu ierobežojumiem savas ēnas trešie drošie reāli domājošie mūsējie interesants šajās brīvdienās ab parkā ikdienas fona mūziku piedāvātajām izklaidēm atskaņojuši vairāki mākslinieki izpildītāji varneši kangarīši tagad satraukušies epidemioloģiskās drošības lasi valdošās huntas direktīvām protams jautājums risināts spēka pozīcijām valsts policija izmeklēs lietu smieklīgi citur pasaulē cilvēki vairs maskas ierobežojumi igaunijā anglijā citur mums vienmēr vislabāk mums mums maskas mums epidrežīms ierobežojumi skaisto drošība pirmajā vietā jautājums kāda drošība varas visdrīzākais ilgu laiku cerams krievi saka blokadu perežiļi eto pereživjom vairāk drosmīgu uzņēmēju valsts represijām mēs uzvarēsim blokādi ļeņingradas pādzīvojām šito pārdzīvosim kopā mēs varam dr e mednis agenskalnaklinika gribusportot kopamesvaram dzivebezbailem izglabdraugu
257,29.07.2021 11:48:27,Āgenskalna klīnika,,,viedokļa paušanu atšķirīgu viedokli interesējas valsts drošības dienests jānis pļaviņš latvijas brīvības alianses vadītājs saukts minēto iestādi paskaidrojuma sniegšanai ļoti svarīgs pagrieziena punkts maskas krīt demokrātijas vairs esam atgriezušies vecajos labajos padomju laikos vēlīnajos agrīnajos abstrahējamies konkrētām personībām pļaviņš patikt faktam spēka struktūras mēģina ierobežot vārda brīvību šobrīd jādalās grupējumos sektās jāapvienojas līdzīgi domājošiem vienā virzienā ejošiem puses šobrīd divas viena globālistu otra tautas izvēlies pusē gribi uzvaram karu sēžamies sarunu galda atrisinām domstarpības šobrīd apvienojamies cīnāmies kopā pļaviņa vēstījumā trīs ļoti būtiskas lietas 1 ierobežota vārda brīvība demokrātija dara sociālo tīklu palīdzību informāciju dzēšot spēka struktūru palīdzību man pašam pieredze godājamais skrides kungs saeimas deputāts iespējams ļaunprātīgi izmantojot savu dienesta stāvokli mēģināja mani iebiedēt apklusināt valsts policijas palīdzību2 atbildība piedalās genocīdā savu tautu jānes personiska atbildība vienalga valdības vadītājs ministrs sētnieks stunda pienāks jāatbild varneši baidās viņi zina vienīgi patreiz dzīvo ilūzijā labi vairs ilgi viņi zina mēs zinām 3 ļoti būtiski šāda veida informāciju publiskot tādējādi mēs stāvam pretim ārprātam labi zināms teiciens klusēšana piekrišana bērnu dienām zinām tātad mums informācija citiem tautai mēs vienalga kādu iemeslu kautrības muļķības baiļu cita mēs piedalāmies valdošās huntas genocīdā tautu mums pašiem mēs atbalstām jebkura informācija varētu citiem ziņas represijām blaknes gēnu injekcijām tagad pieņemts dēvēt vakcīnām atlaišanu darba draudiem atlaist citām momentā publiskojama iespējas plašāk mēs pateiktu varmākām mēs mieru šādi mēs pusē mēs apspiestu savu tautu izlaupītu savu valsti savu zemi šobrīd vērojama varmākas upura situācija upurim dara pāri upuris saka traki upura psiholoģija upura varmākam dod tiesības drosmi iet tālāk tālu mēs ļausim iet mēs piecietīsim 5 minūtēm gala mēs visi mums jādara mēs varam izcīnīt atpakaļ sev atņemtās brīvības mēs varam saviem bērniem spožāku varmācības valsts puses apšaubāmu injekciju piespiedu veikšanu cīnāmies uzvarām uzvara vairs tālu kopā mēs varam dr e mednis agenskalnaklinika gribusportot kopamesvaram dzivebezbailem izglabdraugu
259,04.08.2021 10:35:51,Āgenskalna klīnika,,,latvijā mediķi apvienojas esam latvijas mediķu aliansi pāri 100 dalībnieku skaits strauji aug ārsti māsas zobārsti asistenti vetārsti fizioterapeiti kosmetologi visi patiesi rūp savu pacientu veselība kopā mēs varam dr e mednis agenskalnaklinika gribusportot kopamesvaram dzivebezbailem izglabdraugu
260,06.08.2021 23:46:21,Āgenskalna klīnika,,,piedāvājam manu sarunas fragmentu dr līcīti interesanti vismaz man pašam šķiet kopā mēs varam dr e mednis agenskalnaklinika gribusportot kopamesvaram dzivebezbailem izglabdraugu
262,10.08.2021 00:03:19,Āgenskalna klīnika,,,sākušās vajāšanas reāli domājošiem veseliem cilvēkiem šodien atlaista darba medicīnas māsa strādāja medicīnas sabiedrībā ars saņēmusi eksperimentālo gēnu terapiju atļāvās publiski paust savu viedokli valstī aicinājumu mediķiem apvienoties faktiski dr māris andersons māsiņu grūtas izvēles priekšā upurēt savu veselību piedaloties farmācijas kompāniju medicīniskā eksperimentā pamest latvijas mediķu aliansi zaudēt darbu izvēlējās brīvību saglabāt savu veselību es ļoti cienīju medicīnas sabiedrības ars vadītāju dr māri andersonu pieeju darbam medicīnai gadījums daudzi šobrīd liek pārvērtēt cilvēkus laikā paaugstināta ilgstoša stresa psiholoģiskā spiediena apstākļos daudzi salūzt sāk darīt iracionālas lietas loģiski domāt izdarīt elementārus secinājumus apkopot vienkāršus datus skumji jāpatur prātā raganu medības sākušās kādu laiku turpināsies sašpricējušies piedalīties medicīniskā eksperimentā jārēķinās viņi atlaisti darba viņiem elastīgiem gataviem taisnu savu mugurkaulu gataviem stāties pretim valdības spiedienam izdarīt savu izvēli labu savai savu bērnu veselībai apbrīnoju tos spējīgi stāvēt taisni medmāsiņa vairāk cilvēku mūsu tauta veselāka stiprāka jebkad kopā mēs varam dr e mednis agenskalnaklinika gribusportot kopamesvaram dzivebezbailem izglabdraugu
264,11.08.2021 13:04:02,Āgenskalna klīnika,,,ļoti labs saprotams video parādīts spike proteīns substances šobrīd dēvē vakcīnām toksīns izraisa asinsvadu sieniņu iekaisumu vietas cilvēka organismā smadzenēs aknās sirds muskulī utt runā patologanatoms ārsts tieši patoloģiskām izmaiņām organismā bieži tātad varam ticēt stāsta mūsu bērnu cilvēci mūsu bērniem mūsu pētījumi apliecina miokartdīti sirds muskuļa iekaisumi cieši siastīti vecumu jaunāks bērns biežāk sirds muskuļa šūna iet bojā aizvietojas rētu sirds muskulis paliek vājāks vairs pildīt funkciju paredzēts savukārt bērnus mēs lēnai mokpilnai sirds mazspēju dekompensāciju vienkāršiem vārdiem runājot sirds funkcija lēnām samazināsies lēnām pārstās funkcionēt skaisti mums uzspiež mūsu valdība dr kariņu dr pavļutu priekšgalā piebalsot bērnu slimnīcas speciālisiti protams bērnu draugs aizstāvis dr zavadska visi spriedumi balstīti medicīnas zinātnē pētījumus iespējams izlasījusi žēl tiekties sargāsim savus bērnus sevi eksperimentālās gēnu injekcijas kopā mēs varam dr e mednis agenskalnaklinika gribusportot kopamesvaram dzivebezbailem izglabdraugu
266,13.08.2021 11:00:07,Āgenskalna klīnika,,,maskas krīt mūsu valstī zināms darbojas valsts imunizācijas padome speciālisti dažādām institūcijām lemj vakcinēt darīt darīt interesants imunizācijas valsts padomes sēdes protokols īsā versija saeimas deputātes jūlijas stepaņenko pārstāstā variet iepazīties protokola pilno versiju savādāk cinismu padomē vērtējiet paši jūlija stepaņenko imunizācijas valsts padome iestāde sarunājas vakcināciju izlasiet saitē zemākpievienoto protokolu pārstāstu jums vienkāršā sarunvalodā 31 maija protokola es lasu bērnus 12 gadiem vakcinēt drīkst jāņem vērā galam izpētīts grupa pētīja saprastu svarīgi bērnus vakcinācijas tāpec galam izpētīts man vienai izskatās šādi ievīstīts pasniegts mūsu bērni vienkārši tagad lielākā grupa atainot kādus rezultātus atsķirību varot miokardīti perikardīti jaunajiem cilvēkiem pētījumos citviet divus mēnešus esam pētījuši jāpēta perevoščikovs es lasu viņi paši vainīgi enterovīruss organismā tiem miokardītiem pozitīvo vakcīnas tēlu dumpis es lasu šķiest vakcīnas bērniem jādod sirmgalvjiem bērniem liels risks gardovska pediatre es lasu bērni jāvakcinē ģimenes ārsta bailīgi jānovēro vakcinācijas dumpis es lasu uzraudzīt rullējam tālāk jautri dzalbs ģimenes ārsts es lasu ģimenes ārsti bērnus vakcinē vakcinācijas centros lieki sarežģīt savrasova spkc es lasu es dzirdēju jauniešiem ievada vakcīnasdumpis es lasu ai muļķībām bērniem der comirnaty viņi vakcinējam ei sazin beigās pētāmo grupa tagad tieši laikā sumpurņi es gaidu jaunu protokolu sēdes viņi lēma piecgadnieku potēšanu oriģinālais protokols 310521 mēs varam dr e mednis agenskalnaklinika gribusportot kopamesvaram dzivebezbailem izglabdraugu
267,14.08.2021 14:16:38,Āgenskalna klīnika,,,man ļoti saturīga interesanta saruna bērnu pieaugušo agnesi tretjakovu interesanti funkcionē mūsu smadzenes veidojas mūsu stereotipi mēs domājam mūsu prāts meklē atlasa informāciju zināšanas mums faktiski tagad kopā mēs varam dr e mednis agenskalnaklinika gribusportot kopamesvaram dzivebezbailem izglabdraugu
269,18.08.2021 23:27:55,Āgenskalna klīnika,,,viens izcils projekts tapis latvijā palaista tautās vislatvijas vidusskola laba alternatīva sistēmas maskotajām špricētajām skolām cerams projekts veiksmīgs liela tautas atsaucība top kopā mēs varam dr e mednis agenskalnaklinika gribusportot kopamesvaram dzivebezbailem izglabdraugu
271,18.08.2021 23:39:30,Āgenskalna klīnika,,,atgriezos mājās protesta piespiedu vakcināciju prezidenta pils liels prieks daudz sanākušo 10 tūkstošiem cilvēku pats saskaitīt zinātāji teica katrā ziņā ļoti daudz kopā mēs varam mūsu tautas prezidents rūp visa latvijas tauta parunāt laikam ļoti aizņemts kādos svarīgos valstiskos darbos liela tautas daļa gaidīja pils žēl pirmdien baltijas ceļā atkal ļoti valstiski svarīgs latvijā tauta mostas vairāk cilvēku saprot īsti vairāk vara baidās atmošanās kāršu brūk sabruks šaubu mums vienotiem mēs esam vienoti mēs vienoti mēs uzvarēsim kopā mēs varam dr e mednis agenskalnaklinika gribusportot kopamesvaram dzivebezbailem izglabdraugu
273,20.08.2021 10:05:53,Āgenskalna klīnika,,,kāda laiciņa man interesanta saruna dr jāni bebri strādājis administratīvos amatos labi pazīst drēbi medicīnā runājām maksām situāciju medicīnā korupciju ietekmi interesanti kopā mēs varam dr e mednis agenskalnaklinika gribusportot kopamesvaram dzivebezbailem izglabdraugu
275,20.08.2021 13:58:19,Āgenskalna klīnika,,,vēsture atkārtojas atkal mums jāiziet ielās ceļos cīnīties savu brīvību tāpat vairāk 30 gadiem tāpat toreiz stāvēsim baltijas ceļa sadevušies rokās gaišu skatu uguni sirdī domu brīvību brīvību vergturiem brīvību karantīnām brīvību eksperimentiem mums cilvēkiem laboratorijas žurciņu vietā brīvību brīvi paust savu viedokli cenzūras brīvību domāt rīkoties mēs rīkojamies mēs parādījām 18 augustā mēs parādīsim tagad vara baidās tagad godājamais skrides kungs klajā domu vakcinācija varētu vienīgais veids saglabāt darbu kolosāli mēs esam panākuši protams jāmaterializējas konkrētos valdības lēmumos pati diskusija valdoņu puses vērta ķopā mēs varam kopā mēs esam spēks kopā mēs varam dr e mednis agenskalnaklinika gribusportot kopamesvaram dzivebezbailem izglabdraugu
278,22.08.2021 22:31:45,Āgenskalna klīnika,,,man rokās izcils videoieraksts krievijas salikt vienkārši plauktiņiem šobrīd veidojās testi substances vienkārši smejies konspirācijas teorijas dzīves īstenībai 6 12 mēneši gada runāja deivids aiks citi disidenti konspirologi šobrīd runā ļoti plaši runā zinātnieki vajag cilvēki mostos laikam pamodināt iespējams kopā mēs varam dr e mednis agenskalnaklinika gribusportot kopamesvaram dzivebezbailem izglabdraugu
280,22.08.2021 22:41:06,Āgenskalna klīnika,,,viens baudām gabals konspiroloģijas sērijas ļoti reālistisks ticams šajos abos video atbilde jautājumu mums cenu mēģina iebarot eksperimentālo žļurgu vajag iebarot bieži cienījamais pavļuta kungs pirmā kāda laiciņa bieži vajadzēs 3 6 mēnešiem šobrīd šķiet sliecas 6 mēnešiem izrādās izskaidrojums vienkāršs organisms vada ārā grafēnu 4 6 mēnešu laikā krājumi jāpapildina mirstības līknes iet augšu visās valstīs sakrīt špricēšanās sākumu grieķu burta štamms pārtrauciet špricēt indes mirstība atgriezīsies ikgadējā ritmā tāpat pagājušā gadā zināms 2020 gadā latvijā mirstības palielinājuma slaīdzinot pēdējo 10 vidējo līmeni skatīsimies šogad interesati interesantāk redzēt mēnešiem pipariņu piedos ikgadējā gripas sezona ļoti iespējams plosīsies grieķiem grieķis farma grandiem faizeers zeneka džonsons rezdēsim katrā ziņā paliek interesantāk mēs izturēsim uzvarēsim ņeļaujiet sevi savus tuviniekus eksperimentālām gēnu injekcijām viņi uzvarēt bioloģiskajā karā labpatikās izteikties de gallas kundzei turamies kopā mēs varam dr e mednis agenskalnaklinika gribusportot kopamesvaram dzivebezbailem izglabdraugu
282,23.08.2021 11:53:05,Āgenskalna klīnika,,,interesanta ziņa interesantāk air baltic iesāks 277 tūkstošiem faizera injekciju devām viņi tos liks špricēs lidojuma laikā darīs viņiem medicīniskais personāls gribētos air baltic komentāru saņemsim saragājam sevi savus tuvākos kopā mēs varam dr e mednis agenskalnaklinika gribusportot kopamesvaram dzivebezbailem izglabdraugu
286,25.08.2021 11:42:06,Āgenskalna klīnika,,,šobrīd pilnvērtīgs karš savādāks pierasts bumbām tankiem redzamiem upuriem reāls patiešām šobrīd 3 pasaules karš ātrāk mēs sapratīsim pašiem labāk vieglāk jautāt mierīgi tanki valdības lēmumi likumi mk uc bumbas eksperimentālas injekcijas ziņu raidījumi valdības institūciju preses relīzes testi statistika grauj mūsu ekonomiku paātrina cilvēku bojāeju pastiprina ciešanas upuri eksperimentālajām gēnu injekcijām valdība dēvē vakcīnām cilvēki mirst mirst veci mirst jauni mirst veseli mirst slimi daudziem sakropļota turpmākā dzīve jauniešiem būtiskākais miokardīti sirds muskuļa iekaisumi iespējamā vēlāk pirmos mēs redzam tagad otros redzēsim krietna laiciņa parasts mūsdienu medicīnā injekciju mūsu citas valdības spītīgi blaknes klīst runas injekciju ražotāja līgumi valstu valdībām kuros aizliegums izmeklēt publicēt blaknes vakcīnām līguma punkta pārkāpums draudot visai sekām pašām valstīm apgalvojumā patiesības zināmā mērā izskaidro blaknēm cilvēku pierādītas saiknes vakcīnu domājam pievienoju viestura rudzīša viena latvijas redzamākajiem labākajiem psihoterapeitiem rakstu der izlasīt kopā mēs varam dr e mednis agenskalnaklinika gribusportot kopamesvaram dzivebezbailem izglabdraugu
287,25.08.2021 22:12:32,Āgenskalna klīnika,,,vakcīnrealitāte latvijā sadarbībā juristiem sagatavojusi iesniegumu paraugus iesniegšanai skolā labi zināms skolās bērnus laidīs testējot jautājums paliek dns materiāls paņemts testa laikā apstrādāts jautājums ņems paraugus skolā kvalificēts medicīnas personāls skola klasificēta likumā kārtībā reģistrēta medicīnas iestāde zināms somijas piemēra konkrēti tamperes pilsētas skolotājs mācību laikā klasi aizveda sporta zāli bērnu vakcinācijas covid vairāki bērni tikuši hospitalizēti kopumā uzreiz cieta 20 bērniem krimināli sodāms jūsu manam bērnam darīt vecāku atļaujas jebkuru medicīnisku manipulāciju jālūdz vecāku piekrišana gadījumā bērnu atbildīgs iznesīs smagumu saviem pleciem skolotājs aizveda māsiņa špricēja skolas direktors pieļāva izņemot vecākus gadiem tiesāties savu taisnību jūsu bērna veselība sabojāta laist savu bērnu skolā iesniedziet skolai iesniegumu kādu variantiem izvēlaties dariet 2 eksemplāros viens paliek skolai otru palūdziet apzīmogot parakstīt saņemtu paglabājiet sevis otrais eksemplārs jums gadījumā skola pārkāps jūsu doto pilnvarojumu sargiet savus bērnus kopā mēs varam dr e mednis agenskalnaklinika gribusportot kopamesvaram dzivebezbailem izglabdraugu
289,26.08.2021 00:55:39,Āgenskalna klīnika,,,tālāk mežā vairāk malkas putni vairs tiešā tekstā bomi pieri miljardieris ginzburgs kovidšovu čipiem universālo bāzes ienākumu citām lietām krievu valodā ļoti aizraujošs materiāls modinātājzvans tiem guļ mēs varam dr e mednis agenskalnaklinika gribusportot kopamesvaram dzivebezbailem izglabdraugu
293,29.08.2021 16:57:46,Āgenskalna klīnika,,,kabalas tiesā izraēlā uzklausīja dr zelenko ļoti interesanta saruna dr zelenko pamato gēnu injekciju kaitīgumu skaidro lietot iemesls ļoti vienkāršs tagad visā pasaulē palielinās saslimstība delta variantu mirstība dr zelenko min 2020 gada decembri izraēlā strauji pieauga mirstība laikā viens svarīgs uzsākta vakcinācija covid 19 savā runā pamato min ārstēšanu lēta ļoti efektīva or izstrādājis savu protokolu covid 19 ārstēšanai palīdzību izglābis pacientus mūsu dižie vēlētos ieklausīties sargājam sevi savus tuvos īpaši bērnus izglāb draugu vakcinēties mēs varam dr e mednis agenskalnaklinika gribusportot kopamesvaram dzivebezbailem izglabdraugu
294,30.08.2021 00:28:07,Āgenskalna klīnika,,,kovidcirks viena milzīga afēra te sakara vīrusu izplatību pasaules mēroga krāpšana vācu advokāts rainers fuellmihs reiner fuellmich apgalvo pienāks laiks sarīkota 2 mums jāatbild saviem darbiem uzvarētas pāris tiesas prāvas būšot daudz skaidrs pcr testi derīgi infekcijas lietojami slimības kontrolē pilnīgi skaidrs jēdziena asimptomātisks vīrusa tāpat visa saucamo vakcīnu sāga vairāk cilvēka ģenētiska modifikācija mūsu uzvara vairs kalniem mēs uzvarēsim faktiski esam uzvarējuši tiesās mūsu pašu globālistu pakalpiņus taisna soda viņi izvairīties piedalās cilvēci piedalās savu tautu tiesās šaubu kopā mēs varam dr e mednis agenskalnaklinika gribusportot kopamesvaram dzivebezbailem izglabdraugu
296,30.08.2021 10:47:08,Āgenskalna klīnika,,,austrālijā trijām sastāvdaļām siltas drēbes malka smagā tehnika vajadzīga viena pēdējā valsts genocīds sit augstu vilni ieviesta obligātā vakcinācija zināms visā pasaulē uzsākot vakcināciju covid 19 palielinājusies iedzīvotāju mirstība parādījies delta variants vakcīna jautājums tiešām vakcīna gēnu inženierijas produkts domāts depopulācijai cilvēku dzīvību glābšanai injekcijas uzspiešanai iemānīšanai viltu piekukuļošanai bonusiem loterijām citām mirstība caurmērā gadus īpašs mums stingri jāiestājas obligātu špricēšanu obligātu depopulāciju obligātu masveida cilvēku vienkārši zemiski darīts visā pasaulē drīz pienāks gals ļautiņi tiesāti cilvēci mēs uzvarēsim tiekamies 18092021 krastmalā kopā mēs varam dr e mednis agenskalnaklinika gribusportot kopamesvaram dzivebezbailem izglabdraugu
298,01.09.2021 08:23:09,Āgenskalna klīnika,,,kārtējais pierādījums kopā mēs varam valdība virzīt likumprojektu obligātu špricēšanos atsevišķām iedzīvotāju grupām viena uzvara esam izcīnījuši valdība ļoti labi mums spēks apvienojoties mēs varam daudz panākt karš uzvarēts maskas paliek bezjēdzīgas veselības viedokļa testu skolēniem paliek 97 gadījumu lokdaunu iespēja paliek tūlīt sākas kārtējā slimošanas sezona satestēs vajadzīgo skaitu slimnieku ierobežojumi paliek vakcīnpases vergu pases tātad cīņa turpinās mēs turpinām cīnīties savu brīvību mēs uzvarēsim karā mēs varam kopā mēs varam dr e mednis agenskalnaklinika gribusportot kopamesvaram dzivebezbailem izglabdraugu
299,01.09.2021 09:53:02,Āgenskalna klīnika,,,saldi atslābt taktisks manevrs pārgrupēšanās teicu karš uzvarēts ziņā viena bīstamība tiešām svarīgās lietas likumu deleģē ministru kabinetam viņi sev atvieglo procedūru vienu likumu panāk vēlas ministru kabinets štancēt kādus vēlas saskaņošanām komisijām izlemj slēgtām durvīm gatavs atcerieties pieņēma gribēja pieņemt deputāti piedalīties klātienes sēdēs verga sertifikāta vienu rokas mājienu vaļā opozīcijas skaisti tiešām sāk izskatīties izskatās huntas demokrātija vairs tagad mums kliķe diktē darīsim vismaz mēģina darīt ceļamies kājās pastāvam savām tiesībām pastāvam savu brīvību tiekamies 18 septembrī krastmalā mums daudziem ļoti daudziem mēs mēs uzvarēsim kopā mēs varam dr e mednis agenskalnaklinika gribusportot kopamesvaram dzivebezbailem izglabdraugu
300,01.09.2021 22:19:03,Āgenskalna klīnika,,,šodien augsti godājamais levita kungs klajā interesantu paziņojumu mūsu uzvara viennozīmīgi vara mums baidās skaidrs cilvēks izskaidro īsi kodolīgi šodien vara domā tālāk domāju skaidrs pārgrupēšanās vara klajā kārtējo cūcību tautu viennozīmīgi savas pozīcijas vienkārši tulkot levita kunga izteikumus skatieties klausieties video mums gudriem jārīkojas gudri mēs uzvarēsim mēs varam dr e mednis agenskalnaklinika gribusportot kopamesvaram dzivebezbailem izglabdraugu
304,03.09.2021 22:11:39,Āgenskalna klīnika,,,beidzot runā runā skaļi laiciņa mirusi 3 bērnu mamma jauna sieviete 30 gadiem pilna kursa vakcinācijas vakcīnu comirnaty phiser zāļu valsts aģentūra minētās sievietes saistību vakcināciju savādāk izskaidrot jauna sieviete hronisku saslimšanu vienā dienā mirst plaušu trombembolijas protams minēta saistība pretapaugļošanās tablešu lietošanu ticami saistība cilvēks otrajā trešajā dienā vakcīnas ievades sāk sūdzēties aizdusu liktenīga kombinācija kontracepcijas tabletes vakcīna abas substances izraisa trombozes katrā ziņā vērts padomāt vērts ieklausīties stāstā ietaupītu sievietes aiziešanu mūžībā grūtnieču vakcināciju manuprāt tāpat bērnu špricēšanas minēto substanci ieklausāmies padomājam izglāb draugu špricēties kopā mēs varam dr e mednis agenskalnaklinika gribusportot kopamesvaram dzivebezbailem izglabdraugu
306,03.09.2021 22:22:23,Āgenskalna klīnika,,,bērnu iknedēļas testēšana morāli ētiski īpaši likumīgi iespējams atrisināta sensitīvo datu aizsardzība attiecībā bērniem skolnieku mobingu skolās īsteno valdošā hunta ogres pašvaldības vadītājs egīls helmanis uzrakstījis vēstuli mūsu godājamajam veselības ministram danielam pavļutam pauž savu valstī sakarā bērnu testēšanu skolas darbinieku papildus darbu papildus darba stundām interesanti mēs varam dr e mednis agenskalnaklinika gribusportot kopamesvaram dzivebezbailem izglabdraugu
307,03.09.2021 22:39:15,Āgenskalna klīnika,,,slikti deputāti runā mēģina panākt augsti godājamie kariņa pavļuta kungi vismaz izskaidro sabiedrībai savas rīcības motīvus likumību pavļuta kungam iepriekšējā deputātu pieprasījuma grūtības atbildēt dažiem jautājumiem te atkārtoti otro piegājienu laimēsies zina galvās karuselis liels paskaidrot savu rīcību daudz sakarīgi vairs iespējams pielieku klāt divas deputātu vēstules vienu ministru kabinetam vada labi zināmais krišjānis kariņa kungs otra veselības ministrijai vara godājamais daniels pavļuta kungs kungi saņemieties lūdzu atbildiet būtības tukši atrakstieties jautājumi patiešām interesē lielāko sabiedrības daļu mēs varam dr e mednis agenskalnaklinika gribusportot kopamesvaram dzivebezbailem izglabdraugu
310,12.09.2021 00:28:43,Āgenskalna klīnika,,,man ļoti interesanta saruna vecmāti lindu gudri sievietes organismu attiecībām daudz citu daudz es pats uzzināju jauna es izbaudīju mūsu sarunu baudiet jūs kopā mēs varam dr e mednis agenskalnaklinika gribusportot kopamesvaram dzivebezbailem izglabdraugu
312,12.09.2021 00:34:14,Āgenskalna klīnika,,,te fragments mūsu sarunas vecmāti lindu gudri vārdu vecmāte apzināti rakstu lielo burtu jūs gribēsiet rakstīt tāpat kopā mēs varam dr e mednis agenskalnaklinika gribusportot kopamesvaram dzivebezbailem izglabdraugu
315,16.09.2021 23:32:18,Āgenskalna klīnika,,,veselība mums savs priekšstats manuprāt veselība pasūdzēties acis mirdz spēka pilns labā fiziskā garīgā emocionālā formā veselību iegūt saņemt atnāks pati vienu jāmīl pašam sevi jārūpējas visjaukāko cilvēku pasaulē jādara ikdienā interesantākais mēs gabalu atpazīstam veselu cilvēku šķiet cilvēks veselības ministra amata veselības konsultanta vesels zina jādara pārējie atbildīgs veseli pavērojiet zemāk esošās fotogrāfijas jūs domājat cilvēki izskatās veseli viņi veseli veseli mums pārējiem ietikt tāpat jautājums mūsu pašu veselības ministru varam izticēties varam uzticēt pašu dārgāko mums savu veselību zinās uzlabot iegūt manuprāt es cilvēkiem savu veselību es rūpēšos pats cilvēku publiskais tēls darbība uzticību atvainojiet pavļuta kungs es jums es patiešām jūs spēsiet man iemācīt rūpēties manu veselību jūs izskatieties smagi slims jūsu publiskās darbības uzticību maigi sakot saucam lietas īstajos vārdos iespējams cerams tuvākajā laikā lems tiesa mēs varam darīt šodien rūpēties paši sevi saviem bērniem savu veselību savu mēs varam slimajiem pateikt parādīt savu mēs varam izteikt tiem savu mēs varam patriekt politiskās skatuves mums jāceļas kājās jārīkojas jārīkojas drīz parīt mums 11 krastmalā sestdien 18 septembrī plkst 1300 mums varam valdoņiem parādīt mēs esam mēs viņi dara spiež darīt mums tiekamies sestdien kopā mēs varam dr e mednis agenskalnaklinika gribusportot kopamesvaram dzivebezbailem izglabdraugu
317,17.09.2021 14:52:30,Āgenskalna klīnika,,,saucamo vakcīnu tirdzniecības aģentu lasi veselības ministrijas valsts mediju solījumiem labi labi kovidnāves jāinscenē režisors veidoja sižetus izskatās ticami jauno gēnu injekciju radītās skaudra realitāte visai bieži jautājums fiksētas visbiežāk mūsu oficiozi saistītas šprici saka sagadīšanās kādu citu saslimšanu sekas teikt cilvēks pilnīgi vesels miris īsā laikā šprices vēlāk pusgada gada grūtniecēm bērniem dzimušajiem šodien skatījos klausījos anša bogustova vebināru pats 2 rīgas dzemdību mediķēm vienu stradiņa slimnīcas ārsti apgalvoja kovidšprices grūtniecēm drošas galvenais pārbaudītas jautājums cilvēks muļķis atvainojos kolēģei skarbumu tiešumu savādāk es izteikties faizera šprices anotācijā teikts grūtniecēm pietiekoši testēta ziņu ietekmi pašu grūtnieci grūtniecību augli kolēģes apgalvojumu idiotisms klaji apzināti salti meli minētā kolēģe jebkādu atbildību saviem vārdiem ansis bogustovs jebkādu atbildību minēto vebināru viņi teikt acīs skatoties grūtniecēm grūtniecība beidzas spontāno abortu šprices viņiem spēs paskatīties acīs sievietei tāpat es vēlētos visi propagandē eksperimentālās gēnu šprices paskatīties acīs mirušo radinieku tuviniekiem paskaidrot ļoti jāuzspiež iemesls zināms mirstība kovida ierasto iksezonas gripas līmeni vārdā apgalvots ieguvumi pārsniedz zaudējumus ieguvumi konkrēti ieguvumi atbildēt gēnu špriču galvenais tirdzniecības aģents daniels pavļuts pavļuta kungs ieguvumi špriču izplatīšanas konkrēti parasti ziepju tirdzniecības aģents saņem algu plus procentus pārdotā gadījumā tāpat pavļuta kungs jūsu procents saņemiet gaidīšu atbildi domāju es viens gaidu ierakstiet lūdzu komentāros jūsu procents interesanti uzzināt iepriekš pateicos kāmēr gaidām pavļuta kunga atbildi te reāls stāsts dzīves vakcīnām cilvēks pārliecināta vaksera antivakseri balstoties savas ģimenes pieredzi rūgtu pieredzi izglāb draugu špricēties mēs varam dr e mednis agenskalnaklinika gribusportot kopamesvaram dzivebezbailem izglabdraugu
318,17.09.2021 21:24:35,Āgenskalna klīnika,,,tiem gēnu injekciju domā tāds teātri gribas aiziet paceļot kādu izklaidīti lūdzu paskatieties cilvēkiem paskatieties šajās acīs palasiet stāstus īsti katras fotogrāfijas skumjš stāsts vienas invaliditāte citas skumji cilvēki beidzot ieslēgtu domāšanu cilvēki beidzot beigtu baidīties atvērtu acis izrādītos pandēmijas pamats bailēm pamats špricēm tāpat parasti valdības mediji radījuši mākslīgu haosu mākslīgu info pandēmiju tāds teiciens mediji vīruss valdības vairāk beidza testēts testiem dienā beigsies kāršu balstās testiem šobrīd interesanti skaitļi aug zinu testi cilvēki cer beidzot pozitīvs dabūt sertifikātu laikam pienācis laiks pozitīvajiem jāspiež cilvēki špricēties dabūs pozitīvu testu indes devas tādējādi rodas šķiet pamatotas aizdomas visa vienkārši rupja manipulācija datiem pozitīvos vajag satestē visi pienāks brīdis uzdzīt ciparus testi pozitīvi smieklīgi mēs visi spēlītē manipulācijā iesaistīti turamies vajag sakožam zobus turamies mums jāiztur rudens paliks vieglāk visādus brīnumus sola stiprina manu pārliecību esmu pareizā ceļa ceru jums tāpat turamies tiekamies rīt krastmalā plkst 13 divi pulcēšanās punkti strēlnieku lakums pulvertornis 1200 esam visi savām ģimenēm draugiem mums daudziem ļoti daudziem mēs uzvarēsim mēs varam dr e mednis agenskalnaklinika gribusportot kopamesvaram dzivebezbailem izglabdraugu
319,17.09.2021 22:41:28,Āgenskalna klīnika,,,gribēju jautrības enerģijas pacēlumu labāks bungas dzīvespriecīgi sprigani jaunieši mēs varam dr e mednis agenskalnaklinika gribusportot kopamesvaram dzivebezbailem izglabdraugu
321,18.09.2021 11:38:10,Āgenskalna klīnika,,,varētu šīsdienas pasākuma motīvs kopā mēs varam dr e mednis agenskalnaklinika gribusportot kopamesvaram dzivebezbailem izglabdraugu
323,24.09.2021 10:43:18,Āgenskalna klīnika,,,garastāvokļa uzlabošanai kritiskas domāšanas rosināšanai baudām piektdienu skaisto laiku kopā mēs varam dr e mednis agenskalnaklinika gribusportot kopamesvaram dzivebezbailem izglabdraugu
325,25.09.2021 13:46:39,Āgenskalna klīnika,,,latvijas mediji beidzot sākuši jēdzīgu rakstīt apsveicu tagad rodas jautājums latvijā pazīstami ārsti veisa rezeberga zavadska citi sausu muti publiski apgalvojuši minētās gēnu injekcijas drošas skaitā grūtniecēm skaitļi liecina drošību mēs varam ieteikt lasi uzspiest bērniem domāju minētie ārsti zaudējuši pēdējās sirdsapziņas paliekas publiska atvainošanās mazākais viņi darīt kariņa pavļuta kungiem cerības vājas vismaz ārsti varētu saņemties padomāt mums augstskolā mācīja analītisko domāšanu pazaudējuši katrā ziņā lietas iet labo pusi mēs uzvarēsim kopā mēs varam dr e mednis agenskalnaklinika gribusportot kopamesvaram dzivebezbailem izglabdraugu
327,25.09.2021 22:32:56,Āgenskalna klīnika,,,man vislabāk patika pēdējais teikums pirmo reizi vēsturē kāda preparāta totālu izgāšanos vainoti preparāta atteikušies smieklīgi skumji skumjāk vē valdība spītīgi redzēt mūsu valdība acīm redzot pasūta mūziku cenu vērts spēlēt kopā mēs varam dr e mednis agenskalnaklinika gribusportot kopamesvaram dzivebezbailem izglabdraugu
329,26.09.2021 21:47:10,Āgenskalna klīnika,,,otrdien režīms lemšot iespēju testēšanu pārcelt darba ņēmēju pleciem skaisti ekskluzīvi darba devēja kompetence darba devējam jāapmaksā visi darbinieka veselības pārbaudi saistītie izdevumi divi likumi darba likums darba aizsardzības likums latvijas republikas likums augstāks jebkuriem mk tāpat saeima augstāka instance kariņa vadīto huntu rosļikova teikto cīnieties sevi mums režīmam jāparāda mēs esam esam stipri mūs salauzt kopā mēs varam dr e mednis agenskalnaklinika gribusportot kopamesvaram dzivebezbailem izglabdraugu
331,26.09.2021 23:15:43,Āgenskalna klīnika,,,cita tēma pasena vēsture persijas līča karš 1991 asv armijas invāzija irākā sekojoša daudzu asv uk karavīru bērnu saslimšana persijas kara slimību iemesls izrādās urāns pārstrādājos urānu iegūtu kodoldegvielu pāri paliek urāna atkritumi ļoti daudz tos izmanto ieroču ražošanā ļoti efektīvi prettanku ieroči lādiņš iziet cauri tanka bruņām sviestam sprāgst tanka iekšpusē iet bojā tehnikas vienība vis esošie lādiņi atstāj tālejošas sekas abām pusēm tiem tos lieto irākiešiem dzimst bērni dažādām kroplībām grūtniecēm iet bojā bērni dokumentālo filmu tēmu interesanti filmas moto veltījums patriotiem mēs varam dr e mednis agenskalnaklinika gribusportot kopamesvaram dzivebezbailem izglabdraugu
332,30.09.2021 09:52:28,Āgenskalna klīnika,,,ministru kabinets murgu idejām pats realizēt likums mūsu pusē atlaist tāpat atlaist piedalījies medicīniskā eksperimentā testus piespiest veikt darbinieku līdzekļiem testi jāapmaksā darba devējam likuma panta darbinieku atlaist jākompensē liels psiholoģisks spiediens izturēt mēs esam pārliecināti darām pārliecināti savu taisnību likums mūsu pusē paklausieties rosļikovu mēs uzvarēsim kopā mēs varam dr e mednis agenskalnaklinika gribusportot kopamesvaram dzivebezbailem izglabdraugu
334,04.10.2021 22:59:49,Āgenskalna klīnika,,,kariņa kungs savu huntu šodien atkal izcēlās dienas gaismu ieraudzīja atjauninātie mk covid infekcijas apkarošanā tiesisko pasaule sen pieredzējusi faktiski cilvēki piespiesti piedalīties medicīniskā eksperimentā kariņa pavļuta kungu liekulīgajiem solījumiem sauktā vakcinācija brīvprātīga brīvprātīguma princips ievērots pistoli deniņiem mirsti badu špricējies jācer tauta attapīga izdomās veidu izvairīties faktiski masu slepkavības mēģinājums ticēt daļai pieejamās informācijas injekciju darbību protams atbildība jāuzņemas minētajiem kungiem šķiet viņi zināt atbildību es pats savu lēmumu esmu pieņēmis es medicīniskajā eksperimentā mani piespiest darīt šobrīd risinu sarunas juristiem meklējam izeju situācijas izejas vairākas izvēlēsimies labāko gribu teikt saviem kolēģiem līdzcilvēkiem visa iebaidīšanas kampaņa brīdī patiesi brīvs iespējams iespējams darīt vēlies atsver iegūtā brīvības sajūta sistēmai varas izdarīt brīvs sistēmas darām savu darāmo sakām savu sakāmo esam brīvi kopā mēs varam dr e mednis agenskalnaklinika gribusportot kopamesvaram dzivebezbailem izglabdraugu
337,05.10.2021 14:39:01,Āgenskalna klīnika,,,te burvīgs piemērs ukrainas skolas direktors iesūdzējis tiesā valdību piespiedu vakcināciju mums šādi drosmīgi cilvēki valdošās huntas cīnīsies savu brīvību drosmīgie skolotāji ārsti juristi jūs rīkosieties bailes pāri vakar runāju vienu progresīvu ārstu kolēģi tautas indēšanu saprot procesus aicināju runāt jūs domājiet rezultāts bailes saprot trīc savu vietu savu darbu jautājumu darīs tagad atbilde pēdējais varētu darīt padoma reāli baidās kāda izeja sagaidīt galējo variantu aktīvi rīkoties saņemieties ārā savām guļamistabām virtuvēm runājiet dariet sūdziet tiesā ejiet ielās kopā mums jāuzvar hunta citādi mums tāpat dzīves mēs uzvarēsim jautājums mēs paliksim iznāks kara veseli mēs uzvarēsim kopā mēs varam dr e mednis agenskalnaklinika gribusportot kopamesvaram dzivebezbailem izglabdraugu
339,05.10.2021 23:34:14,Āgenskalna klīnika,,,atkal eksperimentālajām špricēm amerikāņu ārsts patologanatoms raiens kouls savā prezentācijā balto halātu samitā eksperimentālo injekciju precīzi izvarošanu šprici absolūti prettiesiski mums uzspiesta injekcija pārkāpjot iespējamos likumus skaitā 1947 gadā uzrakstīto kodu jebkuras blaknes jebkurām zālēm uzskaitītas pieņemts zālēm kāmēr pierādīts pretējai priori blakne zālēm jāpierāda otrādi jāpierāda blakne valdība meinstrīma ārsti mums sausām mutēm apgalvo šīm špricēm trešās fāzes injekciju pētījumi mūsu līdzcilvēkiem piespiedu kārtā savādāk genocīdu ņemot vērā injekcijas izraisa iekaisumus visos orgānos trombu veidošanos sirds muskuļa sarētošanās dažādām autoimūnām saslimšanām vēžiem citām veselībai dzīvībai bīstamām slimībām jāpārtrauc injekciju lietošana uzspiešana lietošana jātiesā ieviesēji mārketinga speciālisti pavļuts kariņš dumpis zavadska daudz citi savu tautu cilvēci ceru pienāks drīz kopā mēs varam dr e mednis agenskalnaklinika gribusportot kopamesvaram dzivebezbailem izglabdraugu
341,07.10.2021 08:29:51,Āgenskalna klīnika,,,kopā mēs varam dr e mednis agenskalnaklinika gribusportot kopamesvaram dzivebezbailem izglabdraugu
343,07.10.2021 15:49:17,Āgenskalna klīnika,,,darba ņēmējam uztraukties atlaišanu jāskrien špricēties jābaidās testi pašam jāapmaksā jūs aizsargā 2 likumi darba likums darba aizsardzības likums likums augstāks juridisks dokuments mk esam drosmīgi stipri izturam murgus vairs ilgi drīz paliks vieglāk pēdējā sistēmas agonija tagad labi pazīstami kungi izskatās psihiski slimiem stāvoklis pasliktināsies viņi strādā sevi tautu faktiski trim dzirnakmeņiem saviem kungiem diktē darīt savu sirdsapziņu mēs dzirdēt tautu gudra arvien spēcīgāka savā mēs uzvarēsim video speciālists iesaka darīt jūs mēģina šantažēt kopā mēs varam dr e mednis agenskalnaklinika gribusportot kopamesvaram dzivebezbailem izglabdraugu
345,07.10.2021 20:00:51,Āgenskalna klīnika,,,interesanta vācijas statistika mirstības statistika gada janvāra jūnijam ieskaitot vācijā 19 000 cilvēkiem vairāk vidēji 2017 gada 2020 gadam laika periodā rudens datu viens interesants fakts gada decembrī vācijā sāka veikt eksperimentus cilvēkiem tiem sāka injicēt eksperimentālās gēnu injekcijas sauc vakcīnā interesantitik jautājums mums labāk kopā mēs varam dr e mednis agenskalnaklinika gribusportot kopamesvaram dzivebezbailem izglabdraugu
347,07.10.2021 22:18:04,Āgenskalna klīnika,,,te papildus informācija kalifornijas paliek interesanti mums mediji stāsta citu patiesība tāpat ārā vīlēm mēģinātu kopā mēs varam dr e mednis agenskalnaklinika gribusportot kopamesvaram dzivebezbailem izglabdraugu
350,07.10.2021 22:38:50,Āgenskalna klīnika,,,francijā medicīnas māsas vinnējušas tiesu viņām tiesa sprieda samaksāt laiku mums viņiem variantu taisnība likums mūsu pusē turamies kopā mēs varam dr e mednis agenskalnaklinika gribusportot kopamesvaram dzivebezbailem izglabdraugu
352,08.10.2021 00:07:12,Āgenskalna klīnika,,,izskatās patiesībā pēterburgas blogeris vide saņēma 200 stundas piespiedu darba informāciju svētās infekcijas sakarā interesanti viņiem ķērās sirds ļoti video kopā mēs varam dr e mednis agenskalnaklinika gribusportot kopamesvaram dzivebezbailem izglabdraugu
354,08.10.2021 17:55:39,Āgenskalna klīnika,,,iet lielo latvijā valdošajai huntai pietrūkst argumentu policija armija ceru piespiestu cilvēkus veikt sevi medicīniskus eksperimentus manuprāt hunta kariņa pavļuta vadībā rīkojas skatoties kungus man ārstam rodas pamatots jautājums kungu veselību psihisko fizisko psihiski vesels cilvēks rīkoties apveltīts milzīgu varaskāri psihopatoloģija kariņa kungs jums patiešām steidzīgi psihiatra konsultācija izmantojiet iespēju pēdējās dienas kāmēr pakalpojumi pieejami mums laikā svarīgākais špricēties turamies mēs uzvarēsim sistēmas agonija ļausim sistēmai dabīgā piedalāmies referendumā cvk izsludinās kopā mēs varam dr e mednis agenskalnaklinika gribusportot kopamesvaram dzivebezbailem izglabdraugu
356,08.10.2021 21:53:49,Āgenskalna klīnika,,,pavļuta kungs pateica vakcinēto cilvēku atnestais vīruss bīstams interesanti mūs tagad spiež vakcinēties mēs varam dr e mednis agenskalnaklinika gribusportot kopamesvaram dzivebezbailem izglabdraugu
358,09.10.2021 09:11:07,Āgenskalna klīnika,,,ņujorkā mediķi sapotējušies viņiem 16 atlaidīs strādās pandēmija cipules kundze teica slimnīcu uzņemšanas ātrās palīdzības mašīnas stāv rindā dažādiem avotiem tuvu patiesība darba rokas vajadzīgas tāpat ugunsdzēsēji špricējušies 70 atlaidīs ieslēdzam smadzenes lietojam vidējo pirkstu sistēmas virzienā viņi atlaist mums jāsaprot psiholoģiska spēle šobrīd spiediens pieaug mums laiks jāiztur taisnu muguru mēs uzvarēsim galvenais izturam kopā mēs varam dr e mednis agenskalnaklinika gribusportot kopamesvaram dzivebezbailem izglabdraugu
360,09.10.2021 11:54:23,Āgenskalna klīnika,,,dimiters vienmēr labs krieviski jaudīgi večiem olas palikušas pēdējā laikā beidzam bailēs trīcēt rīkojamies mēs varam dr e mednis agenskalnaklinika gribusportot kopamesvaram dzivebezbailem izglabdraugu
361,11.10.2021 17:54:48,Āgenskalna klīnika,,,šobrīd spiediens fašistiskās latvijas valdības puses stipri pieaug mums uzspiesta eksperimentālā injekcija veselības ministrs pavļuta kungs solīja piespiedu pavļuta kungs melo melo pārējā valdība cirks balstīts melos saltos melos tāpat cipules kundze dr rācenis abi vienā balsī apgalvoja pārslogots ātrās palīdzības mašīnas stāvot rindās uzņemšanas likt pacientus pavērojiet rindu ātrās palīdzības mašīnu rindas kārtējie meli tātad paskatās hronoloģiju sākumā parādījās ziņa piebalsoja latvijas ārstu biedrības viceprezidents fūrmanis dienā tapa medicīniskā fašisma paraugs jaunie mk izcili mērs pilns daudziem tūdaļ sāksies juridiskās lietas valdībai jāatbild dara latvijas tautu tiesas priekšā reāli cietumsodi galvenajiem izpildītājiem cerams viņiem aizmukt pēdējā brīdī tagad darīt vienkārši špricēties pirkt ierakstu šprici risinājums brīdi mānīgs cūcības direktīvas lēmumi tagad špricētie justies piečakarēti tāpat tiesības ierobežotas tāpat piemēram rīgas jaunajā teātrī viņiem šonedēļ jāsēž respiratoros sašpricēsieties mainīsies labo pusi paliks sliktāk fašistiem skaidrs tautu ceļiem mums jānostāv mums jānoturās mēs varam huntai parādīt mūsos spēks 70 ugunsdzēsēju viņiem uzsaka darbu tāpat policistiem skolotājiem sistēmai vajag vajag glābējus policistus skolotājus ārstus vajag strādā sistēmā viņiem sistēma sabruks jāiet špricēties sistēma pati aizrijas saviem atkritumiem izdarīs visai drīz sistēmas agonija spēcīgs spiediens izturam paliekam veseli taisnu muguru kopā mēs varam dr e mednis agenskalnaklinika gribusportot kopamesvaram dzivebezbailem izglabdraugu
364,13.10.2021 22:19:30,Āgenskalna klīnika,,,izskatās visvaronīgāk cīnās mūsu ugunsdzēsēji glābēji 600 vieniem atteikušies pieņemt gēnu injekciju verga pases tāpat 150 policistu mūsu pusē patiešām rada sajūtu uzvara tuvu cilvēki rīt plkst 830 saeimas iesniegs koloniālajai pārvaldei vēstuli kolosāla brīvības drosmes izturības demonstrācija cilvēki kariņa fašistisko režīmu ceļiem kariņa huntas beigu sākums visi laikā ierasties saeimas atbalstām cīnītājus esam parādām latvijas koloniālajai pārvaldei mēs esam mēs izturēsim ieraksties atbalstām domās materiālas mēs varam dr e mednis agenskalnaklinika gribusportot kopamesvaram dzivebezbailem izglabdraugu
367,15.10.2021 09:24:54,Āgenskalna klīnika,,,tara ramata sveiciens kariņa huntai savas tautas kara kopā mēs varam dr e mednis agenskalnaklinika gribusportot kopamesvaram dzivebezbailem izglabdraugu
370,16.10.2021 22:37:16,Āgenskalna klīnika,,,izvēle citāda jāizdara izdara žēl palēnām salūzt cilvēki visi pietiekoši stipri ziniet sistēmas agonija mums vienkārši jāiztur spiediens citu variantu ilgi turamies izturam atbalstām viens otru spējam mēs spēsim kopā spēsim kopā mēs varam dr e mednis agenskalnaklinika gribusportot kopamesvaram dzivebezbailem izglabdraugu
371,16.10.2021 22:51:47,Āgenskalna klīnika,,,ugunsdzēsēji glābēji policisti gāzinieki piedalīties aušvicas cienīgā eksperimentā malači turamies mūsu daudz pasaules elite teroristi 1 mēs varam cepurēm zemes turamies esam stipri kopā mēs varam dr e mednis agenskalnaklinika gribusportot kopamesvaram dzivebezbailem izglabdraugu
373,16.10.2021 23:15:36,Āgenskalna klīnika,,,piemērs darīt darba devējs jūs mēģina piespiest špricēties rīkojieties tieši tāpat mēs uzvarēsim rīt kopā mēs varam dr e mednis agenskalnaklinika gribusportot kopamesvaram dzivebezbailem izglabdraugu
375,17.10.2021 00:43:57,Āgenskalna klīnika,,,komentāriem domājiet paši kopā mēs varam dr e mednis agenskalnaklinika gribusportot kopamesvaram dzivebezbailem izglabdraugu
378,19.10.2021 08:59:00,Āgenskalna klīnika,,,atkal mums jaunu interesantu sagatavojis koloniālais režīms kārtējo lokdaunu šoreiz 3 dāvida zvaigznes sēdēs ilgāk pasaulē milzums pētījumu lokdauns valstī devis pozitīvu rezultātu saslimstību tiem milzīgas sekas faktiski seku krietni vairāk ieguvumu režīms izvēlas ceļu jautājums mērķis acīm redzot mērķis mūsu veselība tieši pretēji kārtējā tautas mocīšana kārtējā spīdzināšana vairāk tautu ceļiem vairāk iedzītu izmisumā bailēs sagrautu morāli faktiski situāciju baltkvēlei režīms situāciju baltkvēlei mēs zinām psiholoģiju cilvēks izmisumā spējīgs sastrādāt visneiedomājamākās lietas spējīgs dažādām darbībām stāvoklī faktiski metodiski darīts cilvēkus sanaidotu piespiestu izdarīt kādus soļus paldies dievam ļoti daudz cilvēku saprot spēj stāvēt pretim režīma genocīdam tautu režīmam cerams izprovocēt esmu pārliecināts mēs spējam izturēt mums piedāvā esmu pārliecināts mēs izdarīsim mēs izturēsim liela daļa cilvēku zināms mūs padara mūs stiprākus laiks mūs stiprina lie pārvērtēt situācijas cilvēkus maina mūsu vērtību skalu daudz mazsvarīgā paiet malā paliek būtiskais koncentrējamies mūsu mīļie mūsu patiesās vērtības garīgums katra mūsu personiskā izaugsme pieticība visā pateicība mums īstenībā patērētāju filozofija sevi izsmēlusi jāaiziet dienas kārtības augstākas vērtības mēs zinām turamies saglabājam vēsu prātu pārsteidzīgus lēmumus mēs izturēsim uzvarēsim iznāksim kara stiprāki gaišāki mums cīņa jāizcīna jāuzvar mēs varam kopā mēs varam dr e mednis agenskalnaklinika gribusportot kopamesvaram dzivebezbailem izglabdraugu
379,19.10.2021 11:09:17,Āgenskalna klīnika,,,mums ugunsdzēsēji triestē itālija dokeri ostas strādnieki apbrīnojama izturība spīts vairāk cilvēku spēj pārspēka īstais spēks mūsos pašos dažādās butaforijās apkarināti kārtības sargi mēs varam paskatieties vēsturi tālu 1914 1918 latviešu streļķi mēs esam mazbērni mazmazbērni mēs varam jāsaņemas jānotic sev jānotic sev varam mēs varam kopā mēs varam dr e mednis agenskalnaklinika gribusportot kopamesvaram dzivebezbailem izglabdraugu
382,19.10.2021 11:54:18,Āgenskalna klīnika,,,dārgie draugi lūdzu izturiet spiedienu šobrīd izdarīts valsts pašvaldību izglītības iekšlietu vugd darbiniekiem pašlaik juristi gatavo pieteikumus administratīvajai tiesai apstādinātu ministru kabineta daļu pretrunā darba likumu tiem likuma spēka piespiež jūs vakcinēties draud sankcijām darba devēja puses jums pašlaik apvienoties profesionālās grupās varētu juristu palīdzību iesniegt prasību administratīvajā tiesā apstādināt ministru kabinetu pretlikumīgajām prasībām nekur darba likums iespēju cilvēkus atlaist viņi piespiedu vakcinācijai lūdzu apvienojieties grupās čatos rakstiet brīvības memoranda juristiem mēs gribam varam jums dalieties ziņu izglābtas dzīvības
383,20.10.2021 22:37:25,Āgenskalna klīnika,,,jums jāskrien potēties darbu jums atņemt darba algu turamies sistēma sabruks drīz kopā mēs varam dr e mednis agenskalnaklinika gribusportot kopamesvaram dzivebezbailem izglabdraugu
385,22.10.2021 10:59:55,Āgenskalna klīnika,,,ļoti interesants vijas beinertes raksts situāciju mums apkārt viens pamata jautājumiem vēstījuma beigās pagājušā gadā potēts saslimstība reālā papīra krietni zemāka tagad likumsakarības līdzīgi bcg tuberkulozes vakcīnu valstīs kurās vakcinē gandrīz problēma lielāka valstīs kurās vakcinē riska grupas bcg vakcīna vecā tradicionālā gadījumā zināmas likumsakarības rakstīts agrākajās anotācijā veiksmīgi izdzēstas lasām domājam vija beinertevakar draugam mums atšķirīgi viedokļi vakcinācijas jautājumos atbildēju komentāru šodien redzu komentārs pazudis pazudusi mana atbilde atbildē vairākas atziņas varētu tiem situācija pilnīgi skaidra dažas pamata lietas vēlreiz esmu vakcinējusies stabilām infekcijām viena pote sniedz mūža imunitāti vakcinējusies mainīgiem vīrusiem daudzkārtēja vakcinācija es sirds priecājos vakcinācijas covid blakņu blaknes dažkārt ļoti smagas piemēram profesorei ausmai cimdiņai vārdu pieminu atļauju pelnījuši sabiedrības uzmanību cilvēki tādām blaknēm jābrīdina jautājums latvijas medijos gandrīz covid ārstējams turklāt ārstēšana jāsāk agrīnā stadijā ārstēšanas rodas blaknes slimniekus hospitalizēt ekspertiem lza prezidents ivars kalviņš pats vakcinēts atbalsta riska grupu pacientu vakcināciju uzaicināts covid19 ierobežošanas stratēģiskās vadības grupas sēdi pauda savu piecu organizāciju kopīgu pozīciju jautājumā citu paskaidroja pārslimojuši covid19 ieguvuši dabisku imunitāti jāvakcinē uzsvēra vakcinācijai brīvprātīgai viedoklis ņemts vērā atskaņots platstraumes medijos ekspertiem dr roberts melouns sertificēts ārsts infekcijas slimību pētnieks rns transfekcijas atklājējs vitro vivo mrns vakcīnu tehnoloģiju izgudrotājs analizējot pašreizējo situāciju atzīst saukt virusologa ļaunāko murgu citēju this precisely what one would see if antibody dependent enhancement was happening what antibody dependent enhancement briefly that vaccine causes virus become more infectious than would happen absence vaccination would cause virus replicate at higher levels than absence infection pavisam īsi virusoloģijas milži dr melons dr montanjē prēmijas laureāts dr martins kuldorfs dr gērts vanden bose brīdina vakcīna aptur sērgu padara vīrusu agresīvāku saukto ganāmpulka imunitāti būdami pārslimojuši covid ieguvuši dabisko imunitāti virkne augsti kvalificētu speciālistu riskējot karjeru reputāciju uzdrošinās celt trauksmi sakarā globālā biomedicīnas kompleksa covid stratēģijām korporatīvie platstraumes mediji darījuši cilvēkus diskreditētu alternatīvo vēstījumu apzinoties šām lietām vērā ņemamu viedokli paust augstas raudzes speciālisti esmu centusies darīt viedokli zināmu plašākai sabiedrībai citādi cilvēkiem jāpārtiek informācijas sniedz filologs kariņš pianists pavļuts reklāmām kurās vakcinācijas vajadzību izsakās dziedoņi aktieri sportisti
386,22.10.2021 10:59:55,Āgenskalna klīnika,,,visbeidzot gada vakcinēts saslimušo skaits daudz mazāks tagad liela daļa populācijas vakcinēta vismaz izraēlā asv apvienotajā karalistē solīts vakcīna sērgu apturēs dīvaini kopā mēs varam dr e mednis agenskalnaklinika gribusportot kopamesvaram dzivebezbailem izglabdraugu
387,24.10.2021 21:02:52,Āgenskalna klīnika,,,manu sarunu klīnisko imunologu lauri līcīti vairākas interesantas tēmas viena kurām pieaugot vakcinācijas aptverei pieaug saslimstība kopā mēs varam dr e mednis agenskalnaklinika gribusportot kopamesvaram dzivebezbailem izglabdraugu
389,29.10.2021 17:47:05,Āgenskalna klīnika,,,vakar ciemos zvejas smana pasaku valstībā ļoti laba interesanta saruna mums izvērtās piedāvāju jums kopā mēs varam dr e mednis agenskalnaklinika gribusportot kopamesvaram dzivebezbailem izglabdraugu
391,01.11.2021 23:22:41,Āgenskalna klīnika,,,kolēģu patīkama tāpat tuvinieku aiziešana mūžībā dzirdot kolēģa aiziešanu pakavējos atmiņās laiku darbiem kopā pavadīti darīti dr ija cimdiņa dažām dienām tagad jānis volkolakovs abi jauni cilvēki iespējams sašpricēti modernajām injekcijām iju studiju laikā strādājām ātrajā palīdzībā daudz redzējām daudz strādājām daudz smējāmies jokojām dzīvespriecīga apdomīga jokus saprotoša skanīgiem smiekliem toreiz studenti augstākā kursā jāni volkolakovu tuvu sāp tāpat jauns cilvēks daudz izdarīt daudziem palīdzēt daudz kolēģu ies pēdās tuvākā gada laikā bail padomāt laikam dzīve vismaz šobrīd jāsamierinās ija jāni mūžīgs miers jums abiem kopā mēs varam dr e mednis agenskalnaklinika gribusportot kopamesvaram dzivebezbailem izglabdraugu
392,04.11.2021 12:15:42,Āgenskalna klīnika,,,turpinot tēmu mirstību ļoti labu rakstu atsaucēm uzrakstījis bērnu ārsts artis žeigurs izlasiet secinājums viens vakcinācijas covid 19 jāpārtrauc veicina mirstības palielināšanos prasība obligāti vakcinēties tiesās teritorijas koloniālās pārvaldes darboņus starptautiskā tribunālā aizbēgt viņiem viesstrādniekiem muzikantiem mēs varam dr e mednis agenskalnaklinika gribusportot kopamesvaram dzivebezbailem izglabdraugu
393,04.11.2021 13:37:24,Āgenskalna klīnika,,,ziņa pesimistiem vaid lūdzu kustība ātra dīvāna bruņiniekiem gribētos pacietība tikums kopā mēs varam dr e mednis agenskalnaklinika gribusportot kopamesvaram dzivebezbailem izglabdraugu
395,10.11.2021 00:14:21,Āgenskalna klīnika,,,latvijas mediķu alianse saņēmusi atbildes vēstuli veselības ministrijas faktiski vienīgā valsts institūcijas mūsu trauksmes zvanu tiesībsargs saeima veselības ministrija protams atbildi sniedza paredzamu vakcinēties veselīgi riskus protams apkopojot vairākām lapas pusēm izklāstīto veselības ministrijas traktātu tēmu vakcinācija citu gaidīt vērts sākums zinu latvijas republikas tiesās iesniegti pieteikumi cilvēktiesību pārkāpumiem taisnu muguru špricēties sistēma agonē ziemassvētkiem pagrieziens gaišo pusi paliks vieglāk mums jāiztur pusotra mēneša sevi salauzt mēs uzvarēsim kopā mēs varam dr e mednis agenskalnaklinika gribusportot kopamesvaram dzivebezbailem izglabdraugu
398,12.11.2021 00:23:48,Āgenskalna klīnika,,,mēs ceļiem sadosimies rokās kopā mēs varam dr e mednis agenskalnaklinika gribusportot kopamesvaram dzivebezbailem izglabdraugu
399,12.11.2021 08:00:16,Āgenskalna klīnika,,,vadošās kliķes lēmumu mēs paliekam arvien stiprāki saliedētāki saeimas deputātei jūlijai stepaņenko draud atņemt tautas vēlēta deputāta pilnvaras atsakās piedalīties medicīniskā eksperimentā ļaut sev iešļircināt indes devu esam tālajos 1960 jos gados padomju savienībā agrāk atgādināšu deputāts tautas vēlēts mandātu atņemt tauta šobrīd rīkoties šādi solis troikas staigās mājām liks sienas tos atsakās špricēties turieties jūlija turamies mēs visi apvienojamies mēs uzvarēsim sistēma agonē ļausim kopā mēs varam dr e mednis agenskalnaklinika gribusportot kopamesvaram dzivebezbailem izglabdraugu
401,15.11.2021 10:57:06,Āgenskalna klīnika,,,šodien dzirdēju kolosālu ziņu turpmāk 15 svinamā diena brīvības diena sāks atzīmēt šodien visā latvijā brīvdabas pasākumos sekojiet līdzi savām reģionu grupām kopā mēs varam dr e mednis agenskalnaklinika gribusportot kopamesvaram dzivebezbailem izglabdraugu
402,16.11.2021 22:03:31,Āgenskalna klīnika,,,interesantas ziņas beļģijas intensīvās terapijas visi pilnībā vakcinētie mūsu tagadne ziniet joku kāda starpība konspirācijas teoriju īstenību 6 12 mēneši izrādās katrā jokā daļa joka skarbi konspirācijas teorijas gada šausminājāmies matemātisku precizitāti piepildījušās pavērojiet tagad rebalitika delfi ļoti aktīvi ziniet kāda laika īstenība tagad meinstrīma mediji sāk radīt brīnumainus sižetus pavērojiet padomju pilsoņa acīm daudz saskatīt rindām ļoti interesantā laikā dzīvojam tāpat pavļuta kungs aizgūtnēm stāstīja pandēmija zināju drīz sāksies interesantākais te rai beļģijā mums šķiet protams ziņām oficiozi kopā mēs varam dr e mednis agenskalnaklinika gribusportot kopamesvaram dzivebezbailem izglabdraugu
404,17.11.2021 10:17:47,Āgenskalna klīnika,,,populārais mūziķis ēriks kleptons stāsta savu pieredzi saucamā vakcīnas blaknēm sarunā robertu f kenediju kopā mēs varam dr e mednis agenskalnaklinika gribusportot kopamesvaram dzivebezbailem izglabdraugu
406,18.11.2021 19:36:33,Āgenskalna klīnika,,,dzīvē vienkārši teiktu rebaltikas dumpji zavadskas pavļuti kariņi pasaules veselības organizācija savu saimnieku billa melindas geitsu rokefellera fonda dotācijām publicējusi statistiku reakcijas blaknes bijušas dažādu medikamentu lietošanas pievērsiet uzmanību sarindotas pieaugošā secībā pēdējā rindiņā protams drošās covid vakcīnas kurām pašmāju bāleliņu izteikumiem blakņu praktiski kontrindikāciju pasaulē pvo datiem visnedrošākās zāles vislielāko blakņu skaitu latvijā valdošās huntas darbības cenu iedabūtu substances mūsu ķermeņos sauc vienā vārdā cilvēci savu tautu stāvam taisnu muguru sadodamies rokās palīdzam viens otram palīdzam izturēt grūtā brīdī plecu padomu pārtiku drēbēm kopā mēs varam dr e mednis agenskalnaklinika gribusportot kopamesvaram dzivebezbailem izglabdraugu
408,18.11.2021 19:57:07,Āgenskalna klīnika,,,latvija daudz laimes dzimšanas dienā šobrīd cīnījāmies mēs 30 gadiem mūsu senči vairākiem desmitiem simtiem es ticu mēs kopā padarīsim skaistu iekārojamu spēcīgu varoņu zemi miera mīlestības zemi vietu mēs labklājībā pārticībā mierā mīlestībā audzināt savus bērnus mazbērnus mazmaz bērnus tālāk mēs varam kopā rokās sadodoties mēs izturēsim gaisma vairs kalniem mūsu uzvaru mēs uzvarēsim kopā mēs varam dr e mednis agenskalnaklinika gribusportot kopamesvaram dzivebezbailem izglabdraugu
412,29.11.2021 08:31:08,Āgenskalna klīnika,,,interesanti latvija tautai pietiks pacietības tolerances tagad režīms ķersies klāt bērniem mūsu bērniem brīdis mēs pateiksim pietiek pacietīgi vedīsim savus bērnus lopkautuvi covid injekcijas pieļausim mirusī paaudze viņi vārgi slimi viņiem ļoti iespējams savu bērnu bērni vārgāki viņiem pašiem gribam viennozīmīgi vienreiz pateiksim huntai skaļi pateiksim izdarīsim 13 12 pūkainīša alas paslēpies ilūzijā klāt 20 izziņota tiesa viņiem tiekamies 1312 kopā mēs varam dr e mednis agenskalnaklinika gribusportot kopamesvaram dzivebezbailem izglabdraugu
414,01.12.2021 08:40:50,Āgenskalna klīnika,,,sabiedriski aktīvisti latvijas patrioti izveidojuši apvienību mērķi aizsākt vislatvijas kustību tautas referenduma sarīkošanai apvienība mērķis iespējami ātri tautas gribu šobrīd aktuāliem jautājumiem aktivizēt sakārtot tautas referenduma instrumentu latvijā pirmo soli esam izveidojuši priekšparakstu vākšanas platformu oficiālām referenduma iniciatīvām 1 aizliegt ierobežojumu atkarībā cilvēks vakcinējies cvid 192 samazināt parakstu skaita slieksni referenduma ierosināšanai 150 000 50 000 parakstu paraksties dalies atbalsti pievienojies iepazīsties lapu reģistrē savu priekšparakstu divām referendumu iniciatīvām reģistrācijas saņemsi epastu saiti parakstu formu publicēt sociālajos tīklos izdrukājamu formu izdrukā vairākās kopijās izdali saviem tuviniekiem draugiem darba kolēģiem pievienojies telegram kanālam telegram sarunu grupai pievienojies kustībai palīdzi savākt parakstus raksti mums labas idejas parakstu vākšanas organizēšanā kopā mēs paveiksim kopā mēs varam dr e mednis agenskalnaklinika gribusportot kopamesvaram dzivebezbailem izglabdraugu
417,01.12.2021 15:19:21,Āgenskalna klīnika,,,režīms plāno mūsu bērnus tos viņiem vismaz veselā saprāta palicis bērni riska grupā cirkulējošajam sezonālajam vīrusam pārneses avots gadījumu bērnu vidē covid īsti mēs pakļautu bērnus medicīniskajam eksperimentam šobrīd režīms mūs testē mēs pieļausim sarkanā līnija mēs punkts mēs apturēsim atcerieties bērni mūsu ļausim tos mums labi zināms komplikāciju risks injekcijas pieaugušo vidū miokardīti trombozes citas jaukas lietas mēs saviem bērniem režīms grib mūsu bērniem viņiem vajadzīga padevīga slima masa personības mums stipriem savi bērni jāaizstāv mēs esam stipri kopā mēs varam dr e mednis agenskalnaklinika gribusportot kopamesvaram dzivebezbailem izglabdraugu izglabbernus
419,03.12.2021 10:14:46,Āgenskalna klīnika,,,režīmam ļoti cits viedoklis autoritārisma pazīme izmanto līdzekļus mēģinātu apklusināt citādi domājošos spilgts piemērs brīvvalststv uzlikts sods 1900eur apmērā viedokļa paušanu formulējums cits tos katrai situācijai atrast sodīt interesanti ilūzija demokrātisku valsti kopā mēs varam dr e mednis agenskalnaklinika gribusportot kopamesvaram dzivebezbailem izglabdraugu izglabbernus
421,04.12.2021 23:34:03,Āgenskalna klīnika,,,ballīte vienas mājsaimniecības ietvaros divu citādi pretlikumīgi maskas moderni sakot mutes sejas aizsegs dramatiskā pandēmija beigusies sia lv īsti jāizbeidz kliķe savu gaidām rudeni cerība tautai atmiņa īsa šķiet izslēgts formāls valsts apvērsums kliķe uzurpēja varu vēlēšanas redzēsim katrā ziņā mēs uzvarēsim kopā mēs varam dr e mednis agenskalnaklinika gribusportot kopamesvaram dzivebezbailem izglabdraugu izglabbernus
423,06.12.2021 12:59:38,Āgenskalna klīnika,,,te interesanta ziņa kāda izeja lielveikaliem simti tūkstoši sašpricēto mums vienīgā izeja režīmu veidā mūsu mūsu bērnu dzīvības jautājums mēs uzvarēsim cīņā visai drīz kopā mēs varam dr e mednis agenskalnaklinika gribusportot kopamesvaram dzivebezbailem izglabdraugu izglabbernus
425,07.12.2021 18:14:07,Āgenskalna klīnika,,,represijas sāk atklāties ārstu vidē jaunie ārsti mēģina izkalpoties sistēmai sevi parādīt labi sūdzības latvijas ārstu biedrības ētikas komisijai šoreiz apsūdzētā lomā cienījamais imunologs dr līcītis jocīgi tiešām tagad stukači modē kopā mēs varam dr e mednis agenskalnaklinika gribusportot kopamesvaram dzivebezbailem izglabdraugu izglabbernus
428,08.12.2021 11:33:23,Āgenskalna klīnika,,,cenzūra pieņemas spēkā sāk parādīties ziņas telegram cenzē grupas rakstīto tiem lejuplādētas apple store google play telegram aplikācijas pārbaudiet savas lietojiet paša telegram lejuplādētās redzēsiet dzirdēsiet baudīt virtuālo brīvību apple store google play apgraizītās aplikācijas cenzējamas kopā mēs varam dr e mednis agenskalnaklinika gribusportot kopamesvaram dzivebezbailem izglabdraugu sargibernus
430,09.12.2021 11:29:00,Āgenskalna klīnika,,,vēsturē parasti jaunas lietas reti vis iet riņķi atkārtojas citreiz loks lielāks citreiz mazāks šobrīd loks aptuveni 80 tuvu te ilustrācija jautājums tālāk tālu atļausim iet režīma fašistiem brīdis tos apturēsim 1312 mums pūkainīša alas tautības reliģiskās politiskās piederības ādas krāsas uzskatiem mums jāparāda mēs režīmu mūsu teritorijā mums jānosargā savi bērni sava kopā mēs varam dr e mednis agenskalnaklinika gribusportot kopamesvaram dzivebezbailem izglabdraugu sargibernus
433,12.12.2021 15:01:51,Āgenskalna klīnika,,,mums sākas ilgu laiku runā konspirācijas teoriju piekritēji citur pasaulē runāja vernons colemans vernon coleman maiks jīdons mike yeadon faktiski sanāk masu špricēšana masu slepkavība jāatbild mūsu valstī 3 galvenie špricētāji kariņš levits pavļuts eksperti zavadska dumpis citi tiem fiziski dara savām rokām ģimenes ārsti māsiņas špricētavu personāls atbildēs savu apzināti dzen cilvēkus savas muļķības bailes līgumu mīļā miera dara attopieties špricē iet karātavām galvu variantu varianti vienmēr vismaz divi parasti vairāk šobrīd mums prasa sevis sajušanu kreativitāti vajadzīga spētu mainīt gadiem iesīkstējušos stereotipus mēs gadiem darām kādu vienu darbu šobrīd iespējams darīt valdības iespējams lēmumu mēs samulstam apjūkam jādara apsēsties padomāt es dzīvē vēlos visvairāk es māku darīt es sirds gribu darīt mēs darām sirds esam savā vietā pati mūs atrod darām mums atņemta šobrīd brīdi apstājamies padomājam esmu pārliecināts izeja vienmēr man viens labs draugs stāstīja cilvēks stāv lieliem vārtiem iekšā mēģina vairākkārt savā pārcentībā vārtu vienā stūrī mazas durtiņas vaļā mūsu dzīvē mēs bieži mazās durtiņas laužoties lielajos vārtos mums atrast savas mazās durtiņas palikt veseliem stipriem savā garā mūs vara salauzt kopā mēs varam dr e mednis agenskalnaklinika gribusportot kopamesvaram dzivebezbailem izglabdraugu sargibernus
435,13.12.2021 00:30:14,Āgenskalna klīnika,,,rīt vakarā tiekamies visi kopā mēs varam dr e mednis agenskalnaklinika gribusportot kopamesvaram dzivebezbailem izglabdraugu sargibernus
437,13.12.2021 11:06:46,Āgenskalna klīnika,,,bērnu manuprāt eksperimentālas injekcijas visā pasaulē reģistrētas pierādījušas savu efektivitāti blakņu radīšanā bērniem jauniešiem sirds muskuļu bojājumi korelācija jaunāks biežāk man gods piedalīties konferencē bērnu špricēšanas tēmu piedalījās juriste agita galiņa indulis emsis citi savus bērnu kopā kopā mēs varam dr e mednis agenskalnaklinika gribusportot kopamesvaram dzivebezbailem izglabdraugu sargibernus
442,15.12.2021 15:10:43,Āgenskalna klīnika,,,1312 pasākums vairumam beidzies cilvēki turpina pūkainīša alas sava veida barikādes 1991 gadā cīņa brīvību šķiet šoreiz daudz mums palīgā amerikāņi vācieši citi cīņa mums pašiem jāizcīna paldies drosmīgajiem izturīgajiem palīdzam viņiem izturēt labu vārdu situ zupu apskāvienu varam mākam kopā mēs varam dr e mednis agenskalnaklinika gribusportot kopamesvaram dzivebezbailem izglabdraugu sargibernus
445,15.12.2021 22:17:03,Āgenskalna klīnika,,,turpinās barikādēs pagaidām trešo dienu gaidām reakciju prezistrādājuma kopā mēs varam dr e mednis agenskalnaklinika gribusportot kopamesvaram dzivebezbailem izglabdraugu sargibernus
452,23.12.2021 12:30:48,Āgenskalna klīnika,,,režīma muļķība apzināta kaitniecība šobrīd jautājums pavisam atklāt vajadzīgas gēnu šprices mērķim kalpo cenu jāsašpricē pieaugušie bērni blakņu daudz vairāk labuma skatoties laika griezumā šķiet visa plāndēmija apzināta cilvēku muļķošana apzināta kaitniecība kāda savtīgu interešu labā citādi konspirācijas teorijas ļoti aktīvi apkaroja oficiālie mediji skaitā re baltica re check piepildījušās dažām laiks pienācis tātad mīļie oficiālo mediju žurnālisti jums jautājumi zināms vienkārši parunāties gribas profesore zavadska reiz teica meklējiet interneta dzīlēs atbildes jautājumiem atrodamas palasiet jums priekšā vērtīgi uzzināt otru pusi jums pats tedross izpļāpājies interesanti svētā lv trīsvienība dzirdēs kopā mēs varam dr e mednis agenskalnaklinika gribusportot kopamesvaram dzivebezbailem izglabdraugu sargibernuskopā mēs varam dr e mednis agenskalnaklinika gribusportot kopamesvaram dzivebezbailem izglabdraugu sargibernus
454,24.12.2021 10:49:58,Āgenskalna klīnika,,,izcils bena latkovska atskats pavļuta kunga pirmo darba veselības ministram taisnība pavļutam kopā kariņu kliķi izdevies ieviest aparteīda režīmu latvijā mūsu 30 gadus lolotā ilūzija latviju demokrātisku valsti izkūpējusi dūmu skurstenī velti jogi māca dzīvē ilūzija spilgts piemērs labā ziņa impērijas sabrukušas gremošanas traucējumu izņēmums beigsies drīz viņiem jāatbild padarīto aizmukt mēs varam dr e mednis agenskalnaklinika gribusportot kopamesvaram dzivebezbailem izglabdraugu sargibernus
455,29.12.2021 13:07:07,Āgenskalna klīnika,,,manis viesojās veselības inspekcija jautājums iesaku ivermektīnu saruna draudzīga pagaidām zināms iznākums veic pārbaudes pieņem lēmumus tātad lēmums atkarīgs veselības inspekcijas vadības veselības ministrijas jautājums laikam ļoti esmu kādu aizķēris ivermektīna lietošanu jocīga veselības ministrijas politika iepērk zāles īpaši labi palīdz covid ārstēšanai reāli palīdz cenzē viedokli faktiski veselības inspekcijas vizīte mēģinājums ierobežot mani ārstu savā medikamentu izvēlē ārsts brīvs savā izvēlē medikamentu rekomendācijās balstās savām zināšanām praksi pieredzi savu kolēģu pieredzi katrā ziņā ziņošu turpinājumu kopā mēs varam dr e mednis agenskalnaklinika gribusportot kopamesvaram dzivebezbailem izglabdraugu sargibernus
459,01.01.2022 22:47:37,Āgenskalna klīnika,,,satversmē katra cilvēka tiesības brīvības tāpat 2007 gada satversmes tiesas spriedumā teikts gadījumā latvijas konstitucionālā iekārta demontēta citādi grozīta tautas gribas pilsoņiem pienākums pretoties prettiesiskiem varas lēmumiem veseli domājošam cilvēkam maskas inficēšanās kaitīgas organismam vīruss vīruss cirkulēja turpina cirkulēt ļaudis slimoja slimo sezonālo gripas sezonu latvijā atcēlis laika posmā oktobra aprīlim cilvēki pastiprināti slimo akūtām respiratorām saslimšanām sakars maskām brīvi laiž cauri vīrusus lielu daļu baktēriju auduma maskas drāšu siets odiem mk masku labums medicīna medicīna totalitārisms absurda pilnīgi kaitīgu aksesuāru uzspiešana veseliem cilvēkiem padarīto tos slimus atņemtu tiem identitāti pazemotu cita izskaidrojuma man kolosāls piemērs 2007 gada satversmes tiesas spriedums dzīvē paraugstunda jārīkojas apbrīnojami spēcīga meitene es dziļi paklanos priekšā iekšējo spēku spēju mierā režīma kalpiem policistam balss aizlūza aptrūkās argumenti pietiekami vājš meiteni atlaistu vajadzētu rīkoties sevi cienošam brīvam cilvēkam sevi cienošam brīvās latvijas pilsonim pilsoņa pienākums vairāk mums cilvēku latvijas tauta daudz laimīgāka kopā mēs varam dr e mednis agenskalnaklinika gribusportot kopamesvaram dzivebezbailem izglabdraugu sargibernus
463,03.01.2022 13:43:26,Āgenskalna klīnika,,,brīvvalststv sveiciens saviem skatītājiem jaunajā gadā kopā mēs varam dr e mednis agenskalnaklinika gribusportot kopamesvaram dzivebezbailem izglabdraugu sargibernus
465,05.01.2022 00:01:23,Āgenskalna klīnika,,,špricēt bērnus eksperimentālajām gēnu injekcijām maigākajā gadījumā amorāli smagākajā gadījumā tiesāti ārsti teica vācu ārsts jautāts vakcinētu bērnus liktu es domāju saprot valdības ierēdņi pavļuta kungs saucamie valdības eksperti velti profesore zavadska teikusi bērnus vakcinēt moderno kaiti valdība cer tiesās ārstus zināms pavēļu došana sargājam savus bērnus kopā mēs varam dr e mednis agenskalnaklinika gribusportot kopamesvaram dzivebezbailem izglabdraugu sargibernus
467,12.01.2022 18:20:38,Āgenskalna klīnika,,,atgriezos intervijas de facto žurnālisti olgu dragiļevu interesantas pārdomas padomju savienībā partijas doktrīnu tiec pataisīts muļķi piekritu sarunai cerēju pacelt sabiedrībā diskusiju skaitā medicīnas sabiedrībā ivermektīna lietošanu efektivitāti saruna uzbrūkoša dragiļevas kundzes puses jebkuru apgalvojumu apstrīdoša manu pārkāpumu meklēšana faktiski sajutos tāds peramais zēns liecina vienu valstī pacientu ārstēšana pacientu veselība sevišķi šajos laikos atļaujas runāt savādāk politbirojs lēmis apkarojami visos veidos ārsts vairs ārsts politbiroja ārsts brīvs savā izvēlē ārstēt savus pacientus pats pirmais es kaitējis saviem pacientiem vismaz apzināti es protams esmu kļūdījies esmu vienmēr darījis labāko māku savu pacientu veselības uzlabošanai es zinu c19 palīdz ivermektīns es iesaku es zinu gēnu injekcijas kaitē pacientu veselībai saku mani darīt savādāk man svarīgi mani pacienti veselība vienīgi tagad intervijas varu sagaidīt atkal pārbaudes kontroles komisijas iespējams sodus politbirojs savādāk domā es es domāju savādāk politbirojs es svēti ticu pienāks brīdis vairs tālu maskas kritīs mainīsies ceļavējš pati dragiļevas kundze pūtīs pavisam citā stabulē iespējams slavēs ivermektīnu gēnu injekcijas reģistrētas pārbaudīju fda mājas lapā mēs uzvarēsim kopā mēs varam dr e mednis agenskalnaklinika gribusportot kopamesvaram dzivebezbailem izglabdraugu sargibernus
468,12.01.2022 23:43:57,Āgenskalna klīnika,,,mums apmēram šodien saruna dragiļevas kundzi patiesības ministrijas kopā mēs varam dr e mednis agenskalnaklinika gribusportot kopamesvaram dzivebezbailem izglabdraugu sargibernus
470,13.01.2022 15:52:00,Āgenskalna klīnika,,,te kenedijs juniors runā bērniem vajadzīgas gēnu injekcijas bērnu veselība sevišķi ņemot vērā bērni slimo ļoti viegli slimo sezonas vīrusu variantiem kopā mēs varam dr e mednis agenskalnaklinika gribusportot kopamesvaram dzivebezbailem izglabdraugu sargibernus
473,14.01.2022 11:11:21,Āgenskalna klīnika,,,diezgan paskarbs 2021 gada izvērtējums trāpīgs precīzs cilvēki 2021 gadā izrādījās pašnāvniecisku lemingu bars kopēja labuma vārdā klints pieprasīs sistēma dīvaini mani pārsteigt cilvēki labprātīgi valkā uzpurņus kaitējot sev savai veselībai māca saviem bērniem vakar ielas veikala redzēji pirmo klašu vecuma bērniņu meitenīti maskā melnā zeme svaigā gaisā elpo kādu draņķi mani pārsteigt cilvēki priecājas saslimšanu moderno slimību cilvēka sertifikāts mēs beidzot apzināsimies cilvēk verga sertifikāts sistēmai paklausīga verga apliecinājums vārdā varētu jaunas apenes labā veikalā varētu ceļot varētu smukas kurpītes lēti lēti mēs esam gatavi pārdot savu brīvību dara saka atpalikuši sistēmai draudzīgi ļautiņi saka saucamie disidenti pārsteidz visvairāk cilvēki gatavi paciest man pienākas man vajag utt šīm prasībām gala pilnīgai paverdzināšanai mēs spētu pretim sen beidzies ārsti māsas pateiktu špricēm policisti atteiktos kontrolēt maskas citas muļķības sen beidzies sen mēs dzīvotu brīvi lokdauņiem maskām ierobežojumiem gēnu injekcijām padomājiet piemērs lūdzu medicīnas darbiniekiem obligāti jānošpricējas varētu strādāt pateica lielu pompu gada 6 janvārī paklusām mk saviem fašistiskajiem svītrojuši punktu pieprasa mediķiem sertifikātu daudziem ārstiem māsām māsu palīgiem pietika veselā saprāta pietika mugurkaula ļautos atstādināties izturēt te redzams rezultāts rīgas satiksmi aizliedza senioriem braukt atlaidēm sabiedriskajā transportā paklusām atcēla pasažieru skaits acīm redzot krietni samazinājās mehānisms varam uzvarēt vardarbības atklātas cīņas šmaukšanās bailēm vienkārši sistēma mums pastāvēt mēs esam vajadzīgi mums sistēma vajadzīga mēs esam pašpietiekami spējam pastāvēt vergturu kastas padomājam sevišķi gaidāmo vēlēšanu sakarā kopā mēs varam dr e mednis agenskalnaklinika gribusportot kopamesvaram dzivebezbailem izglabdraugu sargibernus
475,15.01.2022 09:33:39,Āgenskalna klīnika,,,dzīvojam greizo spoguļu karaļvalstī tagad izrādās piemaksas ārsts saņem pacientu labi zināms cilvēks saslimst ģimenes ārsts kāmēr veikts tests tests pozitīvs mājas karantīna ģimenes ārsts saņem papildus piemaksu īpaši bīstama pacienta ārstēšanu ārstēšanu parastie ieteikumi paracetamols tējas situāciju labāku bieži pasliktina pasliktina sezonā ļoti bieži ļoti agrīni attīstās pneimonijas plaušu karsoņi tos jāārstē adekvāti ārstēt pacientu apskatot paklausoties šobrīd pacients saņem konsultācijas telefonu dekompensējas stāvoklis smags ātrā palīdzība uzņem slimnīcā uzņemts bieži ārstēšana stipri runāts plašiem plaušu bojājumiem atstāj paliekošas sekas vainots modernais vīruss paveidi vienīgais vīruss izraisa absolūti greizā valsts veselības politika pacientu paklausās agrīni adekvātu ārstēšanu papildus pacients karantīnā policija uzrauga ārā mājas valsts izdarījusi pacienta stāvoklis kļūtu iespējas smagāks pacienta veselība ciestu maksimāli savādāk izskaidrot otrādi pacients vēlas saglabāt savu veselību cits pārkāpt likumu meklēt palīdzību ārsta pieņem apskata absolūts veselības aprūpe valstī pirmkārt jāatdala politikas otrkārt jālemj jomas speciālistiem pianistiem filologiem darboņiem vairāk labuma viņi varētu dot sabiedrībai uzņemtos rūpes jomām kurās viņi speciālisti sargājam sevi savus bērnus savus tuvākos atceramies padomju laikus tauta dzīvoja diezgan atrauti politikas divas dažādas lietas visi zināja partijas doktrīnu oficiāli māja galvu praksē darīja savu tagad citas izejas mums pilnīga sistēmu situāciju radīja sistēma tauta rodas jautājumi vērsieties 100 gudrajām galvām viņiem atbildes jautājums publiskotas gaisma vairs kalniem aust kopā mēs varam dr e mednis agenskalnaklinika gribusportot kopamesvaram dzivebezbailem izglabdraugu sargibernus
476,18.01.2022 12:32:28,Āgenskalna klīnika,,,mums latvijā tagad šādi runā politbirojs lēmis momentā cenšas visi slinkums saskaņoti dragiļevas kundze defakto tagad žukovas kunde privātpersona brīvajā laikā redaktore žurnāliste vērsusies veselības inspekcijā latvijas ārstu biedrības ētikas komisijā lūgumu man anulēt sertifikātu liegt iespēju praktizēt ārstam interesanti slēpj savu darba piederību iespējams varētu apmaksāts medijs iesējams saņem konkrētas doktrīnas paušanu kļūdos interesanti žukovas kundze aizrāvusies sūdzēšanos pierakstīt pareizi mani stādīja priekšā minētajā konferencē raksta drukas kļūdām žurnālistiem latviešu valodas pareizrakstību šķiet taisi mēslus vismaz skaisti roku galam galvenais katliņš vārās izšķērdēts valsts resurss es vēlos paskaidrot minētajām kundzēm citām līdzīgi domājošām kundzēm kungiem dragiļevām žukovām citām iespējams ārstu dziļākajā izrakstīt zāles uzrakstījis priekšā vadlīnijās kādās rekomendācijās ārstu patstāvīgi domāt rūpēties saviem pacientiem mīlēt tos spēkiem izmantojot sev pieejamos resursus zināšanas palīdzēt sirgstošajiem atgūt veselību iespējās ātrāk viņiem vismaz mani mācīja iespējams žurnālistu profesija līdzīga jāspēj domāt patstāvīgi atražot saimnieks pasūtījis žurnālistiku mācījies domāju varētu aicinu darīt savu darbu rūpēties sev uzticēto lauciņu kopt labākās sirdsapziņas ārstam ārstēt savus pacientus žurnālistam rakstīt rakstus sabiedrībai atturēties mācīt citus pašam mazākās sajēgas respektīvi darīt labāko spējam pielikumā katrīnas žukovas kundzes iesniegums lāb ētikas komisijai kopā mēs varam dr e mednis agenskalnaklinika gribusportot kopamesvaram dzivebezbailem izglabdraugu sargibernus
478,18.01.2022 12:48:32,Āgenskalna klīnika,,,tikmēr polijā kopā mēs varam dr e mednis agenskalnaklinika gribusportot kopamesvaram dzivebezbailem izglabdraugu sargibernus
480,20.01.2022 11:43:23,Āgenskalna klīnika,,,šodien atkal man veselības inspekcijas vizīte interesanti jautājums juristiem sauc tautas valodā sauca kašķa meklēšanu staigās tikmēr kāmēr atradīs piesieties laimīgi izrakstīt sodu interesanti šīm vizītēm mērķis iebiedēt izrakstīt sodu izrakstiet pamācīt dzīvot pats zinu pakomunicēt cilvēkiem super biežāk apliecības kašķi parunāsim palīdzēšu varu jebkuram manis vēršas palīdzības interesants formālais iegansts šodien vietas pagodināt inspekciju savu klātbūtni pārbaudīt viedokļus cenzēt veselības inspekcijai ļauts izpildīt formālās prasības pakļauties histērisku dāmīšu spiedienam protams šķiet krimināllikumā ieviests pants valsts iestāžu atbildība krimināla likums dabā viens liekās spiediens izdarīts trāpīgāk laikam esmu runājis esmu sistēmai sistēmai piesedzas pierādījumiem balstītu medicīnu pašu pierādījumu pierādījumi pilnīgi pretēji sistēma mēģina mums iebarot interesants laiks tagad skrides kungs kompāniju saeimas sociālo lietu komisijā lemšot dezinformatoru sodīšanu ļoti interesanti szem likuma varētu pakļūt pamatā sistēmai draudzīgie ārsti veisa dumpis zavadska citi statistika patiesā zinātne pierāda šobrīd plāndēmiju gēnu injekcijām plašs kriminālnoziegums atbildība prasīta cilvēks apzināti piedalījies genocīdā tautu profesori zavadsku pieķērām melos farmācijas kompānijas vakcīnām teica prasīta minēto kompāniju peļņa iet debesīs piemēru daudz pacelsies patiesība beigās uzvarēs kopā mēs varam dr e mednis agenskalnaklinika gribusportot kopamesvaram dzivebezbailem izglabdraugu sargibernus
481,24.01.2022 21:44:05,Āgenskalna klīnika,,,aicinājums pievienoties kolektīvajai vēstulei vakcinācijas problemātiku vēstule rīt plkst 1000 trešdien sociālo lietu komisijā skatīts jautājums pretstraumes ārstu sodīšanu viedokļu paušanu pretrunā varas ieviestajai vakcinācijas politikai kopā mēs varam dr e mednis agenskalnaklinika gribusportot kopamesvaram dzivebezbailem izglabdraugu sargibernus
482,24.01.2022 22:23:30,Āgenskalna klīnika,,,rīt man kārtējā saruna veselības inspekciju sajūta viņi vēlas manis pārvākties dzīvot sarunu jautājumu sarunas tēmu atbilde kovic interesanti es varētu viņiem tēmu pastāstīt īstenībā daudz daudz viņiem interesēs izskatās pasūtījuma pasūtījuma citādi traucēt darbu izdarīt spiedienu iespējams labvēlis atkal uzrakstījis man pamatotas bažas vizīte varētu saistīta politbiroja doktrīnai savu apbrīnu atbalstu ziniet varu atklāt kādu es politbirojam atbalstu apbrīnu es uzskatu šobrīd latvijā pasaulē cilvēci maksimāla cūcība genocīds tautu zinu rīcību pienākas tribunāls šobrīd pasaulē daudzas valstis ieslēdz atpakaļgaitu daudzi politiķi acīm redzot sajutuši deguma smaku atcelti dažādi ierobežojumi uk asv citur zviedrijā īsti īsti tāds ārkārtējs es vienmēr esmu ievērojis hipokrāta zvērestu man allaž svarīgākais manā darbā vienīgi mans pacients es šķirojis savu pacientus kādiem kritērijiem vienmēr centīšos labā izdarīt maksimālai daudz manos spēkos kopā mēs varam dr e mednis agenskalnaklinika gribusportot kopamesvaram dzivebezbailem izglabdraugu sargibernus
484,25.01.2022 08:14:38,Āgenskalna klīnika,,,tikmēr čehijā man viens jautājums jāsataisa ziepes jādzen izmisumā tauta lv režīms pirmajās rindās priekšu saimnieku dotajiem uzdevumiem jāuzlabo tautas stāvoklis jāatceļ pilnīgi likumi kaitē cilvēkiem tautai kopumā dara ļoti klusi dievs darīs galīgi vairs uzturēt ārprātu vietā rūpētos savu tautu saviem cilvēkiem es tiešām pilnīgs stulbums domāt klaja ļaunprātība alkatības gaisma tuvu pamazām atnāks mums kopā mēs varam dr e mednis agenskalnaklinika gribusportot kopamesvaram dzivebezbailem izglabdraugu sargibernus
488,26.01.2022 23:39:38,Āgenskalna klīnika,,,izcili jaunumi baltijā beidzot jaunas vēsmas medicīniskais fašisms zaudē igaunijā kodiņus vairs darīs latvijā mītošie pasaku tēli muzikanti filologi pūkainīši laidīsies fāterlandi riskēs palikt tiesās viņi aizmuks visdrīzāk saimnieki pametīs tautai saplosīšanai vēsturē visai bieži turēsim īkšķus medfašisms beidzas visai drīz ums tēli drīz stājas taisnas tiesas priekšā kopā mēs varam dr e mednis agenskalnaklinika gribusportot kopamesvaram dzivebezbailem izglabdraugu sargibernus
490,27.01.2022 16:04:47,Āgenskalna klīnika,,,vakar man saruna vienu jaunu cilvēku 12 dienu guļ mājās ļoti augstu temperatūru 39 grādiem spēki galā piecelties reibst kājās knapi slimo šobrīd populāro kaiti pozitīvs tests vainu pastiprinošs apstāklis saņēmis šobrīd moderno injekciju dāvida zvaigzne muguras mierīgi mājās palīdzību ģimenes ārsts dažādus medikamentus telefoniski mainīta ārstēšanas taktika radinieku lūgumu uzlikt vismaz sistēmu saņemts ģimenes ārsta atteikums jūs iedomājieties stilā cilvēks spēka gados 40 šobrīd valstī gadījumā gudrs gudrāks skrides kozlovskas šilovi dragiļevas pavļuti citi galu galā ārstniecības procesu uzraugs cienījamā veselības inspekcija rūp mūsu veselība ntās reizes manis skaldīt utis piekasīties visādām birokrātiskām lietām liegt izrakstīt ivermektīnu cilvēkiem reāli palīdz darīt savu darbu godprātīgi uzraudzīt pacients aprūpēts labākās sirdsapziņas pacients mīlēts lolots adekvāti ārstēts pacients izklausīts visi gudrie viedie veselības inspekcijas amatpersonai klātienes vizītes likās stāstīju jautāju atbildi vienaldzīgu šaudīgu skatienu piekasās jautājuma būtību vajadzīgs genocīds cilvēkiem ārstu puses pacienta likums paredz veselības inspekcijas puses viņi beigtos veselības ministrijas puses viņiem šķiet būtiskāk sadurt modernajām injekcijām izlietot apgūt uzraudzīt pakļautībā esošā veselības inspekcija darītu savu darbu godprātīgi ārstus apmeklētu pacientus kāda jēga aizsardzības pasākumiem respiratoriem aizsargtērpiem injekcijām kurām kārtas mēs parūpēties tiem vajadzīgs mēs darīt savu darbu godprātīgi cienījamie kolēģi atcerieties mēs visi absolvējot rmi lma rsu lu esam hipokrāta zvērestu jūs atcerieties rakstīts jūs atcerieties solījāt dieva priekšā kosmosa priekšā kolēģu priekšā izskatās pārlasiet ļoti vērtīgi padomājiet punktu jūs izpildiet jūs pārkāpiet attopieties cilvēki reāli iet bijā jūsu bezdarbības jūs dārgie kolēģi slepkavo cilvēkus sākumā injekcijām palīdzības jums izdosies izbēgt cilvēku tiesas jums izbēgt sava likteņa tiesas sauciet gribiet dieva kosmosa likteņa karmas mēs atbildēsim esam darījuši labu labu absolūti savu soli skarbi kanādā sācies tiesas process 2 mums agri vēlu kariņš pavļuts levits jūs atruna pildījāt kādus attopieties beidzot sāciet ārstēt sāciet reāli palīdzēt saviem pacientiem trīcēt savu iedomāto iluzoro labklājību izpildīt dažādas pavēles gaisma spožāka mūsu uzvara tuvu mums jāizglābj iespējas vairāk cilvēku viņi svinēt uzvaru kopā mums kopā mēs varam dr e mednis agenskalnaklinika gribusportot kopamesvaram dzivebezbailem izglabdraugu sargibernus
491,27.01.2022 18:22:21,Āgenskalna klīnika,,,tikmēr kanādā parlamenta mēs uzvarēsim genocīdu kopā mēs varam dr e mednis agenskalnaklinika gribusportot kopamesvaram dzivebezbailem izglabdraugu sargibernus
493,29.01.2022 10:38:52,Āgenskalna klīnika,,,kanādā izskatās ļoti viens iespējamajiem kariņlevitpavļutbandas skolotājiem trudo uzraugiem aizmucis paslēpies valdības bunkurā laiciņa draudējis tautai represijām visa afēra sāk smirdēt deguma pavisam drīz beigsies mums turam īkšķus kopā mēs varam dr e mednis agenskalnaklinika gribusportot kopamesvaram dzivebezbailem izglabdraugu sargibernus
494,29.01.2022 16:09:37,Āgenskalna klīnika,,,īsti komentēt labāk vērtējiet paši galvenajā lomā augsti godātais latvijas republikas saeimas deputāts ārsts kardiologs andris skride pērles kopā mēs varam dr e mednis agenskalnaklinika gribusportot kopamesvaram dzivebezbailem izglabdraugu sargibernus
496,30.01.2022 22:45:14,Āgenskalna klīnika,,,ļoti zīmīgs izglītojošs video profesors christian perrone runā gēnu injekcijām antivax ilgus gadus strādājis francijas valdībai pvo vakcīnu ekspertu vērts ieklausīties kariņlevitpavļut banfas locekļiem dalībniekiem profesorei zavadskai dragiļevām citām būtnēm iespējams pasaulē šobrīd spēj atgremot savu saimnieku kopā mēs varam dr e mednis agenskalnaklinika gribusportot kopamesvaram dzivebezbailem izglabdraugu sargibernus
498,01.02.2022 23:16:03,Āgenskalna klīnika,,,kaspars dimiters vienmēr ļoti tiešs godīgs beidzot jāceļas kājās jāsāk darīt kopā mēs varam dr e mednis agenskalnaklinika gribusportot kopamesvaram dzivebezbailem izglabdraugu sargibernus
499,02.02.2022 11:00:49,Āgenskalna klīnika,,,vēsture vienīgi mēs varam mācīties vislabāk darīt uzklausīt dzīvus palikušos vēstures lieciniekus grāmatās vēsture bieži pielabota vajadzības daudz savelkas šodienas izjūtām procesiem redzējumu tieši šķiet svarīgi mācīties vēstures kopā mēs varam dr e mednis agenskalnaklinika gribusportot kopamesvaram dzivebezbailem izglabdraugu sargibernus
502,02.02.2022 22:37:55,Āgenskalna klīnika,,,tiekamies pirmdien 7 februārī rīgā turpinām kanādiešu iesākto tagad savā zemē mēs uzvarēsim kopā mēs varam dr e mednis agenskalnaklinika gribusportot kopamesvaram dzivebezbailem izglabdraugu sargibernus
505,03.02.2022 18:16:25,Āgenskalna klīnika,,,frāze es ticu zinātnei uzticies zinātnei pēdējo divu laikā skandēta miljoniem reižu miljoniem mutēm dzirdēta ikdienā vienkāršiem cilvēkiem profesoriem jāsaka apnikusi īsti sakarīgu pateikt vienkārši uzticies jāšpricējas uzticies zinātnei jābaksta deguns uzticies zinātnei jādara dīvainas lietas uzticies zinātnei mītiskā meitene jāuzticas jautājums bieži paliek atbildes paralēli visos veidos mēģināts apkarot atšķirīgi viedokļu paudējus likums bīdīts cauri aizliegtu atšķirīgu viedokli uzticies zinātnei veselības inspekcija uzrīdīta piespiestu uzticēties zinātnei interesanti laiki vēsture vienmēr piemēri uzticies zinātnei arsenāla uzticēsimies kariņiem pavļutiem skridēm zavadskām gribētos domāsim paši pavisam drīz zinātni aizslaucīs vēstures mēslainē tāpat domāsim paši kopā mēs varam dr e mednis agenskalnaklinika gribusportot kopamesvaram dzivebezbailem izglabdraugu sargibernus
507,03.02.2022 18:40:37,Āgenskalna klīnika,,,kaspara dimitera veltījums brīvības konvojam 07022022 kopā mēs varam dr e mednis agenskalnaklinika gribusportot kopamesvaram dzivebezbailem izglabdraugu sargibernus
508,05.02.2022 08:38:31,Āgenskalna klīnika,,,genocīds iegājis savā galējā fāzē bērni smok maskās mūs cenu grib piespiest atņem darbu iztiku vajā tos politbiroja teiktajam uzskaitījumu turpināt ilgi sekojot kanādas piemēram braucam 7 februārī 12 režīmam pateikt stingru tiekamies kopā mēs varam dr e mednis agenskalnaklinika gribusportot kopamesvaram dzivebezbailem izglabdraugu sargibernus
510,05.02.2022 08:55:00,Āgenskalna klīnika,,,te viens iemesls braukt 702 ministru kabineta jautāt valdībai tiešu atbildi aleksejs rosļikovs komandu papētījuši statistiku parēķinājuši viņiem radies jautājums kopā mēs varam dr e mednis agenskalnaklinika gribusportot kopamesvaram dzivebezbailem izglabdraugu sargibernus
512,06.02.2022 19:14:16,Āgenskalna klīnika,,,interesantas ziņas pfizer vakcīnām pats faizers sāk atzīt ražotās saucamās vakcīnas izraisa citokīnu vētru sašpricētam cilvēkam kontaktā sars cov2 vīrusu interesanti šīm sazvērestības teorijām mūs sodīja soda joprojām spēkiem mēģina aizbāzt muti melus maldu ziņas interesantā laikā dzīvojam daudz lietu atklāsies melus tāpat īlenu maisā iznāks ārā meli atklāsies faktiski atklājas esam pieķēruši melos prof zavadsku saeimas deputātu kardiologu dr skridi jautājums vārdā viņi melo savas dumjības vientiesības apzināti visā drīzumā skaidros tiesa atsevišķi personīgi interesanta lasāmviela mēs varam dr e mednis agenskalnaklinika gribusportot kopamesvaram dzivebezbailem izglabdraugu sargibernus
513,06.02.2022 22:05:06,Āgenskalna klīnika,,,holandieši gatavojas rītdienai mēs uzvarēsim kopā mēs varam dr e mednis agenskalnaklinika gribusportot kopamesvaram dzivebezbailem izglabdraugu sargibernus
515,06.02.2022 22:19:27,Āgenskalna klīnika,,,skarbi tiešikopā mēs varam dr e mednis agenskalnaklinika gribusportot kopamesvaram dzivebezbailem izglabdraugu sargibernus
517,08.02.2022 11:47:38,Āgenskalna klīnika,,,īlens maisa sāk spraukties ārā latvijas vietējie varneši spiesti atzīt patreiz modernajām gēnu injekcijām cilvēki mirst viņiem atzīti sakropļoto pieaugušo jauniešu bērnu daudziem sabojāta visa atlikusī dzīve visvairāk protams žēl bērnus jauniešus jaunieši savā jaunības maksimālismā visa darīt gribēšanās bieži lielu ļaunumu viņiem injekcijas katrā ziņā dzīve rādīs turam acis ausis sirdis vaļā kopā mēs varam dr e mednis agenskalnaklinika gribusportot kopamesvaram dzivebezbailem izglabdraugu sargibernus
518,09.02.2022 11:42:10,Āgenskalna klīnika,,,paliek interesantāk dzīvot sāk gaismā mūs apsūdz diletantismā viltus ziņu izplatīšanā pierādījumiem balstītas zinātnes ignorēšanā jautājums pierādījumiem balstītā medicīna lasot vairāk šāda rakstura ziņas sāk lēnā izkristalizēties atbilde jautājumu tiešām esam tālu zinātnes fakta ierādījums mērāms banknotēs banknošu skaits apliecinājums zinātne ticēt saprot šāda veida informāciju augsta valsts amatpersona saņem maksājumu komersanta reklamē produkciju piedevām kopā citām valsts amatpersonām uzspiež produktu tautai iespējams juristiem likuma pants zināms traktēt iespējams šādām darbībām amatpersonu pienākas reāls cietumsods darīts mega lielā apmērā protams citus pārkāpumus laiks pienāks visai drīz mazie gariņi pamudina rīcību pametīs riteņiem tiešām deguma smaka spēcīgāka gaidām turpmākos patiešām interesanti kopā mēs varam dr e mednis agenskalnaklinika gribusportot kopamesvaram dzivebezbailem izglabdraugu sargibernus
521,13.02.2022 17:16:56,Āgenskalna klīnika,,,interesants pavērsiens gaitā tiešām ieslēdzās sen aizmirstā labi sajūta sauc sirdsapziņu jācer mūsējiem šķiet ziņa patiesa milzīgs pavērsiens veselā saprāta virzienā projām kovidafēras ceram labāko gaidām pozitīvas izmaiņas mūsu dievzemītē kopā mēs varam dr e mednis agenskalnaklinika gribusportot kopamesvaram dzivebezbailem izglabdraugu sargibernus
523,13.02.2022 17:19:20,Āgenskalna klīnika,,,jums gadījumā kādreiz iznāk ogrē garām mājai uztaurējiet vienkārši roku pamājiet piezvaniet vārtiņiem jūs laipni ielūgs tēju dalieties kopā mēs varam dr e mednis agenskalnaklinika gribusportot kopamesvaram dzivebezbailem izglabdraugu sargibernus
525,14.02.2022 19:15:34,Āgenskalna klīnika,,,manās rokās interesanta īsflma uzfilmējis kurp mēs dodamies pareizāk sakot kurp mūs ved ķīnā ieviests gribam mums interesantākais vājais posms jaunieši piedzīvojuši psrs laikus mazākās mazākās vēlēšanās saprast dzīve rit jāsaprot pašu mēs varam dr e mednis agenskalnaklinika gribusportot kopamesvaram dzivebezbailem izglabdraugu sargibernus
526,15.02.2022 19:45:30,Āgenskalna klīnika,,,atļaušos pārkāpt veselības inspekcijas aizliegumu runāt ivermektīnu es ārsts slēpt informāciju palīdzēt daudziem izveseļoties japāņu ārsts runā ivermektīna efektivitāti tuvu 100 es savas prakses varu apstiprināt patiešām strādā kopā mēs varam dr e mednis agenskalnaklinika gribusportot kopamesvaram dzivebezbailem izglabdraugu sargibernus
528,15.02.2022 22:28:46,Āgenskalna klīnika,,,te atkāpe vēsturē gada 22 janvārī manis viesojās veselības inspekcijas amatpersonas vizītes rezultātā tapa kontroles akts man uzdots pārtraukt rekomendēt ivermektīna lietošanu pacientiem covid 19 ārstēšanā tāds jocīgs uzdevums ņemot vērā ārsts savā izvēlē brīvs vadās savas pieredzes citu kolēģu pieredzes tiktāl skaidrs juridiskās latvijas veselības ministrs pavļuta kungs klajā brīnišķīgu teikumu ārstam tiesības pienākums izvēlēties situācija atbilstošu ārstēšanas taktiku ārsta profesionālās brīvības klauzula saprast gandrīz 1905 gadā sanāk cara tētiņš ļoti labs apakšnieki putru savārīja pavļuta kunga divkosība vienā vārdā ārsts brīvs izmantojot pieejamo administratīvo arsenālu panākt brīvi domājoši runājoši ārsti tiktu maksimāli ierobežoti savā izvēlē darbībā pavļuta kungs diskusijās iekomentēt redz interesanti uzzināt viedokli teikt pirmajām rokām kopā mēs varam dr e mednis agenskalnaklinika gribusportot kopamesvaram dzivebezbailem izglabdraugu sargibernus
531,16.02.2022 13:11:45,Āgenskalna klīnika,,,cilvēku priekšā vienkārši gribas cepuri dziļā cienā paklanīties cilvēciska izvēle brīvība pāri totāla sistēmas ignorance tituli pasaulīgi labumi zaudējam aizejot injekciju iniciāciju sātaniskā kultā sektā otrādi šādi turot savu stāju mēs iegūstam brīvību gara dvēseles brīvību sekojam savai sirdsbalsij atmetam bailes mums labi kopā mēs varam dr e mednis agenskalnaklinika gribusportot kopamesvaram dzivebezbailem izglabdraugu sargibernus
533,17.02.2022 18:59:24,Āgenskalna klīnika,,,prieks pasaulē daudz drosmīgu pašaizliedzīgu cilvēku viens smagās mašīnas īpašnieks šoferis kanādā gatavs zaudēt savu mašīnu brīvības vārdā brīvība daudz daudz būtiskāka saka gatavs zaudēt atgūtu brīvību gatavs atgūtu brīvību jautājums jāuzdod pašam sev drosmīgam dzirdētu atbildi kopā mēs varam dr e mednis agenskalnaklinika gribusportot kopamesvaram dzivebezbailem izglabdraugu sargibernus
535,20.02.2022 12:14:23,Āgenskalna klīnika,,,pieklājīgāk formulē attieksmi valsts pārvaldes iestādi funkcijās ietilpst veselības uzraudzība kontrole mērķi drošu veselīgu dzīves vidi valsts mērogā īpaši šādas iestādes pārstāves mani gadā savu klātbūtni aplaimojušas ntās reizes četras vismaz man gods sastapties savas prakses telpās aci aci jāatzīst sieviešu uzmanība mēdz patīkama savas robežas stāsts iestādi pilntiesīgi apzīmējumu vajāšanas inspekcija pāris dienām saņēmu sesto 6 dokumentu otro reizi man piešķirts tituls administratīvās atbildības saucamā persona protams varētu piemērot lielāku administratīvo sodu atbildības sauc ārstu juridisku personu sia savs darbs drošas veselīgas dzīves vides vārdā pacensties sāk izskatīties centība rada krietnu pārcentību krimināllikumā paredzēts sods vajāšanu ierēdņu vēlme mani varītēm apklusināt iebiedēt sodīt sākotnēji lika pasmaidīt ņemot vērā darbību ilgumu intensitāti sistemātiskumu sāk apnikt darbībās ietilpst saziņa augstprātīga bravūra subjektīvu pieņēmumu paušana kontroles aktos lēmumos viltus pacientu pieteikšana telefoniski izskatās esmu lielākais valsts drošības apdraudējums manis resursu apjoms laikā pilnīgi adekvāts labi veselības aprūpes sistēma valstī pilnīgā kārtībā pieejama diskriminācijas ierobežojumiem labi pati inspekcija ārstniecības personām skaidri izskaidrojusi pildīt savus pienākumus likumu zināms mk rīkojumi zemāku juridisko spēku likumi likumus izgrozīt vienkārši ierēdnēm tiksimies ticu viņi intereses iegribas īstenotas minēto amatpersonu rociņām labi pārzina savas kompetences pilnvaras krimināllikumā daudz pantu piemēram 317 pants dienesta pilnvaru pārsniegšana valsts amatpersonas izdarītām tīšām darbībām acīmredzami pārsniedz valsts amatpersonai likumu uzliktu uzdevumu piešķirto tiesību pilnvaru robežas darbības radījušas būtisku kaitējumu turpinājums sekos kopā mēs varam dr e mednis agenskalnaklinika gribusportot kopamesvaram dzivebezbailem izglabdraugu sargibernus
536,20.02.2022 13:51:45,Āgenskalna klīnika,,,kanādā vara cenšas saglābt savu ādu vardarbību mierīgiem protestētājiem protestētajiem savu līdzpilsoņu brīvību brīvību brīvi runāt paust savu viedokli strādāt izdarīt izvēli piesārņot savu organismu izskatās liekāks izmisums vardarbība varas puses vairāk cilvēki apvienojas tautības ādas krāsas reliģiskās piederības pats mums latvieši krievi savā starpā kāvušies citādi cīnījušies vienmēr bijušas divas kopienas tagad pateicoties režīma pūliņiem vairāk sašķelt cilvēki apvienojas latvieši krieviem jauna anekdote krievi smejas stāsta latvieši krievi super beidzot laiks mainījies cilvēkiem vērtības mērķi pavisam citi gaisma aust mūsu uzvara tuvu labais vienmēr uzvar kopā mēs varam dr e mednis agenskalnaklinika gribusportot kopamesvaram dzivebezbailem izglabdraugu sargibernus
538,24.02.2022 08:11:16,Āgenskalna klīnika,,,kanāda izskatās brīvības cīņu poligons šobrīd informācija patiesa interesanti laiki mums stāv priekšā izskatās mūsu zemes tārpiņi tribunāla visai drīz cilvēku vajāšanām karantīnām lokdauniem maskām kodiem pārējām darbībām es domāju viņi saprot daudz vajadzētu daudzumu jāatmaksā aizdevējam pārlikt izveicīgo seftmaņu personīgajiem pleciem mms tautai sakara mums jāapmaksā savu spīdzināšanas rīku iegāde sekojam līdzi informācijai daudz ļoti interesantu tuvākajā laikā mēs varam dr e mednis agenskalnaklinika gribusportot kopamesvaram dzivebezbailem izglabdraugu sargibernus
539,25.02.2022 09:25:19,Āgenskalna klīnika,,,laiki tagad mums vissvarīgākais šobrīd saglabāt mieru vēsu prātu vaļā bailēm sevī vajadzīgs vecajiem krabjiem vēlas saglabāt veco pasaules kārtību iedzīt mūs dziļāk verdzībā tumsā mūsu zemās vibrācijas zemās vibrācijas bailes dusmas iesaistīšanās dažādu konfliktu procesu aktīvā vērošanā vibrācijas dažādu mediju sociālo tīklu grupu puses manuprāt šobrīd vairāk jebkad pievērsties garīgām lietām garīgām praksēm tādām paaugstina vibrācijas atrauj turbulencēm tādām atjauno stiprina saikni savu patieso es saikni kosmosu saikni radītāju darām vairojam gaismu sevī pasaulē kopā mēs varam dr e mednis agenskalnaklinika gribusportot kopamesvaram dzivebezbailem izglabdraugu sargibernus
540,25.02.2022 11:52:24,Āgenskalna klīnika,,,paaugstināt vibrācijas palīdzēt citiem palīdzēt izbeigt cīņu viens veidiem meditācija zināms galvenā cīņa kaujas laukos galvenā cīņa risinās pavisam citā plānā garīgajā katrā mums piedāvāju apvienoties kopīgā meditācijā viens ceļiem vērtīgs kopā mēs varam dr e mednis agenskalnaklinika gribusportot kopamesvaram dzivebezbailem izglabdraugu sargibernus
543,28.02.2022 00:23:06,Āgenskalna klīnika,,,kāmēr mēs te esam iekrituši krievijas ukrainas batālijās brīvības konvojs dzīvo savu dzīvi šoreiz asv mums šķiet būtiskāk līdzi just kādai pusēm kariņā spēles cīnīties savu brīvību zināms mēs esam pārāk mazi izšķirtos mūsu zemē izšķirsies amerikas kontinentā vēlāk eiropā slavenais ārsts zeļenko ziedo amerikas brīvības konvojam cieņu sekojam līdzi pozitīvām ziņām mēs uzvarēsim kopā mēs varam dr e mednis agenskalnaklinika gribusportot kopamesvaram dzivebezbailem izglabdraugu sargibernus
546,03.03.2022 00:16:08,Āgenskalna klīnika,,,interesants dokuments atspoguļotas pfizer injekcijas blaknes diezgan šausminoši skaitļi oficiāli pierādītie dati pierādījis interesanti dzirdēt dr veisas komentāru pārtraukto grūtniecību sakarā joprojām apgalvos injekcijas pavisam drošas grūtniecēm iespaidu grūtniecību vienmēr esmu domājis paliek ārsta ētika paliek hipokrāta zvērests paliek loģiskā domāšana paliek elementāra cilvēcība tiešām kvalitātes dūmi izkūp izzūd ārstam vajadzētu apveltītam empātiju maksimālu cilvēcību iejūtību savu pacientu līdzcilvēkiem ārstam iestāsies savu pacientu kaitējumu veselībai pats pacels roku savu pacientu izrādās laiki mainās kvalitātes šobrīd cieņā klausoties savus kolēģus brīžiem pārņem šausmas izmisums tiešām tiešām viņi runā domā runā cerams vairs ilgi palicis mainīsies savās vietās ārsts sava pacienta aizstāvis dažiem kolēģiem varētu grūti saskatīt sauli biezajiem mūriem laiks rādīs mēs varam dr e mednis agenskalnaklinika gribusportot kopamesvaram dzivebezbailem izglabdraugu sargibernus
547,03.03.2022 20:30:06,Āgenskalna klīnika,,,floridas gubernatora ieteikums dienvidfloridas universitātes studentiem masku valkāt masku smieklīgi mūsējiem simts gudrajiem beidzot apskaidrība izbeigt ākstīšanos lupatiņām pilnīgi bezjēdzīgas veselības uzlabošanas aizsardzības viedokļa stulbumam beidzot jāpieliek trekns punkts kopā mēs varam dr e mednis agenskalnaklinika gribusportot kopamesvaram dzivebezbailem izglabdraugu sargibernus
549,05.03.2022 12:26:37,Āgenskalna klīnika,,,konkrēts stāts dzīves konkrētu cilvēku daudz izdara savu apzinātu izvēli režīmam iespēja cilvēkus pasargāt liktenīgās izvēles tāpat mums režīms dara pilnīgi pretējo pamudina cilvēkus iet jāatbild visai drīz kopā mēs varam dr e mednis agenskalnaklinika gribusportot kopamesvaram dzivebezbailem izglabdraugu sargibernus
551,07.03.2022 20:17:17,Āgenskalna klīnika,,,pasaulē jauns izdomāts produkts jābīda tirgū vislabākais lubrikants darbībām vairāk lubrikanta lielāks jautājums vajadzīgs produkts labs sabiedrībai veselībai izskatās laiku mēs daudz āža kājas ieraudzīsim visai kovid afērai kopā mēs varam dr e mednis agenskalnaklinika gribusportot kopamesvaram dzivebezbailem izglabdraugu sargibernus
553,08.03.2022 12:57:57,Āgenskalna klīnika,,,laiki mainās mums jāmainās tiem līdzi jaunās demokrātijas sekojošas drīkst runāt izņemot kovidu injekciju blaknēm uzmanīgi ukrainā tabu tēma domā savādāk panorāma delfi zināms vakar iespējams valsts drošības dienests aizturēja aivi vasiļevski atļāvās paust atšķirīgu viedokli mums stāsta galvenās plūsmas mediji mums divus gadus atklāti rupji meloja tagad izrādās mums tiem jātic stāsta patiesību es pusē krievus ukraiņus uzskatu karš pats sevi abu pušu ticis pieļauts acīm redzot pietiekoša diplomātiskā jauda vēlēšanās skarbi uzskatu jebkuru konfliktu iespējams patiesa vēlme darīt patiesi žēl vienkāršās tautas krievus ukraiņus ebrejus citus dzīvo zemē viņi vainīgi viņi cieš kāmēr citi varošāki kārto savas intereses brutāla spēka palīdzību stāsts stāsts joprojām demokrātiju demokrātiskā valstī iekārtā mēs dzīvojam aivja aizturēšana jāsaprot mājiens mums pārējiem turiet mutes problēmas godājamais pavļuta kungs teicis viedus vārdus hāga tribunāls gaida varmākas interesanti domājis abstrahējoties karstajiem brīdis laiks paliek ļoti ātrs mūsu katra realitāte ļoti personiska mums jāsāk uzņemties atbildība savu dzīvi beidzot jāsāk saprast mūsu katra realitāte esam veidojuši panākuši cits atbildīgs turpmākās 40 dienas aprīļa beigām būšot mūsu katra garīgās ceļš sastapšanās sevi mēs ieraudzīt izkristalizēt esam gadā sastrādājuši dažam pārbaudījumi stiprinās dažam elle pats savā prātā radījis citam vienkārši izaugsmes laiks skaisti baudām laiku turamies savā centrā kultivējam sevī sevi gaismu skaidrību domās darbos mums izdosies drūmi šobrīd šķiet izskatās mēs uzvarēsim atsevišķi visi kopā kopā mēs varam dr e mednis agenskalnaklinika gribusportot kopamesvaram dzivebezbailem izglabdraugu sargibernus
554,09.03.2022 00:07:34,Āgenskalna klīnika,,,interesanta intervija dr kārenu hamakeri zondagu karen hamaker zondag astroloģi psiholoģi zinātnieci runa vēsturi šīm ekstrēmajām pārvērtībām patreiz priekšnoteikumi darbojošies personāži darbības motīvi astroloģiskā darbību puse tuvāko plāns izdoties mēs varam dr e mednis agenskalnaklinika gribusportot kopamesvaram dzivebezbailem izglabdraugu sargibernus
556,09.03.2022 10:09:38,Āgenskalna klīnika,,,paldies mūsu lasītājam dmitrijam atrada kārenas hamakeres zondagas video citā avotā ielika klīnikas diskusijās pārlieku galvenajā kanālā iespējas vairāk cilvēku iespēja paldieskopā mēs varam dr e mednis agenskalnaklinika gribusportot kopamesvaram dzivebezbailem izglabdraugu sargibernus
559,09.03.2022 18:16:18,Āgenskalna klīnika,,,komentāriem kopā mēs varam dr e mednis agenskalnaklinika gribusportot kopamesvaram dzivebezbailem izglabdraugu sargibernus
561,10.03.2022 14:41:41,Āgenskalna klīnika,,,aivi vasiļevski brīvās latvijas pirmais potiieslodzītais režīms cenšas iebiedēt citādi domājošos citādi runājis garīgās biedrības telpās traktēta publiska uzstāšanās šobrīd ukrainā ciestu ukrainas tauta mēs šobrīd runāt kara mēs vainīgs civiliedzīvotāju bojāejā tiesa darbībām piemērot terminu kara jebkurš jāpierāda aizdomas aizdomām tiesāt apcietināt saprotiet mani pareizi es pusēm atbalstītājs es esmu kategorijā zatlera kungs atļāvās kara atbalstītājiem esmu mieru karu es uzskatu jebkurš miers labāks jebkuru karu konfliktā šobrīd vairāk jautājumu atbilžu klāt pievienotajā video minēja jānis pļaviņš varas rīcība faktiski mēģinājums veidot kādu paraugprāvu vismaz iebiedēšanas kampaņu iebiedē veselības inspekcijas regulārām vizītēm dažnedažādu dokumentu administratīvo lietu plūdiem citu mēģina iebiedēt apcietinājumu savs pavērsties ļoti interesanti teātra izrādes pasūtītājiem medijiem pants aivim vasiļevskim inkriminē publisku kara attaisnošanu minēti ret cilvēci padomājam tālāk laiki mainās pants derēs kariņpavļutlevita trīsvienībai tāpat mūsu zemē plaši pazīstamo galvenās plūsmas mediju darboņiem interesantā laikā dzīvojam reizi varu teikt interesi vēroju attīstību šobrīd mums iespēja palīdzēt aivim vasiļevskim palīdzam kopā mēs varam dr e mednis agenskalnaklinika gribusportot kopamesvaram dzivebezbailem izglabdraugu sargibernus
564,10.03.2022 22:36:01,Āgenskalna klīnika,,,sākumā domāju rakstīt diskusijās labāk stress cits grib diskutēt cits lamā antivakserus cits kliedz mītiņā ukrainu savam galā attaisnojuma karam tādam briesmīgi mērķis panākts cilvēki sāka apvienoties vaksētos tīros karš ukrainā krīze mums degvielas cenas iet kosmosā šoks sabiedrība momentā sašķēlās atkal mērķis sasniegts mēs sašķeltāki mūs vieglāk vadīt mēs vairāk baidīsimies mūs vieglāk vadīt mēs mēģinām abstrahēties šausmām mēs reāli varam darīt tīri praktiski uzņemt bēgļus palīdzēt dažādos veidos konkrētiem cilvēkiem mēs trīcam šausmām bailēm mēs vienā otrā pusē mēs šķeļamies kaitē mums pašiem protams enerģētiskā puse mūsu uzmanība mūsu enerģija iepriekšējiem kariem zināms organizētāji abās pusēs sadarbojas vada abas puses karu pieņemam analoģijas iesaistoties emocionāli aizstāvot kādu pusēm mēs savu enerģiju barojam kara aizsācējus organizētājus lamājot kādu mēs atdodam savu enerģiju dodam degvielu karam es atbalstīt karu es uzskatu vienīgais karu izbeigt savu enerģiju ievērot pilnīgu fizisku emocionālu politisku mēs varam izmainīt kara gaitu palīdzēt izbeigt politisku mēs varam pasargāt savu zemi svešiem tankiem raķetēm ziniet enerģijas likumu baidies pievelc vajag mums enerģētiku atcēlis kara miera laikā strādā mums strādā laikā daudzkārt ātrāk precīzāk jaudīgāk agrāk politiski mēs varam vicināties saukļiem rupjiem plakātiem retoriku mums veseli 8 karavīri smieklīgi labāk pastāvēt klusu padomāt briesmas pašu zemei lidmašīnas gadījumā tiem domā pirmkārt gļēvulība bailes man bail man šķiet mums gudri pašiem jāpadomā sarežģīto situāciju galā pragmatiski rozā brillēm ilūzijām mūs glābs jāizdara pašiem darām šodien vismaz bailes vairojam saticību mīlestību vairojam ticību labajam koncentrējamies ļauno uzmanība enerģija labais tāpat uzvarēs atkarīgs mums pašiem katra personīgi mums ieguldīs savu vērtīgāko pienesumu enerģiju karā mierā pretstatos saticībā mīlestībā es izvēlos mieru saticību mīlestību kopā mēs varam dr e mednis agenskalnaklinika gribusportot kopamesvaram dzivebezbailem izglabdraugu sargibernus
565,11.03.2022 10:19:58,Āgenskalna klīnika,,,interesants viedoklis video kvalitāte pašvaka audio labs informācija pārdomām kopā mēs varam dr e mednis agenskalnaklinika kopamesvaram dzivebezbailem izglabdraugu sargibernus
567,15.03.2022 12:44:16,Āgenskalna klīnika,,,veselības inspekcija lasi vajāšanas inspekcija man aizliegusi rekomendēt ivermektīnu pacientiem atļaušos runāt ivermektīns ļoti iedarbīgas zāles covid 19 ārstēšanā jebkuras zālēm absolūtas efektīvas labi panesamas jautājums mūsu oficiozi ļoti pretojas vienkāršajam iedarbīgajam medikamentam tiešām tautas depopulācija pavļuta kungs varētu līdzīgs dr mengelem mūsu lokālā izpildījumā tiesa vērtē kopā mēs varam dr e mednis agenskalnaklinika kopamesvaram dzivebezbailem izglabdraugu sargibernus
569,16.03.2022 22:49:01,Āgenskalna klīnika,,,izrādās latvijas ārstu biedrība viena organizācijām atbalsta piedalās veicina sabiedrības šķelšanu segregāciju minētā biedrība gada 26 martā rīko konferenci mūsdienīgas metodes tuberkulozes citu plaušu slimību ārstēšanā visnotaļ interesanta tēma ārstam sevišķi šajos laikos pateicoties sponsoru atbalstam konference klātienē maksas brīnišķīga iespēja ierakstā viena būtiska klātienē qr kodiem maksas turpretim ierakstā 40 eur dalības maksu paliela lāb mērogiem jautājums epastā uzdevu pašai latvijas ārstu biedrībai gaidīšu ticamu skaidrojumu tādām sen devalvētām smieklīgām kļuvušām lietām epidemioloģiskā drošība citām līdzīgām šobrīd tic retais paturu tiesības lāb atbildi informēt sabiedrību saite konferenci mēs varam dr e mednis agenskalnaklinika kopamesvaram dzivebezbailem izglabdraugu sargibernus
570,20.03.2022 23:14:14,Āgenskalna klīnika,,,ļoti interesanta filma atgādina savulaik redzēto tarkovska stalkers vērts ļoti daudz atziņu domu graudu stāts pasaulē balstās atkarīgs izrietošs piezīme tiem meklē kašķi klauvē pienākas politikas vismaz manā māksla mēs varam dr e mednis agenskalnaklinika kopamesvaram dzivebezbailem izglabdraugu sargibernus
571,21.03.2022 10:46:11,Āgenskalna klīnika,,,eksperimentālo injekciju blaknes aivja vasiļevska pēdējā intervija apcietināšanas kopā mēs varam dr e mednis agenskalnaklinika kopamesvaram dzivebezbailem izglabdraugu sargibernus
573,21.03.2022 23:47:09,Āgenskalna klīnika,,,paredzams latvijas ārstu biedrība rīkojot konferenci klātienē bezmaksas ierakstu ļaujot 40 eur dalības maksu attaisno tehniskās uzturēšanas izmaksām jauna grozi gribi segregācija sanāk klātienē sanāksmju telpa velti uzturēšanas izmaksas tāpat tualetes ūdens ventilācija projektors elektrības izmaksas personāla darba apmaksa velti protams attālināti piedāvājot pašu materiālu rodas izmaksas jocīga te labais visā situācijā vienam izkristalizējas segregācijas genocīda veicēji cilvēki palēnām parāda savu patieso seju tāpat organizācijas esmu pateicīgas iespēju ieraudzīt tepat zemāk pievienoju lāb atbildes vēstuli labdien mana kolēģe sekretariātā saņēmusi jūsu vēstuli lūdza juma atbildēt latvijas ārstu biedrība atbalstījusi ieviesusi segregāciju organizējot konferenci divos atšķirīgos formātos klātienē attālināti dalības maksu ņemtas vērā iespējas rīkot klātienes pasākumu tehniskās izmaksas kvalitatīva konferences ieraksta sagatavošanai uzturēšanai trīs garumā jānorāda konferences dalībnieku vidū atšķirīgi viedokļi kāda dalības forma uzskatāma vērtīgāku pretēji jūsu paustajam viedoklim vērtīgāka klātienes dalība dalībnieki iespēju konferences ierakstu vērtē augstāk dalību klātienē latvijas ārstu biedrība augsti vērtē abus viedokļus cieņuantra planekopā mēs varam dr e mednis agenskalnaklinika kopamesvaram dzivebezbailem izglabdraugu sargibernus
575,26.03.2022 23:01:59,Āgenskalna klīnika,,,interesants pētījums atsaucēm pierādījumiem globāli izvērstajiem plaši lietotajiem pcr testiem tautā sauktiem puļķējamajiem testiem izrādās masu genocīda ierocis ļoti iespējams medicīniski testa grūti pamatot mums iesaka distancēties viens otram tuvāk 2 metriem vīruss jāmeklē deguna dziļumā vīruss lido iešņaucam trauciņā pabraucam priekšu puļķi materiāls rokā jābāž dziļi esiet dzirdējuši loģisku pamatojumu procedūrai es klausījies zina pats vecais labais ivermektīns izrādās izjauc labi ieplānoto darpa hydrogela rūpīgi veidotos režģus iet loģiski kopā šobrīd kara apstākļi informatīvais karš levita kungam labpatikās hibrīdkarš ticēt puses informācijai kripatiņai tāpat puzlis kopā saliekas mēs varam dr e mednis agenskalnaklinika kopamesvaram dzivebezbailem izglabdraugu sargibernus
576,31.03.2022 19:01:26,Āgenskalna klīnika,,,ļoti interesanta lielbritānijas statistika mums līdzīgi pagaidām mums mālē acis terminu jaukšanu pilnībā saņēmuši devai 14 dienai otrā prieciņa liela daļa saslimstības iekrīt sadaļā korekti papīrs pacieš domājam darām liegt izklaides injekciju veidā piedomājam savu darbību sekām sevišķi bērniem saviem svešiem viņi bieži dara sevišķi skolotāju skolu vienaudžu spiediens kopā mēs varam dr e mednis agenskalnaklinika kopamesvaram dzivebezbailem izglabdraugu sargibernus
579,04.04.2022 00:11:24,Āgenskalna klīnika,,,uzrakstīt mani pamudināja divas ziņas viena latvijā paliek pāri 2 miljoni saukto vakcīnu lasi injekciju desmitu miljonu eiro vērtībā visdrīzākais utilizētas kādu pamestu pasaules aizsūtīt humāno palīdzību otrā jaunas meitenes stāsts darbību zemessardzē gatavību iet ieroci rokā aizstāvēt latviju skumji pirmkārt skumji saujiņa veiklu darboņu rīkojas izšķērdīgi mūsu kopīgo sauc valsts budžetu aizmirsuši banku saukli aizņemies atbildīgi apsver atmaksāt viņiem jāatmaksā darīsim mēs mūsu bērni mazbērni vismaz 3 paaudzes maksās darboņu veiktajām manipulācijām mani interesē mūsu valstī pastāv personīga atbildība izšķērdību lielā apmērā manuprāt parakstīja 47 miljonu indes devu iepirkumu personīgajiem līdzekļiem jāatmaksā valsts budžetā sākotnēji skaidrs daudzums latvijas teritorijā mītošajiem iedzīvotājiem krietni daudz skumji jauno meiteni tieši gatava aizstāvēt vārdā gatava cilvēku iespējams vairākus daudzus es esmu vardarbību jebkurā izpausmē skaitā karu karš karš manuprāt varas vīru valstu vadītāju vienoties saviem darījumiem iespējams ambīcijas lielāku varu kāda man vienkāršam cilvēkam daļa kariņa pavļuta baidena putina jebkura cita valsts vadītāja ambīcijām politiskām biznesa ģeopolitiskām jebkurām citām interesēm man jāņem ierocis rokā jāšauj cilvēkiem jāatņem dzīvība viņiem savas lietas kārtojamas jaunībā iziet klajā laukā aci aci kārtojams ciems jāaicina palīgāmums runā iespējamu mobilizāciju es patiešām gribētu dzirdēt personīgi 100 saeimā sēdošajiem ministri kabinetā esošajiem izdarījis jebkura veida agresiju latvijas valsti personīgi bordāns pavļuts kariņš levits gobzems utt kungiem paveicis draudus viņiem mobilizācijas gatavi darīt glābtu valsti agresiju vardarbību mītošajām tautām cilvēkiem aviobiļetes iegāde asv kādu citu attālu valsti es karu agresiju es tiešām jūtu līdzi ukrainas tautai ciešanām jāpiedzīvo es gatavs šaut vienu cilvēku tāpat es esmu gatavs ārsts palīdzēt jebkuram cietušajam rases politiskās etniskās reliģiskās citas piederības mums jāsaprot latvija teritorija visos laikos maiņas monēta gājusi rokas rokā mēs esam bijuši zviedriem krieviem vāciešiem mūsos rit tāds asiņu kokteilis kāda cita tauta mums sacensties mūsos sēts citām tautām citiem cilvēkiem atbilde iespējams viena mūs vieglāk vadīt valdīt pavisam es rakstīju priecājos beidzot latvijā apvienojas latvieši krieviem vairs domstarpības še sanaidoja atkal pusē es esmu tautas pusē valdoņu pusē jaunā meitene gatava cilvēku kādu darboņu interešu viņi varētu atkal turpināt izšķērdēt mūsu es dumpi es valsts varas maiņu manuprāt latvijai vislabākais pastāvēšanas veids valsts sadarbībā citām līdzīgi domājošām valstīm es valsts budžeta mūsu kopīgās ļaunprātīgu tiesa izmantošanu
580,04.04.2022 00:11:25,Āgenskalna klīnika,,,aicinu ikvienu cienīt mīlēt savus līdzcilvēkus pasaules malā mīt mīlestība līdzcietība sev tuvāko palīdzēt mums jaudīgajā pārmaiņu laikā mēs pats sevi veidojam savu pats savām rokām domām rīcību domām domas zināms materiālas sevišķi šobrīd sanaidoties kopā mēs varam dr e mednis agenskalnaklinika kopamesvaram dzivebezbailem izglabdraugu sargibernus
584,15.04.2022 22:10:06,Āgenskalna klīnika,,,lancet viens visietekmīgākajiem medicīnas žurnāliem pasaulē gatavo rakstu sars cov2 vīruss izolēts visi pcr testi pārējais saistīts saucamo pandēmiju baltiem diegiem šūts meli gaismā vairāk meli mūžīgi lieli profesionāli vienkārši izbaudām laiku kāršu brūk skaisti baudām kopā mēs varam dr e mednis agenskalnaklinika kopamesvaram dzivebezbailem izglabdraugu sargibernus
587,19.04.2022 13:41:44,Āgenskalna klīnika,,,darīt esošo sistēmu pasaulē pandēmija karš kaimiņos mūsu ciešanas skatīt slimības simptomus slimības slimo mūsu zeme mūsu cilvēce mēs paši jautājums viens mēs vēlamies izveseļoties vau vēlamies mūsu zeme atkal uzplaukst mūsu sabiedrība uzplaukst beidzas varmācība es vēlos es apzinos šādi mēs dzīvojām pēdējos 100 gadus strupceļš mums es apzinos medicīna savā pašreizējā veidolā sevi pilnībā izsmēlusi medicīna šobrīd cilvēku ārstē simptomus bieži simptoms iepriekšējai slimībai izrakstīto zāļu blakne rakstītas jaunas zāles gala cilvēki lieto saujām tablešu veselāki redzēju pēdējos simts gados medicīnas budžets nkāršojies vienas slimības ārstēšanai vajadzīgas vairāk līdzekļu cilvēki veselāki vairāk patērē zāles loģika farmācijas industrijai veselības apdrošinātājiem valdībai citiem iesaistītajiem cilvēki veseli izrādījās mūsu daudz mēs useless eaters mani pārsteidza termins pēdējo divu pieredzes mēs šobrīd izdarām savu izvēli mēs savas takas gribot cilvēce sašķirota pareizāk sakot pati sašķirojas svarīgi mēs pats redzam savu vietu aktīvi mēs ieņemam rainers fulemihs savulaik teica mēs paliksim 10 20 pietiks mēs spētu pavērst labu būs mēs varam dr e mednis agenskalnaklinika kopamesvaram dzivebezbailem izglabdraugu sargibernus
588,19.04.2022 22:01:45,Āgenskalna klīnika,,,interesanta manuprāt apsverama jāņa pļaviņa vīzija latvijas brīvvalstī kādai politikai interesantākais apsveicamākais aicinājums diskusiju piedalāmies kopā mēs varam dr e mednis agenskalnaklinika kopamesvaram dzivebezbailem izglabdraugu sargibernus
594,04.05.2022 09:29:10,Āgenskalna klīnika,,,izcils aivja vasiļevska vēstījums savā veidā apsveikums šīsdienas svētkos īsti tiešām latvijai valstij jebkad īsta manuprāt šobrīd mums savā sirdī vienīgi mēs varam svinēt īstus svētkus datumos dienu tikmēr kāmēr jūtamies patiesi šīm varas starpvaru spēlītēm dualitātes ļaunie labi labs slikts zinām labuma ļaunuma faktiski viens visa mūsu pieredze personīga sava vēlu jums vairot savu savā sirdī stāvēt pāri mahinācijām manipulācijām mēs uzvarēsim kopā mēs varam dr e mednis agenskalnaklinika kopamesvaram dzivebezbailem izglabdraugu sargibernus
597,05.05.2022 12:32:37,Āgenskalna klīnika,,,mūsu valstī vārda brīvība sāc runāt meinstrīm atrodas te jautājums analfabētismu totālu zināt iespējams korupciju vārda brīvību vismaz pagaidām atcēlis cilvēks dalās savu dzīves stāstu dezinformācija mēs varam dr e mednis agenskalnaklinika kopamesvaram dzivebezbailem izglabdraugu sargibernus
598,05.05.2022 12:35:08,Āgenskalna klīnika,,,te rečekistam ronaldam siliņa kungam izglītojošs materiāls der ieklausīties citā viedoklī savas iespējams merkantilās intereses pastumt malā teikts diezgan šausminoši saka dzīvosim redzēsim kopā mēs varam dr e mednis agenskalnaklinika kopamesvaram dzivebezbailem izglabdraugu sargibernus
600,05.05.2022 12:37:30,Āgenskalna klīnika,,,te sveiciens rečeksitiem saprotu patroni asv vācijas pieredze masu informācijas līdzekļi īpaši sasitoši vācijā mediji sāk publicēt materiālus blaknēm modernajām indes devām uzspiestas cilvēkiem visā pasaulē protams brīvprātības principa mēs varam dr e mednis agenskalnaklinika kopamesvaram dzivebezbailem izglabdraugu sargibernus
601,05.05.2022 15:44:32,Āgenskalna klīnika,,,te papildus dati kurlajiem čekisti sadzirdēs būtiskas kaķa iesnas pasauli mainīt ieraudzīt acīm redzamu patiesību lietas būtību vienkārši domājam klausāmies redzam kopā mēs varam dr e mednis agenskalnaklinika kopamesvaram dzivebezbailem izglabdraugu sargibernus
603,05.05.2022 23:04:03,Āgenskalna klīnika,,,te viela pārdomām faizerīša efektivitāti blaknēm vērtīgi sevī ļaut sadurt sakara veselības uzlabošanu aizsardzību slimību iedzīvoties vairāk mazāk blaknēs čekistiem oficiāli dokumenti kopā mēs varam dr e mednis agenskalnaklinika kopamesvaram dzivebezbailem izglabdraugu sargibernus
605,05.05.2022 23:15:31,Āgenskalna klīnika,,,te redziet peļņa tirgojot savas indes 95 efektivitātes vietā 12 toties laba ripo laiciņa mums cienījamā profesore zavadska teica vakcīnu ražotāji vakcīnām čekisti kopā mēs varam dr e mednis agenskalnaklinika kopamesvaram dzivebezbailem izglabdraugu sargibernus
609,08.05.2022 11:54:13,Āgenskalna klīnika,,,mums kādreiz teica atsakās špricēties piedāvāto indi ļautiņi zemiem ienākumiem te pētījums tiešām zemāks izglītības līmenis procentuāli mazāk iet špricēties mazāk mirst skaisti rodas jautājums izglītoti cilvēki akli uzticas vadonim iet izglītības sistēmu iespējams kārtībā atgādina kāda laika dzirdēto kādu sektu šķiet zarīna gāzi vadoņa vadībā drošā aizgāja tūkstotis cilvēku skaitā sievietes bērni interesanti mūsdienu izdarības ticību zinātnei kādām mistiskām injekcijām cenzūru citām regālijām vairāk atgādina reliģisku kultu man jātic zinātnei īstā zinātne runā pilnīgi pretējo zinātnei izdomājuši pašmāju gudrīši viņi saņēmuši saviem vadoņiem stāsts izglītību fakti atbilst patiesībai faktiski mūsdienu izglītības sistēma visā pasaulē veido pakļāvīgu paklausīgu masu zina jādara vadonis teica mēs redzam šobrīd latvijas medicīnā vadlīnijas pāri domāt vadlīnijas protams patīkami izņēmumi izņēmumu daudzi bojā labas sliktas lietas visa pieredze reizēm skaudra sava mēs esam pieredzi guvuši tātad mums absolūti domājam savu bērnu izglītību rīkojamies atbilstoši savai pārliecībai vecā sistēma strauji brūk jaunā rodas katrā ziņā ļoti interesants laiks es tiešām priecājos esmu pateicīgs man iespēja piedzīvot pieredzēt savas ādas kopā mēs varam dr e mednis agenskalnaklinika kopamesvaram dzivebezbailem izglabdraugu sargibernus
611,09.05.2022 10:39:08,Āgenskalna klīnika,,,vienkārši gabaliņam saliekas kopā te atbilde cilvēks faktiski saņēmis savu indes devu veselības uzlabošanas kontrole cilvēkiem jāzina es savu veselību rūpējos es daru ļoti daudz veidu veselību parūpēties indes ievadīšana sevi labākais veids iniciācijas pieņemšana indes ievadīšanu reliģiskā kultā ticams avots kopā mēs varam dr e mednis agenskalnaklinika kopamesvaram dzivebezbailem izglabdraugu sargibernus
613,09.05.2022 20:51:48,Āgenskalna klīnika,,,prezidenta vēlēšanas bolīvijā atšķirīgs pārējā pasaulē mums godīgas vēlēšanas atkal dabūsim tos pašus vēžus citā kulītē bolīvijā mums pārķers vajadzīgo balsu mašīnu kopā mēs varam dr e mednis agenskalnaklinika kopamesvaram dzivebezbailem izglabdraugu sargibernus
615,11.05.2022 10:29:58,Āgenskalna klīnika,,,interesanti dati faktiski jauns gaidāms sākās masveida špricēšanās labi zinātniski pētījumi apstiprina sazvērestības teorijas izskatās kovidfanātiķu kāršu brūk kopā mēs varam dr e mednis agenskalnaklinika kopamesvaram dzivebezbailem izglabdraugu sargibernus
617,20.05.2022 11:02:03,Āgenskalna klīnika,,,skaistā jaunā pasaule te šri lankas modelis viņi iet cauri krīzei pašu radītai radītai ārvalstu diriģentu galvenais izpildīt rīkojumus līdzīgi mūs dievzemītē pilnīgi valsti tautu pašu āda vesela runas vīrusu bilonkuļa mutes saliekas plauktiņiem saujiņa pilnīgu psihopātu vēlas pārņemt savas totālas kontroles pasauli līdzīgi redzēts holivudas grāvējos viņiem parasti izdevies vienmēr atrodas supervaronis izglābj pasauli šobrīd mums iespēja savā jomā savu iespēju robežās darām darām mākslīgās pārtikas krīzes mākslīgu jaunu vīrusu izplatību jaunas supervakcīnas vairāk ļaunuma labuma vienā vārdā sauc diktatūra darām kopā mēs varam dr e mednis agenskalnaklinika kopamesvaram dzivebezbailem izglabdraugu sargibernus
620,30.05.2022 21:51:44,Āgenskalna klīnika,,,mērkaķbakas interesants scenārijs mums piedāvāts tauta smej moneypox te drukas kļūda izskatās kroņa vīrusu vairs divu laikā tauta pieradusi jēdziena vairs maskas dezinfekcija vairs modē toties mērkaķbakas jauns vismaz mums asv izrādās 2003 gadā mums jaunums vienmēr citiem paliek pāri mēs lielu iepērkam interesanti pieder franšīze bubuli tālu jāmeklē paši ļautiņi mums kroni piedāvāja diviem gadiem vismaz garlaicīgi jauns vērtīgo brīvprātīgo injekciju sekas veidā izsitumiem izpaudīsies laiks rādīs dakteris pavļuts teica iespējami 3 scenāriji rudenim domāja kovidu kovic sezonāla lieta vajag jaunu mērkaķu slimība pašā laikā interesanti fakts šāds scenārijs parādīts 1995 gada filmā outbreak populāro aktieri dastinu hofmanu dustin hoffman galvenajā lomā interesanti viņi skatās filmas viņi mums rāda filmās izdomājuši katrā ziņā interesanti gaidām rudeni jaunu teātra izrādi jautājums gals šoreiz jālīmē ciet zilu lupatiņu turamies humora izjūtu kopā mēs varam dr e mednis agenskalnaklinika kopamesvaram dzivebezbailem izglabdraugu sargibernus
625,18.06.2022 11:46:02,Āgenskalna klīnika,,,patiesība vīlēm ārā vairs šķiet vairs patiesībā pēdējos 2 garumā mēs esam pieredzējuši lielāko krāpšanu pasaules vēsturē lielāko iespējams korupciju atklātu pasaules vēsturē plašāko genocīdu cilvēci lokālas teritorijas apmēros pasaules apmērā iespējams apzinātu cilvēku slepkavošanu super iedarbīgiem medikamentiem ārstēšanā efektivitāte 20 eksperimentālu ļoti toksisku injekciju uzspiešanu cilvēkiem efektīvu lētu pieejamu medikamentu liegšanu infekcijas ārstēšanā apbrīnoju savu kolēģu gļēvulību stulbumu zināt pielasa sev atbilstošo epitetu īpašību pats atļaujas runāt pārsteidzoši kolēģu saprot īsti esam vienā skolā mācījušies tiem pašiem docētājiem profesoriem te viens raksts citu autoritatīva avota atsaucēm man tautai mērkaķbaku jūs paši ziniet iespējams vara mēģinās piesegt izskaidrot blaknes radījušas eksperimentālās injekcijas mūs vairs iedzīt krātiņos čipiem ādas policijas kontroli durvīm šķiet cilvēki sāk apzināties savu vērtību savu cilvēka būtību vēlas brīvi brīvā valstī mēs esam brīvi mēs varam dr e mednis agenskalnaklinika kopamesvaram dzivebezbailem izglabdraugu sargibernus
626,18.06.2022 21:34:34,Āgenskalna klīnika,,,kārtējā pfizer dokumentu pakete atslepenota tiesas lēmumu publicēta variet palasīties iespējamās blaknes injekcijas speciālu uzmanību gribētu pievērst grūtnieču sadaļai priekšlaicīgas dzemdības pēcdzemdību tromboze citas interesanti priekšlaicīga menopauze jautājums dr veisai ļoti aktīvi apgalvoja injekcijas absolūti drošas grūtniecēm tagad tagad dr veisa atsauksiet savus apgalvojumus publiski tos teicāt darīt grūtniecēm paļāvās jūsu apgalvojumam zaudēja bērniņu dzemdēja priekšlaicīgi jūs dr veisa kompensēsiet šīm sievietēm zaudējumus jūs skatīsieties viņām acīs sākums interesanta lasāmviela gaidām kopā mēs varam dr e mednis agenskalnaklinika kopamesvaram dzivebezbailem izglabdraugu sargibernus
637,20.06.2022 11:11:55,Āgenskalna klīnika,,,dzīvojam dzīvojam dzīvojam cilvēkiem paši esam izvēlējušies ievēlējuši labi slikti vienkārši vienīgi jautājums gribam mēs mērā te mūsu veselīgais ministrs visā savā krāšņumā latvijas praidā danco kopā tautu pirmajās rindās skaisti mēs varam dr e mednis agenskalnaklinika kopamesvaram dzivebezbailem izglabdraugu sargibernus
638,26.06.2022 11:21:05,Āgenskalna klīnika,,,atvaļināts amerikāņu ārsts russell l baylock uzrakstījis atmaskojošu rakstu visi laiku lielākajai krāpšanai pasaules vēsturē mums mēģina saukt pandēmiju patiesībā viena lēta afēra savtīgiem mērķiem organizatoriem saujiņa super bagātu ļautiņu kāri varas lielākas uzrīkojuši sev ballīti kārtējo biznesa plānu sākot ārstēšanas protokolu vadlīniju koriģēšanu liegšanu pacietiem ārsta palīdzību slimības agrīnajā stadijā super toksiska ārkārtīgi dārga efektivitāte 20 medikamenta remdesivirs lēta efektīva pasaulē atzīta preparāta ivermektīna demonizēšanu aizliegšanu toksisku substanču dēvē vakcīnām uzspiešanai tāpat progresīvu ārstu vajāšanas visā pasaulē agrākajos čekistu laikos man pašam vairākkārtēja saskare veselības vajāšanas inspekciju man aizliedza runāt labu ivermektīnu aizliedza strādāt izrakstīja soda jebkādiem pierādījumiem subjektīvu ierēdņu pieņēmumu pamata turpretim valsts mediju valsts doktrīnai pietuvinātu ārstu mutēm plūst meli straumes lētu melu straumes bezprecedenta gadījums visā pasaulē jāpatur prātā mums jānes sava personiskā atbildība savu darbu ģimenes ārstiem savlaicīgas palīdzības saviem pacientiem tiešām brīnos saviem kolēģiem klaji drīkst pārkāpt likumu mīt kājām hipokrāta zvērestu savu sirdsapziņu pazītu daudzus ļoti jaukus kolēģus spiesti pakļauties sistēmas spiedienam aiziet darba vienas rokas pirkstiem saskaitāmi ārsti pakļāvušies ļāvuši sevi atlaist pārējie lielākiem mazākiem sirdsapziņas pārmetumiem turpina strādāt es savulaik vienai savai brīnišķīgai kolēģei ģimenes ārstei jautāju jūs abas māsiņu galā savu sirdsapziņu karmu sastrādājiet tautu atbilde mēs pašas galā saka ārsts saprot es galam labā ziņa visā beigsies visai drīz zemes vibrācijas turpina paaugstināties organizē turēt līdzi panika metodes laika viņiem vairs daudz atlicis viņi zina saprot vienīgais viņi darīt mēģināt mūsos iedzīt bailes sanaidot mūs savā starpā mūsu lieta mēs paļaujamies pakļaujamies turam savas vibrācijas augstu savus tuvākos rūpējamies sevi saviem apkārtējiem mums padarīt savu mieru pozitīvo attieksmi dzīvi mēs varam pietuvināt pasākuma beigas ātrāk mums izdodas kopā mēs varam dr e mednis agenskalnaklinika kopamesvaram dzivebezbailem izglabdraugu sargibernus
640,26.06.2022 11:54:47,Āgenskalna klīnika,,,interesants video skaidrojums vēlēšanām vajadzīgas vajadzīgas uzmanību politnekorektajai valstij minēta visā pasaulē mums domājam paši rīkojamies paši izslēdzam bailes labi mēs varam dr e mednis agenskalnaklinika kopamesvaram dzivebezbailem izglabdraugu sargibernus
641,26.06.2022 16:20:51,Āgenskalna klīnika,,,kopā mēs varam dr e mednis agenskalnaklinika kopamesvaram dzivebezbailem izglabdraugu sargibernus
643,01.07.2022 09:53:43,Āgenskalna klīnika,,,pasaules aizgājis viens spožākajiem ārstiem brīvības cīnītājiem dr zev zelenko izstrādājis zelenko protokolu kovida ārstēšanā veiksmīgi izārstējis ļoti daudzus cilvēkus skaitā bijušo asv prezidentu trampu jūtam līdzi sērās ģimenei draugiem kolēģiem kopā mēs varam dr e mednis agenskalnaklinika kopamesvaram dzivebezbailem izglabdraugu sargibernus
645,01.07.2022 10:37:46,Āgenskalna klīnika,,,rudens solās gana interesants mūsu dievzemītē pieņemtie labotie mk kanādas karavīru papildus kontingents runas piespiedu špricēšanu vēlēšanas interesanti fakts iet kopā liela militārā kontingenta ievešanu latvijā atkārtojas 1940 demokrātiskas vēlēšanas toreiz psrs armijas stobriem šoreiz īstena demokrātija jauno veco laiku stilā jauns izdomāts jaunais zinām labi aizmirsts vecais toreiz mūs glāba tumsonības krievi šoreiz kanādieši domāju mums paveicies palaikam atrodas ielej gaismu tumšajā dzīvojošo tumšo ļautiņu sirdīs prātos aizraujošs seriāls globālistu plāni brūk vajadzīgi papildus resursi tos īstenotu darīt mums pietiks atsevišķu ierakstu izdarīšanu interneta vietnēs ierasto papukstēšanu savās virtuvēs guļamistabās parasto pakašķēšanos savā starpā risinājums veidot tautas pašaizsardzības vienības pašaizsardzības medicīnas skolu citas mukt projām rakt bunkurus savā zemes gabaliņā savs risinājums jāmeklē mums kopīgi tautai jāapvienojas latvijas tautai latviešiem pašiem krieviem ukraiņiem lietuviešiem dzīvo teritorijā mēs varam uzvarēt viņi zina centīgi piestrādāts tautas sašķelšanas pote piemineklis vēlēšanas iet utt vienmēr jājautā izdevīgi mūsu šķelšanās izdevīga kariņlevitpavļutveidīgajam pūķim globālistu saimniekiem mūsu ziņā pieļaut kopā mēs varam dr e mednis agenskalnaklinika kopamesvaram dzivebezbailem izglabdraugu sargibernus
647,01.07.2022 12:27:16,Āgenskalna klīnika,,,pievienojos 100 kopā mēs varam dr e mednis agenskalnaklinika kopamesvaram dzivebezbailem izglabdraugu sargibernus
649,01.07.2022 23:03:08,Āgenskalna klīnika,,,aicinājumu saņēmu padalīties iespējams tēma kremt dārgie ceļabiedri gribu painformēt kultūras cilvēku kristas burānes jāņa baloža iniciētu piketu valdības pieņemtajiem grozījumiem koku ciršanas turpmāk ļaus cirst gandrīz pusi jaunākus mežus ukrainas karoga aizsegā kluso pieņemts gadījumā sāp priecāšos satikt otrdien 5 jūlijā 900 ministru kabineta kopā mēs varam dr e mednis agenskalnaklinika kopamesvaram dzivebezbailem izglabdraugu sargibernus
650,03.07.2022 11:08:33,Āgenskalna klīnika,,,kādreiz jāparunā skaistu brīvības studijā esam izveidojuši jaunu raidījumu ciklu laukiem domāts mums apsver domu pārvākties dzīvot laukiem prom elektromagnētiskā smoga prom cilvēkiem prom izplūdes gāzēm tuvāk dabas saplūstu dabu vienkārši sākumā izskatās jautājumu izlemtu zināšanas studijā aicināsim cilvēkus dzīvo laukos reāla pieredze viņi laipni dalīsies dažādas klajā pirmais raidījums saruna melitu janušu raubu pieredzi mēs varam dr e mednis agenskalnaklinika kopamesvaram dzivebezbailem izglabdraugu sargibernus
652,13.07.2022 11:02:55,Āgenskalna klīnika,,,turpinām lauku tēmu šoreiz aināru iesavu paliela lauku dzīves pieredze kopā mēs varam dr e mednis agenskalnaklinika kopamesvaram dzivebezbailem izglabdraugu sargibernus
654,13.07.2022 11:05:46,Āgenskalna klīnika,,,labas ziņas gāze paliekot lētāka drīz varam gaidīt labas ziņas savos gāzes rēķinos benzīntankos kariņlevitpavļut trejgalvu pūķis savādāk redzēsim visai drīz kopā mēs varam dr e mednis agenskalnaklinika kopamesvaram dzivebezbailem izglabdraugu sargibernus
656,14.07.2022 14:11:46,Āgenskalna klīnika,,,čom mi dolgo govoriļi mēs ilgi runājām fragments vienas vecas anekdotes šobrīd smiekli īsti izgaismojas runājām špricēšanas sākuma shēma ļoti vienkārša sākumā cilvēku sabaida vīruss piedāvā risinājumu injekcijas daļa atstiepj kājas daļa izdzīvo panākts divi vienā efekts samazinās populācija bill geitss teicis mēs kārtīgi pastrādāsim vakcīnām iespējams samazināt populāciju 10 15 izmainīta cilvēka dns tagad gaismā iemesls ļoti jāiedabū katrā cilvēkā indes deva izmaiņas dns šīm izmaiņām cilvēka ķermenis intelektuālu īpašumu patents apsveicu laimīgos uzvarētājus špricētos jūs esiet kļuvuši geitsa kunga pietuvināto intelektuālo īpašumu cilvēka brīvas gribas liecina katra parakstīts dokuments balvas studijā īsti skaidrs tiem ierakstu šprici sakiet paldies tautas tēviem partijai valdībai unikālo iespēju solis špricētajiem cilvēktiesības viņi intelektuālais īpašums tātad īpašums tātad vergi jauki dod dievs es kļūdos vismaz šobrīd izskatās saņēmuši iniciāciju kultā turamies iebiedēties pazemoties īpašumu kopā mēs varam dr e mednis agenskalnaklinika kopamesvaram dzivebezbailem izglabdraugu sargibernus
658,16.07.2022 10:33:25,Āgenskalna klīnika,,,stāsti genocīdu latvijā turpinās šoreiz brīvības studijā mana saruna skolotāju litu ventiņu atlaišanu darba skolotāja 3 paaudzē vairāk 30 pieredzi izrādījās mūsu izglītības sistēmai atteicās iniciācijas sātanistu kultā saruna pieredzi darbu dzīvi mēs varam dr e mednis agenskalnaklinika kopamesvaram dzivebezbailem izglabdraugu sargibernus
659,19.07.2022 20:35:31,Āgenskalna klīnika,,,turpinām lauku tēmu aināru iesavu sākt dzīvot laukos jāparūpējas pārceļoties laukiem jāsagatavo kopā mēs varam dr e mednis agenskalnaklinika kopamesvaram dzivebezbailem izglabdraugu sargibernus
661,19.07.2022 23:19:14,Āgenskalna klīnika,,,ļoti vērtīgs viestura rudzīša raksta ārsta brīvību pacienta brīvību izvēlēties kādu metodi ārstēties raksts papildināts paša pieredzi viesojoties vācijā gersfeldē medicīnas ārsta jurgena fon rozena juergen von rosen man gods iepazīties mācīties viesojoties vadītajā klīnikā mēs varam dr e mednis agenskalnaklinika kopamesvaram dzivebezbailem izglabdraugu sargibernus
662,20.07.2022 14:24:14,Āgenskalna klīnika,,,te solītā saruna skolotāju litu ventiņu kopā mēs varam dr e mednis agenskalnaklinika kopamesvaram dzivebezbailem izglabdraugu sargibernus
664,21.07.2022 11:56:59,Āgenskalna klīnika,,,labas ziņas šoreiz itālijas tiesas lēmumu atcelts aizliegums strādāt psihologam pamatojums aizliegums fašisma izpausme interesanti mūsu valsts vajāšanas veselības inspekcija atcels savus pieņemtos fašistiskos aizliegumus praktizēt ārstiem māsām pieņēmuši pieņemt iniciāciju dēmoniskajā kultā sauc covid 19 ceru ilgi jāgaida aizliegumu atcelšanai mums mēs varam dr e mednis agenskalnaklinika kopamesvaram dzivebezbailem izglabdraugu sargibernus
665,01.08.2022 00:57:06,Āgenskalna klīnika,,,andris ciekurs apskata fda dokumentus kuros minēti beidzot publicēti pfizer dati populārajām injekcijām grūtniecēm drošas efektīvas efektīvas izraisa spontānos abortus bērnu drošas pfizer saprot jēdzienu drošas protams jautājums dr veisai dr rezebergai protams imunizācijas valsts padomes priekšsēdētājai profesorei dacei zavadskai gribētos dzirdēt pamatotu skaidrojumu tiesas lēmumu publicētajiem dokumentiem mēs varam dr e mednis agenskalnaklinika kopamesvaram dzivebezbailem izglabdraugu sargibernus
669,02.08.2022 23:52:35,Āgenskalna klīnika,,,vēzis ārstējams izdarīt uzsākam jaunu sarunu ciklu alternatīvo ārstēšanu dažādām kaitēm pirmā saruna maiju pohodņevu modri pelsi galā vēzi modra stāsts personīgās pieredzes mēs varam dr e mednis agenskalnaklinika kopamesvaram dzivebezbailem izglabdraugu sargibernus
672,04.08.2022 15:20:21,Āgenskalna klīnika,,,ļoti vērtīgs materiāls derētu izlasīt aizdomas grafēns patreiz pievienots citām konvencionālajām vecajām vakcīnām ievada bērniem protams speciālisti katrā ziņā turam acis ausis vaļā vairs mēs pāris gadiem daudz gaismā daudz interesantā laikā dzīvojam kopā mēs varam dr e mednis agenskalnaklinika kopamesvaram dzivebezbailem izglabdraugu sargibernus
675,04.08.2022 16:23:30,Āgenskalna klīnika,,,interesanta informācija paliek jūsu testi iespējams asins paraugi zināms pasaulē šobrīd ļoti daudz dažādas patiesas patiesas informācijas katrā ziņā aizdomāties vajadzētu šantāžu cilvēkus piespiež testus ārsta slimnīcā skolēniem skolās utt testa ticamība diagnostiskos maigi sakot apšaubāma jātaisa vienkārši padomājam kopā mēs varam dr e mednis agenskalnaklinika kopamesvaram dzivebezbailem izglabdraugu sargibernus
677,04.08.2022 22:23:22,Āgenskalna klīnika,,,ārsti runā te dr stāsta pfizer bērnu vakcinācijas izmēģinājumu rezultātiem slēdziens vakcīnas drošas efektīvas papēta pašu dotos skaitļus vis sašpricēt savus bērnus indi kopā mēs varam dr e mednis agenskalnaklinika kopamesvaram dzivebezbailem izglabdraugu sargibernus
681,11.08.2022 08:53:50,Āgenskalna klīnika,,,labrīt te beidzot iespēja izpausties rsu sagatavojuši anketu covid vakcīnu drošību laipni lūgti izpausties vienīgi vismaz veselības aprūpes speciālisti pētījuma grupa anketu viņiem iespējams citas prioritārās specialitātes izpaužamies mēs varam dr e mednis agenskalnaklinika kopamesvaram dzivebezbailem izglabdraugu sargibernus
682,11.08.2022 11:41:04,Āgenskalna klīnika,,,strādā medicīna meklē cēloņsakarības fiziskajā līmenī globāli katrai slimībai savs iemesls sākums vienmēr vīrusu kādu citu ļaundaru sekas bieži mums iegalvots iemēru ņemt papillomas vīrusu pieraksta dzemdes kakla vēža izraisītāja godu vērts paskatīties plašāk iespējams patiesais cēlonis šdā gadījumā vakcīnu uzradīt miljons ies garām kabatai toties reāli palīdzēt cilvēkiem piemēram video izrādās vīriešiem sēklinieka audzēja cēlonis tuva cilvēka zaudējums tāpat sievietēm olnīcu audzējiem vērts aizdomāties protams domājam kopā mēs varam dr e mednis agenskalnaklinika kopamesvaram dzivebezbailem izglabdraugu sargibernus
684,11.08.2022 15:15:45,Āgenskalna klīnika,,,kolosāls aināra kadiša teksts piedalīšanos vēlēšanās grūti ainārskadišs 100822 vēlētāja ābece aksiomas 1 demokrātiskas sabiedrības princips vairākuma kvorums vara mazākumu mērķtiecīgas ilgstošas cilvēku ideoloģiskās apstrādes smadzeņu skalošanas rezultātā sabiedrības vairākums pārvērties trulu patērētāju sabiedrību balsojot labākajiem demokrātijas principiem šodien pusdienās piedaloties vilkam šakālim hiēnai aitai pēdējai pusdienām izredžu fabula svešu jūgu kopā kāda daļa taisnībai gaismai kopējs tumsību 2 kor 16 18 garīgi attīstītā sabiedrībā emocionāli inteliģentu gaišu dievbijīgu cilvēku skaitlisko pārsvaru vēlēšanas kvoruma principa varētu pozitīvu pienesumu pasākumos definīcijas tavu uzvaru 2 latvijā vara sen faktiski tautai tātad pieder tautai spēkiem parāda izgaismo pierāda mk lēmumi saeimas pieņemtie likumi klaji vērsti tautu interesēm smagas sekas pielīdzināmi sankcijām attiecīgi secināms latviju pārvalda okupācijas administrācija brīvprātīga piedalīšanās okupācijas administrācijas rīkotos pasākumos piemēram vēlēšanas leģitimizē stiprina varu sadarbošanās klasificējama kolaboracionisms fabula dari darīdams apdomā galu īstermiņā sadarbošanās tautai režīmu materiāli citādi izdevīga tautu varas maiņas gadījumā kolaboranti stāsies tautas tiesas priekšā 3 antihumānie režīmi tradicionāli turās propagandas kolaboracionistu militāra spēka palīdzību varas maiņas gadījumā svešzemju algotņi visticamāk latviju pametīs dosies mājās vietējiem policistiem citiem spēka struktūru darbiniekiem šādas iepējas ieteiktu padomāt savlaicīgi veicot represijas tautu iekasējot pazemojošus sodus varas mainās viena cilvēka dzīves laikā pamata domāt pastāvēs mūžīgi fabula sēsi pļausi dari citiem gribētu dara 4 viņi antihumānie globālie spēki metastāzi latvijā daudz augstāk vērtē piemānīšanu piekrāpšanu iebiedēšanu brutālu piespiešanu varu piemēram slavenās injekcijas cilvēkiem liek parakstīties tiem parakstīties atsakās šļura injicēta 110822 pats sodiem tarifiem visi brīvprātīgi maksājumi maksājuma uzdevumā daļa izspiesta vēlāk grūti pierādīt vainīgos saukt atbildības saņemt kompensāciju pats vēlēšanām piedalīšanās tajās brīvprātīga varu varētu leģitīmi turpināt darīt savas vest latvijas tautu viņiem tautas aktivitāti pasākumā vajag saucamo opozīcijas partiju pretšļuras trenda aktīvistu citu gaismas spēku piesaistīšana vēlēšanu farsam vienu mērķi aktivizēt iesaistīt elektorātu brīžīem vēlme izpaužās gluži smieklīgi histēriski ideju balsošanu personu apliecinošiem dokumentiem stadija atļaut balsot mirošo radinieku vietā saka āža kāja lien laukā sak balso vēlies galvenais atnāc paraksties fabula bailēm lielas acis gudrais paredz paglābjas drāžas taisni cauri dabū ciest salpam 22 3 kopā mēs varam dr e mednis agenskalnaklinika kopamesvaram dzivebezbailem izglabdraugu sargibernus
685,13.08.2022 17:22:26,Āgenskalna klīnika,,,protests globālisti grib fermeriem atņemt zemes darbu iztiku kopā mēs varam dr e mednis agenskalnaklinika kopamesvaram dzivebezbailem izglabdraugu sargibernus
687,13.08.2022 17:22:56,Āgenskalna klīnika,,,līdzīgi spānijā pasaule mostas kopā mēs varam dr e mednis agenskalnaklinika kopamesvaram dzivebezbailem izglabdraugu sargibernus
691,19.08.2022 10:28:10,Āgenskalna klīnika,,,1008 22ainārs kadišsvēlētāja ābece aksiomas 1 demokrātiskas sabiedrības princips vairākuma kvorums vara mazākumu mērķtiecīgas ilgstošas cilvēku ideoloģiskās apstrādes smadzeņu skalošanas rezultātā sabiedrības vairākums pārvērties trulu patērētāju sabiedrību balsojot labākajiem demokrātijas principiem šodien pusdienās piedaloties vilkam šakālim hiēnai aitai pēdējai pusdienām izredžu fabula svešu jūgu kopā kāda daļa taisnībai gaismai kopējs tumsību 2 kor 16 18 garīgi attīstītā sabiedrībā emocionāli inteliģentu gaišu dievbijīgu cilvēku skaitlisko pārsvaru vēlēšanas kvoruma principa varētu pozitīvu pienesumu pasākumos definīcijas tavu uzvaru 2 latvijā vara sen faktiski tautai tātad pieder tautai spēkiem parāda izgaismo pierāda mk lēmumi saeimas pieņemtie likumi klaji vērsti tautu interesēm smagas sekas pielīdzināmi sankcijām attiecīgi secināms latviju pārvalda okupācijas administrācija brīvprātīga piedalīšanās okupācijas administrācijas rīkotos pasākumos piemēram vēlēšanas leģitimizē stiprina varu sadarbošanās klasificējama kolaboracionisms fabula dari darīdams apdomā galu īstermiņā sadarbošanās tautai režīmu materiāli citādi izdevīga tautu varas maiņas gadījumā kolaboranti stāsies tautas tiesas priekšā 3 antihumānie režīmi tradicionāli turās propagandas kolaboracionistu militāra spēka palīdzību varas maiņas gadījumā svešzemju algotņi visticamāk latviju pametīs dosies mājās vietējiem policistiem citiem spēka struktūru darbiniekiem šādas iepējas ieteiktu padomāt savlaicīgi veicot represijas tautu iekasējot pazemojošus sodus varas mainās viena cilvēka dzīves laikā pamata domāt pastāvēs mūžīgi fabula sēsi pļausi dari citiem gribētu dara 4 viņi antihumānie globālie spēki metastāzi latvijā daudz augstāk vērtē piemānīšanu piekrāpšanu iebiedēšanu brutālu piespiešanu varu piemēram slavenās injekcijas cilvēkiem liek parakstīties tiem parakstīties atsakās šļura injicēta 110822 pats sodiem tarifiem visi brīvprātīgi maksājumi maksājuma uzdevumā daļa izspiesta vēlāk grūti pierādīt vainīgos saukt atbildības saņemt kompensāciju pats vēlēšanām piedalīšanās tajās brīvprātīga varu varētu leģitīmi turpināt darīt savas vest latvijas tautu viņiem tautas aktivitāti pasākumā vajag saucamo opozīcijas partiju pretšļuras trenda aktīvistu citu gaismas spēku piesaistīšana vēlēšanu farsam vienu mērķi aktivizēt iesaistīt elektorātu brīžīem vēlme izpaužās gluži smieklīgi histēriski ideju balsošanu personu apliecinošiem dokumentiem stadija atļaut balsot mirošo radinieku vietā saka āža kāja lien laukā sak balso vēlies galvenais atnāc paraksties fabula bailēm lielas acis gudrais paredz paglābjas drāžas taisni cauri dabū ciest salpam 22 3 iepriekšminēto apsvērumu latvijā sabiedriski ekonomiski politiskas iekārtas centrā cilvēks latvija kolonijas statusā vara ārzemju aģentiem dibenlaižām
692,19.08.2022 10:28:50,Āgenskalna klīnika,,,minētie personāži organizē vēlēšanas skaita balsis pastāv partokrātija vēlēšanas skaitās tajās piedalās viens cilvēks deputātiem bezatbildība atsaucami galu galā vēlēšanas tautas gribu iemesla tajās ņemt dalību attiecīgi atbalstīt draugs atstāj savu balsi sevis lūko darīt lietas labā citos veidos kopā mēs varam dr e mednis agenskalnaklinika kopamesvaram dzivebezbailem izglabdraugu sargibernus
694,22.08.2022 10:59:56,Āgenskalna klīnika,,,ienākušas diezgan satraucošas ziņas taisnība dezinformācija ņemot vērā katrā jokā daļa joka tāpat katrā dezinformācijā savs patiesības grauds runāt tātad ziņa ļoti svarīgi skolēnu vecākiem izglītības ministrija instrukcijas skolēni vecāku piekrišanas potēti šoruden pote orāli uzņemama adatas veidā ļoti precīzi jālasa jaunie vecāki parakstīs jauno mācību viltīgi privāti ziņoja pedagogs rīgas skolas savām acīm lasījis esam īpaši uzmanīgi manipulācijām saviem bērniem vērtējam paši domājam paši lasām dokumentus mums liek parakstīt sargājam savus bērnus protams ziņojam jebkādiem mēģinājumiem bērnus saindēt iespējas plašāk kopā mēs varam dr e mednis agenskalnaklinika kopamesvaram dzivebezbailem izglabdraugu sargibernus
695,24.08.2022 10:38:30,Āgenskalna klīnika,,,latvijas aktīvākie gaišākie jaunieši uzrakstījuši brīvības deklarāciju piedāvāju parakstīt es izdarīju mums brīvību mēs esam dzimuši brīvi citāts brīvības deklarācijas mēs varam dr e mednis agenskalnaklinika kopamesvaram dzivebezbailem izglabdraugu sargibernus
696,26.08.2022 22:20:02,Āgenskalna klīnika,,,dīvainas darbības pārdaugavā viens cilvēks paveicis teikt mazs cinītis gāž lielu vezumu dēvēto uzvaras pieminekli beidzot solīts dīvaini 30 gadus īsti tagad tagad sasparojās ļautiņi izdarīja varam minēt iemeslu zinām zinām šādas darbības tāpat zinām brīdis izvēlēts apzināti karš ukrainā vēlēšanas citi faktori es es karu ukrainā es agresiju es savu spalvu spodrināšanu citu rēķina otram acīs spļaušanu izdarījis aplamu scenārija sākumā rīdīja potētos turpināja ukrainas krievijas atbalstītājiem tagad klajā jautājums latvieši krieviem manuprāt jebkura šāda manipulācija veikta vienīgi sanaidotu cilvēkus savā starpā viņi viegli vadāmi interesanti izdomās šķeltu labāk apvienojuši tautu redz izdevīgi skumji vienkārši skumji mūsu uzdevums laikā izskatās provokācijām esošo režīmu mums izsūtītas instrukcijas kādu laiciņu atpakaļ rīcības plānu okupācijas gadījumā iespējams gadījums jebkura okupācijas vara darbojas pretēji tautas interesēm esošā vara darbojas pretēji dzīvojošo tautu interesēm iespējams okupācijas vara sevišķi vada ārzemju pilsoņi kopā mēs varam dr e mednis agenskalnaklinika kopamesvaram dzivebezbailem izglabdraugu sargibernus
698,03.09.2022 11:42:10,Āgenskalna klīnika,,,ticiet zinātnei uzticieties akli saukļi dzirdēti pēdējo divu laikā bezgala daudz zinātne ticības objekts reliģija zinātniskiem faktiem skaidri gaiši pierādāmiem tos jāvar izskaidrot tauta saprot akli ticēt uzticēties izskaidrojiet lūdzu iespējams visā cirka programmā zinātnes pirksta izzīsts burbulis mūsu trejgalvu pūķis saprot paldies dievam saprot liela tautas daļa pievienotajā ziņojumā aprakstīts kurai zinātnei uzticēties iespējams veidoti pētījumi farmācijas industrijā fakti pievilkti pētniekam izdevīgi patiesības laikmets skatāmies baudām daudz interesantu lietu parādīsies kopā mēs varam dr e mednis agenskalnaklinika kopamesvaram dzivebezbailem izglabdraugu sargibernus
700,04.09.2022 11:51:45,Āgenskalna klīnika,,,kārtējā sagadīšanās protams sakara špricēm laikam apēduši visā pasaulē dažādos sporta krīt mušas jāpārdomā ēdienkarte kopā mēs varam dr e mednis agenskalnaklinika kopamesvaram dzivebezbailem izglabdraugu sargibernus
702,05.09.2022 23:17:10,Āgenskalna klīnika,,,lasu kadiša tekstus priecājos precīzi cilvēks formulē pievienojos rakstītajam 100 mums pēdējo 30 laikā valdības aizstāvētu tautas intereses gadījumā mainīsies šoreiz balsosim mazāko ļaunumu tātad balsosim ļaunumu es es balsošu labumu šajās vēlēšanās tajās es zemāk minēto iemeslu palasiet kadišu vienkārši izcili vēlēšanām mūs te trusīšus piespiedu kārtā sazin piespiedu kārtā paši stipri zināsim gribam zeme brīvās izvēles planēta jebkurā situācijā mums izvēle izvēles izdarām mēs paši baidīties mūsu pašu izvēle tāpat ticēt visādiem šausmu stāstiem jums slikts viegli dzīvē jāmaina slikts esiet elastīgi atvērti labi faktiski labi kopā mēs varam dr e mednis agenskalnaklinika kopamesvaram dzivebezbailem izglabdraugu sargibernus ainārs kadišsvēlēšanaspiedalīties ignorēt vairāku lasītāju lūguma mēģināšu izvilkt esenci īsi pamatot savu vairākkārt pausto viedokli vēlēšanām mūsdienu latvijā lomu latvijas tautu pakļaušanā iznīcināšanā 1 latvija valsts faktiski reģistrēta komercuzņēmums latvijai sen suverēnas valsts galveno pazīmju protia robežu izņemot austrumu virzienu savas savas teritorijas lielākā daļa mežu zemju pieder ārvalstniekiem savas valdības latvijas tautu intereses juridiski vara latvijā pieder tautai satversme 2p faktiski sadarbībā vietējiem asv apmācītiem kolaborantiem latviju pārvalda ārzemēm iesūtīti tautai toksiski aģenti viņi izveidojuši turpina veidot likumisko bāzi latvijas teritorijas attīrīšanai pamatiedzīvotājiem savas armijas latvija iestājusies teritorijā atrodas svešzemju karaspēks latvijas armijas kareivji vietā pildītu latvijas militārās drošības garantu funkciju piedalās visai apšaubāmās lielvalstu politiski ekonomiskajās ciniskajās spēlēs austrumos dažkārt vietējos cilvēkus sliktu latvijai vēlējuši darījuši e huntai iznīcinot ražošanu lr sen padarīta atkarīgu saucamajiem starptautiskajiem aizdevumiem vairs sevi apgādāt pārtiku faktiski latvija spēj eksistēt parāda tuvojas 20 miljardiem eur atgādināšu latvija trīsdesmit gadiem uzsāka savu ceļu parādiem acīmredzami latvijas likumīgā valdība veikusi ļaunprātīgu ekonomisko sabotāžu valsti iedzīvotājiem 2 vēlēšanas okupācijas administrācijas rīkots pasākums piešķirtu leģitimitāti solīdumu paveiktajiem pašlaik realizētajiem plānotajiem pierunājot tautu piedalīties vēlēšanās hunta viltīgi atbildību saviem sekām elektorātu sak tauta mūs ievēlēja mēs darām gribu uzmanību piedalās okupācijas administrācijas rīkotajā pasākumā atdod savu balsi stiprina atbalsta režīmu līdzatbildīgs veiktajiem 3 piedalīšanos lr administrācijas rīkotā pasākumā mēs atzīstam likumīgu piešķiram kliķei autoritāti svaru tikpat pretīgi dot godu cilvēkam pelnījis
703,05.09.2022 23:17:10,Āgenskalna klīnika,,,4 huntai pilnīgi vienalga jūs vēlēsiet galvenais jūs atnāktu viņiem vajadzīgs jūsu paraksts savu pilnvaru četriem gadiem kādai partijai cilvēkiem tajās pārējo viņi paši sakārtos atceraties viņķeli piederēja antirekords visvairāk svītrotajam deputāta kandidātam traucēja veselības ministri kurienes tāds kariņš uzradās kloākas savulaik uznira v v freiberga tagad sludina piedalīšanos vēlēšanās 5 saucamo opozīcijas partiju protesta balsojumu mērķis piesaistīt atvilkt vēlēšanām tos cilvēkus sen tukšo pasākumu piedalīties loma savulaik kaimiņam jāatzīst visspožāk loma karjerā rezultātā vēlēšanu iecirkņiem devās cilvēki darījuši sen rezultātā latvijas politisko mēslu vara stiprināta četriem gadiem tagad uzradušies daudzi kaimiņi vienīgais mērķis savu materiālo labklājību ajos četros gados deputāti zināms atsaucami savu darbību personisko atbildību iespējams kandidātiem bezgala vientiesīgs aitiņa vilku barā minēto apsvērumu es draugs iesaku septiņreiz apdomāt kādu pilnvarosi lemt savā vietā vēlu
704,06.09.2022 20:16:58,Āgenskalna klīnika,,,bravo dr dumpi es ilgi gaidīju ziņu jums citi atklājumi tiem vajadzīgs laiks jums dr dumpi vajadzīgs laiks tos ietērptu vārdos kopā mēs varam dr e mednis agenskalnaklinika kopamesvaram dzivebezbailem izglabdraugu sargibernus
706,08.09.2022 00:25:03,Āgenskalna klīnika,,,vakar man ļoti jauka saruna kristīni lindenblati lauri boču parunājām pērtiķu bakām špricēm sauc vakcīnām ļoti dinamiska optimistiska mums sanāca saruna jūs mēs varam dr e mednis agenskalnaklinika kopamesvaram dzivebezbailem izglabdraugu sargibernus
707,08.09.2022 11:56:35,Āgenskalna klīnika,,,arvīds ulme īsi kodolīgi profesoru ugu dumpi līdzīgajiem situāciju pasaulē saistībā ļoti bīstamo vīrusu kopā mēs varam dr e mednis agenskalnaklinika kopamesvaram dzivebezbailem izglabdraugu sargibernus
711,14.09.2022 10:57:15,Āgenskalna klīnika,,,interesanti astra zeneca viceprezidente atbildēt vienkāršiem jautājumiem tātad viņi atbildes vienkārši melo īstā bilde saulaina īstais saucamās vakcinācijas iemesls pavisam cits kopā mēs varam dr e mednis agenskalnaklinika kopamesvaram dzivebezbailem izglabdraugu sargibernus
713,14.09.2022 11:15:54,Āgenskalna klīnika,,,interesants fakts mūsu slimnīcās smagos covid gadījumos cilvēkiem remdesivir zāles trīs ārstu konsīlijs maksā 3000eur visai interesanta ziņa laikam parādās ziņu apritē mirstība ļoti augsta cilvēks pieslēgts mākslīgās plaušu ventilācijas aparāta tāpat ziņas cilvēks ieiet savām kājām slimnīcā stāvoklis strauji pasliktinās laikā iznes kājām priekšu varētu atbilde viena atbildēm publicēta prestižajā medicīnas žurnālā lancet pētījuma rezumē šāds mirstība tieši divas reizes lielāka pacientam pievienots mākslīgās plaušu ventilācijas aparātam dots remdesivir tiešām trīs dakteri zāles tiešām jautājumi divu maskas sekojošu hipoksiju hronisku skābekļa trūkumu regulāras mrna injekcijas paaugstinātais atalgojums covid slimnieku padarījušas kolēģus spriest prātā dziesma trīs dakteri trīs slakteri manas gultas stāv tiešām kopā mēs varam dr e mednis agenskalnaklinika kopamesvaram dzivebezbailem izglabdraugu sargibernus
716,18.09.2022 11:41:57,Āgenskalna klīnika,,,patiesība lēnām gaismā izrādās pfizer vakcīnas kovidu ieteicamas grūtniecēm barojošām māmiņām drošības apsvērumu aleluja mēs laiku runājām gribētos dzirdēt dr veisas dr rezebergas skaidrojumus injekciju drošību minētajās pacientu kategorijās laiku abu mutēm proponētas drošas varētu ieteikt kolēģēm mazāk klausīties propagandu vairāk tiešām iedziļināties zinātniskos pētījumos mazāk izpildīt pasūtījumu citādi vēlāk konflikts savu sirdsapziņu palikusi juridski varētu grūtības gaidām ziņas injekcijas atmaskos absolūti vīrusa apkarošanā pats vīruss mega krāpšana kopā mēs varam dr e mednis agenskalnaklinika kopamesvaram dzivebezbailem izglabdraugu sargibernus
718,19.09.2022 22:28:50,Āgenskalna klīnika,,,iespējams vērā ņemams viedoklis izglītības sistēma manuprāt tiešām degradējas tāpat medicīna skolotāji streiku izčibēja laikam politnekorekti kazino spēles sauc vēlēšanām rīkot streiku sistēmas spēlētāji tauta varētu uztvert ideju likt sistēmai mainīties mēs paši esam radītāji mēs radām mums mūsos kopā mēs varam dr e mednis agenskalnaklinika kopamesvaram dzivebezbailem izglabdraugu sargibernus
721,20.09.2022 15:58:43,Āgenskalna klīnika,,,inta blūma šķiet precīzi brīža situāciju pārmaiņu laikā bieži cilvēki brīdī dzīvēs vecais beidzies sācis dominēt jaunais teikt esošā sistēma politiskā ekonomiskā izglītības utt vairākuma izvēļu atspoguļojums pašlaik pamazām kontroli zaudējoša mazākuma izmisīgi centieni saglabāt veco varu mazākums sapratis pēkšņi kļuvis mazākumā jūtas sistēmas atbalstīts vecā sistēma brūk tuvāko pāris laikā pavisam kopā visādām savienībām organizācijām ekonomikām pamazām sāks izpausties vairākuma izpaustā realitāte ekoloģija dabiskums vienotība garīgums pamatā jēgas savu uzmanību barot mazākuma izvēlēto realitāti drīz izbeigsies pati inta blūmakopā mēs varam dr e mednis agenskalnaklinika kopamesvaram dzivebezbailem izglabdraugu sargibernus
723,20.09.2022 23:24:27,Āgenskalna klīnika,,,ezotērikas vēlam vakaram kopā ivo puriņu laiku patreiz tuvāko variet ticēt jūsu ziņā mēs varam dr e mednis agenskalnaklinika kopamesvaram dzivebezbailem izglabdraugu sargibernus
724,22.09.2022 00:04:37,Āgenskalna klīnika,,,ārsti viņi runā runā tiesājas valsti ārstiem bieži taisnība dr artis žeigurs iesūdzējis valsti tiesā aizliegumu strādāt eksperimentālu daudz blaknēm apveltītu injekciju tiesas sēde gaidām spriedumu interesantākais valsts pārstāvim atbilžu z daudziem jautājumiem atbildes apzināti slēptas valdošajai kliķei dr žeiguram izdošanos uzvarēt tiesas procesā mēs varam dr e mednis agenskalnaklinika kopamesvaram dzivebezbailem izglabdraugu sargibernus
725,22.09.2022 13:27:05,Āgenskalna klīnika,,,ainārs kadišs vienmēr precīzs tiešs ainārs kadišs 20 09 22tev jāmaksā piedzimšanu apbedīšanu ūdeni siltumu izglītību medicīnu savas automašīnas savas mājas dzīvokļa lietošanu atkritumiem oikiem televīziju izziņu tualeti auto stāvvietu apsaimniekošanu dārgtajām zālēm aptiekās tiesu aizstāvību bērnu mūzikas skolu sporta pulciņu maskām testiem te pēkšņi bāc vakcīnas velti viena otra trešā ceturtā velti galds klāts stājieties rindā saņemiet lieli mazi sanāciet saduriet salaidiet savā miesā bezmaksas šļuru jums vairs problēmu cilvēki jums es domāt debīli labāk domāšu apmāti cilvēks bojātu prātu ticēt hunta sistemātiski metodiski visdažādākajos veidos jomās latvijā veikusi iznīcinošas klaji pretvalstiskas antihumānas darbības pēkšņi ieinteresējusies jūsu veselību sākusi rūpēties tici mēs attālināmies toleranci trūkumu dzīvi vienas planētas dažādās dimensijās zina tieši dramatiskais melu mantkārības visatļautības orģiju laiks daudziem liks izvēlēties palīdzēs spert pirmo drosmīgo soli pretī brīvai skaistai taisnīgai pasaulei baiļu melu viltus skaistā pasaule sākas mūsu apziņā kopā mēs varam dr e mednis agenskalnaklinika kopamesvaram dzivebezbailem izglabdraugu sargibernus
726,22.09.2022 17:24:38,Āgenskalna klīnika,,,visā pasaulē mirušo skaits laika vienībā palielinājies pēdējā gada laikā ļoti iespējams sakritība sakara špricēšanu izcelsmes toksisku vielu mākslīgi radīta vīrusa aizsegā kopā mēs varam dr e mednis agenskalnaklinika kopamesvaram dzivebezbailem izglabdraugu sargibernus
728,23.09.2022 09:47:44,Āgenskalna klīnika,,,komentārs vēlēšanu sakarā sociālajos tīklos parādījās video sabiedrībā pazīstami cilvēki aicina balsot pārsvarā mediju pārstāvji man savilkās kopā laiku gada pusotra populāri cilvēki aicināja iet špricēties shēma sistēma atkal izmanto veco triku aicina der atcerēties pagātni špricēšanās mēs zinām daudz uzzināsim šobrīd jautājums mūs intensīvi izmisīgi aicina atdot savu balsi parakstu acīm redzot konspirāciju teorijas matemātisku precizitāti piepildās lemts piepildīties vēlēšanas koloniālās pārvaldes īstenots fikcija mēs tajās pašpasludināta saeima mazāk cilvēku aizies kazino piedalīties mazāka likumība saeimai pirmie ziediņi šlesera saraksts pļaviņu citiem opozicionāriem jautāja jautājumā piemēram pļaviņa viedoklis atšķirsies šlesers atbildēja būšot ļoti stingra partijas disciplīna mēs runājam kāda opozīcija mediji jums meloja pēdējos divus gadus atklātiem meliem tagad stāsta jums tīru patiesību aicina cēliem jums darbiem mostieties būtības mainījies mēs paši spējam izmainīt lietu kārtību piedaloties kazino spēlē rakstīti uzvarētājs iepriekš zināms domājam vēsu prātu bailēm mūs atkal mēģina dabūt iekšā peļu slazdā domājam rīkojamies kopā mēs varam dr e mednis agenskalnaklinika kopamesvaram dzivebezbailem izglabdraugu sargibernus
731,24.09.2022 21:29:25,Āgenskalna klīnika,,,kārtējā gripas sezona klāt čaklie darboņi piedāvā jums injicēt kārtējo gripas vakcīnu doma iespējams slikta gripas vakcīna dzīvsudrabu zināms inde pēdējie divi gadi manuprāt ļoti vērtīgi mums iemācīja lasīt iemācīja domāt iemācīja analizēt pats savas laimes kalējs anotācijas jālasa jums piedāvā injicēt jebkuras zāles jautājiet vispirms anotāciju jums tiesības zināt risks pastāv injicējot jebkuras zālēm anotācijām pilnīgi zālēm latviešu valodā man zināms vienīgās zāles latvijas republikā anotācijas latviešu valodā bcg tuberkulozes vakcīnai reģistrēta eiropā latvijā faktiski lietota īpaši likumīgi anotācijas valsts valodā perevoščikova kungs man personīgi trijiem gadiem solīja jautājumu zāļu anotācijas varen jauka lasāmviela interesanta aizraujoša rosina domāšanu kopā mēs varam dr e mednis agenskalnaklinika kopamesvaram dzivebezbailem izglabdraugu sargibernus
733,24.09.2022 21:33:00,Āgenskalna klīnika,,,te labotā salabotā versija vajadzētu strādāt galam
735,25.09.2022 23:47:00,Āgenskalna klīnika,,,kāda laiciņa vajāšanas veselības inspekcija pašiem reālu pacientu ārstēšanas aizliedza man runāt ivermektīnu ļoti efektīvu ārstēšanas līdzekli kovid gadījumā īsti būtības plašāk ārsti visā pasaulē runā interesanti lūdza inspekcijai pakalpojumu izdarīt dr skride cits citu iedomāties vajāšanas inspekcija pati gājienu izdarījusi resursu tagad kovids kļuvis ikdienišķu parādību ivermektīns ikdienišķu kovida ārstēšanas līdzekli veselības inspekcija laipna savas aplamības labotu citādi visai viņi izskatās analfabētisms slavējama lieta pētījumi tos jāspēj izlasīt vēlmei darīt kopā mēs varam dr e mednis agenskalnaklinika kopamesvaram dzivebezbailem izglabdraugu sargibernus
738,30.09.2022 09:59:19,Āgenskalna klīnika,,,pavecāks aināra kadiša raksts es varētu parakstīties piekrītu vārdam kopā mēs varam dr e mednis agenskalnaklinika kopamesvaram dzivebezbailem izglabdraugu sargibernus
744,03.10.2022 23:19:17,Āgenskalna klīnika,,,saucamās vēlēšanas lētticīgo ļautiņu krāpšanas loterijas pasākums beidzies šķiet paģiras šoreiz iestājās uzreiz jāgaida mēnesis divi klausos cilvēkus sev apkārt balsojis kariņu blici viņi līderi vislielāko tautas atbalstu jūs ticiet es īsti svarīgi balso svarīgi skaita balsis svarīgi jūs atdodiet savu balsi viņiem es paturēju sev tādējādi izvairījos paģirām runājot cilvēkiem vēlēšanām dzirdēju faktiski vienu argumentu traks atdosi savu balsi kariņam sekmēsi ievēlēšanu bailes cilvēkos joprojām liek pieņemt absurdus lēmumus redzēt pasauli kāda dīvaini savu realitāti veidojam mēs paši savu bailēm labu izveidot būtības destruktīvas interesantā laikā dzīvojam mums izdosies kopā mēs varam dr e mednis agenskalnaklinika kopamesvaram dzivebezbailem izglabdraugu sargibernus
746,09.10.2022 11:00:17,Āgenskalna klīnika,,,mana saruna brīnišķīgu skolotāju bērnu grāmatu autori mākslinieci initu zērieti kopā mēs varam dr e mednis agenskalnaklinika kopamesvaram dzivebezbailem izglabdraugu sargibernus
748,11.10.2022 23:05:14,Āgenskalna klīnika,,,es lēnām aināra kadiša fanu jāveido klubiņš skaudri precīzi atkal apraksta situāciju šoreiz vēsturisku atskatu latvijas tautas čakarēšnu izģērbšanu brīvības vārdā iluzoras brīvības mums iebaroja 30 gadus atpakaļ zivij slieku āķa mēs redzēsim mums kopā pietiks spēka izrauties šīm lamatām es zinu pietiks pietiks gana kopā mēs varam dr e mednis agenskalnaklinika kopamesvaram dzivebezbailem izglabdraugu sargibernus
752,11.10.2022 23:23:52,Āgenskalna klīnika,,,interesanti pats faizers atzīst saucamās vakcīnas pārbaudītas cilvēkiem drošas efektīvas vīrusa pārneses pārtraukšanā domāju mēs daudz interesantu atklājumu redzēsim dzirdēsim afēras sakarā atslepenotie faizer dokumenti atklāj klaju krāpšanos grūtnieču datiem pareizāk sakot injekciju drošības pārbaudēm grūtniecēm interesanti reizē baisi falsificēja datus apzinājās kādu postu cilvēkiem kopā mēs varam dr e mednis agenskalnaklinika kopamesvaram dzivebezbailem izglabdraugu sargibernus
754,17.10.2022 22:16:41,Āgenskalna klīnika,,,ļoti labs teiciens atspoguļo izgaismo pēdējos divos gados pieredzēto saprasto farmācijai dabas dziedniecībai visai tagad dēvētai medicīnu būtības pamata medicīna visai tradicionāla visai ilgu vēsturi pretstatā rokefellera farmācijai 100 gadi kopā mēs varam dr e mednis agenskalnaklinika kopamesvaram dzivebezbailem izglabdraugu sargibernus
756,17.10.2022 23:53:41,Āgenskalna klīnika,,,derīga ideja pamēģinām izdarīt fb algoritms kopā mēs varam dr e mednis agenskalnaklinika kopamesvaram dzivebezbailem izglabdraugu sargibernus
758,19.10.2022 09:36:16,Āgenskalna klīnika,,,ainārs kadišs mūsu mūsu morālajām vērtībām elkdievību vērts izlasīt aust jauna diena kopā mēs varam dr e mednis agenskalnaklinika kopamesvaram dzivebezbailem izglabdraugu sargibernus
763,20.10.2022 10:48:35,Āgenskalna klīnika,,,interneta dzīlēs uzgāju bildi izklausās loģiski mūsu organismā veidojas skābekļa trūkuma paskābināšanās sēžam birojā vēlams kompjūtera uzgraužam laikam kādu buciņu citu saldumiņu padzeramies kafiju laiciņam kopā kolēģiem izdarījuši pieaicinātu slimības vēlams sportiņa skābekļa pietrūkst šūnām izrādās dzīvē vienkārši atkarīgs mums pašiem mūsu gribas saprāta laika trūkums atrunas dzīvē atkarīgs prioritātēm mēs paši sev uzstādām visās savās likstās slimībās vainīgā esam mēs paši realitāti izveidojām uzņemamies pilnu atbildību savu dzīvi beidzam vainot ārējos apstākļus paši paši mēs atbildām mums kariņš pavļuts baidens dievs cits paši mēs dzīvosim mēs paši esam dievs paši radām savu realitāti paskatāmies patīk esam labi pastrādājuši zinām jāiestrādā atrotām piedurknes priekšu kopā mēs varam dr e mednis agenskalnaklinika kopamesvaram dzivebezbailem izglabdraugu sargibernus
765,27.10.2022 23:05:36,Āgenskalna klīnika,,,vakcīnas drošas efektīvas samazinātu saslimstību vakcinēsieties slimosiet vieglāk līdzīgus saukļus dzirdējis ikkatrs daudzi uzķērušies makšķeres ļāvušies pierunāties attiecas konvencionālajām vakcīnām bērnu kalendārā paredzētās indes devu moderno vīrusu sauc vakcīnu šobrīd vairāk jebkad tēma aktuāla ļoti daudz blakņu indes devām grafēna injekcijām gripas potēm viens skaudrs stāsts māmiņa zaudējusi mazuli 23 grūtniecības zaudējusi iespējams ļāvusies ginekoloģei pierunāties gripas vakcīnu dažas grūtnieces gripas es kādreiz diezgan lojāls konvencionālo vakcināciju redzot pēdējo divu laikā redzot dzirdot tos melu kalnus stāstīti masu medijos citur klausoties kolēģu teiktajā reizēm pārņem šausmas tiešām jūs kolēģi domājiet pēdējo divu melu kalniem man pārskatīt savu ļoti lojālo attieksmi jautājumā skaidri uzzīmējās iespējamā korupcija latvijas līmenī eiropas pasaules skaidri parādījās biznesa shēmas farma lobijs politikā likumu pieņemšanā valstu politikas brrrr šermuļi skrien kauliem domājot dīvaina pasaule atceramies savu realitāti veidojam mēs paši savu dzīvi atbildīgi esam mēs pats labu sliktu lietu mums visa pieredze visa laba reizēm skaudra acīm redzot kādu iemeslu mums protams ārstus pilnīgi jautājumā iespējamās blaknes medikamentu vakcīna viņiem jāatbild likuma savas sirdsapziņas dieva priekšā mums saviem labajiem labajiem darbiem stāsts vērtīgs iespējams liks ļoti daudziem padomāt pārvērtēt savu rīcību katrā ziņā mūs censtos pārliecināt mums vienmēr izvēle domājam līdzi lozungiem mūs apmānīt domājam mēs varam dr e mednis agenskalnaklinika kopamesvaram dzivebezbailem izglabdraugu sargibernus
768,30.10.2022 00:02:35,Āgenskalna klīnika,,,vēlēšanām amerikā gada mēs varam sagaidīt līdzīgu albertas provincē kanādā provinces premjerministre atvainojās valdība darīja divus gadus skaisti kariņa kungs sadūšotos līdzīgu visa mūsu svētā trīsvienība izpildītu kopā mēs varam dr e mednis agenskalnaklinika kopamesvaram dzivebezbailem izglabdraugu sargibernus
771,31.10.2022 20:09:32,Āgenskalna klīnika,,,ļoti vērtīgi emocionāli mēs varam dr e mednis agenskalnaklinika kopamesvaram dzivebezbailem izglabdraugu sargibernus
772,01.11.2022 10:57:33,Āgenskalna klīnika,,,lasot aināra kadiša rakstīto reizē paliek skumji priecīgi skumji daudzi gaiši cilvēki pazinu mēģināja iekāpt mēslu bedrē priecīgi viņiem viņiem iespēja saglabāt savu cilvēcisko tēlu būtību laikam uzpeld pēcvēlēšanu atraugas pārmetumiem saprotams dara tādējādi pauž savu vilšanos sāpes labāko simtniekā acīm redzot pilnīgi degradējušies iekļūtu vilšanās liela vietā meklētu blusas viens otram padomāsim mēs varam padarīt zemi gaišāku labāku pārticīgāku raujoties varas klusām strādājot apkopjot savu lauciņu esmu pārliecināts iespējams kopā mēs varam dr e mednis agenskalnaklinika kopamesvaram dzivebezbailem izglabdraugu sargibernus
778,03.11.2022 00:36:54,Āgenskalna klīnika,,,tagad esam jūtūbā pirmais video ielikts plānojam apkopot manas sarunas bijušas mēs varam dr e mednis agenskalnaklinika kopamesvaram dzivebezbailem izglabdraugu sargibernus
779,04.11.2022 00:54:54,Āgenskalna klīnika,,,laikam man uzraksta jautājumu manis ivermektīnu vienmēr uzdodu pretjautājumu vajag atbilde parasti vienkārša temperatūra slikta pašsajūta jāuzraksta plašāk sīkāk vajāšanas inspekcijas aizliegumu ivermektīnu runāt domāju gadījumā jārunā esam aizmirsuši paaugstināta temperatūra augstas temperatūras parasti slikta pašsajūta likums simptomi pamats stiprām zālēm cilvēki iebaidīti pirmā gada plāndēmijas slimošanām slimoja patiešām smagi patreiz varu teikt slimo ierastā ritmā slimošana viegla vairumā gadījumu īslaicīga reizēm mēdz augstas temperatūras 38 39 grādi atceramies paaugstināta temperatūra organisma aizsargreakcija organisms ātrāk tiktu vaļā iebrucēja vismaz pirmās 3 5 dienas atkarībā papildus simptomiem pavisam lietas miers šķidrums lielākā daudzumā parasti pietiek krist panikā meklēt stipras zāles izārstētu 3 trijās dienās domāju šobrīd ivermektīns izveseļošanos joprojām uzskatu ivermektīns ļoti derīgas iedarbīgas zāles zālēm ivermektīnam savas indikācijas es iesaku ļoti smagos gadījumos vieglākos gadījumos galā vieglākām zālēm aicinu saprātīgiem panikā zāles lietot citas iespējas izsmeltas kopā mēs varam dr e mednis agenskalnaklinika kopamesvaram dzivebezbailem izglabdraugu sargibernus
780,04.11.2022 23:48:04,Āgenskalna klīnika,,,sarunas turpinājums kopā mēs varam dr e mednis agenskalnaklinika kopamesvaram dzivebezbailem izglabdraugu sargibernus
784,08.11.2022 11:09:52,Āgenskalna klīnika,,,pamazām gaismā daudzas lietas saistītas saucamajām vakcīnām iespējams advancēta pašbūvējas mūsu organismā iemesls pielietojums gribiet ticiet pārdomām kopā mēs varam dr e mednis agenskalnaklinika kopamesvaram dzivebezbailem izglabdraugu sargibernus
789,09.11.2022 20:13:08,Āgenskalna klīnika,,,kovic slikts jāmāk gūt labumu jebkuras situācijas dzīvē te skats citas puses daļu sarkasma kopā mēs varam dr e mednis agenskalnaklinika kopamesvaram dzivebezbailem izglabdraugu sargibernus
791,09.11.2022 20:42:40,Āgenskalna klīnika,,,te mēs jūtūbā mēs varam dr e mednis agenskalnaklinika kopamesvaram dzivebezbailem izglabdraugu sargibernus
792,09.11.2022 23:30:20,Āgenskalna klīnika,,,interesanta ziņa sērijas jāpierāda mēs runājām gada daudzām māmiņām dzimušajiem bērniņiem jācieš apjēgtu te sakarība sakarība kovidinjekciju dzimušiem bērniem injekciju spontānajiem abortiem makss morics teica daudz priekšā liekam jaunu bildi iekšā ļoti daudz atklāsies ļoti daudz sāks runāt medijos sazvērestības teorijas mūsu ikdienu vienīgi interesanti saka mūsu ginekoloģijas dzemdniecības flagmaņi dr veisa prof rezeberga kovidinjekcijas joprojām viņuprāt drošas efektīvas grūtniecēm kopā mēs varam dr e mednis agenskalnaklinika kopamesvaram dzivebezbailem izglabdraugu sargibernus
794,12.11.2022 09:22:22,Āgenskalna klīnika,,,ierakstu sāku rakstīt vakardien tagad esmu gatavs paturpināt šodien lāčplēša diena mums jāgodina savi varoņi krita kaujās latviju braucot pilsētu ļoti reti redz plīvojam sarkanbaltsarkano karogu sevišķi privātajā sektorā iespējams pēdējie gadi mainījuši cilvēku tautas apziņā labāko pusi mums īstu līderu pagaidām plašākai publikai parādījušies pagaidām redzami izpilda vasaļu lomu ārvalstu kungiem pilnīgi zemē vienīgi sīkas intrigas pārējo mums ārlietu ministru savulaik zigfrīds anna meierovics valsts vadītāji kārls ulmanis patiešām rūpēja valsts privātās kabatas attīstība attīstīja rūpniecību lauksaimniecību mūsu zemē sāpīgi šobrīd dzīvojam svešu dzīru galda izpārdodot likvidējot rūpniecību pārdodot zemi ārvalstniekiem pazeminot koku ciršanas vecumu cita vairs zemes varētu tīro vasaļi sakrāmēs savus čemodānus muks saviem saimniekiem skumji skatīties vienīgais varam darīt kopt savu lauciņu rūpēties sevi saviem tuvākajiem savu zemi pašiem labi spējam dzīvot līdzi pārmaiņām mums globāli atkarīgas viena otra demokrātiski ievēlēta personāža vienīgi atkarīgas katra mums darām savu darbu domājam izturamies saviem līdzcilvēkiem savu zemi vietu dzīvojam es ticu visai drīz pienāks laiks patiešām gribēsies izkārt karogu savas zemes karogu savu karogu svinēt dzīvi uzvarējuši pats sevi pirmkārt glumos savtīgos muļķīgos patiešām saimnieki savā zemē kopā mēs varam dr e mednis agenskalnaklinika kopamesvaram dzivebezbailem izglabdraugu sargibernus
799,15.11.2022 10:21:01,Āgenskalna klīnika,,,dīvaini vairākas saucamās vakcinācijas sejas beigušas savas dzīves gaitas indijā asv tagad argentīnā laikam pagaidām visjaunākā seja vakcīnas drošas efektīvas patiešām kopā mēs varam dr e mednis agenskalnaklinika kopamesvaram dzivebezbailem izglabdraugu sargibernus
804,16.11.2022 23:06:19,Āgenskalna klīnika,,,tagad jūtūbā labākā kvalitātē mēs varam dr e mednis agenskalnaklinika kopamesvaram dzivebezbailem izglabdraugu sargibernus
805,18.11.2022 21:25:45,Āgenskalna klīnika,,,kārtējais aināra kadiša rakstītai grūti šobrīd sajūta dzīvojam brežņeva laika psrs īsti savas savas savai zemei lojālas valdības tautsaimniecības izsaimniekošanu rūpniecības likvidēšanu utt sarakstu šķiet bezgalīgi turpināt faktiski savas valsts mums ilūzija mums ārzemju onkuļi cenšas iepārdot ietītu skaistā faņķikā drūmi svētku sajūtas īsti pamata kopā mēs varam dr e mednis agenskalnaklinika kopamesvaram dzivebezbailem izglabdraugu sargibernus
807,22.11.2022 23:32:24,Āgenskalna klīnika,,,vērtīga filma iznākusi pēkšņi miris filma kovid indes devu radītajām sekām vērts mēs varam dr e mednis agenskalnaklinika kopamesvaram dzivebezbailem izglabdraugu sargibernus
808,25.11.2022 00:31:17,Āgenskalna klīnika,,,tagad esam citās platformās skatieties mūs odysee kanāls bitchute kanāls iepriekšējās vecākās sarunas tagad kanālos vienuviet kopā mēs varam dr e mednis agenskalnaklinika kopamesvaram dzivebezbailem izglabdraugu sargibernus
809,27.11.2022 20:19:58,Āgenskalna klīnika,,,interesantas ziņas gaismā paturēsim prātā vienu lietu farma velti daudzas vakcīnas ienākušas 1993 gadā valstij uzdāvināts 200 tūkstošiem devu hemofilus influencae viena mengītu paveidiem vakcīna laikā ģimenes ārsti vienmēr daudz piedāvāja vienkārši iedūra jauno vakcīnu 1995 gadā es sāku strādāt iecirkņa pediatrs purvciemā pats savām acīm redzēju vakcīnas blaknes uzkrītoši daudz gandrīz otrajam profesore rozentāle publiski paziņoja vakcīna droša efektīva iekļaujama obligātajā vakcinācijas kalendārā sīkums laikā mums pieejama hemofilus influenae diagnostika interesanti efektivitāte kopā mēs varam dr e mednis agenskalnaklinika kopamesvaram dzivebezbailem izglabdraugu sargibernus
811,27.11.2022 20:41:39,Āgenskalna klīnika,,,esmu izveidojis savu jūtūba kanālu publicētas vecākas manas sarunas dažas aivja vasiļevska sarunas pats bitchute odysee spēkavots linkus publicēšu vēlāk kopā mēs varam dr e mednis agenskalnaklinika kopamesvaram dzivebezbailem izglabdraugu sargibernus
813,28.11.2022 12:09:31,Āgenskalna klīnika,,,jūtūbs mani dzēš pagaidām izdzēsti sekojoši video 22 lauris līcītis edgara medņa saruna klīnisko imunologu lauri līcīti 30 03 2022edgars mednis alekseju rosļikovubērni augstākā prioritātetos odysey bitchute meklējiet kanāla spēkavots kopā mēs varam dr e mednis agenskalnaklinika kopamesvaram dzivebezbailem izglabdraugu sargibernus
814,28.11.2022 23:48:46,Āgenskalna klīnika,,,esam pirmos video augšuplādējuši savā odysee kanālā sākām tiem jūtūbs pieejami mēs varam dr e mednis agenskalnaklinika kopamesvaram dzivebezbailem izglabdraugu sargibernus spekavots
816,29.11.2022 22:24:10,Āgenskalna klīnika,,,dr tess lawre vēršas latvijas bērnu vecākiem vērts izplatīt tālāk tādējādi mēs varam bērnam izglāb dzīvību veselību saite video lejuplādei mēs varam dr e mednis agenskalnaklinika kopamesvaram dzivebezbailem izglabdraugu sargibernus spekavots
820,02.12.2022 09:44:30,Āgenskalna klīnika,,,elektriskos transporta līdzekļus mums pasniedz videi draudzīgus itkā apkārtējā vidē piesārņojumu tiem ārā toksiski apkārtējai videi runa elektrības iegūšanu vienmēr videi draudzīga protams baterijām iespējams lielāks piesārņojums fosilā degviela attēls redzama elektrisko skūteru kapsēta rūsē pienāks brīdis baterijas sāks tecēt vidē mums sarkanie ekoloģiski tīrs transporta veids kopā mēs varam dr e mednis agenskalnaklinika kopamesvaram dzivebezbailem izglabdraugu sargibernus spekavots
822,02.12.2022 10:06:56,Āgenskalna klīnika,,,kolosāla ziņa labi saprātīgi cilvēki pasaulē kopā mēs varam dr e mednis agenskalnaklinika kopamesvaram dzivebezbailem izglabdraugu sargibernus spekavots
824,04.12.2022 23:17:00,Āgenskalna klīnika,,,esam izmēģinājuši vairākas platformas mūsu filmētajiem video patreiz labāko esam atraduši bitchue mūsu kanāls platformā jūtūbā izvietot video lieguma beigām jāpielāgojas situācijai jāmeklē labākais risinājums kopā mēs varam dr e mednis agenskalnaklinika kopamesvaram dzivebezbailem izglabdraugu sargibernus spekavots
825,07.12.2022 10:22:55,Āgenskalna klīnika,,,dažām dienām runāju cilvēku uk man satraukti stāstīja valstī daudz bērnu mirstot skarlatīnas skarlatīna streptokoku izraisīta saslimšana dzīvībai bīstamai daudz adekvāti ārstē izklausījās dīvaini bērni mirst bērniem ļoti labi attīstīti dažādi kompensācijas mehānismi spēj darīt brīnumus bērniem attīstītā valstī jāmirst streptokoka izraisītas saslimšanas šodien ieraudzīju ziņu pielikumā uzreiz rodas jautājums tagad dažādos veidos cilvēkiem mēģina dabūt iekšā šķiet ideja zelta miljardu dažu galīgu plānprātiņu iztēles auglis politika sistemātiski īstenota visā pasaulē acīmredzamais cits kovidindēm sarunājoties cietušajiem mati ceļas stāvus stāstiem tālāk rodas pamatots jautājums mēs mūsu bērni varam pasargāti veicot jebkuru medicīnisku manipulāciju iestājoties slimnīcā akūtā plānveida kārtā aizejot ģimenes ārsta saņemot obligāto bērnu vakcināciju utt izskatās tagad izmēģināts kovidindi tagad labo mēģina pievienot gripas potēs izslēgts pārējās sargājam sevi savus bērnus savus vecākus sev darīt medicīnisku manipulāciju kāmēr saņēmuši loģisku skaidru izskaidrojumu riski redziet ārsts mēģina iebiedēt atrunāties izpratnes tēmu mūciet ātrāk labāk iespējams jūs izglābsiet veselību dzīvību jāiztur sistēmas agonija labi acīm redzot mums jāmaina skatījums lietām vairs vecam kopā mēs varam dr e mednis agenskalnaklinika kopamesvaram dzivebezbailem izglabdraugu sargibernus spekavots
828,07.12.2022 11:24:39,Āgenskalna klīnika,,,te dati mums piedāvā pneimokoka pats streptokoks vakcīnu pasargātu streptokoku plaušu karsoņa dīvaini kopā mēs varam dr e mednis agenskalnaklinika kopamesvaram dzivebezbailem izglabdraugu sargibernus spekavots
830,10.12.2022 23:50:50,Āgenskalna klīnika,,,patiesi vienmēr tieši ainārs kadišs
836,14.12.2022 22:10:34,Āgenskalna klīnika,,,jūtūbā esmu garāku straiku jaunus raidījumus kādu laiciņu ielādēt galveno kanālu internetā mums bitchute manas mūsu komandas sarunas links kanālu kopā mēs varam dr e mednis agenskalnaklinika kopamesvaram dzivebezbailem izglabdraugu sargibernus spekavots
837,21.12.2022 23:22:54,Āgenskalna klīnika,,,paspēt pāris lekciju tiem vēlas brīvi sistēmas domā savu personīgo brīvību ļoti interesants termins suverēns tāds cilvēks pats spēj vēlas sevi parūpēties vajadzīgas sistēmas aizbildniecība sarežģīti kādreiz jāsāk protams vēlamies apmierina vislabākajā kārtībā mēs pats esam atbildīgi sevi savu dzīvi saviem bērniem stūrēsim brauksim mums izdodas kopā mēs varam dr e mednis agenskalnaklinika kopamesvaram dzivebezbailem izglabdraugu sargibernus
839,21.12.2022 23:47:11,Āgenskalna klīnika,,,ainārs kadišs latviešu uzpūtību sīkmanību absolūto tuvredzību redzēt tālāk savu deguna galu saimnieka rādītājpirkstu skumji mēs kādreiz saimnieki savā zemē spēsim pacelties pāri ierastajiem kašķiem sīkmanībai mēs pats sevi suverēni mums valsts mūsu zeme kopā mēs varam dr e mednis agenskalnaklinika kopamesvaram dzivebezbailem izglabdraugu sargibernus
844,28.12.2022 00:14:55,Āgenskalna klīnika,,,pasaulē dzīvojot dienu paliek jautrāk brīža jautrību izraisīja sekojoša ziņa iespējams stinguma krampju vakcīnai pievienotas izraisošas zāles prijehaļi tālāk sanāk šobrīd ticība farmācijas industrijai medicīnai tādai līdzvērtīga šobrīd ietu ārsta lietotu jebkādas klasiskās zāles ļoti stingrai pārliecībai ārsta goda prātu zina izraksta katrā ziņā vakcīnām paliek bīstamāk prātā geitsa teiktais mēs vakcīnām labi pastrādāsim populāciju iespējams samazināt 10 15 diezgan skarbi pēdējo divu pieredze rāda ļoti reāli šobrīd pilni kapi svaigām kapu kopiņām apglabāti jauni spēcīgi cilvēki ticēja zinātnei sanāk konvencionālajām vakcīnām grib piebeigt tos zinātnei vāju bailīgu atteiktos vakcinācijas mūsu bērnus mazbērnus padarītu radīt pēcnācējus lūdzu jums arguments kopā mēs varam dr e mednis agenskalnaklinika kopamesvaram dzivebezbailem izglabdraugu sargibernus
846,30.12.2022 09:00:40,Āgenskalna klīnika,,,tuvojoties mijai jāpavada vecais gribas izteikt vēlēšanos vēlēšanās jaunajam gadam jāpadomā paliek faktiski mūsu enerģija materiālajā pasaulē paliek mēs ieguldām man savulaik viens labs paziņa teica man vienalga es savu atdodu pērkam ņemam pakalpojumus sniedzējs mums patīkams laikam gandrīz vienmēr reizēm upurējam savu ērtību slēptie parazīti mēs ikdienā redzēt dikti ērti tāpat maskas 5 minūtēm tāpat ai 36 santīmi ļoti liela daļa mūsu aiziet bankām maksājums karti mūs tuvina globālajai pārvaldei sociālo kredītu sistēmai padomājiet jūs ikdienā iepērkaties karti visi jūsu paradumi iepirkšanās laiki gaume utt bankai redzama ļoti viegli izsekojama pienākt brīdis jūs tiekat uzskatīts labu lojālu citādi derīgu korporācijas lv eu dalībnieku biedru piekļuve bankas kartei atvainojiet pakalpojums jums pieejams mirkli pamēģiniet iztēloties savas sajūtas dzīvi sistēmā slima suņa murgi padomājiet 5 gadiem jums teiktu pienāks laiks veikalā zeķes cilvēki medicīniskas manipulācijas veikšanas iepirkties veikalos jūs atbildētu jucis pilnīgi mēs piedzīvojām vērts ieklausīties citās saucamajās sazvērestības teorijās te cilvēks sarēķinājis izskatās mūsu ceļojot rokas rokā mūsu enerģija pilītei rindas beigās vairs vienmēr jāmaksā skaidrā bankas karti man kabatā 50 eiro banknote es aiznesīšu restorānu samaksāšu vakariņām restorāna īpašnieks izmantos 50 eiro apmaksātu rēķinu automašīnas mazgāšanu automazgātavas īpašnieks friziera samaksās savu frizūru 50 eiro frizieris izmantos pasūtījuma veikšanai lielveikalā maksājumiem mana 50 eiro banknote paliek izpildījusi savu mērķi izmantoja maksājumu bankai darba iejaukšanās darījumos tagad došos restorānu maksāju digitāli bankas karti mana digitālā maksājuma izmaksas iekasētas restorāna īpašnieka ieskaitot darījumu izmaksas procentos vidēji 25 samazinās 125 eiro papildu maksājuma darījumu maksājuma darījums maksā 125 pašas izmaksas realizētas restorāns digitāli apmaksā veļas mazgāšanas rēķinu maksājumi friziera sekojošie maksājumi pirmajiem 36 darījumiem 50 paliks 5 atlikušie 45 bankas īpašumā pateicoties digitālajiem darījumiem komisijām turklāt debetkarte maksā vidēji 225 eiro mēnesī mēneša uzkrāšanas jūsu 50 eiro 4775 eiro vērti domājam darām atbalstām tos vēlamies atbalstīt tos vinnijs pūks gandrīz mums priecīgs bagātīgs veselīgs jaunais kopā mēs varam dr e mednis agenskalnaklinika kopamesvaram dzivebezbailem izglabdraugu sargibernus
848,09.01.2023 09:42:30,Āgenskalna klīnika,,,diezgan veca saruna karen mullis pcr testa izgudrotāju kādreiz esmu publicējis piemontēta otra daļa izsakās fauči asv galveno redzamo ideologu visai afērai te gudrākais medicīnas speciālists lielvalstī lv copy paste asv parauga mēs varam dr e mednis agenskalnaklinika kopamesvaram dzivebezbailem izglabdraugu sargibernus
849,09.01.2023 21:19:31,Āgenskalna klīnika,,,interesants plakāts anglijā pieliekam klāt eitanāzijas reklamēšanu kanādā citās valstīs pēdējo 2 indes injekciju postu saliekas kopā bilde es kļūdos vis globālo lielo spēlētāju mērķis uzrakstīts plakātā pateikt vienā vārdā depopulācija skan baigi tāds iespaids paliek vērojot mūsu daudz mēs useless eaters globālistu kundziņiem izteicās viņi plosās darbības uzliek mums lielu pienākumu lietot savas smadzenes kurp mūs ved izglītojam savus bērnus izslēdzam panorāmu citus parazitārus medijus lietojam skaidru domājam domājam domājam veicam garīgas prakses vienīgā izeja zinu mēs varam mēs paveiksim kopā mēs varam dr e mednis agenskalnaklinika kopamesvaram dzivebezbailem izglabdraugu sargibernus
852,10.01.2023 12:28:52,Āgenskalna klīnika,,,mūsu šodien jautrāka vieglāka te humora deva kopā mēs varam dr e mednis agenskalnaklinika kopamesvaram dzivebezbailem izglabdraugu sargibernus
854,11.01.2023 15:59:29,Āgenskalna klīnika,,,vienā grupām kāda laiciņa cilvēki piedāvāja online pasākumu instagram grupa advancēta gaišiem cilvēkiem pilna es uzdevu jautājumu instagram cukurkalna kantoris manus komentārus brīdinājuma dīvaini tiešām īsti skaidrs pasaule uzbūvēta valda pasaulē pāris lielo uzņēmumu pieder lielie mediji farmācijas uzņēmumi sociālie tīkli utt paši mums sagādāja izklaides pēdējo divu garumā domā turpmākajām izklaidēm jautājums enerģiju mēs vēlamies atdot es lietoju fb atdodu savu enerģiju pirmkārt cukurkalnam tāpat instagram tāpat vatsapu citiem tīkliem mums kodi veikalos maskas 5 minūtēm mums cenzūra fb dumpīgākus komentārus jau uzrakstīsim citu būtiski ielikšu citu mēs lietojam mums kaitē atdodam savu enerģiju tiem mums cilvēci tiem domā depopulāciju vēsu seju realizē mūsos pašos katrā mums manī tevī viņā viņos mūsos citā mēs barosim savus mocītājus viņi mūs mocīs faktiski upura varmākas attiecības upuris zināms vienmēr aizstāvēs varmāku gatavs pakļauties mums gatavi paši 5 10 vairāk pārējie sava izdevīguma labā turpinās darīt liek klusībā paraudās grūto dzībi līku muguriņu turpinās kalpot varmākam mostamies iztaisnojam muguras esam paši sevi uzņemamies atbildību savu dzīvi mums izdosies kopā mēs varam dr e mednis agenskalnaklinika kopamesvaram dzivebezbailem izglabdraugu sargibernus
856,11.01.2023 16:21:00,Āgenskalna klīnika,,,te kolosāla faizera vadošā zinātnieka atklātības lēkme izrādās strādāja tāds mērķis izraisīt sirdsdarbības problēmas jauki ticam zinātnei medijiem protams savai valdībai kopā mēs varam dr e mednis agenskalnaklinika kopamesvaram dzivebezbailem izglabdraugu sargibernus
858,12.01.2023 11:08:36,Āgenskalna klīnika,,,spēj turēt acis vaļā tiiik daudz interesanta atklājas esmu pateicīgs dzīvoju tieši laikā ļoti daudz koncentrēti varētu uzzināt pasaules kārtību procesiem šobrīd skatos galvenais process depopulācija saucamajām vakcīnām vakcīnas kariem tiem salīdzinoši cilvēku dabūt zemes konvencionālajām vakcīnām vairāk parādās informācijas stinguma krampju vakcīna uzlabota veic papildus funkciju bērnu sterilizāciju kārtējā konspirācijas teorija zināms pēdējo divarpus laikā sākotnēji konspirācijas teorijas piepildījušās matemātisku precizitāti deivids aiks runāja citas savādāka piedodiet papildus piesardzība ļaunu šobrīd ticība farmācija tieši vismaz man zinu viens sajūtu klasiskā medicīna sevi sakompromitējusi tāpat zinātne mūs aicināja ticēt tagad pilni kapi ticīgo apbedīšanas uzņēmumu peļņa krietni pieaugusi skarbi ļoti dzīve rāda mūsu daļa lietā redzēt spītīgi paklausīt spītīgi turēties vecām dogmām savām bailēm zināms pareizu ceļu parādījušas te kārtējais raksts filma lielie vīri mēģina mūsu skaitu samazināt gribiet ticiet gribiet mainās pašam kopā mēs varam dr e mednis agenskalnaklinika kopamesvaram dzivebezbailem izglabdraugu sargibernus
860,12.01.2023 11:50:09,Āgenskalna klīnika,,,te japāņu pētījums singapūrā viena visvairāk vakcinētajām valstīm 90 iedzīvotāju interesanti secinājumi vakcinētie slimo biežāk smagāk maskās aug flora fauna labāk sevišķi tiem izvelk kabatas pelēku kļuvušu masku uzstūķē deguna drošāk esmu reizes rakstījis atgādinājumam pētījumiem mums pierādījumiem balstīta medicīna mēs varam dr e mednis agenskalnaklinika kopamesvaram dzivebezbailem izglabdraugu sargibernus
861,12.01.2023 13:43:22,Āgenskalna klīnika,,,te organizatorisku lietu faizeru biontech ķīniešiem vidu melindas geitsu labdarības fonds lēta bodīte mēs varam dr e mednis agenskalnaklinika kopamesvaram dzivebezbailem izglabdraugu sargibernus
862,13.01.2023 09:37:52,Āgenskalna klīnika,,,tagad mums jauns ēdiens circeņi daļēji attaukoti eiropas komisija izdevusi regulu apstiprina dzīvnieciņu mūsu jauno ēdienu interesanti van der leijenas kundze pati baudīs maltīti domāta zemākajām kastām katrā ziņā ņemam labu labu apetīti kopā mēs varam dr e mednis agenskalnaklinika kopamesvaram dzivebezbailem izglabdraugu sargibernus
864,17.01.2023 00:50:11,Āgenskalna klīnika,,,skarbā realitāte 2023 gadā samazināta pasaules populācija 50 saka alberts bourla faizera boss slēpts šobrīd apsveikt tos viņiem paveicās tālāk paveicās mazāk saņēma 1 2 šprices tiem lielākas izredzes šprici izredzes izdzīvot strauji samazinās mēs redzam šobrīd redzēsim tuvākajos dažos gados tagad mirstības skaitļi bbc datiem sliktākie pēdējo 50 laikā turpinām izturam mazāk mēs iesaistīsimies visā jampadracī mazāk enerģijas mēs viņiem atdosim ātrāk mēs ārā tagad švāba kungs varējis piedalīties sava foruma atklāšanā veselības turpināsies kopā mēs varam dr e mednis agenskalnaklinika kopamesvaram dzivebezbailem izglabdraugu sargibernus
866,17.01.2023 00:54:55,Āgenskalna klīnika,,,iepriekšējā ieraksta ilustrācijai uk dati pārāk iepriecinoši katrā ziņā injekcijas drošas efektīvas jautājums sūtību mērķi tāds mums stāstīja savu uzdevumu pilda godam patieso uzdevumu mums oficiālajos medijos runājām mēs mūs sauca sazvērestības teoriju izplatītājiem redzams sazvērestības teorijas piepildās matemātisku precizitāti kopā mēs varam dr e mednis agenskalnaklinika kopamesvaram dzivebezbailem izglabdraugu sargibernus
868,17.01.2023 11:58:35,Āgenskalna klīnika,,,video faizera prezidentu teikto izrādās pilns sarunas ieraksts zemāk dienas kārtību depopulācija iet plašiem soļiem priekšu sargājam sevi savus tuvākos mēs varam dr e mednis agenskalnaklinika kopamesvaram dzivebezbailem izglabdraugu sargibernus
869,22.01.2023 11:31:19,Āgenskalna klīnika,,,parādījusies jauna tendence špricēt gripas kovid šprici vienlaikus apvienotā laikam iespējas vairāk cilvēkiem dabūtu iekšā tiem kovidšpricei aizmirst sekas te piemērs atgadīties sakritība laikam likumsakarība šobrīd masveida cilvēku iznīcināšana depopulācija zelta miljardam sazvērestības teorija muļķības iespējams paskatieties atpakaļ laikā sazvērestības teorijas piepildījušās piepildās tiem iesaku aprunāties kādu bēru organizēšanas uzņēmuma pārstāvi izvadītāju viņi pastāstīs šobrīd viens ienesīgākajiem biznesiem mirstot jauni cilvēki 30 50 gadus veci apjomā redzēts sakritība protams sakrīt laiku masveida kovidšpricēšanas slimo tendence vairāk devu cilvēks saņēmis biežāk slimo rakstīju es daudzi citi trešā devas vairumā gadījumu iestājas imūndeficīts sevi apmuļķot kopā mēs varam dr e mednis agenskalnaklinika kopamesvaram dzivebezbailem izglabdraugu sargibernus
871,24.01.2023 15:19:14,Āgenskalna klīnika,,,tiešām padomju laiki atgriežas toreiz vismaz armijā studentus ļaujot viņiem pabeigt mācības sievietēm mūs mudina ienīst krievus krievisko pašu valdībnieku rīcība padomju oficioziem izrādās mums gudrus izglītotus cilvēkus mums cilvēkus kaimiņus suņu bariņu rej saimnieka pavēles totāls idiotisms kolosāla man aizdomas otro pēdējo divu laikā redzējis krietnu rīcību saeimas mk puses klaju savu tautu cilvēkiem apdzīvo teritoriju latvijas teritoriju reaktīvo lidmašīnu pārlidot pusstundas laikā raķeti sasniegt rīgu minūtēs mēs gribam karot vārdā gribam pārvērst savu zemi kaujas poligonu izmēģināt reālā kaujā modernie ieroči aizstāvēsim krišjāni kariņu kliķi lielkungu liegabalgaļa kārtējie izmēģinājuma trusīši mēs mūsu bērni iesauks obligātajā dienestā runā vienu iespējas kārtējam psiholoģiskajam spiedienam labi zināms miers baro posta vairāk mēs sevī uzturēsim vairāk paši sev kaitēsim šobrīd ģeopolitiski procesi domāju 95 cilvēku īsti es skaitā pagale viena balts melns mēs īsti patreiz pasaulē īsti iejaukties sen zināms divi kaujas trešajam līst dabūs pirmais es iestājos jebkuru vardarbību jebkurā formā maniem bērniem jādien armijā sevišķi piespiedu brīvprātīgā kārtā es darīšu iespējamo viņi es varējis izprast karavīra sūtību jāzaudē dzīvība politisku apsvērumu kādreiz bērnu dienās jautāju vecākiem vienam valdniekam otrs baldnieks viņi iziet laukumā ringā savas attiecības citiem jācieš joprojām uzturu savu jautājumu spēkā krišjānim kompāniju gribas pakarot vienkārši viņi zina jāpiesakās pusē tiktu reālu kauju pieredzes manus bērnus liekiet mierā viņiem jākaro viņi kopā mēs varam dr e mednis agenskalnaklinika kopamesvaram dzivebezbailem izglabdraugu sargibernus
873,28.01.2023 13:21:46,Āgenskalna klīnika,,,uzticība farma industrijai sarūk dienu personīgi es visi zina kovidinjekciju ietekmi veselību daudziem tuvu draugu paziņu lokā cietis bilonkuļa sacītais vakcīnām spray veidā seko latviju sasniegušais deguna aerosols zāles vakcīna pasargājot deguna gļotādu vīrusa iekļūšanas ticam laikam protams sauktais obligātais vakcinācijas kalendārs bērniem uzticēties vakcīnas paliek pašas iespējams garantēt cūcībām pēdējo divu laikā izpildīja valstu valdības retiem izņēmumiem farmācijas uzņēmumi te tīrs laikam kādu laiku gaisā virmo ziņa stinguma krampju vakcīnas sastāvā viela sterilizācijai taisnības zināms pieļaut domu te vē ziņa parastās vakcīnas pārtaisītas mrns mazāku ļaunumu kovidšprices mums pateiks pārveidotas laikam špricēs pieliekam klāt globālās elites ideju zelta miljardu jautājums paliks atlikušie 6 miljardi paliks laistas apgrozībā arvien jaunas mrns injekcijas jātiek vaļā liekajiem turamies turam acis vaļā apmuļķoties piekrāpties kopā mēs varam dr e mednis agenskalnaklinika kopamesvaram dzivebezbailem izglabdraugu sargibernus
875,29.01.2023 10:43:15,Āgenskalna klīnika,,,mūsu sarunu vakari turpināsies visai drīz jaunā formātā jaunas sarunas tapušas pieslīpēšanas sagatavošanās darbi drīz kopā mēs varam dr e mednis agenskalnaklinika kopamesvaram dzivebezbailem izglabdraugu sargibernus
877,31.01.2023 11:38:09,Āgenskalna klīnika,,,ceturtdien 2 februārī skatieties dr edgara medņa sarunu modri burbergu bildē redzami modris sievu astrīdu vineta tomsonelipšāne edgars mednis modris pirmspensijas vecumā piespiedu kārtā brīdināšanas atbrīvots darba atteikšanos piedalīties medicīniskajā eksperimentā modris strādāja rīgas zooloģiskajā dārzā elektriķi astrīda modra sieva ciniski cilvēki gatavi izpildīt rīkojumus riskus risku gadījumā vairāk smieklīgi paldies jums grūto pašaizliedzīgo darbu darāt vēlu jums dievpalīgu sarunu šādos kanālos varētu turpināt filmēšanas darbu tavs atbalsts līdzekļus izdevumu segšanai pārskaitīt kontu lv58haba0551010325787 vineta lipšāne mērķis filmēšanas izdevumiem raidījuma veidošanā piedalījās edgars mednis ilze pole vineta tomsone lipšāne katrīna zvaigznīte uc
882,08.02.2023 16:46:47,Āgenskalna klīnika,,,ģimenes vērtības jaunā pasaules kārtībaceturtdien 9 februārī skatieties dr edgara medņa sarunu vokālo pedagoģi četru bērnu mammu lieni grīnhofu liene grīnhofa laikā izzūd vērtības vietā popularizē izlaidību degradāciju bērniem visdrošākā vide ģimene mammas tēta uzmanību līdzdarbošanos mājas darbiņos turklāt mājas garlaicība rutīna veicina bērna radošumu domāšanu mūsu kanāli varētu turpināt filmēšanas darbu tavs atbalsts līdzekļus izdevumu segšanai pārskaitīt kontu lv58haba0551010325787 vineta lipšāne mērķis filmēšanas izdevumiem raidījuma veidošanā piedalījās edgars mednis ilze pole vineta tomsone lipšāne katrīna zvaigznīte uc
884,10.02.2023 22:48:57,Āgenskalna klīnika,,,teiks atkal kārtējā sazvērestības teorija pēdējo divu pieredzes šķiet vairs šādas sakritības kopā mēs varam dr e mednis agenskalnaklinika kopamesvaram dzivebezbailem izglabdraugu sargibernus
886,12.02.2023 16:50:23,Āgenskalna klīnika,,,te turpinājums vakardienas tēmai rumānijas deputātes izpildījumā klausījos domāju iespējams runā vārda rumānija vietā liekot latvija būtībā sajūta te vienas šnites veidots dīvaini kopā mēs varam dr e mednis agenskalnaklinika kopamesvaram dzivebezbailem izglabdraugu sargibernus
888,14.02.2023 10:24:45,Āgenskalna klīnika,,,izrādās jaunu izdomāt īsti vajadzības jaunais labi aizmirsts vecais veselības pases kodu atļauj iziet publiskā telpā iekļūt iestādēs lietotas fašistiskajā vācijā trešā reiha laikā sakritība likumsakarība avju drānām ārā vilka zobi kopā mēs varam dr e mednis agenskalnaklinika kopamesvaram dzivebezbailem izglabdraugu sargibernus
892,15.02.2023 11:55:27,Āgenskalna klīnika,,,bērnu agrīna seksualizācija jaunais dr edgara medņa saruna vokālo pedagoģi četru bērnu mammu lieni grīnhofu otrā daļa pirmsskolas vecuma bērni jāapgaismo seksuāliem jautājumiem tiešām bērnu agrīna seksualizācija virzās greizi sabiedrības centienos izglītības ievirzēs bērnu audzināšanā liene grīnhofa man dabisks instinkts man vajadzīgs bērnā iekšā pats stimulēts multenēm filmām citu mēs zinām tieši seksuālā dziņa ļoti spēcīga gandrīz tikpat spēcīga dzīvotgriba šķiet manipulējot ļoti labi iedarboties psihi izpostītiem dabīgiem instinktiem emocionālas spriedzes mūsu kanāli varētu turpināt filmēšanas darbu tavs atbalsts līdzekļus izdevumu segšanai pārskaitīt kontu lv58haba0551010325787 vineta lipšāne mērķis filmēšanas izdevumiem raidījuma veidošanā piedalījās edgars mednis ilze pole vineta tomsone lipšāne katrīna zvaigznīte uc
894,16.02.2023 11:04:21,Āgenskalna klīnika,,,bērnu agrīna seksualizācija jaunais dr edgara medņa saruna vokālo pedagoģi četru bērnu mammu lieni grīnhofu otrā daļa pirmsskolas vecuma bērni jāapgaismo seksuāliem jautājumiem tiešām bērnu agrīna seksualizācija virzās greizi sabiedrības centienos izglītības ievirzēs bērnu audzināšanā liene grīnhofa man dabisks instinkts man vajadzīgs bērnā iekšā pats stimulēts multenēm filmām citu mēs zinām tieši seksuālā dziņa ļoti spēcīga gandrīz tikpat spēcīga dzīvotgriba šķiet manipulējot ļoti labi iedarboties psihi izpostītiem dabīgiem instinktiem emocionālas spriedzes mūsu kanāli varētu turpināt filmēšanas darbu tavs atbalsts līdzekļus izdevumu segšanai pārskaitīt kontu lv58haba0551010325787 vineta lipšāne mērķis filmēšanas izdevumiem raidījuma veidošanā piedalījās edgars mednis ilze pole vineta tomsone lipšāne katrīna zvaigznīte uc
900,08.03.2023 19:12:47,Āgenskalna klīnika,,,modernās injekcijas blaknes sportistes invalīdilīgas apines stāsts esmu viena brīnumlīdzekļa upuriem zaudēju darbu veselību iespēju ārstētai otrajā otrās devas strauji pasliktinājās veselība stipras sāpes vēderā vēdera darbība sāpes mugurā paliku darba straujas veselības pasliktināšanās sākās ilgs ārstēšanās drīzāk pašārstēšanās process veselības pasliktināšanās iemeslu brīnumlīdzekli ārsti visvairāk ģimenes ārsts pārējie ārsti mutiski rakstiski kārtējās vizītes laikā jautāju rakstisku apstiprinājumu cēloņsakarībai vakcīnu varētu iesniegt zāļu valsts aģentūrai kompensācijas pieprasīšanai ārste atgādināja saruna maksā zina varētu maksāt potes radītos postījumus sākuma stadijā vainoja manu vecumu tiešām strauja iespējama pusotra gada laikā darba invalīdu diviem gadiem laiku regulāri aktīvi sportu paldies svētīgo darbu dariet mūsu kanāli varētu turpināt filmēšanas darbu tavs atbalsts līdzekļus izdevumu segšanai pārskaitīt kontu lv58haba0551010325787 vineta lipšāne mērķis filmēšanas izdevumiem raidījuma veidošanā piedalījās edgars mednis ilze pole vineta tomsone lipšāne katrīna zvaigznīte uc
903,12.03.2023 22:47:19,Āgenskalna klīnika,,,sen rakstījis parasti daru sakāpj reize skatoties apkārt brīžiem rodas šizoīda sajūta traks es viņi man pašam šķiet viņi trakajiem šķiet humoram pieminekļkritis pagājušajā gadā tāds maigi sakot dīvainu sajūtu apvīts es kremļa aģents padomju varu sāk atgādināt psrs laikos piedzīvoto tālāk iet piedzīvotā rāmjiem stāstītā rāmjos šķiet 70 tajos traki runa šobrīd vērtībām tautas vēsturi mums latvijas tauta laiku laikos malta vairākiem dzirnakmeņiem dalīta šķirta plosīta mūsu vēsture mums pāri gājuši karaspēki varas mūsu ciltsbrāļi tajos piedalījušies dažādās pusēs otrajā pasaules karā mūsējie abās pusēs tāpat pirmajā pasaules karā pušu vairāk tāpat jāciena savi kaimiņi mūsu vēsture tagadne zina iegrozīties tfu tfu tfu kreiso plecu mums katrā pagastā lielam laukakmenim godina kādus 41 44 gada varoņus katrā pagastā savus bieži krūmos ieauguši piemērs ceļa star turkalni juglu mums daudz zina ciemati atrodas domāju mazāk zināja akmeni ceļa labajā pusē brauc juglu vairs tagad krūmi uzvaras pieminekli esmu rakstījis agrāk mēs dalām savējos pareizajos pareizajos izdomājis kritērijus dalījumu veikt pareizais soģis cilvēkus saukt mankurtiem tieši savulaik čingizs aitmatovs vergs padarīti vājprātīgi pilnībā aizmirsuši viņi kurienes kurieni dodas cirks staķa kungs rīgas rāti izcēlies jaukšot puškina pieminekli apetīte rodas ēdot vietā mums geju klubs atklāšana būtiska ģeopolitiskā mērogā pats rīgas rātskungs piedalījās teica runu brīnīties partijas boss dancoja rīgas praidā rodas jautājums tiešām viņi savās ģimenēs saviem bērniem māca ārprātu pasniedz āru zinu pavļuta kungam 2 bērni iepriekšējās sievas vismaz divi jaunās četri jaunie cilvēki apdraudēti homoseksuaitāti dzimummaiņu ticēt staķa kunga bērnu skaitu ticu puškinu puškins tāpat ņekrasovs tāpat ļevs tolstojs ļermontovs citi krievu dižgari kultūras mantojums mums gods viņiem saistāms rīgu latviju mums gods viņiem mēs esam uzcēluši pieminekli cēlām tātad mums gods mācīties darbus lasīt domāt izjust tāpat daudzu citu dižgaru platons cilvēki politikai viņi politiski viņi pasaules kultūras sastāvdaļa gribētos izravējami praids geju klubs līdzīgi pasākumi vietu mēs sekosim spāņu paraugam atļausim cilvēku svētu divsavienību sev ļoti mīļo lopiņu varētu mankurtu epopeja kultūru iznīdēt paliks
904,12.03.2023 22:47:19,Āgenskalna klīnika,,,vēsture atkārtojas psrs laikos klusam svinējām ziemassvētkus eglīti logu redzēt klausījāmies radio brīvā eiropa amerikas balss gājām čakstes meierovica pieminekļa ielīduši kapucēs šallē vīriņi melnos ādas mētelīšos mūs pazīt tāpat tagad drīz lasīsim puškinu citus krievu dižgarus aizliegto literatūru slēgtām durvīm aizvilktiem aizkariem izklausās diezgan traki tādos laikos dzīvojam realitātes laimi vairāk viena paralēlas mankurtu realitāte manējā es ticu zinu savā realitātē es viens mūsu daudz vairāk mūsu skaits vairosies tieši proporcionāli iedomātās varas idiotismam top kopā mēs varam dr e mednis agenskalnaklinika kopamesvaram dzivebezbailem izglabdraugu sargibernus
905,13.03.2023 07:57:35,Āgenskalna klīnika,,,te viens komentāriem manis rakstītā vērā ņemams fakts brīvības pieminekli padomju laikā mēs uzvaras pieminekli izdarījām komentārs runājot pieminekļiem tieši pateicoties krievu arhitektei verai muhinai brīvības piemineklis krievu laikos demontēts kopā mēs varam dr e mednis agenskalnaklinika kopamesvaram dzivebezbailem izglabdraugu sargibernus
911,28.03.2023 22:22:18,Āgenskalna klīnika,,,katieties ceturtdien 30 martā tēlo valsti dr medņa sarunas miera vietas vēstnieku taru ramatu turpinājums tars ramats barība mūs baro izglītība kaitīga skološana instrukcijām dzīvam organismam līdzinās saruna tara ramata pieredzi bāriņtiesu bērnu audzināšanu izglītības sistēmu mūsu kanāli varētu turpināt filmēšanas darbu tavs atbalsts līdzekļus izdevumu segšanai pārskaitīt kontu lv58haba0551010325787 vineta lipšāne mērķis filmēšanas izdevumiem raidījuma veidošanā piedalījās edgars mednis ilze pole vineta tomsone lipšāne katrīna zvaigznīte uc
919,20.04.2023 00:02:53,Āgenskalna klīnika,,,sestdien rīgā brīvības pieminekļa plkst 1200 1300 pikets starptautiskās konvencijās ietvertām tiesībām šam savu ķermeni sekām atteikties jebkuras medicīniskas manipulācijas veselu cilvēku tiesībām strādāt saņemt medicīnisko palīdzību savu ķermeni vakcīnu citādi godprātīgu informēšanu ieguvumiem riskiem parakstīt piekrišanu jebkurai medicīniskai procedūrai cilvēku informē ieguvumiem riskiem cilvēks informēts atbilstoši likuma prasībām parakstam piekrišanai juridiska spēka likums paredz sekas piekrišana vakcinācijai brīvprātīga godprātīgu informēšanu zāļu vakcīnu absolūto efektivitāti izmaksu efektivitāti atbalstu īsi vakcinācijas mirušo ģimenēm cilvēkiem pienākuma veiktas vakcinācijas pasliktinājusies veselība brīvu piekļuvi oficiālajiem dokumentiem informācijas brīvību kārtību cilvēks vakcinācijas piesakās vakcīnai e veselībā valsts iepērk vakcīnas cilvēki vēlas vakcinēties 100 miljoni mūsu maksātāju jāšķiež velti satversmes 93 pantā uzliktā pienākuma aizstāvēt ikviena cilvēka dzīvību ievērošanu tiesvedībās pienākuma vakcinēties atzīšanu prettiesisku vakcīna bojāt veselību vakcinācijai jāpaliek brīvprātīgai ieteica eiropas vadlīnijas piekrītat vienīgi jums tiesības savu ķermeni jālieto jūsu interesēs emocionāli atbalstiet cietušos palīdziet atjaunot savas pārkāptās tiesības šobrīd darba devējs drīkst izlemt prasīt jums vakcinēties atļaut strādāt valdība covid vakcīnām plāno tērēt 63 miljonus sabiedriskie mediji oficiāli pieteikto piketu stāsta īsi lūdzu dalieties ziņu cilvēki uzzina
921,24.04.2023 11:22:38,Āgenskalna klīnika,,,interesanta versija globālās špricēšanās īsteno sūtību pagaidām man zināms cilvēks apstiprināt rakstīto ieklausīties der daudz piedzīvots pēdējo 3 laikā brīnums zinu delgardo cītīgi vāc materiālus procesiem pasaules medicīnā saistībā fauči gripu špricēšanos daudz izracis daudz gaismā domājam sekojam līdzi kopā mēs varam dr e mednis agenskalnaklinika kopamesvaram dzivebezbailem izglabdraugu sargibernus
925,06.05.2023 11:24:39,Āgenskalna klīnika,,,valsts pārvaldes iestādei dots uzdevums sodīt sodīt jebkuriem līdzekļiem prettiesiskiem sodāmajam jābaidās jāpakļaujas ierunām īpaši šāda sodīšana apmierinās kādus amatus ieņemošu varas apreibušu īpatņu ambīcijas vairāk vienreiz izdevies piemērot administratīvo sodu apetītei augot mēģināt savas varas pozīcijas izmantot savas robežas valsts pārvaldes iestāžu pilnvarām robežas konkrētais stāsts sākās kārtējo vajāšanas inspekcijas vizīti manā ārsta praksē 2022 gada 4 februārī rezultātā ļoti atbildīgās citādi burvīgās inspekcijas amatpersonas pieņēma lēmumu mani sodīt sodu ieskatā vajāšanas inspekcijas likumīgās prasības pacientus sadarbspējīgi ārsts es apdraudot pacientu veselību dzīvību mierā veselu virkni procesuālajiem pārkāpumiem apburošo vajāšanas inspekcijas lēdiju puses apbruņojies pārliecību man pienākuma papildināt valsts kasi pusotru tūkstoti euro minētajām dāmām savi pieņēmumi iesaistījos juridiskā izaicinājumā aizstāvētu savas ārstniecības iestādes tiesības izaicinājums ilga 145 mēnešus 447 dienas lēmumu apstrīdēšanu pārsūdzēšanu tiesā tiesu instancē beidzot panākts tiesisks rezultāts apgabaltiesa 27042023 vajāšanas inspekcijas centieni man inkriminēt pārkāpumu izspiest sodu pārspīlēti morāle pārlieku centība aptumšo prātu kopā mēs varam dr e mednis agenskalnaklinika kopamesvaram dzivebezbailem izglabdraugu sargibernus
927,09.05.2023 00:05:20,Āgenskalna klīnika,,,šobrīd laiks tāds satricina visrūdītākos cilvēkus šūpo vienas puses otru bieži cilvēki apjūk iegūt dzīvē stabilitāti papildus dažādas baidīšanas mediju puses sākas trauksmes veģetatīvas distonijas bezmiegi citas ligas darīt es parasti iesaku regulāri veikt garīgas prakses atslēgas vārds regulāri pilnīgi vienalga jums patīk joga taiczi ciguns vienkārši meditācija lūgšanas dodas šamaniskā ceļojumā aizbrauc pirtnieka pirts rituālu viens atpakaļ sevis savas būtības man bieži saka meditācija manis es meditēt vienkārši sēdēt mēs visi mākam aizvērt acis klausīties sajust cits vajadzīgs vienīgi laiks vēlēšanās ideāli vismaz pus stunda dienā dienu varam gaidīt rezultātu visai drīz jāgaida vienkārši jādara rezultāts atnāks pats gatavi pievienoju kāda budistu mūka ieteikumus meditācijai tiem dara jauns tiem pamēģiniet kopā mēs varam dr e mednis agenskalnaklinika kopamesvaram dzivebezbailem izglabdraugu sargibernus
932,25.05.2023 12:25:52,Āgenskalna klīnika,,,vērts ieklausīties kunga vārdos mūs virza soli solim digitālajā medicīniskajā verdzībā medicīna sen privātu valsts medicīna vairs īsti vienīgi ciešanas ierobežojumus ņirgāšanos apzinātu slimu cilvēku protams ārstēšanu vadlīnijām dieva vietā drīz jebkurš sētnieks ārstu priekšā uzrakstīts jādomā paņem oficiāli apstiprināto papīrīti plaukta lieta darīta protams patīkami izņēmumi dzirdu draugiem paziņām pacientiem pārsvarā tieši šādi skumji tāpat maksājumu sfērā cilvēki maksā bankas karti tiešām viņi digitāla ilūzija viens pogas uzspiediens viņiem vairs viņi laimīgi vairs maksājums bankas karti tuvina mūs digitālajai verdzībai vienkārši opozicionāri ērti jānēsā līdzi plastmasas gabaliņš telefons interneta pieslēgumu divas mūsu laikmeta sastāvdaļas atņemiet cilvēkam plastmasiņu atslēdziet sakarus cilvēks pazudis mājupceļu vairs vāze vairs pieejama tālu mēs tālāk gudrās mājas gudrās pilsētas jauns konclāģera paveids 15 minūšu pilsētas jums iespējas pārvietoties tālāk auto 15 minūtēs kājām aiziet tālāk stāstīs jums citu vistām olu fabrikas sprostos viņām vairāk jūs apmierina mani jūs izdariet secinājumus atkāpieties savām šķietamajām ērtībām lietojiet savas maņas lietojiet skaidru karti papīra formātā dodaties ceļā jūs zinātu kurieni kurām adzīvotām vietām jūs brauciet atrodas līdzās domājam mums labi kopā mēs varam dr e mednis agenskalnaklinika kopamesvaram dzivebezbailem izglabdraugu sargibernus
936,01.06.2023 11:42:39,Āgenskalna klīnika,,,mēs esam savējie gejropas savienībā līdzīgajās kultūrās pārējie pasaulē mums smejas rāda pirkstiem paskatāmies saviem prezidentiem padomājam esam mēs paši mēs ievēlam prezidentu mēs ievēlam saeimu savukārt prezidentu tātad prezidents mūsu tautas spogulis koncentrētā veidā paskatāmies patīk man vēlēšanām doties vienkārši es man līdzi domājošie esam kvalitatīvajā mazākumā esam esam tautā saka grozies gribi aste pakaļā pakaļā šobrīd paskatāmies prezidentu rindu diezgan labi redzēt latvijas tautas evolūciju tautiskā romantisma vvf vēsturisku ulmanis mēģinājums pieturēties realitātes zatlers pēdējiem diviem spriediet paši tajos vārdos jūtiet man gejiem citādi domājošiem ielu varavīksnes karogiem guļ tag guliet vēlaties kaur mīļoto aitiņu kaziņu spānijā legāli jūsu guļamistaba interesē pārējos bērniem savas perversijas vecis guļ veci īsti patoloģija psiholoģiskā emocionālā plānā bērniem pārtapt kārļa karlīni otrādi vecu pedofīlu slapjo sapņu mēģinājums īstenot dzīvē vērtības šķiet šobrīd kārtējo reizi pārbaudītu mūs cilvēci kopumā mums pajautātu tavas vērtības faktiski jautājums mums iespēja atbildēt tieši skaļi klusībā sevis aktīvi pasīvi savas gaumes es piemēram atturēšos lego pirkšanas turpmāk citiem jaunums viņi laduši klajā sēriju veltīta varavīksnes cilvēkiem paldies es savu balsošu citu ražotāju aicināšu darīt citus mēs varam parādīt tāpat bud light alus zaudējis miljardus dolāru īsā laika periodā savas reklāmas publicēšanas reklāmas seja transgenders skola populāram darām mēs te pievienošu kaspara dimitera sveicienu mūsu tautai latvijas prezidentam mēs varam dr e mednis agenskalnaklinika kopamesvaram dzivebezbailem izglabdraugu sargibernus
942,30.06.2023 14:51:37,Āgenskalna klīnika,,,pavisam man ļoti interesanta saruna lauru grīnvaldi pieejama drukāta versija mēs varam dr e mednis agenskalnaklinika kopamesvaram dzivebezbailem izglabdraugu sargibernus
944,06.07.2023 00:16:23,Āgenskalna klīnika,,,viena ļoti interesanta saruna mums sanāca kasparu vendeli vērts veselību procesu īstam stāv vārda slimība mēs varam dr e mednis agenskalnaklinika kopamesvaram dzivebezbailem izglabdraugu sargibernus
947,24.07.2023 23:12:13,Āgenskalna klīnika,,,kasparu vendeli mums sanāca interesanta pagara saruna pirmā daļa publicēta iepriekš otrā daļa mēs varam dr e mednis agenskalnaklinika kopamesvaram dzivebezbailem izglabdraugu sargibernus
950,05.08.2023 13:37:37,Āgenskalna klīnika,,,arvien vairāk biežāk dzirdamas runas vakcīnu blaknēm vairāk biežāk ziņo protams lv laimes zeme te vislabāk indes injekcijām sauc kovidvakcīnām sakara veselības uzlabošanu daudz ziņojumu parasto obligātajā kalendārā iekļauto vakcīnu dažādiem uzlabojumiem blakņu pieaugumu manuprāt laiks maksimāli piesardzīgam sākot ēdienu dzērienu izvēli dažādu vairāk mazāk aizdomīgas izcelsmes medikamentu ievadīšanu savā organismā lasām domājam izvēlamies jālieto zāles cilvēkam īsti vajadzīgas rūpējas savu veselību kopā mēs varam dr e mednis agenskalnaklinika kopamesvaram dzivebezbailem izglabdraugu sargibernus
952,05.08.2023 21:54:51,Āgenskalna klīnika,,,savulaik orvels rakstīja visi dzīvnieki vienlīdzīgi vienlīdzīgāki pārējiem te skaidrs apliecinājums dzīvē izrādās faizers saviem darbiniekiem pavisam citas injekcijas pārējiem devās sauktajiem vakcinācijas punktiem interesanti tajās savādāks iespējams blakņu sarakstiņš garš rādīs dzīve kopā mēs varam dr e mednis agenskalnaklinika kopamesvaram dzivebezbailem izglabdraugu sargibernus
954,10.08.2023 11:44:59,Āgenskalna klīnika,,,cbdc faktiski lēnām ieviesta pareizāk sakot veikti priekšdarbi ieviešanai visi gadžeti maksāšana telefoniem pulksteņiem tagad zemādas čipi maksāšana plaukstu ērti protams bankas kartes tāds arhaisms paskatāmies plašāk maksājot kādu minētajiem jūsu maksājums piefiksēts visi jūsu iepirkšanās paradumi veikali preces iepirkšanās laiki summas utt monitorēti grib teikt paranoja paturiet sevis darīts sen man bieži saka man slēpt slēpšanu runa valsts totālu kontroli jums jums bankā jums tāpat bankas karte lietojiet kādreiz bankas kartes rakstīja bankas īpašums tagad iespējams pārcēlies kartes lietošanas prātus kādiem soļiem attīstās kompjūterzinātne mēs redzam tagad padomājiet pūļu aizņem ierobežot jūsu maksātspēju karti teritoriāli daudzuma apjoma ziņā preču kategorijām štrunts pieci viens peles klikšķis jums vairs jūs esiet laimīgi atkarīgs mums pašiem pilnīgi dzīvē maksāšanas paradumu izvēle mums katra aša atkarīgs mēs ļausim sevi kontrolēt ierobežot pakļausimies varas diktātam pakļausimies meklēsim alternatīvas maksāšanas līdzekļu ziņā gandrīz samaksāt skaidrā dārgāk ieguvums brīvības sajūta šobrīd protams velnišķais plāns cilvēces pakļaušanu domājam darām kopā mēs varam dr e mednis agenskalnaklinika kopamesvaram dzivebezbailem izglabdraugu sargibernus
956,10.08.2023 12:06:07,Āgenskalna klīnika,,,gribēju piebilst šķiet sazvērestības teorijas reālas padomājiet laiku 5 gadiem jums ienākt prātā mūs iespundēs mājās plkst 21 rītam bakstīs degunus piespiedu kārtā brīvi apenes zeķes mūsu realitāte ziemeļkorejā demokrātiskās attīstītās rietumeiropas valstīs citur pasaulē interesanti kopā mēs varam dr e mednis agenskalnaklinika kopamesvaram dzivebezbailem izglabdraugu sargibernus
958,18.08.2023 09:41:59,Āgenskalna klīnika,,,sanāk vajāšanas veselības inspekcija man aizliedza savu kontroles aktu lēmumu balstītu runāt ivermektīnu ļoti labu ārstniecības līdzekli covid 19 ārstēšanā tagad raksta fda akceptējusi ivm efektīvu sanāk vajāšanas inspekcija izrādīja savu viņiem cits skaidrojums savai muļķībai muļķība reālu pacientu dzīvības veselību sanāk klaja kaitniecība rīcība daudzu cilvēku vajāšanas inspekcijai jāatbild likuma priekšā sirdsapziņas atrast priekšā kopā mēs varam dr e mednis agenskalnaklinika kopamesvaram dzivebezbailem izglabdraugu sargibernus
960,20.08.2023 15:37:52,Āgenskalna klīnika,,,interesantas ziņas parādās paša sākuma tagad oficiāli gaismā vismaz apgalvo cilvēks šķiet ticēt uzticēties katrā ziņā versija interesanti kopā mēs varam dr e mednis agenskalnaklinika kopamesvaram dzivebezbailem izglabdraugu sargibernus
963,31.08.2023 21:15:59,Āgenskalna klīnika,,,ainārs kadišs vienmēr precīzs savu valsti sapni esam izsapņojuši šķiet sapņo šķiet acis atveras vairāk labi ātrāk pamodīsimies ātrāk radīt jaunu sev tīkamāku kopā mēs varam dr e mednis agenskalnaklinika kopamesvaram dzivebezbailem izglabdraugu sargibernus
967,02.09.2023 21:20:23,Āgenskalna klīnika,,,baija gaidāms dažādas runas klīda labu laiku bērnu sauktajās obligātajās vakcīnās veikti uzlabojumi pierādījumu īsti raksts aprakstīts redzēt mikroskopā apskatot populārāko saukto komplekso vakcīnu difterija stinguma krampji poliomielīts garais klepus hib hepatīts b piebildīšu vakcīnu piedāvā bērniem 246 mēnešu vecumā 1 gada 3 mēnešu 7 vecumā tātad skolai bērns brīnumu saņem 5 reizes vērts pūlēties uzlabojumiem publicētais laikam katrā ziņā domājam paši mēs varam dr e mednis agenskalnaklinika kopamesvaram dzivebezbailem izglabdraugu sargibernus
968,07.09.2023 20:18:15,Āgenskalna klīnika,,,cilvēki iztur spēcīgi spēj stāvēt pāri grūtībām pazemojumiem izturēt uzvarēt cieņu džokovičam kopā mēs varam dr e mednis agenskalnaklinika kopamesvaram dzivebezbailem izglabdraugu sargibernus
971,10.09.2023 11:19:58,Āgenskalna klīnika,,,japānā ņemot vērā lielo blakņu skaitu kovid indes injekcijām valdība vairs rekomendēt turpmākās devas darbiņš padarīts veselais saprāts sirdsapziņa ierunājās interesanti mums vienmēr vislabāk mums pvo rīko kursus indi iedabūt cilvēkos japāna augstākā klase mēs tāpat ukraiņi zemākā utilizējamā es kļūdos ceru mūsu dievzemītē atausīs līdzīgas atziņas japānā valdības līmenī vismaz tautai atkal aitu bars kaušanu spēs pastāvēt sevi kopā mēs varam dr e mednis agenskalnaklinika kopamesvaram dzivebezbailem izglabdraugu sargibernus
973,11.09.2023 11:07:01,Āgenskalna klīnika,,,dabīgi līdzekļi vēža ārstēšanā pieredzes stāsts ceturtdien 14 septembrī skatieties dr edgara medņa sarunu žurnālistiem maiju pohodņevu modri pelsi dabīgu vielu pielietojumu vēža ārstēšanā vairākiem gadiem modrim diagnozi vēzis mediķi prognozēja atlicis dzīvot dažus mēnešus modris man doma es gribu dzīvot maija modris stāsta viņiem izdevās uzvarēt vēzi analizējot medicīniskus pētījumus pielietojot dažādus augus sēnes piepes atsakoties ķīmijterapijas plašāk aprakstīts grāmatā aliansē vēzi mūsu kanāli mums svarīgs jūsu atbalsts komunikācija jums sevišķi mēs zinātu esam jums jūs interesē palīdzēs mums veidot jums interesantu saturu atbalstiet mūs ziedojot filmēšanas izdevumiem varam segt operatora montāžas darbus aktīvi rakstiet mums komentāros rakstiet savas vēlmes piebilde iebildes vienkārši komentārus laba vēlējumus paldies esiet mums konts lt363500010016254063 filmēšanas izdevumiem edgars mednismērķis filmēšanas izdevumiem raidījuma veidošanā piedalījās edgars mednis alvis bērziņš ilze pole
975,14.09.2023 22:44:52,Āgenskalna klīnika,,,dabīgi līdzekļi vēža ārstēšanā pieredzes stāsts skatieties dr edgara medņa sarunu žurnālistiem maiju pohodņevu modri pelsi dabīgu vielu pielietojumu vēža ārstēšanā vairākiem gadiem modrim diagnozi vēzis mediķi prognozēja atlicis dzīvot dažus mēnešus modris man doma es gribu dzīvot maija modris stāsta viņiem izdevās uzvarēt vēzi analizējot medicīniskus pētījumus pielietojot dažādus augus sēnes piepes atsakoties ķīmijterapijas plašāk aprakstīts grāmatā aliansē vēzi mūsu kanāli mums svarīgs jūsu atbalsts komunikācija jums sevišķi mēs zinātu esam jums jūs interesē palīdzēs mums veidot jums interesantu saturu atbalstiet mūs ziedojot filmēšanas izdevumiem varam segt operatora montāžas darbus aktīvi rakstiet mums komentāros rakstiet savas vēlmes piebilde iebildes vienkārši komentārus laba vēlējumus paldies esiet mums konts lt363500010016254063 filmēšanas izdevumiem edgars mednismērķis filmēšanas izdevumiem raidījuma veidošanā piedalījās edgars mednis alvis bērziņš ilze pole
977,22.09.2023 13:03:34,Āgenskalna klīnika,,,cilvēki visā pasaulē vairāk sāk skaļi runāt mēs runājām 3 gadiem visa kovid tēma maigi sakot afēra tieši runājot masu slepkavība saucamās vakcīnas vairāk bioloģiskais ierocis ilgtermiņa iedarbību domāju ļoti daudzi pakļāvās drīz sajutīs sekas daļa sajutuši daudz blakņu valdības pūlas vairāk tāpat runas šobrīd pvo varenību valstu pakļaušanu diktātam īstenībā organizācija cits absolūta marionete dažu bagātu psihopātu rokās es pilnībā atbalstu dr d e martina viedokli organizācijas pilnīgu likvidāciju kopā mēs varam dr e mednis agenskalnaklinika kopamesvaram dzivebezbailem izglabdraugu sargibernus
979,22.09.2023 13:13:07,Āgenskalna klīnika,,,manuprāt ļoti iniciatīva mēs varētu dzīvot brīvi cilvēki skaidras aprites satversmē mēs pūlamies dzīvot sistēmas drīz mums atteikties esošās maksāšanas līdzekļa jāsaglabā iespēja skaidrā skaidra izsekojama taustāma vienu peles klikšķi jums izslēgt parakstiet iniciatīvu gandrīz puse parakstu savākta es parakstīju mēs varam dr e mednis agenskalnaklinika kopamesvaram dzivebezbailem izglabdraugu sargibernus
980,28.09.2023 19:55:58,Āgenskalna klīnika,,,beidzot mums jāsāk apzināties mēs esam spēks mums mēs esam cilvēki lielo burtu mēs esam paši sevi mums pavēlēt kādus aksesuārus valkāt medicīniskas manipulācijas veikt mēs izlemjam paši mums sevi gadījumā mēs pakļaujamies valdības spiedienam tirānijai esam redzējuši tagad iespējams mums iespēja izdarīt savādāk mums jāmācās teikt pašam mums saka maska atbilde mums saka būsterītis atbilde joprojām mēs pats izlemjam mums pašam darīt padomājiet veikalā maskas vismaz 70 mums pagriezušies gājuši projām tiktu atceltas laikā lielie veikali cieš lielus zaudējumus dienu tajos viņi izdarīs vajadzīgo spiedienu prasības tiktu atceltas mums vienīgi jāpasaka pašam atkarīgs katra mums apkārt dara otrs vienkārši es joprojām uzvilcis masku aizgājis indes devām ierakstu indes esamību manā organismā joprojām dzīvs vesels paēdis apģērbies izdarīt sāk grūti pilnīgi izdarīt dzīvē darām kopā mēs varam dr e mednis agenskalnaklinika kopamesvaram dzivebezbailem izglabdraugu sargibernus
982,01.10.2023 09:39:13,Āgenskalna klīnika,,,uzbūvēta pasaule kāda vieta mums ierādīta jautājums mūs apmierina rīkojamies esam paši esam stipri domājam patstāvīgi kopā mēs varam dr e mednis agenskalnaklinika kopamesvaram dzivebezbailem izglabdraugu sargibernus
985,03.10.2023 18:57:43,Āgenskalna klīnika,,,lauris līcītis covid periodā divi trīs miokardīti gada laikā tagad mēnesi trīs četri slimnieku vidējais vecums 30 40 gadi pēkšņās jaunu cilvēku vidū infarkti daudzas citas veselības problēmas oficiāli saistītas potēšanos ceturtdien 5 oktobrī dr edgars mednis sarunā klīnisko imunologu lauri līcīti vērtēs brīnumpotes izraisītās sekas mūsu kanāli mums svarīgs jūsu atbalsts komunikācija jums sevišķi mēs zinātu esam jums jūs interesē palīdzēs mums veidot jums interesantu saturu atbalstiet mūs ziedojot filmēšanas izdevumiem varam segt operatora montāžas darbus aktīvi rakstiet mums komentāros rakstiet savas vēlmes piebilde iebildes vienkārši komentārus laba vēlējumus paldies esiet mums konts lt363500010016254063 filmēšanas izdevumiem edgars mednismērķis filmēšanas izdevumiem raidījuma veidošanā piedalījās edgars mednis alvis bērziņš ilze pole
986,05.10.2023 00:10:21,Āgenskalna klīnika,,,lauris līcītis covid periodā divi trīs miokardīti gada laikā tagad mēnesi trīs četri slimnieku vidējais vecums 30 40 gadi pēkšņās jaunu cilvēku vidū infarkti daudzas citas veselības problēmas oficiāli saistītas potēšanos ceturtdien 5 oktobrī dr edgars mednis sarunā klīnisko imunologu lauri līcīti vērtēs brīnumpotes izraisītās sekas mūsu kanāli mums svarīgs jūsu atbalsts komunikācija jums sevišķi mēs zinātu esam jums jūs interesē palīdzēs mums veidot jums interesantu saturu atbalstiet mūs ziedojot filmēšanas izdevumiem varam segt operatora montāžas darbus aktīvi rakstiet mums komentāros rakstiet savas vēlmes piebilde iebildes vienkārši komentārus laba vēlējumus paldies esiet mums konts lt363500010016254063 filmēšanas izdevumiem edgars mednismērķis filmēšanas izdevumiem raidījuma veidošanā piedalījās edgars mednis alvis bērziņš ilze pole
988,08.10.2023 11:13:25,Āgenskalna klīnika,,,zināms taisnība dažādas ziņas parādās viena faizers samaksājis 28 miljonu dolāru kukuli amerikāņu fda mums zva reģistrētu kovidindes lietošanai cilvēkiem taisnība ļoti primitīvi vienkārši godīgu atlīdzību arābu tirgū kopā mēs varam dr e mednis agenskalnaklinika kopamesvaram dzivebezbailem izglabdraugu sargibernus
990,13.10.2023 21:06:52,Āgenskalna klīnika,,,interesanta saruna andris bērziņš dzīva cilvēka lomā otrs reizēm tāāāda atšķirība laikam cilvēks tic runā man te pāris piebildes zinātne ticības pielūgsmes objekts zinātniski apgalvojumi jāpierāda vienkārši minētas profesores vīksna rozentāle profesore vīksna sākumā runāja tāpat bērziņš apsviedās 180 grādiem jautājums apliek atklāt ieraudzīja atklāja tāāādu lika mainīt retoriku pretējo palūdza izdarīt šķiet 20 septembris rīgā viesojās francijas prezidents makrons diena pēdējā īpaša kovidstatusa valsts brīnumu veiksmes stāsts mums kovida īsti pārdesmit gadījumu dienā daždien 30 septembrī cipari palēcās tātad makrons piebāzis pilnu lidmašīnu kovisu laipni mums uzdāvināja pastāstīja kariņa kungam lietas darāmas zinātne kurai mūs aicina ticēt smieklīgi traģiski žēl cilvēku laicīgi palīdzību spieti ciest jārealizē slepenais plāniņš izejot esam kļuvuši stiprāki gudrāki papluinīti stiprāki brīnišķais visā situācijā kopā mēs varam dr e mednis agenskalnaklinika kopamesvaram dzivebezbailem izglabdraugu sargibernus
993,16.10.2023 21:49:48,Āgenskalna klīnika,,,medicīnas biznessslimnīcā saslimušais sakarīgā stāvoklī ieiet laikā slimnīcā cilvēks mirst stāstu daudz laicīgi palīdzība ārstēšanas algoritms bezatbildība bizness citiem jautājumiem ceturtdien 19 oktobrī sarunāsies dr edgars mednis klīniskais imunologs lauris līcītis dr edgara medņa imunologa laura līcīša sarunas turpinājums sākums 5 oktobra raidījumā mūsu kanāli mums svarīgs jūsu atbalsts komunikācija jums sevišķi mēs zinātu esam jums jūs interesē palīdzēs mums veidot jums interesantu saturu atbalstiet mūs ziedojot filmēšanas izdevumiem varam segt operatora montāžas darbus aktīvi rakstiet mums komentāros rakstiet savas vēlmes piebildes iebildes vienkārši komentārus laba vēlējumus paldies esiet mums konts lt363500010016254063 filmēšanas izdevumiem edgars mednismērķis filmēšanas izdevumiem raidījuma veidošanā piedalījās edgars mednis alvis bērziņš ilze pole
996,01.11.2023 15:02:47,Āgenskalna klīnika,,,vakcīnu klīnisko izpēšu laikā mirst ļoti daudz zīdaiņu īpaši kombinētās vakcīnas seši komponenti vienā devā liecina medicīniski pētījumi analīzes zāļu ražotāji datus farmācija uzspiež vakcīnas citiem jautājumiem ceturtdien 2 sarunāsies dr edgars mednis veidotāja blogere kristīna duņeca mūsu kanāli mums svarīgs jūsu atbalsts komunikācija jums sevišķi mēs zinātu esam jums jūs interesē palīdzēs mums veidot jums interesantu saturu atbalstiet mūs ziedojot filmēšanas izdevumiem varam segt operatora montāžas darbus aktīvi rakstiet mums komentāros rakstiet savas vēlmes piebildes iebildes vienkārši komentārus laba vēlējumus paldies esiet mums konts lt363500010016254063 filmēšanas izdevumiem edgars mednismērķis filmēšanas izdevumiem raidījuma veidošanā piedalījās edgars mednis alvis bērziņš ilze pole
997,04.11.2023 11:42:00,Āgenskalna klīnika,,,vakcīnu klīnisko izpēšu laikā mirst ļoti daudz zīdaiņu īpaši kombinētās vakcīnas seši komponenti vienā devā liecina medicīniski pētījumi analīzes zāļu ražotāji datus farmācija uzspiež vakcīnas citiem jautājumiem ceturtdien 2 sarunāsies dr edgars mednis veidotāja blogere kristīna duņeca mūsu kanāli mums svarīgs jūsu atbalsts komunikācija jums sevišķi mēs zinātu esam jums jūs interesē palīdzēs mums veidot jums interesantu saturu atbalstiet mūs ziedojot filmēšanas izdevumiem varam segt operatora montāžas darbus aktīvi rakstiet mums komentāros rakstiet savas vēlmes piebildes iebildes vienkārši komentārus laba vēlējumus paldies esiet mums konts lt363500010016254063 filmēšanas izdevumiem edgars mednismērķis filmēšanas izdevumiem raidījuma veidošanā piedalījās edgars mednis alvis bērziņš ilze pole
1000,21.11.2023 11:41:37,Āgenskalna klīnika,,,ainārs kadišs
1002,22.11.2023 11:48:32,Āgenskalna klīnika,,,lielā krāpšana strādāja iespējams padarīt lielu daļu veselu cilvēku slimiem vienkārši iespējams apzināti interpretējot pcr bakstāmo testu rezultātus jautājums testiem mums jāietur distance 2m vīruss tālu lidoja cilvēka jāmeklē dziļi degunā protams rezultāti īsi skaidri izstāstīts strādā mūs maldināja rezultātiem kopā mēs varam dr e mednis agenskalnaklinika kopamesvaram dzivebezbailem izglabdraugu sargibernus
1004,22.11.2023 11:55:06,Āgenskalna klīnika,,,pēdējā laikā man vairāki cilvēki sūdzas iekomentēt ierakstiem āgenskalna klīnikas kanālā mūsu kanālam diskusiju sadaļa pierakstieties komentēt publicēt sev vērtīgas ziņas vēlaties padalīties atvērtas emociju zīmes klīnikas pamata kanālā laipni lūgti lietot kopā mēs varam dr e mednis agenskalnaklinika kopamesvaram dzivebezbailem izglabdraugu sargibernus
1005,22.11.2023 12:09:57,Āgenskalna klīnika,,,kopāmēsvaram
1008,30.11.2023 22:34:27,Āgenskalna klīnika,,,viena sviestainākajām potēm hpv vakcīna vakcīna dzemdes kakla vēzi pati ideja vakcīna vēzi īsti pierādīts vēzi izraisa papillomas vīrusiem mēs vēzi skatām enerģētiskā plānā vēzis sastrēgums enerģijas kanāliem vakcinēt enerģijas sastrēgumu dzemdes kakla vēzi vakcinē puikas pavisam dīvaini pašiem jādomā ņemt pretim savas puses es ieteikt dīvainību lemiet pats saviem bērniem kopā mēs varam dr e mednis agenskalnaklinika kopamesvaram dzivebezbailem izglabdraugu sargibernus
1010,30.11.2023 23:19:15,Āgenskalna klīnika,,,pirmā daļa mednis līcītisvai vakcīnas uzlabo imunitāti ceturtdien 30 skatieties dr edgara medņa sarunu klīnisko imunologu lauri līcīti lauris līcītis pāris gadus atpakaļ man viena paciente stāsta gribējusi vakcinēties gripu bijušas darba darīšanas sanācis visi darba kolēģi saņēmuši vakcīnu saņēmusi rezultātā visi darba kolēģi slimo gribu viens daudzajiem stāstiem dzirdēt gripas vakcīnām mūsu kanāli mums svarīgs jūsu atbalsts komunikācija jums sevišķi mēs zinātu esam jums jūs interesē palīdzēs mums veidot jums interesantu saturu atbalstiet mūs ziedojot filmēšanas izdevumiem varam segt operatora montāžas darbus aktīvi rakstiet mums komentāros rakstiet savas vēlmes piebildes iebildes vienkārši komentārus laba vēlējumus paldies esiet mums konts lt363500010016254063 filmēšanas izdevumiem edgars mednismērķis filmēšanas izdevumiem raidījuma veidošanā piedalījās edgars mednis edgars zveja ilze pole
1012,03.12.2023 20:46:27,Āgenskalna klīnika,,,pavisam ekspromtom mums manu vārda brāli edgaru zveju sanāca ļoti interesanta saruna jums mēs varam dr e mednis agenskalnaklinika kopamesvaram dzivebezbailem izglabdraugu sargibernus
1013,09.12.2023 19:26:45,Āgenskalna klīnika,,,pamatots sveiciens prof dacei zavadskai prof gaļinas červonskas protams jautājumi skaidrojumu kombinētā vakcīna difteriju stinguma krampjiem garo klepu izraisa bērniem smadzeņu bojājumu paliekošām sekām der paklausīties ņemt vērā kopā mēs varam dr e mednis agenskalnaklinika kopamesvaram dzivebezbailem izglabdraugu sargibernus
1015,11.12.2023 23:22:30,Āgenskalna klīnika,,,šāds viedoklis taisnības iespējamību jāzina frī kartupeļi veselīgs šķiet zina visi ātrās ēdināšanas vietas veselīgumu īpaši draudzējas šķiet iespējams te kopā mēs varam dr e mednis agenskalnaklinika kopamesvaram dzivebezbailem izglabdraugu sargibernus
1017,14.12.2023 12:29:40,Āgenskalna klīnika,,,jauns šosezon edgars mednis šosezonas klepus pagājušajā gadā cilvēkam dzirdēt trokšņus plaušās izklausās pneimonijas rentgens uzrāda plaušās pataloģijas asins analīzes uzrāda lielam kārtībā lielā mērā paļauties analīzēm dažādiem izmeklējumiem uzrāda pašsajūta skatieties dr edgara medņa sarunu klīnisko imunologu lauri līcīti aktuālajām saslimšanām šosezon mūsu kanāli mums svarīgs jūsu atbalsts komunikācija jums sevišķi mēs zinātu esam jums jūs interesē palīdzēs mums veidot jums interesantu saturu atbalstiet mūs ziedojot filmēšanas izdevumiem varam segt operatora montāžas darbus aktīvi rakstiet mums komentāros rakstiet savas vēlmes piebildes iebildes vienkārši komentārus laba vēlējumus paldies esiet mums konts lt363500010016254063 filmēšanas izdevumiem edgars mednismērķis filmēšanas izdevumiem raidījuma veidošanā piedalījās edgars mednis edgars zveja ilze pole
1020,28.12.2023 23:10:25,Āgenskalna klīnika,,,runājām pašas špricēšanas sākuma procedūra maina cilvēka genomu ilgi jāgaida pētījums domu pierāda sazvērestības teorijas piepildās kopā mēs varam dr e mednis agenskalnaklinika kopamesvaram dzivebezbailem izglabdraugu sargibernus
1022,29.12.2023 11:30:16,Āgenskalna klīnika,,,šķiet iniciatīva sākumā ļoti miglaini izklāstīta iespējams apzināti iespēja mums paust savu gribu stambulas konvenciju uzmanīgi jālasa aptaujas lapas virsraksts iespējas jāliek savas piezīmes trešā reize prezidents izsludina tautas reizi savākts balsu skaits šoreiz sanāks rīkojamies ziņojam šķēršļiem likti parakstīties tiem izsauc mājām balsošanas amatpersonas rīkojamies kopā mēs varam dr e mednis agenskalnaklinika kopamesvaram dzivebezbailem izglabdraugu sargibernus
1029,31.12.2023 00:03:22,Āgenskalna klīnika,,,te jūlijas stepaņenko aicinājums parakstīties ejam darām kopā mēs varam dr e mednis agenskalnaklinika kopamesvaram dzivebezbailem izglabdraugu sargibernus
1031,31.12.2023 09:56:45,Āgenskalna klīnika,,,ļoti labs skaidrojums
1033,08.01.2024 15:01:04,Āgenskalna klīnika,,,latvijas republikas vajāšanas inspekcija joprojām atcēlusi savu lēmumu man aizliegt runāt ivermektīnu gribu padalīties jaunu materiālu vienkāršā drošā medikamenta efektivitāti covid 19 pretaudzēju iedarbība imūnmodulators pasaulē ļoti plaši lietots pats esmu pacientiem medikamentu smagois ļoti smagos gadījumos visi pacienti strauji izveseļojušies būtības vajadzētu atrasties slimnīcas palātā turp sūtīt gadā risks pacienti toksiskām ļoti dārgām zālēm bieži aizvadīti viņsaulē te pievienotajā materiālā mēs varam dr e mednis agenskalnaklinika kopamesvaram dzivebezbailem izglabdraugu sargibernus
1035,16.01.2024 13:43:39,Āgenskalna klīnika,,,atceroties laiku 3 gadiem runājām plāndēmiju motīviem darīt ārstēties mūs sauca savērestību teoriju piekritējiem izplatītājiem ierindoja dažādās kategorijās sarakstos es uzņēmu pateicību patiesu laikam ejot sazvērestības teorijas piepildījās matemātisku precizitāti špricēšanu sekām ivermektīnu plāndēmija motīviem utt te sazvērestības teoriju pārskats pētījumiem pierādījumiem interesanti palasīties gremdēties atmiņās kopā mēs varam dr e mednis agenskalnaklinika kopamesvaram dzivebezbailem izglabdraugu sargibernus
1037,19.01.2024 23:44:56,Āgenskalna klīnika,,,filmu vērts bērna vecākam pirmās vakcinācijas 1982 gada filma difterijas stinguma krampju garā klepus vakcinācijas sekām vērtīgi jāpatur prātā vecā labā vakcīna klāt pēdējos pāris gados īsti zināms ļaunas mēles runā daudzas interesantas lietas mēs varam dr e mednis agenskalnaklinika kopamesvaram dzivebezbailem izglabdraugu sargibernus
1039,22.01.2024 11:15:46,Āgenskalna klīnika,,,interesants atgadījums melburnā pēkšņi miris kārtējais saucamo vakcīnu aizstāvis cilvēks pārmeta džkovičam ievadīt savā ķermenī indes devu pēkšņi miris 59 vecumā sagadīšanās paskatāmies pasaulē kasta vakcīnu vēstnieki dīvaina apmātu cilvēku kategorija publiskas personības mēģināja lētticīgos pierunāt indes devas saņemšanu dīvainā kārtā viņi visi vienam pamet grēcīgo zemīti iespējams sagadīšanās zināms pasaulē cēloņu seku mehānisms darbojas kļūmēm mēs varam dr e mednis agenskalnaklinika kopamesvaram dzivebezbailem izglabdraugu sargibernus
1040,22.01.2024 11:44:15,Āgenskalna klīnika,,,ļoti interesants video gabaliņš atnācis māris gulbis pafilozofēja tēmu latvijas jauniešus drīkst apbrīnojams cinisms man viens jautājums kategorijām ierindojis savus bērnus genofondam utilizējami zeme atveries visa varam mācīties šķiet morāle viena vadības lv vienīgi spēku ielikteņi svēta pilnīgi vienalga savu tautu savu zemi pāri ambīcijas personīgais pašlabums protams aizmirst visai drīz sāksies jauniešu atlase iesaukumam armijā liek kopā kurp dosies jauniesaucamie plānots viņiem jāiet bojā mācībām parasti bojā bojā iet kara apstākļos tālu jāmeklē mēģina argumentēt mūsu pašu teritorijas aizsardzībai esiet lūdzu reāli mēs esam teritorija mums pārlidot dažu minūšu laikā sargājam savus bērnus gaļas mašīnai kopā mēs varam dr e mednis agenskalnaklinika kopamesvaram dzivebezbailem izglabdraugu sargibernus
1046,03.02.2024 23:19:10,Āgenskalna klīnika,,,man ienāk ziņas mūsu saruna dr līcīti raustās grūti klausāma skatāma alternatīva jūtūbs bitchute kārtībā
1049,07.02.2024 13:40:36,Āgenskalna klīnika,,,interesanta ziņa patiesība šķiet ziņa man sasaucas gadījumu mūsu zemes vēstures šķiet 1993 man piedzimis dēls klasiskās medicīnas absolūts piekritējs skaitā vakcinācijas piekritējs mācījos toreiz lma latvijas medicīnas akadēmija tagad rsu vedu savu puiku iecirkņa pediatra toreiz ģimenes ārstu vietā vienā vizītē pediatre piedāvāja poti meningītu teica laba droša šobrīd vecāku vēlēšanās paņēmu pauzi domu pajautāt pasniedzējiem lma jautāju saņēmu atbildi latvijas valstij uzdāvināts paliels apjoms vakcīnu brīvprātīgas laikā mums slimības diagnostikas laboratorijā potēt bērnam hemofilus influencae vakcīna puikam rīgā atbraukusi profesore gaļina červonska lekciju tieši potēm stāstīja apmeklējot kādu semināru ārzemēs satiek pastēra institūta vienu bosiem saka man patīk austrumeiropa jautā atbild saproti es atbraucu klīniskajiem izmēģinājumiem visi līgumi saslēgti toreiz visi līgumi saslēgti vakcīnas klīnisko izmēģinājumu sāku strādāt iecirknī pediatru redzēju uzkrītoši daudz blakņu kāda laika radio dzirdēju interviju vienu laika mūsu valsts vadošajām infektoloģēm teica vakcīna droša daudz blakņu efektīva mums diagnostikas labi panesama daudz blakņu ieviesta vakcinācijas kalendārā tagad vakcīna kopā difteriju stinguma krampjiem kombinētās vakcīnas sastāvā lieki protams piebilst līgumu parakstīt mutiski piekriti aidā varētu patiesa informācija ļoti daudz mēs farmācijas aizkulisēm kopā mēs varam dr e mednis agenskalnaklinika kopamesvaram dzivebezbailem izglabdraugu sargibernus
1052,11.02.2024 20:24:38,Āgenskalna klīnika,,,sirdi plosošs stāsts jaunā māmiņa pazaudē savu bērnu īsi dažas dienas rutīnas obligātās potes pašas mūsu bērniem piedāvā reizēm ļoti ļoti piedāvā domājam līdzi lasām anotācijas mums pasniedz drošu efektīvu bieži tāds reizēm bīstams kopā mēs varam dr e mednis agenskalnaklinika kopamesvaram dzivebezbailem izglabdraugu sargibernus
1055,15.02.2024 23:38:00,Āgenskalna klīnika,,,labi zināms gada pirmā janvāra grozīti ministru kabineta vakcinācijas 330 juriste agita galiņa sniegusi savu komentāru mainījies ved tālāk agitas galiņas sagatavotais materiāls lasām domājam rīkojamies 2024 gada 11 janvārī spēkā stājās grozījumi ministru kabineta 2000 gada 26 septembra 330 vakcinācijas juridiski apsvērumi uzvedinošas spekulācijas grozījumiem ieviests valdības ieskatā uzlabots grozījumu anotācijā ierasts pamatota cildināta tiesiskā regulējuma izmaiņu pamatā divi kreņķi pirmais sabiedrībā mazinājušās vaxināciju aptveres tuberkulozi hepatītu masaliņām epidēmisko parotītu difteriju stingumkrampjiem poliomielītu meitenēm cpv liecinot sabiedrības jāturpina veicināt iedzīvotāju vakcinācija vakcīnnovēršamajām infekcijas slimībām otrs vaxinācijas procesa digitalizācija procesam pavisam progresīvs izpildvaras vārdiem vakcinācijas pārvaldības procesa digitalizācija sabiedrībai dos iespēju tiešsaistē veselības informācijas sistēmas platformā iegūt informāciju savu vakcinācijas statusu vakcināciju tādējādi ļaujot savlaicīgi ieplānot vizīti vakcinācijas iestādi iegūt izziņu vakcinācijas statusu varētu piemēram bērnam izglītības iestādes apmeklēšanai personai darba pienākumu veikšanai saistīti inficēšanās infekcijas slimību izplatības risku ceļošanai citām līdzīgām dzīves situācijām īsāk sakot precizēt regulējumu uzlabot vakcinācijas procesa plānošanu organizēšanu digitalizēšanu uzreiz jānorāda jēdziens obligātā vakcinācija ietver valsts pienākumu pietiekamu vaxīnu daudzumu pieejamību obligātu pienākumu pakļauties profilaktiskai ārstniecībai organismā ievadāmām zālēm grozījumu anotācijā veselas divas reizes uzsvērts vakcinācija paliek jebkura cilvēka brīva izvēle grozījumiem vaxinācijas kalendārā ierakstītas valsts apmaksātas vaxīnas c19 gripu pieaugušajiem bērniem ārstniecības personas regulāri rekomendēs saviem pacientiem vaxinēties šīm divām infekcijas slimībām uzsvērtu valsts rūpes saviem iedzīvotājiem prioritizētas riska grupas īpašu vaxinēties pārējie imunizēties alkstošie saņemt savas devas valsts dāsni gribētājiem riska grupu uzskaitījums garš skat grozīto 441 punktu jāpiebilst visi bērni 6 mēnešu divu vecumam grūtnieces personas vecumā 60 gadiem hronisko slimību pacienti uc šīm grupām pievērsta īpaša uzmanība mērķtiecīgu anotāciju lasot sajūta radīta deficīta ilūzija vaxīnas ekskluzīva prece sarūpēšanā valsts iegulda milzīgus resursus pasteidzieties potēties mantas uzmanības vērti grozījumi attiecībā ārstniecības iestādēm veiks vaxināciju c19 vakcināciju c19 turpmāk veiks ārstniecības iestādes līgumu veselības dienestu vienlaikus svarīgi saglabāt iespēju vakcinēties bruņoto spēku ārstniecības iestādēs valsts robežsardzes ārstniecības iestādēs ieslodzījuma vietu ārstniecības iestādēs papildus vaxināciju veikt ārstniecības iestādes faktiski izbraukuma vakcināciju jānodrošina iespēja organizēt vakcinējamo personu plūsmu personas vakcinācijas veikšanas
1056,15.02.2024 23:38:01,Āgenskalna klīnika,,,tālāk grozījumi visa informācija vakcīnām vakcinācijas procesu digitalizēta detaļās akcentēsim skars ikvienu mūsu datu apstrāde izmantošana saprastu shēmu citāts grozījumu anotācijas vakcinācijas faktu ievade veselības informācijas sistēmā uzsākta 2024 gada 1 janvāri dati informācijas sistēmā uzkrāti sistēmas pārzinis tos agregētā veidā spkc datu analīzei minētā informācija vakcinācijas rezultātus sabiedrības vakcinācijas aptveri analizēta uzkrājot informāciju vakcīnu izlietojumu vakcinācijas iestāde ievadot informāciju vakcinācijas faktu rekomendēto vakcinācijas laiku tādējādi tiešsaistē informācija vakcinācijas iestādei ģimenes ārstam personai veikto vakcināciju rekomendējamo vakcinācijas laiku skatāmies tālāk izmantojot veselības informācijas sistēmā pieejamos datus ģimenes ārsts identificēt pacientus vakcinācija piemēram sezonālo gripu c19 īpaši rekomendēta pamatojoties minēto informāciju ģimenes ārsts rekomendēt savā aprūpē esošajiem pacientiem vakcināciju c19 brīdī atceramies minēto izbraukuma vaxināciju vaxinēšanu ārstniecības iestādēm situācijā ģimenes ārsta prakse vakcinācijas procesu mājās ģimenes ārsts sagatavo apzināto pacientu sarakstu tālākai procesa organizēšanai ģimenes ārsta prakses vakcinācijas sadarbības iestādei izbraukuma vakcināciju personas dzīvesvietā grozījumi svarīgi veicot citas izbraukuma vakcinācijas grozījumi attiecināti vispārējiem vakcinācijas veikšanas vakcināciju c19 identificēs personas sarakstus vaxinācijas iestādēm versijas liecina formulētas raksta tagad epidemioloģisko draudu gadījumā veselības ministrs tiesīgs izdot rīkojumu atsevišķu iedzīvotāju grupu obligātu vaxināciju gadījumos uzstādījums ārstniecības personas atbalsta personas saskarē pacientiem tāpat ilgstošas sociālās aprūpes sociālās rehabilitācijas institūciju pacientus darbiniekus šādam protams kārtējā cēlā atruna iestādei jārūpējas savu darbinieku aizsardzību saslimšanas c19 sezonālo gripu darbiniekiem pašiem jāmeklē iespēja vakcinēties tāds iestādes vadības pienākums gramatiski tulkojot darbinieka pienākums obligāti vaxinēties jāatceras pieredzētais c19 afēras ietvaros izdotajiem rīkojumiem piemēram ārstniecības aprūpes iestādes vadība izdos iekšēju rīkojumu ierakstīs amata aprakstā veselības ministrs izsludinās obligāto vakcināciju šīm mērķa grupām atteikšanās vaxinācijas radīs konkrētas sekas pildīt darba pienākumus iespējams liegts
1057,15.02.2024 23:38:01,Āgenskalna klīnika,,,tagad mazliet kāda paredzēta kārtība atteiktos vaxinācijas izvēloties savā ķermenī konkrētu vaxīnu ārstniecības persona prasīs informētais atteikums puse šādā atteikumā informētāka protams diskutabls jautājums rakstiskam atteikumam grozījumu ierosinātāji izstrādājuši atteikuma veidlapu 9 pielikums atruna ārstniecības persona izmantot veidlapu ārstniecības persona atteikumu rakstiski brīvā formā tāpat iekļaujot brīvajā atteikuma formā informāciju 9 pielikuma frāzi ārstniecības persona labi savu atteikumu vaxinācijas pats ārstniecības personai svarīgi uzrādīt pārraugošajām institūcijām darījis skaidrojis informējis kauninājis šantažējis utml pacients piekristu potēties ieteicams ārstniecības personu sadarboties situācijā paši formulējat savu atteikumu tekstā iekļaut tos pāris teikumus ārsta centieniem iespējamās sankcijas uzraugošajām institūcijām varētu ārstniecības personu sodīt tālāk pavisam interesanti grozījumiem atteikumu vakcinācijas ārstniecības persona turpina skaidrot vakcinācijas turpmākajā komunikācijā pacientu konkrētas vaxīnas vaxinācijas atteiksieties ārstam jāturpina jūs tramdīt citādi piemērot soda sankcijas visai savdabīgs mehānisms iedzīt stūrī abas iesaistītās puses jārēķinās tieši bailes iespējamā soda viens galvenajiem vadmotīviem ārstniecības personas jūs mierā pienākums saprot diezgan veiksmīgi izvairīties emociju uzturēšanas vietā pieņemt situāciju censties uztvert ārstniecības personu uzstājību vienīgi profesijas sastāvdaļu īsumā aktuālais regulējuma formulējums uzrāda ainu 1 informācija ikviena indivīda vakcinācijas statusu digitalizēta regulāri uzraudzīta digitālie ieraksti regulāri pārskatīti uzskaitītu izlietotās devas plānotu devu pasūtīšanu iepirkšanu mērķis vaxinācijas aptveres uzlabošana runa vakcīnām valsts iepērk piedāvā 2 vakcīnas gripu c19 iekļautas vaxinācijas kalendārā ģimenes ārsts atbildīgs pacienti regulāri vaxinētos tostarp bērni 6 mēnešu vecuma atteikums vaxinācijas jāformulē rakstiski šāds atteikums atturēt ģimenes ārstu pacienta motivēšanas vaxinēties 3 informācija plānoto vaxināciju atteikumu digitalizēta personu sarakstus apstrādā identificēs personas sarakstus vaxinācijas iestādēm 4 vaxinēt drīkst ārstniecības iestādes atceramies potēšanas centrus tirdzniecības vietās kapos uc faktiski iepriekšējā punktā minētās personas sasēdināt autobusā stadionā tos izbraukuma vaxinācijā vaxinēs bruņoto spēku robežsardzes ārstniecības iestādes apgalvojums iespējamo scenāriju modelēšana realizēšanu regulējums pieļauj 5 veselības ministrs izdot rīkojumu atsevišķu mērķa grupu obligāto vakcināciju jebkādu esošu vaxīnu pamatojumu piemeklēs skat kovidafēras pieredzi sekot iepriekšējā punktā minētā rīcība 6 senioriem 60 vakcinācija gripu bērniem 1 18 g ērču encefalītu valsts pamatbudžeta vajag katra paša lēmums vaxinācijas aptvere jāuzlabo ārsta pienākums pacientiem uzstājīgi rekomendēt
1058,15.02.2024 23:38:01,Āgenskalna klīnika,,,7 gripu c19 jānopotē ārstniecības personas atbalsta personas saskarē pacientiem ilgstošas sociālās aprūpes sociālās rehabilitācijas institūciju pacientus darbiniekus procesu iestādes vadības pienākums atteikties jārēķinās iespējamām sekām 8 ārsts atbildīgs pacientam veiktu vaxinācijas kalendārā paredzētās vaxinācijas atbilstoši veselības stāvoklim rakstisku pacienta atteikumu ārstam jāturpina sniegt informāciju vaxīnu drošību papildus ārstniecības personas atbildīgas racionālu vakcīnu pasūtīšanu izlietošanu savlaicīgu vakcinācijas faktu reģistrāciju veselības informācijas sistēmā minēto prasību pārkāpumiem ārstu sodīt 9 vaxinējamai personai pamatojoties pacientu tiesību likumu vakcinācijas 28 punktu tiesības izvēlēties vakcinācijas iestādi ārstniecības personu veiks vakcināciju atteikties vakcinācijas aizbildnībā esošas personas vakcinācijas atkārots uzsvars atteikumu vakcinācijas ārstniecības personai jāturpina skaidrot vakcinācijas turpmākajā komunikācijā pacientu 10 ģimenes ārstam pašam obligāti jāveic savu pacientu vakcinācija mājās ģimenes ārsta prakse mājās ģimenes ārsts sagatavo apzināto pacientu sarakstu tālākai procesa organizēšanai ģimenes ārsta prakses vakcinācijas sadarbības iestādei izbraukuma vakcināciju personas dzīvesvietā paturam prātā 4 punktā minēto vairs stadions vakcinācijas brigāde dzīvesvietā 11 akcentēts periods jāievēro pieaugušo balstvakcinācijai difteriju stingumkrampjiem 10 gadi vakcinācijas termiņa rezultātā jāatkārto pilns vakcinācijas kurss pietiekot vienu balstvakcinācijas devu vakcinācijas shēma iepriekš pieaugušajiem piemēram tiem bērnībā vecāki vakcinējuši patvēruma meklētājiem 12 personām sniedz manikīra pedikīra pakalpojumus tetovēšanas ādas caurduršanas procedūras jāvakcinējas hepatītu pašnodarbinātajām personām vakcinēties hepatītu pašnodarbināto personu sniegtie pakalpojumi saistīti paaugstinātu infekcijas slimību izplatīšanas risku visbeidzot grozījumu anotācijā lasāma šāda piebilde saskaņā šobrīd līgumiem vakcīnas covid19 iepirktas tāpat iedzīvotājiem 2026 gada beigām covid 19 slimības izraisītājs izplatības tendences mainās 2026 gadā vērtēta covid19 ietekme sabiedrības veselību gadījumā 2027 gada plānots jauns vakcīnu iepirkums grozījumiem mēs redzam pakāpenisku mērķtiecīgu virzību digitalizāciju veicina globālu monopolizētu veselības aprūpes pārraudzību mums cilvēce slimos jābaidās ārstniecības metodes jāpielieto pārsteidzoša lv ļoti iztapīgs paklausīgs ierēdņu aparāts mazākās šaubīšanās domāšanas saregulēs globālie psihopāti pieprasa pieļausi atbalstīsi klusējot pakļaujoties domā līdzi zini savas tiesības izmanto
1060,19.02.2024 20:49:23,Āgenskalna klīnika,,,klausos vienas lv infektoloģēm lekciju pneimokoku gauži interesanti latvijā vakcīna pneimokoku ieviesta apgalvo 2010 gadā interesantākais spkc dati saslimstību protams jautāt dati pēdējiem 10 gadiem pēdējiem 20 iespējams interesantāk skatieties tabuliņā vakcīna vienmēr droša efektīva saslimstība iet augšu jautājums jāvakcinē divtik cītīgi dubultām devām te īsti kārtībā vakcinācija vienīgais veids pasargāt cilvēkus viens interesants apgalvojums lekcijā slimības ierosinātāja paši laba imunitāte atnest mājās laba rūpējamies sevi saviem tuvākajiem stiprinām imunitāti dabīgiem līdzekļiem ietaupīsim valsts budžetā kādu kapeiciņu cilvēkiem vairāk veselības domājam līdzi kopā mēs varam dr e mednis agenskalnaklinika kopamesvaram dzivebezbailem izglabdraugu sargibernus
1062,21.02.2024 11:56:12,Āgenskalna klīnika,,,margareta tečere viena izcilākajām 20 gadsimta politiķēm ieklausieties personīgo atbildību vērtīgi vārdi padomājam paši dzīvojam uzņemamies pilnu atbildību savu dzīvi kopā mēs varam dr e mednis agenskalnaklinika kopamesvaram dzivebezbailem izglabdraugu sargibernus
1064,25.02.2024 23:33:07,Āgenskalna klīnika,,,interesantus laikus pārdzīvojām meli meli meli vēlreiz lieli meli viņi teica piemēram pcr bakstāmajiem testiem tiem balstīja afēru pasaules ārstu alianse izveidojusi atskatu zinātnieku piedalīšanos vērts kopā mēs varam dr e mednis agenskalnaklinika kopamesvaram dzivebezbailem izglabdraugu sargibernus
1066,28.02.2024 23:27:38,Āgenskalna klīnika,,,labs materiāls drošo efektīvo cilvēka papillomas vīrusa hpv vakcīnu diezgan interesanti fakti izrādās sāka vakcinēt meitenes 2006 gadā saslimstība cilvēka papillomas vīrusu samazinās pieaug jautājums kritērijs drošībai efektivitātei kopā mēs varam dr e mednis agenskalnaklinika kopamesvaram dzivebezbailem izglabdraugu sargibernus
1068,29.02.2024 18:02:24,Āgenskalna klīnika,,,interesanta ķēdīte lēnām veido kopējo puzzli kāda laika latvijā ieviests obligātais militārais dienests iesauks jauniešus 18 19 vecumam pareizi saprotu labi zinām mūsu valstī profesionāla armija gulbja kungs atļāvās diezgan ciniski paskaidrot aprēķini jauniešus latvijā drīkst ziedot lasi karos genofondu šodien parādījās ziņa latvija pirmā valsts pasaulē atsaucas makrona aicinājumam ievest ukrainā valstu karaspēku uzreiz igauņi cits vācieši beļģi holandieši amerikāņi divas pasaules varenākās valstis latvija igaunija manuprāt kolosāla tuvredzība piedāvāt ziedot mūsu vīrus jauniešus svešas cīņas vārdā ļoti daudziem sajēgas latvieši vienmēr pudelēm korķi dīvaina pārsteidzoša vairākkārt vēsturē vienīgi dīvaini manā jaunībā jāizvairās krievu armijas iesaukuma laikā man jāiet dienēt divas iespējas afganistāna černobiļa atkal sveši konflikti mūsu valstij sakara šobrīd jāmūk pašu gudrajiem prātiem jācer veselais saprāts uzvarēs mūsu jaunieši karot kopā mēs varam dr e mednis agenskalnaklinika kopamesvaram dzivebezbailem izglabdraugu sargibernus
1071,06.04.2024 09:10:34,Āgenskalna klīnika,,,es parasti atturos politiskām diskusijām kanālā manuprāt būtisks ieraksts apjaustu mēs tiekam manipulēti locīti ikdienā patiesībā valda pasauli šobrīd visos līmeņos cīņa globālistiem deep state antigloibālistiem materiālajā plānā spirituālajā mēs esam daļa cīņas mēs esam daļa pasaules mēs citādi piedalāmies pasaules procesos aktīvi pasīvi darbojoties savā sabiedrības labā savam mēs piedalāmies procesos savām domām darbībām palīdz mūsu katra kopā virzībā priekšu gribētos teikt virzībā gaismu gaisma vienmēr uzvar laikam vairs jāstāsta mēs uzvarēsim kopā mēs varam kopā mēs varam dr e mednis agenskalnaklinika kopamesvaram dzivebezbailem izglabdraugu sargibernus
1073,06.04.2024 09:44:21,Āgenskalna klīnika,,,klajā viena iniciatīva pasaules veselības organizācijas pandēmijas līgumam zināms pvo virsvaldību organizācija līgumu vēlas iegūt tiesības ieviest lokdaunus izsludināt pandēmijas ierobežot pārvietošanos citas izklaides tautai valdība pievienoties līgumam visai drīz sagaidīsim jaunas piemirstas izklaides 3 gadiem regularitātes pamatiem daudz skarbākas darām varam draudus mēs varam dr e mednis agenskalnaklinika kopamesvaram dzivebezbailem izglabdraugu sargibernus
1074,06.04.2024 11:12:12,Āgenskalna klīnika,,,te jurista papildinājums precizējums pvo pandēmijas līguma draudiem pārvietošanās tamlīdzīgi ierobežojumi drauds psihopāti plāno zāles drīkstēs lietot ārstēt regulāri obligāti jāvaxinējas varētu iesaistīties sabiedrības dzīvē valstī kādus preparātus medicīniskas ierīces masveidā ražot tāpat plāns paredz ārstniecība drīkstēs vadlīnijām iesnas āfrikā jāārstē tāpat sibīrijā piemēram diagnoze uzstādīta algoritmiem ārstēšana vadlīnijām pašdarbība profesionāls ārsts pats vadās priekšrakstiem atbildību sekām prasīt strādājis atbilstoši vadlīnijām ieplānotais regulējums paredz virkni pilnīgi absurdas lietas tostarp zaudētu iespēju valstij pašai lemt savas tautas veselības aprūpi kopā mēs varam dr e mednis agenskalnaklinika kopamesvaram dzivebezbailem izglabdraugu sargibernus
1075,11.04.2024 17:15:04,Āgenskalna klīnika,,,interesanta ziņa ienācās izrādās pirmdien 1504 1000 1100 rsu aulā viesosies labi pazīstami personāži viena godīgākajām eu amatpersonām eiropas komisijas prezidente ursula fon der leiena parūpējās mēs varētu saņemt 10 kovipdšprices valstīm uzspiests ļoti līgums iespējas atteikties liekā mūsu pašu eu funkcionārs izbijis premjers valdis dombrovskis patreizējā lv premjerministre evika siliņa visai jautra kompānija pamata ideja tikties studējošajiem pamata ideja iespējams popularizēt lēnām mirstošo eu vienotības reitingu celšana eu priekšvēlēšanu sakarā te oficiālā ziņa rsu pārsūtu oficiālo ziņu pirmdien 1104 1000 1100 rsu aulā aicinām jūs sarunu eiropas komisijas prezidenti urzulu fon der leienu ek prezidente eiropas augstākā amatpersona atbild jautājumu loku skaitā jauniešu studentu izglītības zinātnes ģeopolitikas latvijas vizītes laikā eiropas komisijas birojs īpaši izvēlējies rsu sociālo zinātņu fakultāti starpdisciplināru platformu prezidentes kundze varētu tikties studējošiem vizītes laikā sarunā piedalīsies komisārs valdis dombrovskis latvijas ministru prezidente evika siliņa sarunu studējošiem organizē kopā finanšu ministrija ministru kabinets eiropas komisija speciāli meklējot laika logu fon der leienas kundzes grafikā atsaucoties rsu aicinājumam kopā mēs varam dr e mednis agenskalnaklinika kopamesvaram dzivebezbailem izglabdraugu sargibernus
1076,12.04.2024 17:32:10,Āgenskalna klīnika,,,redz kosmoss pats vakar palaidām kosmosā informāciju augsto viesu vizīti rsu šodien izrādās fon der leijenas kundzei laika mūsu zemīti pagodināt savu klātbūtni bravo reizēm vajadzīgs šajos laikos ātri homeopātiskās mikro devās kopā mēs varam dr e mednis agenskalnaklinika kopamesvaram dzivebezbailem izglabdraugu sargibernus
1077,12.04.2024 17:45:47,Āgenskalna klīnika,,,jaunākajām ziņām lv būšot laika tikties studentiem bizness svarīgāks kopā mēs varam dr e mednis agenskalnaklinika kopamesvaram dzivebezbailem izglabdraugu sargibernus
1078,22.04.2024 20:35:59,Āgenskalna klīnika,,,es kādu laiciņu runāju mēs šobrīd dzīvojam psrs 2 formātā sen zināms iestāšanās eiropas savienībā tagad kristīne andersone eiropas parlamenta deputāte vienisprātis pieminējusi mūsu augsto viešņu siliņas kundze pakalpīgi uzņēma izvadāja citi ierēdņi tikpat pakalpīgi uzņēma skaitā rsu lv uzspiests ļoti saukto kovid vakcīnu iepirkuma līgums viešņa augsta atleks saimnieku galda latvieši kalpu dvēseles visi protams kungiem klanīties protam viņi cūciski izrīkojušies dzīve turpinām vērot izrādi kopā mēs varam dr e mednis agenskalnaklinika kopamesvaram dzivebezbailem izglabdraugu sargibernus
1081,25.04.2024 23:51:20,Āgenskalna klīnika,,,dīvaini mums laikam melojuši trīs gadus atpakaļ komandantstunda šķiet balstīta meliem tāpat špricēšanas indēšanas tiešām dīvaini domājis labi dr fauči tagad vieš skaidrību visā lietā kopā mēs varam dr e mednis agenskalnaklinika kopamesvaram dzivebezbailem izglabdraugu sargibernus
1085,28.05.2024 13:29:03,Āgenskalna klīnika,,,lielo puiku izklaides mākoņu radīšana beidzot sāk publiski izskanēt tautā sen runāja protams geoinženierija mītiem šausmu stāstiem apaugusi reāli pastāv kataklizmas šobrīd pasaulē attiecināt geoinženieriju demonizēt manuprāt sava loma pasaules patreizējā kārtībā izvairīties visa ber debesīs mēs hermētiskā bunkurā zemes tātad atliek pielāgoties labā ziņa cilvēka ķermenis unikāla gandrīz bioloģiska pašregulējoša mašīna paciest ļoti daudz pielāgoties ļoti daudz zinām liekam auss dzīvojam savu dzīvi domājam pozitīvas domas mums labi labāk kopā mēs varam dr e mednis agenskalnaklinika kopamesvaram dzivebezbailem izglabdraugu sargibernus
1089,27.07.2024 13:18:02,Āgenskalna klīnika,,,atkal jārunā katra mūsu atbildību katra mums spēju vēlmi atbildēt ārēju kairinātāju ārējiem šoreiz kārtējā pandēmija cits medicīnisks cirks sociāls eksperiments spēju pakļaut diezgan līdzīgi sagaidījām pasaules lielāko sporta svētku parīzes olimpiādes atklāšanas ceremoniju redzam psihiatriskās slimnīcas fizkultūriešu palāta otras puses kārtējais sociālais eksperiments šoreiz iecietību savu personīgo vērtību sākot marijas antuanetes galvas ekspozīciju apjūsmošanu kristietības simbola svētā vakarēdiena totālai zaimošanai pupainajiem večiem lateksā atvainojos izteicienu sātanistu kulta slavināšanas diezgan ierasta parādība faktiski kārtējo reizi degradētas cilvēku pamatvērtības es gribētu pielabot balto cilvēku pamatvērtības viens virzieniem globālajā dienas kārtībā vienkārši olimpisko lāpu aizdedz divi abi afro izcelsmes cilvēki ņirgājas kristietības simboliem islāma kādiem citiem katrā ziņā sajūtas divējādas skatoties vienas puses šķebina otras interesanti tālu globālie spēki iet savā izdomā degradēt sabiedrību tālu cilvēki ļaus te mēs raksta sākumā minētajai atbildībai spējai gribai atbildēt jautājums mums pašam man vajag es vēlos kārtībā ieslēdziet tv baudiet rīkojamies es jebkāda veida vardarbību es aicinu savas attieksmes paušanu komentāriem pati vardarbība manuprāt vērtīgākais visā šāda veida ceremonijas pasākumos pilnīga ignorance darām savas lietas kopjam savas vērtības audzinām savus bērnu mēs uzskatām pareizu valsts mums piedāvāt jēdzīgu izglītības sistēmu veidojam savu jebkurā jomā mēs paši veidojam savu realitāti pats savu atkarīgs realitātē es dzīvoju jūs kādu izveidosiet dzīvosiet mazāk mēs viņiem dosim savu enerģiju mazāk mēs tērēsim vairāk paliks mums pašiem mūsu vērtīgajiem darbiem manuprāt šobrīd ļoti būtiski turēt savas vibrācijas augstu būtiski zināt mēs vēlamies būtiskāk realizēt savas vēlmes visi resursi mums pieejami pilnīgi mums pareizs pareizs pareizs sev sev pašam darām kopā mēs varam dr e mednis agenskalnaklinika kopamesvaram dzivebezbailem izglabdraugu sargibernus
1090,27.07.2024 18:50:03,Āgenskalna klīnika,,,interesants pastāsts mēs zinām vakcīnu sastāvs ievada bērniem obligātas obligāts dzīvē pilnīgi vecāki ļauj ģimenes ārstiem sašpricēt savus bērnus zina vielas vielu iedarbību mazākumā viņi savus bērnus sašpricēt indi malacis autors žetons uzņēmību drosmi paveikt kopā mēs varam dr e mednis agenskalnaklinika kopamesvaram dzivebezbailem izglabdraugu sargibernus
1093,03.08.2024 14:04:12,Āgenskalna klīnika,,,pasaulē šobrīd dažādas pārvērtības patīkamas patīkamas otrajām pieskaitāmi kari dabas katastrofas kriminālo aprindu vairošanās citas pieder mūsu zemes pārveide procesa pārdzimšanas vienīgais mūs pārvērtību laikā celt mums palīdzēt savstarpēja sapratne apvienošanās iejūtība vienam otru mīlestība šīm īpašībām robežu emocionālā plānā materiālajā aizejošie valdoņi vairs izturēt pārvērtības viņiem bailes viņi vairs grožus viņi vairs ierobežot cilvēku brīvo gribu pēdējie mēģinājumi konvulsijas viņi lēnām aiziet plāna pasaule mainās maināmies līdzi mīlam saprotam cienām viens otru robežām ierobežojumiem kopā mēs varam dr e mednis agenskalnaklinika kopamesvaram dzivebezbailem izglabdraugu sargibernus
1095,03.08.2024 14:25:15,Āgenskalna klīnika,,,piekrītu 100 izteiktajam vārdam
1097,12.08.2024 22:03:10,Āgenskalna klīnika,,,lēnām gaismā vīriņu slepenās spēlītes kurās mēs iejaukti dažiem gadiem pierādījumu tagad lēnām ārā āža kāja interesantā laikā dzīvojam kopā mēs varam dr e mednis agenskalnaklinika kopamesvaram dzivebezbailem izglabdraugu sargibernus
1099,14.08.2024 21:55:46,Āgenskalna klīnika,,,artjoms tarasovs pirmais padomju miljonārs kolosāla saruna medicīnas būtību kāda kādai vērts es baudu klausījos varu pievienoties vārdam mēs varam dr e mednis agenskalnaklinika kopamesvaram dzivebezbailem izglabdraugu sargibernus
1100,10.09.2024 11:30:30,Āgenskalna klīnika,,,faizergeita jauns termins mūslaiku vēsturē izrādās fon der leienas kundze pavisam viesojās lv apmeklēja rsu diez viņi runāja vienojās kritusi saviem darbiem iniciēja es iepirkuma līgumu summu 46 miljardi eur iepirkuma priekšmets protams kovidšprices ražo faizers moderna tāds sīkums vīrs ļoti pietuvināts faizeram tālāk varam domāt pats patiesajiem iemesliem papildus fakts mums leienas kundze paredzējusi 11 devas diez paredzējusi sev savam vīram tāds kartelītis sanāk es kļūdos man folijas cepurīte es izplatu sazvērestības teorijas iespējams iespējams lasiet paši atsaucēm kopā mēs varam dr e mednis agenskalnaklinika kopamesvaram dzivebezbailem izglabdraugu sargibernus
1103,17.09.2024 12:38:02,Āgenskalna klīnika,,,domājis rakstīt skatos jāizdara pēdējo sakarā difterijas mirušo bērniņu sekojošo baiļu baidīšanas kampaņu kovic pagājis visi melu krāpšanas piemirsušies te difterija izrakta gaidījām atkārtotu kovidu gaidījām mērkaķbakas kungi kundzes labu vecajai labajai difterijai marketings izvērsts grandiozs žetons izdomu realizāciju kampaņas organizatoriem žēl cieš bērni informācija ļoooooti pretrunīga difterija difterija pozitīvs tests tests sākumā vēlāk pārtapa pozitīvu u tt skarbi dažādi fakti saistībā attieksme karantīnas cilvēcība plašs spektrs mēs abstrahējamies emocijām sausais atlikums difterijas slimnieku šogad vairāk iepriekšējos gados tāpat vakcinēti zināms difterijas vakcīna saslimšanas veido antitoksisko imunitāti strādā difterijas toksīnu tātad pasargāt toksiskām reakcijām viena sastāvdaļām difterijai slimībai imunologu teiktā 10 populācijas vakcīnas 100 vakcinēto tāpat iespēja saslimt 10 vakcinēto tāpat iespēja smagi slimot toksiskajām reakcijām manuprāt ažiotāžai kāda patreiz īsti pamata maigi sakot ētiska vērā biznesu pārsteidz cilvēku atmiņa reakcijas salikt informāciju kopā gada 1 septembri latvijas tautas republika kopā četrām es dalībvalstīm piedalās pilotprojektā digitālajām vakcīnpasēm ieviešanu klusuma pēkšņi difterija pirmais difterijas gadījums lv pēdējā gadsimta laikā mums 8 10 gadījumu mainījies jezga vakcīnpases palaist jezgu pirmā septembra pacientu te patrāpījās piezīmēta difterija zina kārti izspēlēja gana meistarīgi trāpīgi bingo tauta skrien potēties gandrīz rindās jāstāv rezumē elpojam dziļi saglabājam vēsu prātu atceramies jebkuras turbulences apstākļos vissvarīgākais visi duļķi skaidrāk redzēt mīlam sevi savus apkārtējos kopā mēs varam dr e mednis agenskalnaklinika kopamesvaram dzivebezbailem izglabdraugu sargibernus
1104,17.09.2024 21:00:59,Āgenskalna klīnika,,,šodien tiesībsargs izpaudies gadījumā vecāki atsakās potēt bērnus ārsts lietu bāriņtiesā domu sabiedrības interesēs upurēsim izvēles brīvību bērnus skaisti esmu teicis pseidodemokrātija man atgādina psrs laikus psrs2 iekārtas slavināšana sajūtas paralēles prātā tiesībsarga izteikumu sakarā palūdzu jurista viedokli publicēju zemāk tiesībsarga aktuālo viedokli filozofēšana teoretizēšana bla bla bla stilā atrādīties publikai aplaimot provakserus attaisnot savu eksistenci realitātē pavisam savādāk vecāka vietā apejot vecāku bērna likumisko pārstāvi pieņemtu lēmumu attiecībā bērna veselības aprūpi vismaz daļēji jāierobežo vecāka tiesības indoktrinēta klišejiskai domāšanai pakļauta ārsta motivētu iesniegumu gribēšu paskatīties apgarota ārsta profesionālajās acīs uzdrošināsies rakstiski apgalvot bērna katrā konkrētā situācijā bērna vislabākajās interesēs apsēdīsimies apaļā galda skaidri izrunāsim špikeriem suflieriem asistentiem zināšanas loģika veselais saprāts garantiju varu teikt tāds ārsts zaudēs kaunu bāriņtiesas amatpersonas mēģinātu pieņemt lēmumu bērna ārsta motivēta ieteikuma jāmaina virkne likumi mk visbeidzot satversme jāsāk vakcinācijas termina skaidrojumu epiddrošības likumā spēj apritē esošie preparāti izskatās vismaz pāris precedenti valsts pārvaldes ierēdnīši pašapziņu apveltītās amatpersonas atskārstu patiesībā aprobežoti banālas indoktrinācijas pavadā gājuši bezjēdzīgi aplams amatam veltītais dzīves posms dod dievs savlaicīgi atjēgties pretējā gadījumā piedzīvot pazemojošu kaunu izskatās valdība centīsies organizēt vērienīgu vaxinācijas reklāmkampaņu grozīt tiesisko regulējumu ļoti laikietilpīgs sarežģīts pasākums juristi iebildumi mums jāsarosās jāorganizē vismaz dubultvērienīga pretkampaņa viens aspekts tanka pamesti ģimenes ārsti viņiem pieprasīs bērnu pārējo pacientu regulāru detalizētas atskaites skaidrojumus prasītajā apjomā sekos sankcijas skat fb izvērstos apsvērumus grozījumiem mk vaxinācijas 330 šgsākumā rada bažas parādīties ārstniecības personu apdraudējums verbāli fiziski uzbrukumi atkal paraugprāvas valsts pārvaldes ierēdņi ļoti izsmalcināti cenšas izvairīties atbildības jebkurā gadījumā vainīgi ārsti sodīs sodīs pakļāvās vakcinēja viņiem vajadzēja zināt smalki interesi gaidām tālāku attīstību cīņa galā kopā mēs varam dr e mednis agenskalnaklinika kopamesvaram dzivebezbailem izglabdraugu sargibernus
1105,19.09.2024 21:49:48,Āgenskalna klīnika,,,patreiz sacelta milzu ažiotāža itkā difterijas bērniņu dažām dienām viens gadījums klusām paslīdējis garām faktiski divi gadījumi 2022 gadā pilnībā vakcinēts bērns pneimokoku zaudēja dzīvību otrs bērniņš ilgstoši ārstējās intensīvās terapijas vēlāk pulmonoloģijas drošas efektīvas tiešām minētajiem faktiem izlasīt imunizācijas valsts padomes sēdes protokolā pievienoju profesore zavadska trauksmi medijos mediji aktīvākā sabiedrības daļa atbildīgos afišēts plaši iespējams izdevīgi cits iemesls vakcinācija panaceja jebkurai metodei savi ierobežojumi savas saistīti ciešām saitēm vakcinācijas procesu skaitā iepirkumiem stāstīt savu produktu vairāk graus prestižu toties saslimst tracis atceros vienā konferencēm profesore zavadska teica uzskata vakcīnregulējamām slimībām jāmirst te atgādināšu imunologu teikto 10 vakcinēto cilvēku vakcīnas aizsardzību tagad aktualizēts jautājums piespiedu vakcināciju atsevišķām slimībām mani interesē tiesiskais regulējums blakņu gadījumā tāpat sauktajām kovid vakcīnām zva atsaka jebkādas kompensācijas saņemšanu blakņu gadījumā pierādīts ārstiem acīm redzot dots rīkojums blaknes cilvēki patiešām blaknes indes kompensācijas veselības bojājumu pats paredzēts šoreiz dzīvosim redzēsim sekojam līdzi informācijai veselības ministrijas mājas lapā laikam parādās uzaicinājums tautas apspriešanai dažādiem grozījumiem vakcinācijas garām iespēju izteikties kopā mēs varam kopā mēs darām dr e mednis agenskalnaklinika kopamesvaram dzivebezbailem izglabdraugu sargibernus kopamesdaram
1108,20.09.2024 11:09:19,Āgenskalna klīnika,,,palasījos savā klīnikas fb raksta faktečekeri interesanti viņi apgalvo vakcinācija difteriju pasargā saslimšanas tīša dezinformācija klaja palūkojoties vakcīnas anotācijā rakstīts vakcīna satur difterijas toksoīdu savukārt ievadot vakcīnu veidojas antitoksiskā imunitāte antimikrobiālā respektīvi antivielas veidotas toksīnu mikrobu savukārt saslimšanu vakcīna pasargā toksīna iedarbības vienu iedarbojas es ieteiktu cienījamai ingai spriņģes kundzei co painteresēties vairāk publiski pauž atbilst patiesībai zinātnes viedokļa mēs ticam uzticamies zinātnei kopā mēs varam kopā mēs darām dr e mednis agenskalnaklinika kopamesvaram dzivebezbailem izglabdraugu sargibernus kopamesdaram
1109,20.09.2024 13:55:06,Āgenskalna klīnika,,,šodien delfos raidījums vakcinēšanu latvijā redzami kolēģi sprieda vajadzētu uzlikt obligātu potēšanos pretējā gadījumā liedzot piekļuvi valsts pakalpojumiem salīdzinot satiksmes ievērošanu manuprāt klaja demagoģija divas kardināli atšķirīgas sfēras situācijas latvija laimes zeme komplikāciju vakcīnām konkrētiem vārdiem uzvārdiem tāpat konkrēti kolēģi puspatiesībām iebiedēšanu tagad piespiež vacākus savus bērnus savakcinēt mans jautājums uzņemsies atbildību sakropļotām bērnu dzīvēm vakcīnām personīgi kolēģiem citādi veicina vakcinācijas aptveri atbildība situācijas smagums tāpat gulsies vecākiem valsts ļoti iesējams atkal kolēģiem baidīsies atzīt vakcīnas blakni brīža situācijā visi zinām mamma uzņēmās pilnu atbildību pieņemot lēmumu bērna šobrīd bauda sava lēmuma augļus tāpat ļoti labas veselības esošo bērnu mammas vīri uzņēmušies pilnu atbildību savu lēmumu turpretim situācijā piespiedīs vakcinēt atbildību realitāte darām iespējamo saglabātu savas tiesības izvēlēties vakcinēt savus bērnu klāt pievienoju vienu bēdu stāstu laipni dalījusies vakcīncietuša bērniņa mamma kopā mēs varam kopā mēs darām dr e mednis agenskalnaklinika kopamesvaram dzivebezbailem izglabdraugu sargibernus kopamesdaram
1111,20.09.2024 21:53:11,Āgenskalna klīnika,,,vakcīnas drošas efektīvas mums apgalvoja turpina apgalvot taisnība mūsu bāleliņi tautumeitas faktus apzināti tos ignorē japāņi domā savādāk ceļ trauksmi mums vienmēr vislabāk kopā mēs varam kopā mēs darām dr e mednis agenskalnaklinika kopamesvaram dzivebezbailem izglabdraugu sargibernus kopamesdaram
1114,21.09.2024 10:53:20,Āgenskalna klīnika,,,iztikt medicīnas mirkli attīstās vēja spārniem zemāk aprakstīts kāda virzība ģimenes sakarā miris bērniņš bijušas viena bērna bēres iespējams gatavotas jurista sagatavots situācijas apraksts vakar 20 septembra pēcpusdienā vecāki izmantoja savas pacientu tiesību likumā tiesības 6 pants piekrišana ārstniecībai atteikšanās 4 pacientam tiesības atteikties ārstniecības uzsākšanas ārstniecībā izmantojamās metodes ārstniecības kopumā atteikties ārstniecības laikā pieņēma lēmumu atteikties meitu turpmākas ārstniecības bkus paziņoja personālam bērnus stacionāra izņēma šāds lēmums balstīts vecāku pamatotām bažām meitu veselībai dzīvībai kaitējums brālīti vecāku ieskatā abas stacionārā esošās meitenītes jutās uzvedās pilnībā veseli bērni pēkšņi 20 septembra rītā ārstniecības personas paziņoja kādu steidzamu izmeklējumu veikšanu analīzēs paaugstināti troponīna rādītāji pasakot bērniem divas dienas būšot jāguļ pieslēgtām kādiem aparātiem māte ieradās stacionārā bērniem vecākā meita pieslēgta medicīniskās ierīces precīzu māte māte bērnu atvienoja plāksterus bērnus saģērba aizveda tēvs palika stacionārā ieslēgts kopā apsargu ārstniecības personām telpā acīmredzot parakstīja atteikumu bērnu ārstniecības ģimenes dzīvesvietā māte veica totālu dezinfekciju izvāca mēbeles mantas sadzīves priekšmetus paspējusi atvest jaunās mēbeles apzinoties iespēju bāriņtiesas apciemojumu dzīvesvietas bērniem lūdza pagaidu patvērumu paziņas bērniem pieejama droša atbilstoša vide šorīt 21092024 plkst 610 privātīpašumā māte abām meitām ieradās vesela komanda 6 personas tiesībsargājošo iestāžu amatpersonām uzrādīja īpašuma īpašniekam lēmumu kratīšanu 3 16 pieņēmusi rīgas prokurore lēmumā uzsākts kriminālprocess sastāva pazīmēm paredzēts krimināllikuma 141 panta otrajā daļā 2 personas apzinātu atstāšanu palīdzības atrodas dzīvībai veselībai bīstamā stāvoklī kurai iespējas saglabāt sevi mazgadības vecuma slimības savas vainīgajam iespēja sniegt cietušajam palīdzību pienākums rūpēties vainīgais pats dzīvībai bīstamā stāvoklī šāds lēmums savukārt pieņemts madonas bāriņtiesā 20092024 plkst 20 55 ticis pieņemts lēmums divu meitu vecāku aizgādības tiesību pārtraukšanu abiem vecākiem kārtējais bt vienpersoniskais lēmums sekas bērnu emocionāla konkrētajā gadījumā iespējams fiziska traumēšana piespiedu ārstniecība vecāki izmanto savas tiesības pieņem lēmumus attiecībā savu bērnu veselības aprūpi tagad lēmumus attiecībā divu meiteņu veselības aprūpi pieņems kāda sveša tante bāriņtiesas amatpersona bērnus strādā papīram statistikai izdabājot dažu pašpasludinātu ekspertu ārstu valdošās kliķes kaprīzēm kundzītes dzīvo konstantās bailēs savu reputāciju statusu amatu ikmēneša konta papildinājumu empātijas cilvēcīguma cilvēcības veselo saprātu vērts pieminēt
1115,21.09.2024 10:53:21,Āgenskalna klīnika,,,operatīvo darbību ietvaros māte bērniem patvēruma vietas aizvesta māte aizturēta persona persona uzsākts kriminālprocess aizvesta rīgu valsts policiju divi bērni atpakaļ bkus stacionāra ārstniecības personas prof zavadskas stingrā uzraudzībā atsāks ārstēt bērnus sev zināmām kaitēm jāpiebilst mātei bērniem difterijas testi 3x diagnozes difteriju pamatotību pastāv zināma šaubas paliek prof zavadskas sirdsapziņas mēs plebeji zinam saprotam pavisam drīz diena kratīšana aizturēšana pērkamās varas apmātās lēdijas dzīvesvietā rokudzelži spodrināti sia lv bērnu vecāku dehumanizācija piemīt veselais saprāts drosme meinstrīma propagandai biomasā runā skaļi klusē dehumanizēs jebkāda varas izdomāta iemesla kopā mēs varam kopā mēs darām dr e mednis agenskalnaklinika kopamesvaram dzivebezbailem izglabdraugu sargibernus kopamesdaram
1116,21.09.2024 18:22:35,Āgenskalna klīnika,,,tālu esam tikuši sadabūjām labu juristu ziedojiet bērnu vecmāmiņai konta lv39unla0050020022695 austra brežģe maksājuma uzdevumā rakstiet juridisko pakalpojumu apmaksai paldies palīdz kopā mēs varam kopā mēs darām dr e mednis agenskalnaklinika kopamesvaram dzivebezbailem izglabdraugu sargibernus kopamesdaram
1117,22.09.2024 14:38:28,Āgenskalna klīnika,,,pasaulē skaitā latvijā labas lietas mirušā puisīša abi vecāki atbrīvoti paldies iesaistījās palīdzēja paldies juristu advokātu komandai strādā lietas lai apzināmies lielākā cīņa priekšā ļoti būtiska uzvara kopā mēs varam kopā mēs darām dr e mednis agenskalnaklinika kopamesvaram dzivebezbailem izglabdraugu sargibernus kopamesdaram
1118,22.09.2024 16:40:27,Āgenskalna klīnika,,,beidzies turpinās meitenītes slimnīcā te veselo saprātu sabiedrības daļas drosmīgu cilvēku viedoklis ceru oficioziem sniegs atbildes veselības aprūpes savu bērnu stacionēt bērnu slimnīcā latvijā ārsti prot ārstēt saucamās difterijas vērtējiet paši jūs rīkotos vecāku vietā vecākiem pieejamajos mirušā dēliņa medicīniskajos dokumentos tiešais cēlonis akūts miokardīts bērnam operācijas galda plānotas sirds operācijas uzsākšanas laikā 16 septembrī bērna organisms 8 stundas attīrīts dialīzes palīdzību mediji pārliecinājušies informāciju publikācijās uzsvērt bērns miris difterijas saskaņā medicīniskajā dokumentācijā cēlonis akūts miokardīts miokardīta iespējamais iemesls difterijas toksīnu radītās sekas pierāda vecāku rīcībā esošie testi difterijas baktērijas klātbūtni organismā covid laiku cilvēks stacionēts slimnīcā vesels veidā pozitīvu testu medicīniskas manipulācijas piemērotā ārstēšanas protokola sanāca ārstniecības procesā statistikā reģistrēts miris kovida man ļoti atgādina abām meitenītēm jaut atkal atgrieztas stacionārā bkus sākotnējās asins analīzes 0509 difteriju 1709 veiktās asins analīzes difteriju esmu redzējusi analīžu kopijas vecākiem analīžu pamata pieņemot lēmumu atteikšanos turpmākas ārstniecības aizvedot bērnus stacionāra pieļauj pacientu tiesību likuma bāriņtiesas vienpersonisku lēmumu objektīvo situāciju bērnu aizgādības tiesības pārtrauktas meitiņas piespiedu kārtā aizvestas atpakaļ slimnīcu vecāki aizturēti kāda pamata īstenota šāda institucionāla vardarbība patvaļa medijos figurējošas difterijas analīzes gadījums prasa pamatīgu detalizētu izmeklēšanu secību patiesajiem puisēna iemesliem aicinu vienaldzīgi iesaistāmies līdzekļu ziedošanā juridiski korekti īstenotu pienācīgu izmeklēšanu bērnus pārvestu privātu ārstniecības iestādi veselības aprūpes jūs atbalstīt vecākus juridiskās palīdzības bērnu veselības aprūpes izdevumiem veicot ziedojumu vecmāmiņas kontu lv39unla0050020022695 austra brežģe maksājuma uzdevumā rakstiet juridisko pakalpojumu apmaksai kopā mēs varam kopā mēs darām dr e mednis agenskalnaklinika kopamesvaram dzivebezbailem izglabdraugu sargibernus kopamesdaram
1119,23.09.2024 09:14:16,Āgenskalna klīnika,,,fb dzīlēs kolosāls ieraksts mierīgi parāda situācijas būtību prof zavadskai veselības ministram iespējams vērts viedoklī ieklausīties patiešām valsts medicīna strauji zaudē autoritāti sabiedrības acī sabiedrības uzticību kampaņas efekts panākts pilnīgi pretējs rakstā minēts mēs varam kopā mēs darām dr e mednis agenskalnaklinika kopamesvaram dzivebezbailem izglabdraugu sargibernus kopamesdaram
1120,24.09.2024 08:17:19,Āgenskalna klīnika,,,ziņām iespējams šodien latvijas ārstu biedrībā valdes sēde bērnu slimnīcas sūdzības skatīts jautājums mana ārsta sertifikāta anulēšanu latvijā pastāv viedokļa cenzūra drīz redzēsim ārsta sertifikātu piešķlr pareizu viedokli iegūtajām zināšanām rakstīts ārstniecības persona edgars mednis pierādījis teorētiskās zināšanas praktiskās iemaņas tiesības praktizēt specialitātē datums vārda pareizu viedokli dzīvosim redzēsim kopā mēs varam kopā mēs darām dr e mednis agenskalnaklinika kopamesvaram dzivebezbailem izglabdraugu sargibernus kopamesdaram
1122,24.09.2024 11:41:00,Āgenskalna klīnika,,,citu tēmu atpakaļ pagātnē es domāju mēs daudz interesanta uzzināsim tō afēru 4 gadiem dienas patiesība īlens asa tāpat iznāks ārā mēģinātu kopā mēs varam kopā mēs darām dr e mednis agenskalnaklinika kopamesvaram dzivebezbailem izglabdraugu sargibernus kopamesdaram
1124,25.09.2024 17:01:18,Āgenskalna klīnika,,,uzmanību gatavību starts raganu medības sākušās vakar latvijas ārstu biedrība savā valdes sēdē manus izteikumus manu viedokli apzīmējusi runu lieki piebilst ambrāžu rosina bkus protams čekisiti godājamo ingu spriņģi priekšgalā lepojās savu iesniegumu mana viedokļa sakarā protams personāži jūtas aizskarti melu kampaņu veļas mani rīko aizkulisēm katrā ziņā ņemšanās vairāk atgādina aizvainotas mazas meitenītes asaras birst ego aizskarts papēdīti ļoti sit grīdas kliedz dara savas bezspēcības sajūtas ambīcijām mums joprojām valstī atcelta runas viedokļu brīvība drīkst paust viedokli izpaužas dieviņš būvējis spēkos aizliegt vismaz pagaidām man tiesības savu viedokli es aktīvi paužu pārsteidz cits valsts mutes skan vakcinācija vienīgā drošā efektīvā metode veselības iegūšanai maigi sakot pārspīlējumi metožu daudz inženierijā ārstniecībā dziedniecībā citu ļoti interesanti termini milzīgu atšķirību citās dzīves jomās manuprāt kļūdaini apgalvot kāda metode pārāka citu diezgan augstprātīgi tāpat fakts bkus uzņemas soģa lomu faktiski izvērš represijas vecākiem iemesla vienas metodes interesanti zināt viņiem jādara viņiem tiesīgs aizliegt izvēlēties citu metodi mēs šobrīd esam apcietinājumā dzīvojam totalitārā policejiskā valstī pieļaujama medicīniska diktatūra man zināms visa sāk izskatīties cienījamās dāmas godātie kungi jūs iestrēguši vēsturē vēsturē rakstīta 4 gadiem pietika baiļu sēšanu sabiedrībā visi pakļāvās laiki mainījušies redzēt sabiedrības reakcijas difterijas gadījumu tauta vienaldzīga iesaistās emocionāli praktiski izplatot ziņas runājot aizstāvot ziedojot līdzekļus bērniņa vecākiem rakstot atbalsta vēstules man paldies labajiem cilvēkiem malā palīdz māk mēs esam spēks bifurkācijas laiks ļoti daudz izšķiras mūsu dzīvēs padosimies realitātē mums piedāvā lozungu 10 tūkstošu vakcīnu vienā reizē faktiski medicīniskā politiskā verdzībā otrs variants turpināt vienaldzīgiem aktīvi runāt diskutēt aizstāvēt savējos pastāvēt savām vērtībām pārliecību šobrīd mums iespēja izveidot citu realitāti savējo mēs veidojam kopā top kopā mēs varam kopā mēs darām dr e mednis agenskalnaklinika kopamesvaram dzivebezbailem izglabdraugu sargibernus kopamesdaram
1126,26.09.2024 11:34:30,Āgenskalna klīnika,,,šodien parādījušās ziņas pediatru asociācija lūdz anulēt manu pediatra sertifikātu es savas zināšanas pediatrijā savas zināšanas esmu apliecinājis izejot tālākizglītības kursus saņemot sertifikācijai tālākizglītības punktus gribētos uzzināt konkrēti veidā es apdraudu pacientu drošību es kādu konkrētu manipulāciju traktējams apdraudējums kāda manipulācijām pārāka citām kāda ārstēšanas metodēm pārāka citām līdzvērtīgas tāpat joprojām ārstam tiesības izvēlēties kādu metodi pielietot individuālā pacienta ārstniecībā pacienta informētu piekrišanu turklāt pacientam tiesības izvēlēties kādu metodi ārstēties atcelts es aicinu latvijas pediatru asociāciju pievērst uzmanību konkrētajam prof zavadskas izteikumam painteresēties zinātnisko avotu smelta godājamās profesores atziņa es labprāt iepazītos minēto avotu zinātnisko pētījumu aprakstīts cilvēks saņemt 10000 desmit tūkstošu vakcīnu vienā reizē cilvēka veselībai tāds pētījums uzrādīts uzskatāma maldinošu informāciju ņemot vērā minētās profesores autoritatīvo statusu sabiedrības īpaši bērnu veselības aizsardzības jautājumos valstī radīt ļoti būtisku kaitējumu sabiedrības bērnu veselībai klasificēt iedrošinājumu aicinājumu masu slepkavības mēģinājumu ļoti ceru profesore šādus eksperimentus saviem pacientiem kolēģus veikt video pielikumā kopā mēs varam kopā mēs darām dr e mednis agenskalnaklinika kopamesvaram dzivebezbailem izglabdraugu sargibernus kopamesdaram
1128,26.09.2024 12:51:31,Āgenskalna klīnika,,,mūsu komanda sagatavojusi vēstuli latvijas ārstu biedrībai pediatru asociācijai jums iespēja paust savu viedokli mēs varam kopā mēs darām dr e mednis agenskalnaklinika kopamesvaram dzivebezbailem izglabdraugu sargibernus kopamesdaram
1129,26.09.2024 18:38:45,Āgenskalna klīnika,,,varas demonstrācija apzināta krāpšana brīdī mirušā bērniņa mamma vēlējās pasargāt sava abas meitas ievietotas slimnīcā vēlējās doties mājās īsts holivudas cienīgs scenārijs izspēlēts valsts varas puses policijas bāriņtiesas iesaistīšanu es piedzīvot jūtu līdzi ģimenei iespējas drīzāku bērnu atgriešanos mājās visi cītīgi strādājam mēs varam kopā mēs darām dr e mednis agenskalnaklinika kopamesvaram dzivebezbailem izglabdraugu sargibernus kopamesdaram
1130,27.09.2024 10:52:36,Āgenskalna klīnika,,,brīža situācijai dziļāka jēga paskatāmies apkārt iespējamais sausais atlikums 1 vakcīnpropaganda iespējams regulējums padarot tiešām obligātām ti esamības lietot dažāsdus valsts servisus2 maksimāli apklusināt savādāk domājošos metodes izvēlētas vienkāršākās represijas mūsu pašu ziņā padoties pakļauties atkāpties turpināt ceļu esam uzņēmušies iesākuši atkarīgs procesa rezultāts tāds kādu mēs izveidosim mēs paši cits te būtiski apvienoties vienam mūs izķert apklusināt kopā mēs esam spēks mēs mirušā puisīša vecākus apcietināja iespējams viens būtiskiem faktoriem vis atļ auto laiku 48 stundas sabiedrības jūsu atbalsts jūsu iesaistīšanās paldies pievienotajā video runā dr jurijs līrs mums jāapvienojas rases tautības reliģiskās pārliecības citiem aspektiem šobrīd mums vienotiem mūs salauzt darām mēs varam kopā mēs darām dr e mednis agenskalnaklinika kopamesvaram dzivebezbailem izglabdraugu sargibernus kopamesdaram
1134,29.09.2024 23:01:50,Āgenskalna klīnika,,,esmu izveidojis publisku grupu mērķi apkopot vakcīnu blakņu stāstus pievienojieties rakstiet savus stāstus citi redzēt lasīt tauta redz daudz oficiozi dažāda kaluma žurnālisti iepazīties apkopojam informāciju mēs varam kopā mēs darām dr e mednis agenskalnaklinika kopamesvaram dzivebezbailem izglabdraugu sargibernus kopamesdaram
1136,02.10.2024 13:23:20,Āgenskalna klīnika,,,redz vienkārši raksturojums vietai dzīvojam iekārtai dzīvojam izrādās miermīlīgu savu uzskatu paušanu valdošajam jāraksta paskaidrojums policijā viedokļu cenzūras mēģinājums individuāla iebiedēšanas kampaņa jebkurā gadījumiem īsti pieļaujams deklarējam dzīvojam demokrātiskā valstī mums satversme oriģinālu uzrādīt tiesības viedokli cenzūra aizliegta jāraksta policijai paskaidrojums satversmi reāla demokrātija vāja parodija aicinu līdzcilvēkus dalīties informāciju paust savu atbalstu ingai mēs varam kopā mēs darām dr e mednis agenskalnaklinika kopamesvaram dzivebezbailem izglabdraugu sargibernus kopamesdaram
1137,03.10.2024 00:33:18,Āgenskalna klīnika,,,man pienācās valsts policijas uzmanība šodien saņēmu vēstuli epastā aicina atbildēt ļoti daudziem jautājumiem āķīgiem visai caurspīdīgiem valsts policija aicina mani atzīties es esmu apzināti gribējis kaitēt prof zavadskas reputācijai protams taisnība lietas būtība citur vietā bērnu klīniskā universitātes slimnīca komunicētu bērna vecākiem izskaidrotu situāciju ārstēšanu uzņemas augstprātīga soģa lomu vecākiem atņemtas vecāku tiesības viņi aizturēti pavada policijas izolatorā mēģina vecākus aizstāvēt iesūdzēts policijā brīnišķīga komunikācija turpināt godātie kolēģi pārsteidzoši bkus amatpersonas spējīgas tekstu uztvert rakstīts izprast rakstīto pieņemu bkus ieinteresēta iespējamā celšanā man man piedēvēti izteikumi teicis situācija parāda augstprātība diezgan labs dzinējspēks klupšanas akmens aizvainotais ego asiņo darbības izmisīgie mēģinājumi salāpīt brūci apmierinājums ilgu laiku šobrīd maskas krīt karalis kails kailums spraucas ārā vīlēm skaists dzīve skaista baudām izbaudām brīdi kopā mēs varam kopā mēs darām dr e mednis agenskalnaklinika kopamesvaram dzivebezbailem izglabdraugu sargibernus kopamesdaram
1138,03.10.2024 12:02:58,Āgenskalna klīnika,,,reāls pieredzes stāsts bērnu onkoloģijas sfēras paši padomājiet morāle viena ārstēšana pašu pacientu aizbildņu izvēle kāda saucamā vecāku intuīcija jaunāks strīdējos mammām tagad vairs vienmēr zaudēju savām akadēmiskajām zināšanām pārākas mātes sajūtām zināšanām balstītas savā pieredzē jušanā tēva protams otra lieta izriet stāsta ķīmiskajam preparātam vienkāršs blaknes pašam ibuprofēnam daudzi lieto dažādām kaitēm palasiet anotāciju pats attiecas vakcīnām anotācija blaknes uzņemsies atbildību piespiedu kārtā savakcinēta bērna blaknēm ārstēšanu vecāku ciešanām gadījumā prof zavadska veselības ministrs abu meri uzņemsies personīgu atbildību faktiski atbildību uzņemsies bīdīja likumprojektu parakstīja atbalstīja cilvēkiem personīga atbildība kaitējumu iespējams cilvēku tiesas priekšā visuma priekšā padomājiet kopā mēs varam kopā mēs darām dr e mednis agenskalnaklinika kopamesvaram dzivebezbailem izglabdraugu sargibernus kopamesdaram
1140,03.10.2024 21:55:28,Āgenskalna klīnika,,,jūs visi ziniet šodien svinam uzvaru uzvaru madonas bāriņtiesa atjaunoja vecāku tiesības ģimenei man iespēja bērnu vecāku lūguma piedalīties sēdē ļoti interesanti ļoti cilvēcīgi sociālais dienests bāriņtiesa apsekojuši ģimeni labas atsauksmes kārtīga rūpīga ģimene patiesi rūpējas saviem bērniem privātā komunikācijā atvērti patīkami cilvēki pārsteidza cits latvijas televīzija ltv1 ieradusies 2 cilvēku sastāvā minēto sēdi žurnālists daudz pieklājīgs operators uzvedās labākajiem dzeltenās bulvārpreses paraugiem rāda holivudas filmās bieži pieminēt filmas aktuālo sakarā operators skrien pakaļ vecākiem burtiski tos vajājot ārā bāriņtiesas mājas cilvēki sadrūzmējās ārdurvīm es paliku durvīs operators manis laikam aizsedzu labākos skatus traucēju kadrā traucēkli vienkārši rupji pagrūda mani malā skrēja filmēt daudz cietušo ģimeni absolūti jebkādas empātijas līdzjūtības smadzenēm gribas teikt pilnīgi vecākiem miris bērniņš atņemtas aprūpes tiesības bērniem bērni atrodas slimnīcā būtisks pāri kadrs sensācija reāli dzeltenā prese mēs maksājam saviem pārgājām pāri ielai gaidīja vecāku draugu pulciņš protams jautājumi apskāvieni operators turpināja vajāt klāt filmē sejā kamerai protams pievienots mikrofons lielu gabalu uztvert ierakstīt skaņu brrrr man sajā sakarā jautājums ltv vadībai deputātiem viņi vērtē uzvedību pastāv žurnālistu ētikas kodekss gadījumā ltv1 operatora uzvedību iespējams pārkāpts ētikas kodekss cilvēcību cilvēciskumu uzvara uzvara vairāk sistēma plosās tuvāk mēs esam galējai uzvarai viņi jūt mēs uzvarēsim genocīdu kopā mēs varam kopā mēs darām dr e mednis agenskalnaklinika kopamesvaram dzivebezbailem izglabdraugu sargibernus kopamesdaram
1141,07.10.2024 15:54:06,Āgenskalna klīnika,,,šodien rīt dienas pirmajā pusē variet parakstīties paspējis izdarīt mēs varam kopā mēs darām dr e mednis agenskalnaklinika kopamesvaram dzivebezbailem izglabdraugu sargibernus kopamesdaram
1143,10.10.2024 09:58:51,Āgenskalna klīnika,,,sēžu konferencē imunizāciju vakcināciju rsu aulā interesanti risinās dr žeigurs vienas prezentācijām gribēja iebilst vārdu mēģināja zālē runāt mikrofona pieskrēja klāt iespējams zāļu ražotāja pārstāvis varu auditorijas priekšas izsaukta apsardze daklteris izraisīts zāles pārrunām brīža saņēma atļauju atgriezties zālē lieki pieminēt sēdi vada godājamā prof dace zavadska interesanti laikam vakcināciju labi šādi apklusināti alternatīvie viedokļi piebildīšu prezentācija jaunu respiratori sincitiālā vīrusa vakcīnu labu laiku runā iespējams gatavojas ieviest obligātajā kalendārā viens interesants trends vakcinēt grūtnieces pasargātu bērnu patiesībā patiesais mērķis paliek kopā mēs varam kopā mēs darām dr e mednis agenskalnaklinika kopamesvaram dzivebezbailem izglabdraugu sargibernus kopamesdaram
1146,10.10.2024 18:05:50,Āgenskalna klīnika,,,te viens varen interesants raksts lasīt šādos portālos patiesības pilnus sacerējumus manuprāt der pakavēties atmiņās vecajiem labajiem laikiem lasot rakstu rakstā minētais mans viedoklis es pievienojos es rakstu drošības gadījumā roka izdzēšas mēs varam kopā mēs darām dr e mednis agenskalnaklinika kopamesvaram dzivebezbailem izglabdraugu sargibernus kopamesdaram
1147,10.10.2024 21:54:55,Āgenskalna klīnika,,,vakar uzaicināts latvijas ārstu biedrības ētikas komisijas sēdi visai interesants pasākums visai prominentā sabiedrībā sēdes saturu vienīgi piebildīšu klausoties rodas šizoīda sajūta satiec cilvēkus kolēģus pazīstamus ielas veikalā klāt spiež roku sit pleca saka daudz labu vārdu paklausies otru daļu savu kolēģu citus vienkārši izrādās pārkāpējs recidīvists vakar sēdē man viens kolēģis atgādināja iepriekšējo reizi ķidāts lāb ētikas komisijas sēdē kovidlaikā izteikumiem drošo efektīvo kovidšpricēšanu protams lopu zālēm ivermektīnu kolēģis atgādināt tēmu kādu iepriekšējo reizi runāts laiks gājis drošās efektīvās drošas efektīvas lopu zāles izrādījās gana labas homo sapiens ārstēšanā mūs aicināja ticēt zinātnei zinātne populisms pētījumi pieredze kovidšprices izrādījās gana ļaunas savā būtībā krietni paretināja homo sapiens rindas turpina darīt daļu viņiem padarīja hroniskiem slimniekiem ārsti lāgā galā diagnozes bieži skaļi runāt baidās klusiņām saka jums varētu potes dīvaini lopu zālēm pētījumi apliecina patiesu efektivitāti man lielākais pārsteigums atnāca man viens pacients stāstīja dermatologa klasisks ārsts pūšļotājs homeopāts miniet ivermektīnu urā izrādās efektīvs līdzeklis ādas saslimšanām man piedāvājums grēkus atzīties pretim piedāvāja piedāvājums atteicos komisijā abu divu kategoriju kolēģi vieni uzdeva indīgus jautājumus pieprasīja grēkus otri mēģināja saprast šķiet iekšēji atbalstīja tālāk gaidām lēmumu mēneša laikā atsūtīs pagājušo sēdi latvijas mediķu alianses sūtījām lāb ētikas komisijai iesniegumu prof andra skrides rīcību izteikumiem atbildi savādāk profesors deputāts joka lieta gaidām otra lieta gribēju uzrakstīt man daudzi jautā iet meitenēm stāvoklis analīzes lēnām labojas ceram drīz rakstīs ārā laiks mēnesi gultas režīmā ritma traucējumi sagaidīti lietderīgi tērēt dārgās gultasdienas terciārās aprūpes augstākās kategorijas slimnīcā ņemot vērā apstākli atkārtoju medikamenti slimnīcas puses vienkārši jāguļ lielākā meitenēm īsti vairs pastaigāt staigā piepūli dara dzīvesveids spriežot medicīnas dokumentācijas režīms gultas palātas staigāt drīkst mātes vārdiem ārsti atļāvuši celties gultas ei sazini īstenībā staigāt meitenei pagrūti bērnu klīniskajā slimnīcā fizioterapeiti tos pieaicināt bērnam problēmu daudz kājas izmasēt izvingrināt varētu augstākās kategorijas slimnīcas ārsti zina labāk viedoklis citu vakar izskanēja ētikas komisijā slimnīca augstas kategorijas iedomājies kritizēt saproti dari sertifikāti kategorijās augstāka augstāka zemākā vienāds
1148,10.10.2024 21:54:55,Āgenskalna klīnika,,,interesanti pagājušajās brīvdienās bērnu mamma raksta slimnīcas ārstējošā ārste piekrīt mēs es kolēģis varētu ierasties meitenēm apskatīt uzmest aci medicīniskajai dokumentācijai koleģiāli aprunāties slimnīcas dakteriem sākām saskaņot laikus pirmdien rīta saņēmām slimnīcas atteikumu dīvaini dara māk vēlas gadījumā brīnums žēl saturīga interesanta saruna ieguvēji pirmkārt mazie bērni meitenes iespējams mēs varētu kādu labu ideju prezentēt slimnīcas kolēģiem vismaz ētikas komisija pārmest es rakstu publiski kolēģiem runāt ceram labāko ceram meitenes visai drīz atgriezties savās mājās turpināt veseļoties ierastajā vidē kopā mēs varam kopā mēs darām dr e mednis agenskalnaklinika kopamesvaram dzivebezbailem izglabdraugu sargibernus kopamesdaram
1149,11.10.2024 17:38:21,Āgenskalna klīnika,,,mūsu lasītājiem diskusiju sadaļā ievietojis bērnu mammas viedokli būtisks pārpublicēju pārkopēts vakcīnrealitātes telegrama ziņa mammas annas labrīt ziņa annas pirmkārt vēlos pateikties cilvēkiem atbalsta vienaldzīgi šobrīd cīņa manu ģimeni savijusies cīņu valsti sistēma vienoti uzbruka manai ģimenei visnežēlīgākajā veidā visvairāk cieta turpina ciest mani bērni vienu bērnu vienīgo dēlu mantinieku mēs esam zaudējuši turpinām cīnīties meitiņām ikvienu mūsu soli rīcību vēro bāriņtiesa slimnīca policija sistēma rēķinājusies vieglu uzvaru cilvēki pamodās mums palīdzēja palīdz es iešu galam aicinu ikvienu galvu ļaunās sapuvušās sistēmas priekšā es cīnos saviem bērniem ikvienu bērnu vecāku latvijā mēs varam uzvarēt mums jāuzvar šobrīd mūsu tēvzemē valdošā svešu varu ieceltā kliķe dabūtu triecienu mēs šodien padosimies rīt iznīcināta kāda ģimene bērns jūsu atbalsts man parāda mums tautai cerība jūs vienaldzīgi paldies jums dievs jūs svētī svētī atbrīvo latviju
1152,11.10.2024 21:16:29,Āgenskalna klīnika,,,rakstīju incidentu rsu seminārā dr žeigurs uzdeva jautājumu rupji grūstīts te uzrakstījis savas pārdomas sakarā turpmāk dr žeigura rakstītais video ieraksts minēto iespējams lāb ētikas komisijai knab valsts policijai sakāms sakarā tuvas jautājums turpinājumā dr žeigura rakstītais es izvēlos piedzīvoto vardarbību ārstu mūžizglītības pasākumā ierobežojumu vakcinācijas pienākuma pacientu tiesību pārkāpumu traģiskajām sekām veselības aprūpē vakar rsu mūžizglītības kursos vakcināciju mans publiskais aicinājums kursu organizatoriem ārstus izglītot korekti ētiski kādu vīrieti satrauca pieskrēja man klāt sāka mani fiziski aizskart grūstīt draudot sadot galvu vardarbība pieņemama latvijā visi atpazīst lūdzu palīdziet emocionāli vardarbīgā vīrieša personību rsu darbinieks zāļu firmas seja vardarbīgs ārsts uzskata vakcīnu blaknēm absolūto efektivitāti jautāt domā argumentu trūkuma gadījumā pieļaujama vardarbība es apsveru iespēju uzbrukumu vērsties iesniegumu policijā brīdināt darba devēju ārstu ētikas komisiju imunizācijas valsts padomes vadītāja augstākā vakcinācijas drošību atbildīgā amatpersona latvijā ētiski liedz iespēju argumentēti iebilst pamatot savu viedokli ārstiem uzskata ārstniecībā pacienta interesēm vislabāk pārzina pats pirmajā vietā ārstiem jāpārzina informācija zāļu blaknēm zāļu absolūto efektivitāti apstākļos ierobežot cilvēka tiesības pacientu tiesības aizsargāt savu dzīvību atsakās ārstniecības sekas starptautiskās cilvēktiesību jāievēro latvijai saistošas pacienta tiesību ierobežojumi attaisnojami abstraktām sabiedrības interesēm iluzorām bērna interesēm finansiālu izdevīgumu bērnu vakcinēšanas atteikuma gadījumā imunizācijas valsts padomes vadītāja atbalsta veselības ministra tiesībsarga ieteikto iespēju iesaistīt bāriņtiesu bāriņtiesa motīvu vadīta atņem vecākiem tiesības bērna interesēm ārstu iesnieguma pamata šāda rīcība kaitējusi kāda bērna interesēm šobrīd pieejamās informācijas redzams varmācīgas bērnu atgriešanas obligātai ārstēšanai stacionārā izmisuma stresa šoka vardarbīgu vecāku atņemšanu radītās ilgstošās pārslodzes bērna sirds bojājuma rādītāji pasliktinājās bērns brieduma pakāpe pieļāva viedokļa uzklausīšanu bāriņtiesas pārstāvei teica grib mājās vecākiem bāriņtiesa vecāku saskarsmes tiesības bērniem laikā vecāku aizgādības tiesības pārtrauktas pretēji bērna interesēm kopā vecākiem tikšanos ierobežojumu vienu stundu dienā slimnīca mammai atļautais īsais tikšanās laiks beidzās jādodas prom bērns smagi pārdzīvoja dienu teica grib mājām raudāja tāpat bērns pārdzīvoja ilgstošus kustību ierobežojumus atrašanos stresainā vidē periodā 21 septembra 7 oktobrim bērnam stingrs aizliegums kustēties atstāt gultu režīms izmeklējumi kaitēt bērna veselībai miers emocionālā drošība apstākļi bērna emocionālajai labklājībai drošībai tiešā veidā ietekmē atveseļošanos bērnam piemēroti
1153,11.10.2024 21:16:29,Āgenskalna klīnika,,,uzskatu pieļaujams vispārējs obligāts pienākums vakcinēties pieļaujama vecāku tiesību ierobežošana pamata cilvēkam veselības aprūpē tiesībām uzzināt piemērojamās ārstniecības riskiem brīvi sekām lemt bērnam labāk vairāk ārstniecībai tostarp vakcinācijai riski ārsts paredzēt garantēt ārstniecības iznākumu ārstam pienākums skaidrot ieguvumus riskus iegūt pacienta informētu piekrišanu gala lēmumu drīkst pieņemt cilvēks pats mazgadīga bērna aprūpētājs ārsts ārstniecību uzspiest piespiedu ārstniecība atbilstoši starptautiskām tiesību pielīdzināma miesas bojājumu faktiski spīdzināšanai jāpiebilst akts bērniem obligātu ārstēšanu konkrētā slimnīcā valsts vakcinācijas programmas vadītāja rīkojas ļaunprātīgi uzstājot aicinājums ārstus izglītot ētiski pieļaujams traucējot vakcīnu reklāmas pasākumu augstākā vakcināciju atbildīgā amatpersona pretlikumīgi savu iespējamu interešu konfliktu atrunu ārstiem rūp ārstu mūžizglītības pasākumu kvalitāte atbilstība likumam rūp pacientu tiesības citas iespējas izteikties publiski darīt zināmu plašai sabiedrībai klusēt tādējādi pasīvi atbalstot ārstu ētikas pacientu tiesību sistemātisku iznīcināšanu latvijā saistībā vārda brīvības ierobežojumiem sākās kovidvakcinācijas kampaņas laikā manipulatīvs aicinājums aizliegt viltus ziņas izveidojusies absurda situācija ārstiem ārstiem veselības aprūpes svarīgiem jautājumiem jādiskutē feisbukā klātienē sirreāla pieredze proti pierādījumiem balstītas diskusijas vietā man runāt rakstiski iesniegtiem jautājumiem grūsta draud sist seju iespējams slēgtā sēdē slepus atņemt man ārsta sertifikātu ārstu ētikas komisijas vairākuma balsojumi vienmēr ētiski dzīvību apdraudoši lēmumi cilvēktiesību ierobežojumiem veselību dzīvību apdraudošiem pienākumiem brīvi jādiskutē publiski izveidojusies absurda situācija vārda brīvība latvijā tehniski atcelta viltus ziņas lemj valsts pārvaldes lielo farmācijas kompāniju apmaksāti cilvēki interešu konfliktu sabiedriskie mediji klusē atspoguļo valsts pārvaldes viedokli ārstu izglītība cilvēktiesību tostarp pacientu tiesību ievērošana latvijā šobrīd savā zemākajā punktā pacientu veselības aprūpes drošību uzlabot vienīgi uzklausot publiskojot ārstu pacientu brīvi izteiktus argumentētus viedokļus veselības aprūpes ārstu izglītības organizatori piemēroti savam amatam rāda kovidvakcinācijas pieredze latvijā politiķu ieceltie veselības aprūpes organizatori pieņems jaunus ierobežojumus atkal obligātu pienākumu vakcinēties sliktāk cilvēku mirstība latvijā atkal pieaugs mēs varam kopā mēs darām dr e mednis agenskalnaklinika kopamesvaram dzivebezbailem izglabdraugu sargibernus kopamesdaram
1157,12.10.2024 15:54:57,Āgenskalna klīnika,,,te mums raksta mūsu lasītāji kungs interesanti paskatities ētikas ātri pārskrēju pāri ļoti gari plaši sarežģīti izdoti apstiprināti 2020 gadā citu parakstījis kungs tobrīd valdes priekšsēdētājs tāds apraksts saprast siffa varētu mums skaidrot kunga rīcību kopā mēs varam kopā mēs darām dr e mednis agenskalnaklinika kopamesvaram dzivebezbailem izglabdraugu sargibernus kopamesdaram
1158,12.10.2024 20:23:43,Āgenskalna klīnika,,,cilvēks izstāsta medicīnas vēsturi 5 minūtēs īsi konkrēti mūsdienu medicīnas radītāji radīta varam ticēt būtību vienķarši padomājam kopā mēs varam kopā mēs darām dr e mednis agenskalnaklinika kopamesvaram dzivebezbailem izglabdraugu sargibernus kopamesdaram
1161,14.10.2024 22:55:10,Āgenskalna klīnika,,,plašu rezonansi lielajos medijos izpelnījies skandāls rsu vakcinācijas konferencē dr a žeigura izraidīšanu zāles jautājumiem konferences vadībai konkrēti prof zavadskai viens jautājumiem interešu konflikta dr žeigurs rupji izraidīts zāles darīja iespējams zāļu ražotāja msd latvijas biroja vadītājs imants sinka starptautisko inovatīvo farmaceitisko firmu asociācijas siffa valdes loceklis viņiem ētikas kodekss ētikas komisija kurai iesniegt iesniegumus ierosinājumus piedāvāju vēlas uzrakstīt siffa ētikas komisijai iesniegumu lūgt izvērtēt imants sinka rīcību atbilstoši ētikas te siffa mājas lapa pašu varam rakstīt msd galveno mītni zemāk video atgādinājumam kopā mēs varam kopā mēs darām dr e mednis agenskalnaklinika kopamesvaram dzivebezbailem izglabdraugu sargibernus kopamesdaram
1162,14.10.2024 22:55:34,Āgenskalna klīnika,,,te video atgādinājums
1164,15.10.2024 20:48:00,Āgenskalna klīnika,,,šodien pirmo reizi mūžā piedalījos pasākumā diezgan interesanti baisi abu meiteņu vecāku lūguma devāmies bkus tikties ārstiem pieaicināti konsultanti saprastu meitenēm ārstēts vecāku puses izdarīts bkus administrācijai kardioloģijas adresēts iesniegums iesniegts lūgumu rast iespēju tikšanos vismaz vienu ārstējošo ārstu konkrētā datumā laikā trīs ārsti dr līcītis dr žeigurs es mums kompānijā zvērināts tiesu izpildītājs fiksē sākām bkus administrāciju aizgājām izrādās pēdējā brīdī viņi sūtījuši bērnu mammai vēstuli jāvienojas ārstējošo ārstu labi ejam sen bērnu slimnīcā patīkami atcerējos studiju laikus daudz izmainījies tīri ārēji attieksmes ziņā ārējās pārmaiņas patīkamas iekšējās visai jāpiebilst gājām koleģiāli aprunāties iespējams sniegt palīdzīgu roku sajūta ārstēšanas process zāles dotas stagnē meitenēm labāk analīzes te labākas te atkal sliktākas sagaidīja mūs diezgan laipni vienīgi dakteris izskatījās tāds ļoti saprotu māsiņas satrauktas laipni ieaicināja mūs iekšā pārrunu telpā piedāvāja apsēsties solījās pacienāt kafiju sākās ieradās bkus administrācijas pārstāve kopā juristi jaunu meiteni jānoklausās dīvaina performance divu visnotaļ jauko dāmu puses saprast dusmīgas situāciju dot rādīt runāt mums manis teikto karot vienīgi rūpējamies meiteņu veselību vēlamies palīdzēt vecāku uzaicinājuma pozitīvas reakcijas vēlāk izrādījās pilnam komplektam koridorā izsaukts apsardzes darbinieks visādam gadījumam esam bīstami dāmu ierašanās dakteris uzvilkās palika ļoti strikts runāšot vecākiem mūs palūdza iziet ārā gaitenī stāvam durvīm gaidām rezultātu pienāk divas dakteres saka esam tagad vīrusu laiks jāiet citur domāju tālu sūtīs izrādās jāiet 3 metri krēsliem laikam vīrusi mazāk paklausījām pasēdējām bariņā kopā apsargu tāds lādzīgs vīrs garāka laiciņa iznāk ārā meiteņu mamma saka bkus atsakās runāt jebkuru citu cilvēku vienīgi mammu
1165,15.10.2024 20:48:00,Āgenskalna klīnika,,,dīvaina sajūta visa manuprāt jebkurā ārstēšanās procesā galvenais cilvēks pacients vēlmes labsajūta svētas vismaz vienmēr esmu rīkojies uzskatījis izrādās punkts mainījies labāko pusi ģimene faktiski ieslodzījumā tiesībām aiziet pārtraukt ārstniecību tiesībām pieaicināt ārstus viņi uzticas iespējām citu alternatīvu viedokli vārdā te īsti izskatās medicīniskas diktatūras medicīniska fašisma kādām tiesībām ģimene ieslodzīta bkus mammai tiesību lemt saviem bērniem ārstniecību viņiem iespēju izņemt bērnus bkus pārvest klīniku viņi uzticas turpināt veselības aprūpi ambulatori daudz jautājumu protams paliek jautājums bkus iestājas pozā vienkārši galēja augstprātības pakāpe apzināta kaitniecība viņi grib pateikt sataisījām ziepes tagad labākā izvairīšanās taktika jebkurš informācijas vakuums rada dažādus minējumus es minu izsaku savu viedokli uzdodu jautājums jautājumus sev cerība cits tiem atbildēs situācija stiprina pārliecību visā pareizs mums jaudīgāk jāstrādā ģimeni atbrīvotu ieslodzījuma jāsauc atbildības jezgas iniciatori roku dzelžiem jebkurai rīcībai mēdz tiesiskas sekas teica mans jurists gadījumā agrāk vēlāk iestāsies turam roku pulsa darām kopā mēs varam kopā mēs darām dr e mednis agenskalnaklinika kopamesvaram dzivebezbailem izglabdraugu sargibernus kopamesdaram
1166,18.10.2024 22:46:23,Āgenskalna klīnika,,,šodien meitenēm 14 četrpadsmit ārstu konsīlijs jaudīgi jānolemj vienā vārdā sīkāk uztaisīt pāris izmeklējumus viens kontrastvielu ietekmēt sirds muskuli jātaisa jānovēro abas lieki piebilst laiks minēts jautājums joprojām paliek atklāts mājās vecāki dzīvojamo platību rīgā rīgas gulēt pastaigāties holtera monitoru izīrēt lietot mājās bkus gadījumā sirds ritma traucējumi dažas minūtes mājās ārsta apskati reizi dienā mājās pats interesantākais jūs domājat ieteikums vecākiem faktiski ieteikums maigs uzspiediens pareizi vakcinācija vecākiem jāsniedz atbilde vakcinācijas jautājumā mamma jautājusi plānots uzsākt vakcināciju atbilde tagad es īsti man zināšanām pareizi izprotu medicīnu cilvēkam pārslimojis konkrētu infekcijas slimību antivielām slimību godājamie bkus kolēģi grib panākt savakcinējot bērnus manuprāt cilvēkam pārslimojis bkus paši raksta smagu difteriju infekcijas slimību jādod laiks organisms atjaunotos bērniem miokardīts joprojām viņi turēti stacionārā stāvoklis jautājums vakcinācija 6 komponentu vakcīnu kāda difterijas vakcīna sastāvā difterijas stingumkrampju toksoīdi alumīnija sāļi 3 antibiotikas savas būtības tālāku dziļāku miokarda bojājumu bkus kolēģi domā sirds vadīšanas traucējumiem pielieku klāt izkopējumu kombinētās difterijas et al vakcīnas aprakstītas blaknes tiešām meitenēm vajadzīgs izklausās mēģinājuma apzinātu kaitējumu bērniem vārdā vada cilvēkus mērķis šīm darbībām patiesais mērķis labu bērniem izskatās pārkāpj galveno jebkura ārsta bausli pacientam diezgan baisi redzēt turpinām darīt iespējamo meitenes iespējas ātrāk tiktu brīvībā spētu atgūt veselību kopā mēs varam kopā mēs darām dr e mednis agenskalnaklinika kopamesvaram dzivebezbailem izglabdraugu sargibernus kopamesdaram
1169,24.10.2024 08:52:44,Āgenskalna klīnika,,,kopā mēs varam kopā mēs darām dr e mednis agenskalnaklinika kopamesvaram dzivebezbailem izglabdraugu sargibernus kopamesdaram
1171,24.10.2024 20:08:09,Āgenskalna klīnika,,,viens etaps beidzies bērnus dabūjām mājās tagad sākas atbildīgākais posms esmu priecīgas šodien liela uzvara liela uzvaram mums tiem darīja tiem juta līdzi tiem ziedoja citādi palīdzēja varu teikt viegli vienkārši laiciņš pagāja mēs atļauties vēlreiz sāks epopeju vecāku tiesību atņemšanu policiju tālāk sarakstīti daudz dažādi dokumenti iesniegti bāriņtiesā bkus citur padarītu bērnu izņemšanu slimnīcas tālāko atveseļošanos ģimenes sadzīvi maksimāli drošu ceru oficiālajām institūcijām pietiks prāta cilvēcības atkal ģimenes vajāšanu mēs esam gatavi padoties lielākais darbs stāv priekšā meitenes jāatveseļo fiziski emocionāli protams sekos tiesas procesi citādas formālas darīšanas lēja samazgas iesaistītajiem pārkāpa likumu terorizēja ģimeni mani milzīgs darbs stāv priekšā ilgi liksies ļoti ilgi katrā ziņā beigās taisnība uzvarēs kopā mēs varam kopā mēs darām dr e mednis agenskalnaklinika kopamesvaram dzivebezbailem izglabdraugu sargibernus kopamesdaram
1172,25.10.2024 00:18:38,Āgenskalna klīnika,,,tagad labi padarīta darba laiks padomāt dīvainas sajūtas kolēģiem līdzcilvēkiem šoreiz vairāk kolēģiem medicīnā paplašinot dziedniecībā divi ceļi iet pirmais vissmalkākajām izzināt vienu metodi vienu jomu strādāt pielietot otrs gūt priekšstatu apgūt vairākas jomas metodes pilnīgi skaidrs katrā metodē perfekts pirmajā gadījumā vismaz daudzu instrumentu kopums izvēlēties tāpat labam amatniekam māk strādāt vienu instrumentu tādam instrumentu komplekts man patīk otrais esmu apguvis vispārējo medicīnu homeopātiju praktizēt lv sertifikāts klasiskās medicīnas jomām psiholoģiju dziedniecību joprojām turpinu mācīties apgūt arvien jaunas metodes izvēle pacientiem viena pati metode gadījumā gribu palīdzēt būtības simptomus tos labi slikti pieejām pārsteidz vienīgi viens skrūvgriezis instrumentu somiņā skaļi kliedz izmantot instrumentus pats labākais skrūvgriezis vienīgajam instrumentam drīkst lietot vajag likumu kungi dāmas laiks beidzies viena skrūvgrieža laiks beidzies paskatieties apkārt pasaule daudzveidīga daba daudzveidīga dažāda ieejiet būvniecības veikaliem pieejiet skrūvgriežu plaukta paskatieties daudz katrai vajadzībai savs mehānika tehnika šoreiz mēs runājam cilvēkiem organismu ārstēšanu man labāk patīk vārds dziedināšanu paskatieties sevi saviem tuvākajiem tālākajiem tālākiem mēs esam vienādi jūs domājiet man acis žilbst mūsu dažādības mēs varam gribēt viens skrūvgriezis der derēt vecajam spārnotajam teicienam medicīna māksla tiešām māksla mēs mākslā varam ieviest vadlīnijas standartus ieejiet muzejā jebkurā pastaigājiet zālēm papētiet gleznas statujas keramiku vienādi vadlīnijas mākslas darbi jums visvairāk patīk pareizi atšķiras savādāki mēs gribam medicīnu mēs pieprasām visi vienādi pierodiet mums vajag vairākas metodes jāapgūst jauns jāapgūst dažādākas metodes mēs varam palīdzēt cilvēkiem dziedināties jēgas simptomu vietā parādīsies citā riņķi pacients staigā viena kolēģa otra pērk vairāk zāles vairāk pērk slimāks paskatieties apkārt parunājiet saviem saviem radiniekiem 70 tablešu dienā viņi patērē reizēm šermuļi skrien kauliem kvantuma slimības cēlonim aizracies laika man viena laba kolēģe savulaik teica manu jautājumu raksti šausmas zini astma plaušās atbildēja gribi es 15 minūtēs atvēlētas vizītei dzīvi izrunāju strādā izraksta zāles vadlīnijām spiesta saprot saprata īsti cilvēkam palīdzēt situācijā sadzīvot savu sirdsapziņu laikam es drīkst darīt uzskata vajadzīgu pareizu man sevišķi sliktāk tiem pārdevušies atpelna savus jūdas grašus citus katrā ziņā brīnišķīgs laiks patiesības laikmets gaismā iet laikam līdzi izjutīs vairāk ciešanu vainos citus savās sāpēs mūsu katra liktenis katra mūsu paša rokās
1173,25.10.2024 00:18:38,Āgenskalna klīnika,,,pļaujam iesējām mūsu darbam augļi paskatāmies sevi ielūkojamies savā sirdī pajautājam sev es varu palīdzēt ieklausāmies atbilde iespējams ļoti klusa pietiekami klusam sadzirdētu vēlēšanās protams mums sanāk sadzirdēt savu sirdsbalsi kopā mēs varam kopā mēs darām dr e mednis agenskalnaklinika kopamesvaram dzivebezbailem izglabdraugu sargibernus kopamesdaram
1176,01.11.2024 23:32:37,Āgenskalna klīnika,,,šodien atbraucu darbu sāktu darbu pacientiem kabineta ārdurvīm mani sagaidīja pārsteigums tāds bariņš visai jauku dāmu kopskaitā četras izrādījās puse valsts ieņēmumu dienesta otra puse vajāšanas inspekcijas inspekciju piemirsis paldies atgādinājās kādu kļūdu pieļāvis vērīgās rūpīgās acs mēs pusotru stundu ņēmāmies visai aizraujošs pasākums plānveida pārbaude vismaz padsmit gadus tagad pēkšņi tāpat kovidlaikā runām ivermektīnu atļaušanos kritizēt valstī sava veida mutes aizbāšana interesanti solis fakts liecina ļoti trāpīju sistēmai atsevišķiem darboņiem savu apņemšanos aizstāvēt divas mazas burvīgas meitenītes vecākus īsta demokrātijas paraugstunda cīnījāmies barikādēm balsojām būšanu aliansēs savienībās sistēma pieļaut plāna iecerētā plāna iesūtījuši saimnieki ārpuses padevīgi salīkušu muguriņu jāpilda jauki visi plāna punkti izpildījās te lauku dakteris iesniegumiem valsts policijai uzsākt kriminālprocesu greizi ķerties smagās artilērijas vid atradīs atrast pašam vidam pameklē konflikta būtība auksts cinisks armijā izpildi mirsti grib mirt jāpilda saimnieks atmet treknāku luņķīti suņukam diezgan visā labā ziņa faktiski vairākas viena jebkurām grūtībām ejot mēs paliekam stiprāki otrā tautas daļa šobrīd apvienojas lielāks varas spiediens ciešāk apvienosies domāju valdošā kliķe jūt kungi jūs paši radījāt paši mocījāt tautu četriem gadiem sanāca mēģinājāt tagad atkal sāka plāna varu pateikt priekšā vairs cilvēki sāk saprast tautu muļķot bezgalīgi aitu bars ļoti daudz sakarīgu domājošu cilvēku pagaidām bailīgu gatavi iet ielās skaļi sevi pastāvēt skaits gatavi strauji aug mēs paliekam stiprāki mēs paliekam gudrāki mūsu vairāk vecie laiki beidzas vecās metodes kraham medicīnā politikā citās jomās šobrīd mainās mainās daudzkārt vairāk mēs spējam iedomāties skatāmies vērojam dzīvojam pilnu krūti mēs uzvarēsim kopā mēs varam kopā mēs darām dr e mednis agenskalnaklinika kopamesvaram dzivebezbailem izglabdraugu sargibernus kopamesdaram
1177,06.11.2024 15:28:51,Āgenskalna klīnika,,,cīņa galā tagad latvijas ārstu biedrībai jāvērtē ļoti personāžu rīcība interesanti lāb ētikas komisija virzīs sertifikācijas padomi prof zavadskas imanta sinkas lietu sertifikātu anulēšanu sakarā rupjiem ārstu ētikas pārkāpumiem latvijas ārstu biedrībai iespēja parādīt savu mugurkaulu dzīvosim redzēsim izrāde turpinās paliks interesantāk kopā mēs varam kopā mēs darām dr e mednis agenskalnaklinika kopamesvaram dzivebezbailem izglabdraugu sargibernus kopamesdaram
1180,14.11.2024 11:46:57,Āgenskalna klīnika,,,tars ramats ceļā kolosālu projektu aicina līdzi darboties piedalīties projekta realizācijā tars ramats kopienu skolu tīkla radīšanas ģimenes iet savu taku apvienoties radītu kopā realitāti dod spēku dzīva radoša mēs pamazām aptveram pieņemam realitāti lāčplēši antiņi citi pasaku tēli mums pašiem jākļūst stipriem jāatzīst sava muļķība spētu izdarīt iespējams mums jāuzņemās pilnīga atbildība sevi ģimeni tuvajiem pārdzīvotu pārmaiņu laikus iespējams vairs daudzi gadi pagājuši domās sarunās vairs iederīgs svarīgi spētu izkustēties punkta ierasts komfortabls tālāk vecā jāsāk darīt radīt vēlamies pieredzēt piedzīvotu aicinu ģimenes gatavas darbībai atvērtas drosmīgas spert soļus iepriekš sperti mainīt realitāti sākot sevi savu ģimeni tuvāko cilvēku loku skološanos bērniem pirmkārt pašiem piedzimšanu veselību veselumu resursiem ekonomiku pārticību ceļš tāls sākumā pietiek atvērtu prātu sirdi spēsim atvērties viens otram visumam ceļš sāksies vairāk info mēs varam kopā mēs darām dr e mednis agenskalnaklinika kopamesvaram dzivebezbailem izglabdraugu sargibernus kopamesdaram
1181,18.11.2024 20:24:01,Āgenskalna klīnika,,,interesants teksts atradās interneta dzīlēs es domāju man svētku sajūtas man prieka brīvdienu man prieka saucamo valsti lasiet simonas rakstīto es pievienojos domāju latvijas laikā latvija patiesi tāpat šodien vasaļvalsts papētot vēsturi kārtējā vilšanās tāpat šodien saucamā valdība saņem direktīvas ārzemju vēstniecībām jāiebaro tautai gribēju rakstīt mums savu lāčplēšu viņi glaunajā mājā vecrīgā viņi klusu mierīgi dara savu darbu savās lauku sētās savās mājās saviem bērniem kalpojot līdzcilvēkiem kalpojot savai tautai kalpojot saviem bērniem veidojot saule aust te simonas rakstītais simona kalniņa šodien latvijas dzimšanas diena godu svētki vairumam krūtīm karodziņš prieks brīvdienu man viens otrs svētku izjūta izzinot vairākus gadus mēs dzīvojam patiesībā veidojums sevi pasludina valsti man atbalsta sistēmai domāta cilvēka spēku izsmelšanai pilnīgai pakļaušanai visa iznīcināšanai saukts patriotismu vairāk spēlēšanu jūtām iedomājas sevi varas esam sludina patriotismu patiesībā kurina vairo lepnību aizmiglo acis saukļiem valsts 2013 gada 1 septembra valsts vairs komercstruktūras korporācijas sagrābušas varu galvenais peļņa lursoftā divas latvijas republikas latvijas republika latvijas republika vairs vienkārši cikvēki saskārušies informāciju izpratuši lepojies latvijas valsti es es ignorēju spēju mums atņemts mums vairs zeme ražotnes savas teikšanas esam amerikas kolonija visās iestāžu mājas lapās figurē gov mums satversmes oriģinala vienkārši iespējams proklamēšanu teātris tieši teātrī sapulce latviešu tauta viņiem savs brīvība saucamā pase izrādās tava pieder korporācijai latvijas republika tavi bērni tavi piereģistrēti korporacijā iemainīti papīrīti dzimšanas apliecība izlaupīts izzagts mums vairs teikšanas gaisa telpu teritorijas dzīvojam ķīmijtrasēm saindēts sekas vēlāk mums teikšanas pārtiku mēs piena pakā piens surogāts izcelsmes subprodukta siers siers pīrādziņš pīrādziņš rakstīts drukāšanas laiks mums savu īpašumu tiesības īpašumu īpašumtiesības reģistrētas svešas korporācijas reģistrā mums savas savas bankas vēsturi savu īsto mēs mums dižiem latviešiem radīja unikālas tehnoloģijas pasaulē mums dižiem cilvēkiem paveikuši lietas mums teritorijā sauc latviju vairs atlikuši vair aptuveni miljons iedzīvotāju latvieši izmirst karogs ģērbonis himna pirātiskās korporācijas atribūti tos lietojot svētkos atbalsti svešo varu lepns vicinot karodziņu dziedot žēlabaino gaudu dziesmu atbalsti varu varas uzspiestie vienotie atribūti viņi dabū cilvēku piekrišanu varai teikšanai viņi redz jūs priecājaties bērni karodziņiem kopējām rituālām izdarbām saprot šitiem darīt grib viņi vienkārši viņiem tautai patīk iekārta verga dzīve pienākumus atņēmuši gandrīz tiesības beztiesiskums kalpošana svešajiem savas būtības aizmiršana utt
1182,18.11.2024 20:24:01,Āgenskalna klīnika,,,atbalstot svētkus atbalsti varu padomā darījis mainītu tāds mans tautai pacel skatu austošo sauli jūti spēku ceļ kopā mēs varam kopā mēs darām dr e mednis agenskalnaklinika kopamesvaram dzivebezbailem izglabdraugu sargibernus kopamesdaram
1185,25.11.2024 09:15:30,Āgenskalna klīnika,,,mūs aicina ticēt zinātnei labi ticam zinātne saka kovidlaiku pārdzīvojām zinātne teica labu atkarībā mērķiem pazinu vairākas ģimenes radinieki jauni spēcīgi cilvēki saslima slimnīcā iegāja savām kājām laikā stāvoklis pasliktinājās slimnīcas iznesa kājām priekšu zinātne ivermektīnu aizliedza lietot lopu zāles sākotnējiem pētījumiem efektivitāte 70 maksāja salīdzinoši lēti turpretim remdesivir maksāja 3000eur viena deva vajadzēja trīs efektivitāte 20 ļooooti toksisks aknām ivermektīns turpretim vienas drošākajām zālēm pārsteidzoši tagad pvo rekomendācijās sakarā gaidu vajāšanas inspekcijas latvijas ārstu biedrības atvainošanos represijām izvērstas mani ivermektīna sakarā skaitā vi aizliegumu runāt ivermektīnu lāb ētikas komisijas lēmumu ieteikumu rīt uzdošu jautājumu lāb juristei elitai vīksnai sertifikācijas komisijas locekļiem lāb instrumentu valdošā politiskā grupējuma rokās realizētu politiskā īstenošanu mutes aizbāšanu citādi domājošiem runājošiem ārstiem turpinām ticēt singulair vadlīnijās balstītas zinātni izmanto bronhiālās astmas ārstēšanai tagad atraduši lētāku analogu gadiem lietoja ticībā cerībā izrādās izraisa ļoti psihiskas reakcijas bērniem visā pasaulē turpinām ticēt zinātne laba lieta zāļu farmaceitisko preparātu plaši lietoti laiciņa izrādās īsti labi izraisa vēzi psihiskas kādus citus labas blakus efektus jautājums apzināta rīcība domājam paši turpinām ticēt es es zinātnei mums mācīja rīgas medicīnas institūtā vēlāk latvijas medicīnas akadēmijā zinātni mēs esam beidzot ieraudzījuši zinātne labi apmaksātās farma zinātnes es izvēlos ticēt otrai manuprāt ved patiesu atveseļošanos savs kopā mēs varam kopā mēs darām dr e mednis agenskalnaklinika kopamesvaram dzivebezbailem izglabdraugu sargibernus kopamesdaram
1189,26.11.2024 23:13:43,Āgenskalna klīnika,,,es gribēju pateikt milzīīīīgu paldies maniem atbalstītājiem atnākuši piketu ārstu biedrības dažādu iemeslu klātienē juta līdzi piedomāja labas domas paldies jums esiet paldies jūlijai stepaņenko piketa ideju praktisku realizāciju paldies filmēja man rakstīja personīgi mēs kopā esam spēks pagaidām oficiāla lēmuma sertifikācijas padomes lēmumu man parādījies video sētas durvīm iegūtu informāciju gaidām atsūtīs oficiālu dokumentu spriest darīt tālāk padomes lēmums dzīve sajūtām man tāds pagrieziena punkts ļauj apjaust savu spēku savu varēšanu pārliecību es rīkojos pareizi daru saskaņā savu sirdsapziņu saviem ideāliem spēka liktu man iet sirdsapziņa esam kopā darām mēs uzvarēsim gaisma aust vēlreiz lielum lielais paldies jums kopā mēs varam kopā mēs darām dr e mednis agenskalnaklinika kopamesvaram dzivebezbailem izglabdraugu sargibernus kopamesdaram
1195,05.12.2024 09:07:21,Āgenskalna klīnika,,,lāb mājaslapas jaunumu sadaļā parādījies vēstījums biedrība atskaitās pēdējo piecu laikā anulēti ārstu sertifikāti mīlīga lasāmviela saprotama atbilstoša tiesiskajam regulējumam vēstījuma beigās jauka rindkopa ņemot vērā mediju sabiedrības iepriekšējo interesi lēmuma pieņemšanu dr edgara medņa lietā informējam sagatavotajā materiālā ietverta informācija dr edgara medņa lietu saistībā rakstveida lēmums sagatavošanā lēmums stājies spēkā pieļauju gatavināšana redziet tauta ārkārtējs ārsta sertifikātam anulēt reizē izdosies veiksmīgi tizli sabrauksim auzās tiesiskā regulējuma piemērošanu atminos ainu lāb sertifikācijas padomes sēdes lāb pieaicinātās juristes palīdze sēdes sākumā uzskaitīja manas lietas materiālus pieminēts centrālās medicīnas ētikas komitejas ieteikums anulēt man ārsta sertifikātus interesanti ieskatījos centrālās medicīnas ētikas komitejas ti mk 130198 9 skaidri kādus jautājumus komiteja izskata biomedicīniskā progresa ētikas jautājumi šajos mk definēts attiecināms cilvēktiesību cilvēka cieņas aizsardzību ģenētiskajos dzimuma atlases transplantācijas citos zinātniskajos pētījumos te rodas jautājums šādai komitejai sakars manām publikācijām sociālajos tīklos lāb spējusi pamatot pierādīt viedokļa paušana turklāt citāta formā attiecas biomedicīnisko progresu interesanti iepazīties pamatojumu man vairāk liecina centieniem mākslīgi piešķirt svarīgumu rīcībai vairāk dažādu institūciju viedokļus lietā savāksim draudīgāk izskatīsies realitātē tādām pašām sekmēm prasīt viedokli piemēram sankciju koordinācijas padomei zivsaimniecības konsultatīvai padomei pārtikas veterinārajam dienestam kvantitāte gadījumā pārāka kvalitāti spriņģes iesniedzējas pieminēšana iesnieguma pamata visa jezga sākās lieki teikt madāma mana paciente kolēģe ambiciozā prasība anulēt ārsta sertifikātu lāb vērtējama tieši piemēram pētera pampāļiem iesniegums valdībai prasību atlaist kādu ministru pēteris uzskaitījis kādreiz pēterim jānim ilzei tāds izdevies spriņģe žurnāliste aizjūras onkuļu sponsorēta visos jautājumos pati raksta runā izglītota žurnāliste katrā ziņā garlaicīgi brīžiem pabrīnīties kādās galējībās gatavi iet deleģētas funkcijas iedota kripatiņa varas trūkst izpratnes godprātīgi izmantot kopā mēs varam kopā mēs darām dr e mednis agenskalnaklinika kopamesvaram dzivebezbailem izglabdraugu sargibernus kopamesdaram
1196,06.12.2024 23:00:17,Āgenskalna klīnika,,,dzīvojam paralēlajās pasaulēs protams prātā alise brīnumzemē man atņemti sertifikāti man uzzināt preses man lāb sertifikācijas padomes lēmuma saņēmis paralēlā realitāte tiesiski man saņemt lēmumu verdikts aprakstītas iespējas pārsūdzēt galīgā lēmuma pieņemšanai sertifikāti darbīgi man solīja lāb juriste ilze vilka sertifikācijas padomes sēdē rezultāts dīvains man īsti tiesiskā viedokļa lēnām slīdam vēsturē brežņeva laikiem agrīnajiem brežņeva laikiem tālāk ņikitas sergejeviča cerams josifa laikiem zināt katrā ziņā interesanti asins varaskārie plānprātiņi atvainojiet tiešumu pieļauj vienu juridisku kļūdu otras kolosāli juristiem darbiņš pamatojums lēmuma apstrīdēšanai pozitīva lēmuma panākšanai prieki izskatās īsi labu laiku domāju atšķirību terminiem ārstēt dziedināt milzīga runāju ārstēju vienmēr mēģināju dziedināt tagad pienācis laiks legalizēties turpmāk strādāšu dziednieks šobrīd kārtoju dziednieka sertifikātu man aizliegts ārstēt drīkstēšu konsultēt veselības jautājumiem izglītība dziedināt darīšu pilnā apmērā tiem piedāvā man izmantot kāda cita ārsta vadību apbēdināšu es esmu pats sevi savus kolēģus man atbrīvos rokas muti brīvi runāt atkal vasaļorganizācijas viedokli pasūtījumu dziedniecību esmu mācījies vairākiem speciālistiem kristāla bumbā skatīties auru māku enerģētisko kaitējumu māku sakarā man piedāvājums ingai spriņģei ingaspringe veikto milzīgo ieguldījumu manas personības popularizēšanā 50 atlaide jaunajiem pakalpojumiem auras balansēšanai kaitējuma pierakstieties reģistratūru rakstot man personīgi iespējams jums sākas paliek interesantāk dzīvot kopā mēs varam kopā mēs darām dr e mednis agenskalnaklinika kopamesvaram dzivebezbailem izglabdraugu sargibernus kopamesdaram
1198,06.12.2024 23:28:53,Āgenskalna klīnika,,,te jurista viedoklis pievienojos 200 darām zināmu dr edgars mednis saņēmis lāb sertifikācijas padomes lēmumu ārsta sertifikātu anulēšanu atbilstoši paziņošanas likuma dokuments sūtīts elektronisko pastu uzskatāms paziņotu otrajā darba dienā savukārt dokuments paziņots ierakstīts pasta sūtījums uzskatāms paziņotu septītajā dienā pastā dr mednis šobrīd oficiāli saņēmis lēmumu veidā tiesiskais regulējums sertifikācijas padomes lēmumu apstrīdēt veselības ministrijā viena mēneša laikā spēkā stāšanās dienas pieņemts lēmums sertifikāta anulēšanu apturēšanu sertifikāts spēkā brīdim beidzas pārsūdzības termiņš veselības ministrijas lēmumam dr medņa sertifikāti abās specialitātēs spēkā minētajam termiņam tiesību kārtību veselības inspekcija aizskrējusi zirgam priekšu atsūtījusi lēmumu 06122024 veiks atzīmes ārstniecības personu ārstniecības atbalsta personu reģistrā abu dr medņa sertifikātu anulēšanu atzīmi informācijā ārstniecības personas darbavietu informācija laukā atbrīvošanas datums specialitātei amatam pediatrs specialitātei amatam homeopāts mediju paziņojumi šobrīd dezinformē sabiedrību diskreditē lēmumu pieņēmušo iestādi maldina dr medņa pacientus juridiskais analfabētisms aptumšotu prātu kognitīvo spēju totāls zudums vienkārši stulba pakļaušanās režīma marionetēm spriediet paši kolēģu advokātu teiktajam lāb vi juridisko vājprātu daudzu garumā tagad izpausmes redzu visā krāšņumā masmēdekļu darboņu intelektuālajām spējām ilūziju sen gludas banknotēm apklātas smadzenes jautri bariņam ilgtermiņā sāpīgi apkaunojoši dārgi kopā mēs varam kopā mēs darām dr e mednis agenskalnaklinika kopamesvaram dzivebezbailem izglabdraugu sargibernus kopamesdaram
1200,09.12.2024 13:20:10,Āgenskalna klīnika,,,visi vēlas laipni lūgti reģistrēties starptautiskai konferencei starptautiska konference latviešu valodā pacientu tiesības globālās veselības politikā vakcinācija pandēmiju pārvaldība patient rights global health policy vaccination pandemic managment konferencē piedalīsies drosmīgākie latvijas ārsti juristi 2024 gada 17 decembrī plkst 18 30 konference bellevue park hotel rīga slokas iela 1 1 reģistrācija dalībai konferencē obligāta vietu skaits ierobežots reģistrējies te 101224 links reģistrāciju rodas problēmas reģistrāciju rakstat epastu
1201,09.12.2024 22:43:57,Āgenskalna klīnika,,,latvijas tautas kanāls aicina balsojam
1203,15.12.2024 16:27:25,Āgenskalna klīnika,,,svētdienas vakar atslodzei labākais profesora andra skrides pauž svētu patiesību latvijas ārstu biedrība protams ētikas pārkāpumus klaju cilvēku maldināšanu cilvēki miruši cienījamā profesora izteikumu mēs varam kopā mēs darām dr e mednis agenskalnaklinika kopamesvaram dzivebezbailem izglabdraugu sargibernus kopamesdaram
1211,08.01.2025 08:37:08,Āgenskalna klīnika,,,kvēlākie sveicieni ingai spriņģei līdzjūtība sakarā eventuālu darba zaudēšanu cukam faktčekeri vairs vajadzīgi tautas svētas tiesības brīvi izpausties brīvi paust savu viedokli godam cīnījās godam meloja izkropļoja faktus godam centās dažādu puspatiesību palīdzību atspēkot faktus sen zināmas patiesības kādu iemeslu cuks pārvilcis čībiņas lidojumā maralago 1 miljonu dolāru ziedojis jaunievēlētā asv prezidenta kampaņai mainījies šobrīd izskatās mainās pilnīgi pasaules karte ierastās paradigmas uzskati spēj sekot līdzi mainīsies vairāk straujāk gribētos saglabājam vēsu prātu skaidru galvu siltas kājas vērojam rakstīts maksā moricā daudz priekšā liekam jaunu bildi iekšā kopā mēs varam kopā mēs darām dr e mednis agenskalnaklinika kopamesvaram dzivebezbailem izglabdraugu sargibernus kopamesdaram
1213,08.01.2025 19:06:27,Āgenskalna klīnika,,,atbalstām lūdzu iniciatīvu vākti paraksti liegtu izcirst mežu apbūvei baltās kāpas rajonu lielupes 21 janvārim aktīvisti vāc parakstus latvijas iedzīvotāju iniciatīvas projektu apturētu parakstīju kopā mēs varam kopā mēs darām dr e mednis agenskalnaklinika kopamesvaram dzivebezbailem izglabdraugu sargibernus kopamesdaram
1214,10.01.2025 21:03:11,Āgenskalna klīnika,,,veselības ministrija izsludinājusi sabiedrisko apspriešanu grozījumiem mk vakcinācijas 330 vecākus izvēlas savu bērnu grib kriminalizēt draud kriminālatbildību gadījumā bērns saslims kādu slimībām vakcinē pilnīgs sviests patvaļa gadījumā lūdzu kriminālatbildību tiem veidoja iniciēja tiem izpildīja pavēli špricēt gadījumā sašpricētajiem blaknes varētu cietumsoda laiku piemērot atkarībā blakņu smaguma godīgi uzņemamies atbildību visi kopā patreiz sanāk atbildību uzņemas vecāki rūpējas savu bērnu iedziļinās bērnam piedāvāts lasa izglītojas izdara izvēli tiem vienalga uzticos ārstam paši iedziļināties pieņem izšķirības piedāvā tiem labi īstie malači bērniem rūpējas distopija pilnīga ierasts melns balts prasīt atbildību šito pielemj tiem pirmajiem jāiet cietumā blakņu gadījumā cilvēki vistiešāk atbildīgi savu līdzcilvēku sakropļošanu pavēles aicinu lasa iesaistīties diskusijā izteikt savu viedokli projekts publicēts piedalīties apspriešanā piedalāmies sāls 9 pielikumā 4 lapaspuses beigās kopā mēs varam kopā mēs darām dr e mednis agenskalnaklinika kopamesvaram dzivebezbailem izglabdraugu sargibernus kopamesdaram
1215,10.01.2025 21:24:02,Āgenskalna klīnika,,,es grozījumu vakcinācijas projekta ierakstīju šādi esmu grozījumiem mk 330 sevišķi vecāku kriminalizēšanu atteikšanās vakcinēt godīgi vakcīnām blaknes kriminalizējam grupu atsakās lūdzi kriminalizējam tos vienalga literatūru vakcīnu anotācijas paļaujoties ārsta teikto vakcinē tāpat jākriminalizē mk veidotāji sastādītāji iedvesmotāji minēju vakcīnām blaknes kategoriju lūdzu kriminalizēt apzinātu kaitējuma citiem cilvēkiem sevišķi bērniem izņemiet mk bērnu atkārtotu vakcināciju mmr vakcīnu 4 vecumā īsti pamatojuma lūdzu ieviesiet šajos mk obligātu prasību katras vakcinācijas 1 gada vecuma antivielas vakcinējamo slimību skaidrs darīts obligātu prasību personai vakcinē iepazīstināt blaknēm vakcinē pilnvaroto personu aizbildni laicīgi iedot izlasīt zāļu lietošanas instrukciju valsts valodā paņemt parakstu minētās personas iepazinusies vakcīnas blaknēm piekrīt apgādībā esošs bērns savakcinēts uzņemas pilnu atbildību sekām blakņu gadījumā kopā mēs varam kopā mēs darām dr e mednis agenskalnaklinika kopamesvaram dzivebezbailem izglabdraugu sargibernus kopamesdaram
1218,13.01.2025 10:59:27,Āgenskalna klīnika,,,lēnām gaismā efektīvi protams jautājums mērķis uzstādītais mērķis drošumam efektivitātei cilvēku veselība depopulācija pacientu tiražēšana pārdot vairāk medikamentu pēdējo tagad virzās izskatās otrais vakcīnas viena metodēm viena daudzām mums tiesības izvēlēties kādu metodi speciālista ārstēties vakcinācija kļuvusi prioritāra varam iesniegt veselības ministrijai priekšlikumu akupunktūru padarīt obligātu latvijas tautas republikas iedzīvotājiem labāk homeopātiju kolosāli skan homeopātija vienīgā ārstniecības metode lv obligāti jāārstējas homeopāta kriminalizēts likts cietumā sevi bērnus homeopāta kriminālatbildība bērna veselību dzīvību kolosāli homeopātijai blakņu turpretim vakcīnām vienmēr jautājums izdevīgi vakcīnu gadījumā valdībai farmācijai pamatā farmācijai valdība piedēklis izpildorgāns farmācijas gigantu rokās peška teiks lielie onkuļi iespējams atmetīs kādu grasi aizsūtīs lēmēju kādu kongresu ārzemēs importa košļenes saviem bērniem atvest skaisti lēmēji iespējams viņi marionetes danco stabules jūdas grašiem ņemot vērā vakcīnām blaknes radīt īslaicīgus ilglaicīgus veselības traucējumus izdevīgāki ilglaicīgie jāārstē ārstē medikamentiem ražo pats vakcīnu ražotājs spilgts piemērs faizers savu kovidindi rada trombus cilvēka asins vados protams kļastā trobolītiskie pretrombu trombus šķīdinošie medikamenti bingo loks paši radām problēmu paši risinām paši pūta paši dega valdība tabakijs širhanam sāniem savu labu miņu paklausību pieņem likumu mk tagad jāklausa laiki mainās kungi dāmas vairs interesanti tuvāko laikā kopā mēs varam kopā mēs darām dr e mednis agenskalnaklinika kopamesvaram dzivebezbailem izglabdraugu sargibernus kopamesdaram
1220,13.01.2025 21:22:23,Āgenskalna klīnika,,,sakarā veselības ministrija publicējusi iebiedēšanu balstītu mk vakcinācijas projektu sabiedrības apspriešanai lielu sabiedrības daļu patiesi uztrauc kārtējā iebiedēšanas kampaņa publicēju jurista sagatavotu atteikuma vakcinācijas veidlapu mk 330 9 pielikums izmantot pasargājot savu bērnu potenciāli indīgas kaitīgas substances ievadīšanas bērna ķermenī tālāk jurista rakstītais viedoklis 100 pievienojos sagatavoju atteikumu vakcinācijas bērnam pamatu ņemta sagatave ministru kabineta 330 vakcinācijas 9 pielikuma veidlapa divām lappusēm jāizdrukā vēlams abām pusēm sanāk viena lapa bērnu jāpilda atsevišķs iesniegums ailītes pašam jāaizpilda roku bērna vārds dzimšanas dati vecāka dati tabulā uzskaitītajām slimībām jāieliek ķeksīši kurām vakcīnām atsakās iesniegumu paraksta ārstniecības persona pamatojumu vecāks atsakās bērna vakcinācijas iedrukāju papildināt skaidrs kurām vakcīnām atteikties iesaku ķeksīšus likt visās patiesībā tos draņķus bērnam vakcinēšana sastāva tehnoloģiju substancēm tiešām reāls drauds bērna veselībai dzīvībai kopā mēs varam kopā mēs darām dr e mednis agenskalnaklinika kopamesvaram dzivebezbailem izglabdraugu sargibernus kopamesdaram
1222,16.01.2025 14:51:31,Āgenskalna klīnika,,,šodien dīvaina diena rīta man cilvēki ziņo mani sertifikāti atjaunoti priecīgi skatos joprojām piekļūt eveselībai zvanu viņiem viņi saka man darba vietas jautājumu gadiem pēkšņi viņi iesaka vērsties vajāšanas inspekcijā jautājumu zvanu viņiem kundze ļoti pārāk laipna tiešiem jautājumiem saka viņiem informācijas viņi jautājot lāb latvijas ārstu biedrībai zvanu viņiem sazvanu lāb juristi ļoti laipna informē mani 2 dienām viņi vajāšanas inspekcijai epasta vēstuli esmu lēmumu pārsūdzējis man atjaunojami sertifikāti jautājums vajāšanas inspekcija zvanu viņiem šoreiz cita meitene ļoti laipna saka kārtībā mani sertifikāti atjaunoti pārbaudot reģistrā bingo tiešām atjaunoti stāsts varētu vajāšanas inspekcija pārāk vēlējās atjaunot mani reģistrā izlikās beigtiem viņi kāmēr es meklēt dīvaini kāda personīga lieta viņiem apzināta kaitniecība eveselību šobrīd pārbaudīt viņiem kārtējie traucējumi labi visi materiāli krājas kaudzītē iesniegti tiesā pierādījumi ļoti labi viņi rīkojas aizraujošāk vērot tiesas procesu apbruņojamies papkornu lielo tūtu mazo varētu kopā mēs varam kopā mēs darām dr e mednis agenskalnaklinika kopamesvaram dzivebezbailem izglabdraugu sargibernus kopamesdaram
1223,21.01.2025 11:36:13,Āgenskalna klīnika,,,asv izstājušās pvo tālāk kartelis spēs pastāvēt protams jāpatur prātā spēle dažādi zemūdens akmeņi pats fakts tāds vairāk patīkams interesanti reaģēs mūsu cienījamie medicīnas spīdekļi uga dumpis dace zavadska citi fakts iespējams mainīs darbībās pavērosim paskatīsimies labas ziņas sertifikātus man atjaunoja abus diži ilgi jāgaida jāsaka godīgi man dikti patika sistēmas ļoti labi jutos lētā seriālā paši atņem paši iedod atpakaļ diezgan smieklīgi eveselībai speciālista piekļuvi man atjaunoja atkal esmu pilntiesīgs ārsts kārtējo reizi gribas citēt maksu moricu daudz priekšā liekam jaunu bildi iekšā top kopā mēs varam kopā mēs darām dr e mednis agenskalnaklinika kopamesvaram dzivebezbailem izglabdraugu sargibernus kopamesdaram
1227,27.01.2025 08:56:33,Āgenskalna klīnika,,,piekrītu taram kopā mēs varam kopā mēs darām dr e mednis agenskalnaklinika kopamesvaram dzivebezbailem izglabdraugu sargibernus kopamesdaram
1230,31.01.2025 21:40:08,Āgenskalna klīnika,,,padarīsim latviju brīvu vējdzirnavām iespējams labu latvijas tautai rada zaudējumus bojā apkārtējo iedzīvotāju veselību mēs varam kopā mēs darām dr e mednis agenskalnaklinika kopamesvaram dzivebezbailem izglabdraugu sargibernus kopamesdaram
1232,09.02.2025 12:24:16,Āgenskalna klīnika,,,ieskatāmies sevī savās attiecībās sajūtās manuprāt ļoti vērtīgs pastāsts krievu valodā sevi mīlestību attiecībām kopā mēs varam kopā mēs darām dr e mednis agenskalnaklinika kopamesvaram dzivebezbailem izglabdraugu sargibernus kopamesdaram
1235,15.02.2025 10:50:26,Āgenskalna klīnika,,,te grupas jurista papildinājums kolēģi draugi lūdzu iesaistīties iniciatīvā tas prasa minūti uzrakstīts priekšā korumpēto kantori šādas pilsonisko tiesību izmantošanas sēdošie augstprāši ļoti baidās vakar dažu stundu laikā 100 francijas iedzīvotāji iesniedza sarūpēsim ema darbonīšiem ražīgu pirmdienu piebildīšu ema prasīto informāciju 15 dienu laikā mums pamats sūdzēt tiesā pārsūtīt ask epastu prasības apvienosim jūs pārstāvēs jurists latvijā es tālāka cīņa ema šāda pieredze mums process ātrs vienkāršs mēs grupas juristi esam sagatavojušies iesaistāmies kopā mēs varam kopā mēs darām dr e mednis agenskalnaklinika kopamesvaram dzivebezbailem izglabdraugu sargibernus kopamesdaram
1236,18.02.2025 13:40:18,Āgenskalna klīnika,,,sveiciens vaxmīļiem kenedija asv veselības ministra kopā mēs varam kopā mēs darām dr e mednis agenskalnaklinika kopamesvaram dzivebezbailem izglabdraugu sargibernus kopamesdaram
1238,20.02.2025 12:54:18,Āgenskalna klīnika,,,ārprātīgo varas kara apsēsto cilvēciņu plosīšanās zināmā mērā pārsteidz tiešām mums izputinām savu ekonomiku sadārdzinām resursus aizdzenam ģimenes trimdā 0 darām latvijas zeme paliktu tukša iedzīvotājiem tagad jaunumi mūsu puišiem jāiet karot vārdā panākt sist krievus ok tālāk panāksim sev labāku dzīvi pārticīgāku dzīvi maziņu plusiņu kārtējā izkalpošanās ailītē gejropas biezajos aktu vākos plusiņi laba lieta cena samaksāsim mūsu kritušajiem karavīriem vērta manuprāt mums pietika cinka zārku kravām afganistānas kara laikā tāpat mūsu jaunieši gāja karā svešā mūsu zemē karā tāpat tagad gribam cinka zārku kravas atkal rinkeviča kungs jūs iesaucamais pieteiksies iet karot ukrainā valdības siliņas kundze medicīnas vienībā runa mērķis panākt jaunieši masveidā izbrauc valsts kādu laiku atpakaļ teikt tīrāks gaiss atbrīvojam zemi aborigēniem uzcelsim kārtējo armijas poligonu skaisti patriotiski domājot mūsu zemes uzplaukumu mammas tēti sargiet savus dēlus svešiem ļaudīm svešiem kariem saplosīšanai daudz kārt vairāk vajadzīgi jums pašiem latvijas zemei tautai daudz dzīvi cinka zārkā kopā mēs varam kopā mēs darām dr e mednis agenskalnaklinika kopamesvaram dzivebezbailem izglabdraugu sargibernus kopamesdaram
1241,12.03.2025 00:19:14,Āgenskalna klīnika,,,klusēt varas patvaļu paciest es iešu atbalstīt kolēģi kopā mēs varam kopā mēs darām dr e mednis agenskalnaklinika kopamesvaram dzivebezbailem izglabdraugu sargibernus kopamesdaram
1243,13.03.2025 22:42:03,Āgenskalna klīnika,,,vakar piketu cilvēku daudz pārsteidza latvijas ārstu biedrības ētikas komisijas protams valsts ierēdņu darba stils problēmas būtība daktere uzrakstīja soc tīklos konkrētas zāles pieejamas aptiekās minēja varētu hosama abu meri veiksmes stāsts veselības ministrija vietā pateiktos dakterei trūkumu uzrakstīja iesniegumu lāb ētikas komisijai sabiedrības maldināšanu dakteres puses vēlāk zāļu valsts aģentūra apstiprināja konkrētās zāles tiešām pieejamas aptiekās šķita konflikts izbeigts ētikas komisijas sēde jāpiedalās minētajai dakterei kopā juristu sēdes sākumā veselības ministrijas iesniegums pats maldinošs punktā sēdi varētu beigt ētikas komisija savu iniciatīvu sāka meklēt utis dakteres darbībā institūcija jāaizstāv ārsti ārstu pusē klaji pārkāpj savu darbojas pilnīgi pretēji savas sūtības faktiskās jēgas principiem latvijā daudzus gadus pazīstu dr vilni lietuvieti lāb ētikas komisijas vadītājs vislabākās atsauksmes cilvēku ārstu kovidlaikam iespējams tāds lūzuma punkts daudzu cilvēku dzīvēs izmainīja cilvēkus pēdējos gados bieži vilties cilvēkos kolēģos īpatnēja šāda veselības ministrijas rīcība iespējams galvenais aizskārums medikamentu fakta atspoguļojums veselības ministra vārda piesaukšana problēmas sakarā izskatās administratīvo resursu izmantošanas personīgas izrēķināšanās īstenošanai ceru kļūdos jāatzīst pēdējā laikā bieži sastapties ierēdņu pārspīlēta ego izpausmēm man pašam dīvaini iet valsts ieņēmumu dienesta ierēdņiem viņiem likumi rakstīti ego sit augstu vilni es eds man īsti iespējas lietot vēlēšanās iesniedzu ieņēmumu dienestam vēstuli epastā laužu līgumu aicinu turpmāk sūtīt viņi man vēlas paziņot epastā deklarēto adresi pastu telefoniski man kundze atrunājās iespējas viņi darīt vēlāk atnāca vēstule pastu prasīto informāciju jāpiebilst vid darbinieces atruna informācijas konfidencialitāti vēstule atnāca parastā pusei aizlīmēta aizlīmēta saņēmu puse līmējuma turējās otra puse vaļā atlīmējusies likās lieta te paziņojumu administratīvās lietas ierosināšanu atsūtīja minētajā vēstulē rezultātu spītīgi esmu atkārtoti eds izmantot maniem atgādinājumiem turpina epasta vēstules jāpieslēdzas eds likums cilvēkam obligāti jālieto sistēma likums es varu izvēlēties formā kādu kanālu saņemt informāciju valsts iestādēm interesanti laiki ierēdņu ego bezizmēra visatļautība veidā viņi degradē sistēmu mazina cilvēku uzticību mans uzticības reitings valsts pārvaldes sistēmai apaļa tukšs gaiss valsts ierēdnim sistēmai mazāk cilvēku paliek vairāk vēlāk cilvēki valsts iestādes pakalpojumus ierēdņiem vēlēšanām boikotē dažādus valsts pasākumus valsts fikcija tāpat valsts aparāts varenību fikcija laicīgāk cilvēki sapratīs labāk viņiem pašiem ātrāk sistēma sabruks pati saviem gremošanas traucējumiem pamatīgi brūk šobrīd lielu joni ierēdņi plosās viņiem cits atliek sistēmai ātrāku galu ātrāku sabrūk mums vislabākajā veidā mums sanāk
1244,13.03.2025 22:42:03,Āgenskalna klīnika,,,kopā mēs varam kopā mēs darām dr e mednis agenskalnaklinika kopamesvaram dzivebezbailem izglabdraugu sargibernus kopamesdaram
1245,15.03.2025 00:19:52,Āgenskalna klīnika,,,bravo aināram kadišam dienās grasījos uzrakstīt kādu vārdu vakcināciju ietekmi cilvēku ainārs ātrāks pievienojos viedoklim vakcinācijas šobrīd atkal mākslīgi radīta stimulēta vairāk skaidrojot vienmēr baidot zināms bailes jostas vietas stiprākie marketinga stimuli kampaņa iesākās pagājušā gada septembrī saukto difterijas gadījumu vidu masalas mikoplazma garais klepus vienalga bailes iespējas sarežģītāks gudrāks slimības sarežģītums piedod svaru skaidrot īpaši izdevīgi ērti atbilžu atbilžu balstītas loģikā zināšanās medicīna degradējas tirgus tantu līmenim paskaidrot iespējams demagoģija vē protams slavenie likumprojekta grozījumi kuros plāno atcelt tālmācību skolām uzdot stučīt ziņot bērnu vakcinācijas veselības stāvokli atbildīgajām instancēm redzēsim man izskatās hunta dabūs mukt vadzis bezizmēra reizēm lūzt turpinām vērot papkorna tūtu rokās kopā mēs varam kopā mēs darām dr e mednis agenskalnaklinika kopamesvaram dzivebezbailem izglabdraugu sargibernus kopamesdaram
1248,15.03.2025 00:47:45,Āgenskalna klīnika,,,te pilnīgi pretēji uzskati gana video rodas asociācijas vienu ūsaini 39 gada paliek manas samaitātās iztēles auglis jautājumi rodas kundze veidoja iepirkumu kovidvakcīnām iepirka mums 10 devām gavi geitsa sponsorēta alianse darbību darbības sekām daudz informācija āfrikas kontinenta pozitīvākās kundzei ciešas saites farmācijas industriju jautājums interešu konfliktu visbeidzot tautas kundzi ievēlējis protams jautājums pēkšņas rūpes mūsu bērniem tiešām tīras labsirdības es jūs kopā mēs varam kopā mēs darām dr e mednis agenskalnaklinika kopamesvaram dzivebezbailem izglabdraugu sargibernus kopamesdaram
1250,18.03.2025 22:11:02,Āgenskalna klīnika,,,atkal vakcinācijas tēma asv veselības ministrs kenedijs klajā paziņojumu pamatos apgāž mums gadiem daudzināto mantru vakcīnas dara labu domājam pats sevi saviem bērniem kopā mēs varam kopā mēs darām dr e mednis agenskalnaklinika kopamesvaram dzivebezbailem izglabdraugu sargibernus kopamesdaram
1252,27.03.2025 22:50:53,Āgenskalna klīnika,,,diezgan vienkārša efektīva procedūra droša palīdz atbrīvoties visa liekā degunā saīsināt slimošanas laiku kopā mēs varam kopā mēs darām dr e mednis agenskalnaklinika kopamesvaram dzivebezbailem izglabdraugu sargibernus kopamesdaram
1254,03.04.2025 09:12:49,Āgenskalna klīnika,,,vakcinācijas mums laiku uzsvērta propagandēta teju dienu vecākiem propagandas džungļos stāsta vakcīnām labais informētu piekrišanu baidīšanu vairumā ārstu prakšu informācijas sniegšanu parunāsim 3 sarunu ciklā slimībām vakcināciju vairotu cilvēku sapratni procesu varētu pieņemt argumentētu lēmumu sākam šovakar plkst 1900 zoom mēs varam kopā mēs darām dr e mednis agenskalnaklinika kopamesvaram dzivebezbailem izglabdraugu sargibernus kopamesdaram
1255,22.04.2025 14:31:38,Āgenskalna klīnika,,,david icke diezgan spēcīgi runā paar brīvību 3 cilvēku grupas 2 atbildīgas jebkuras tirānijas ieviešanu viena atbildīga jebkuras tirānijas izbeigšanu izvēlies grupā vēlies kopā mēs varam kopā mēs darām dr e mednis agenskalnaklinika kopamesvaram dzivebezbailem izglabdraugu sargibernus kopamesdaram
1257,06.05.2025 09:20:38,Āgenskalna klīnika,,,šobrīd izvērsta pasaku kampaņa motīvu uzticies zinātnei man sakarā pāris jautājumi 1 tiešām zinātne 2 tiešām cilvēku atmiņa īsa tic pieciem gadiem tieši lozungu lielu tautas daļu latvijā pasaulē eksperimentālām indes devām uzdeva drošām efektīvām aizmirsa piebilst mērķis šādai efektivitātei laiciņa redzēt jauni veselīgi cilvēki mira citiem parādījās kaites zinātne izskaidrot izārstēt cilvēkus zinātne iespaidoja mēģināja uzpirkt piespiest dabūtu viņos iekšā indi šobrīd atšķiras zinātnes kampaņai mērķis šobrīd vairāk parādās informācija vakcinācija droša efektīva iespējams visi drošības pētījumi tos maigi sakot ilgtermiņa pētījumu rezultāti publiskoti palasot vakcīnu anotācijas zāļu aprakstus atklāju pētījumi vakcīnu drošību bieži veikti pāris simtiem brīvprātīgo secināt zāļu vielas drošību visi labumi vakcīnās alumīnijs lielā daudzumā antibiotikas mērkaķu šūnas abortētu cilvēka audu šūnas alerģijas cilvēki galā gadiem komplikācijas zinātne mums jums piedāvā gribiet uzticēties uzticieties sekas pašiem jāstrebj visi zinātniskie rokas teiks gadās palīdz gadījies veselāks zinātne kopā mēs varam kopā mēs darām dr e mednis agenskalnaklinika kopamesvaram dzivebezbailem izglabdraugu sargibernus kopamesdaram
1258,08.05.2025 21:07:12,Āgenskalna klīnika,,,teksts pārkopēts es pievienjos parakstu aicinājumu aicinu jūs darīt pārkopēts iesaku jums vēlas dalīties atverot pārkopējot saites citādi aiziet aizvērtas aicināsim lr ministru kabinetu saeimu pasaules veselības organizācijas pvo dalībvalstu iniciēto starptautisko prevencijas gatavības pasākumiem saistībā pandēmijām pvo globālo pandēmijas līgumu teksts angļu valodā google māk tulkot pieredze cilvēkiem ierobežotas tiesības pelnīt sev iztiku iegūt izglītību saņemt būtiskus pakalpojumus aizmirsta šobrīd mūsu politiķi gatavojas mūsu vārdā uzņemties jaunas saistības kurām mums jāatbild savu brīvību iebilst starptautiskas akadēmiskā izdevniecība lancet pandēmijas paredz dalībvalstu pienākumu ierobežot vārda izteiksmes brīvību iekļauj sevī citus riska faktorus brīvai lēmumu pieņemšanai ratificējot latvija uzņemsies starptautiskas saistības ieviest dažāda veida sankcijas saviem iedzīvotājiem izmantos savas tiesības brīvi izteikties starptautiskie juristi riskiem iekļauti līgumā brīdina dalībvalstis soļus latvijas politiķiem jāizpēta jāatzīst pieļautās kļūdas covid19 infekcijas izplatības laikā gatavojoties jauniem izaicinājumiem jāpieņem pārdomāti lēmumi sagatavoti balstoties iepriekšējo kļūdu analīzes izaicinājumi gaidāmi mūsu valstī politiķi savos lēmumos pārkāpt cilvēka tiesības pamatbrīvības parakstīšanās sākta gada paspējis izdarīt karš bīstamāks organizēts medicīnas aizsegā kopā mēs varam kopā mēs darām dr e mednis agenskalnaklinika kopamesvaram dzivebezbailem izglabdraugu sargibernus kopamesdaram
1259,08.05.2025 21:48:27,Āgenskalna klīnika,,,saites pārkopējušās korekti tagad mēs varam kopā mēs darām dr e mednis agenskalnaklinika kopamesvaram dzivebezbailem izglabdraugu sargibernus kopamesdaram
1260,10.05.2025 14:40:50,Āgenskalna klīnika,,,frekvences brīnumaina lieta izmantot labos labos mūzikas instruments spēlējot rada sajūtu frekvences pasaules dziedinošas dziedniecībai kopā mēs varam kopā mēs darām dr e mednis agenskalnaklinika kopamesvaram dzivebezbailem izglabdraugu sargibernus kopamesdaram
1263,13.05.2025 19:58:46,Āgenskalna klīnika,,,interesanti cilvēki mīt mūsu zemē viens jaunās vienotības pārstāvis dmitrijs golubevs savā x kontā apgalvoja miris homeopāts ieguvums sabiedrībai citāts šāds apgalvojums brīnišķīgā cilvēka izskanēja latvijas ārstu biedrības prezidentes ģimenes ārstes homeopātes ilzes aizsilnieces šķiet lieki runāt ētiku morāles sēru laiku cieņu aizgājēju brīžiem pabrīnīties dažu cilvēku prātos ētiku morāles izteikumu traktēt genocīda slavināšanu maigākā versijā diskrimināciju sociālās piederības apdraudējumu draudu izteikšanu cilvēku veselībai dzīvībai iespējams dmitrija golubeva izteikumos saskatāma runas pazīmes skaidro valsts policijas prokuratūras amatpersonas piemēro pareizāko pantu šādus izlēcienus atstāt ievērības es lūdzu valsts policijas valstspolicija viedokli sakarā rīcību labi zināms valsts policija drīkst ierosināt lietu valsts amatpersonas iniciatīvas ceru dotajā gadījumā skaidri zināms valsts policijas drošības struktūru darbinieki monitorē sociālos tīklus mēs varam kopā mēs darām dr e mednis agenskalnaklinika kopamesvaram dzivebezbailem izglabdraugu sargibernus
1265,20.05.2025 11:53:44,Āgenskalna klīnika,,,atkal stāsts vakcināciju šoreiz bērnu vakcināciju atradu interesantu ziņu japāņi vienmēr priekšā savā domāšanā veselības jomā viņi vieni pirmajiem pasaulē apjauta kovidinžu ļaunumu sabiedrībai publiski atzina tagad loģiski izklausās bērna imūnsistēma organisms 2 3 vecumam gada vecumam bērna organismā procesi attīstās mega ātrumā apjomā daudz iemaņu bērns iemācās ļoti liela fiziskās garīgās attīstības dinamika laikā dinamiku mēs vairs savā mūžā svars trīskāršojas garumā izaug ļoti pirmā gada laikā 30 garumā daudz iemaņu pilnīgi sevi mazuļa spēcīgu skrienošu cilvēciņu procesā mēs iejaucamies dzīviem slimību izraisītājiem ievadām bērna organismā šļirci adatu dažādām toksiskām vielām difterijas stinguma krampju toksīni alumīnija sāļi formaldehīds antibiotikas uzskaitījumu varētu turpināt ilgi gari esam esam atopiskajiem dermatītiem citām alerģijām bronhiālo astmu autoimūnām saslimšanām efektīvi mums drošības efektivitātes mērs bērna veselība izvēle katra paša vecāka ziņā informācija pieejama jāvēlas iedziļināties vērā ņemami valdības pīkstieni kriminalizēšanu tāpat maskām kovidindēm vismaz 70 80 iedzīvotāju pasākums beidzies daudz cietumu kuros salikt 70 bērnu vecāku esam drosmīgi domājoši kādreiz skaista dziesma pasakām vajaga ticēt pasakas labu vēlēprincesi pili dūdasskaistākos dančus spēlē kopā mēs varam kopā mēs darām dr e mednis agenskalnaklinika kopamesvaram dzivebezbailem izglabdraugu sargibernus
1267,25.05.2025 19:13:01,Āgenskalna klīnika,,,esošā vara sevi izsmēlusi tāpat esošā vēlēšanu kārtība laiks jaunam viens variantiem pievienojos rakstītajam 100 kopā mēs varam kopā mēs darām dr e mednis agenskalnaklinika kopamesvaram dzivebezbailem izglabdraugu sargibernus
1269,28.05.2025 19:49:42,Āgenskalna klīnika,,,interesanti valdības cenšas izskaidrot kovidinžu sekas imunitātes kovic laikam ilgi bieds ticīgajiem melns murgs ļoti iespējams vienīgi veiktās procedūras atbalsis tiem izdarīja 3 reiz sekas visnopietnākās kopā mēs varam kopā mēs darām dr e mednis agenskalnaklinika kopamesvaram dzivebezbailem izglabdraugu sargibernus
1271,05.06.2025 00:31:37,Āgenskalna klīnika,,,gardasil vakcīna mums prezentē līdzekli dzemdes kakla vēzi vienmēr droša efektīva izrādās asv veselības ministram robertam kenedijam savs viedoklis sakarā būtībā pati vakcīnas ideja diezgan apšaubāma vēzim citi rašanās iemesli vīruss līdzdalīgs vēža izraisīšanā pēdējais posms ķēdītē rūpējieties saviem bērniem viņiem ķīmisko kokteili ievadīt sargiet savus bērnus kopā mēs varam kopā mēs darām dr e mednis agenskalnaklinika kopamesvaram dzivebezbailem izglabdraugu sargibernus
1273,06.06.2025 10:05:37,Āgenskalna klīnika,,,varu piekrist taram ramatam es farsā sauc vēlēšanām viens gudrs cilvēks teicis svarīgi balso svarīgi saskaita viņi skaita manis es spēlē kopā mēs varam kopā mēs darām dr e mednis agenskalnaklinika kopamesvaram dzivebezbailem izglabdraugu sargibernus
1276,10.06.2025 08:59:00,Āgenskalna klīnika,,,ziņu tiešām prieks mūsu aizjūras saimniekiem vienīgi jautājums beidzot mums šāda veida pārmaiņas mūsu imunizācijas padome atlaista vietā pieņemti speciālisti patiesi zinātnisku pieeju rūpi latvijas iedzīvotājiem gaidām kopā mēs varam kopā mēs darām dr e mednis agenskalnaklinika kopamesvaram dzivebezbailem izglabdraugu sargibernus
1278,06.07.2025 23:09:40,Āgenskalna klīnika,,,šodien āgenskalna klīnikas diskusijās viens lasītājiem ierakstīja jautājumu cien dakter citu tēmu ļoti interesanti uzzināt jūsu viedokli situāciju tagad dzirdām latvijas ziņās streptokoka infekciju diviem bērniem viens miris problēma infekcija ārstējas antibiotiku diagnoscēt laicīgi analīzes problēmas sakne skan drausmīgi 21 gadsimtā latvijā izārstēt skarlatīnu perevosčikovs komentē apkarot sabiedrībā streptokoku mēs paldiesdomāju iespējams jautājums interesē plašāku lasītāju loku atbildēšu lielas dīvainības protams katrā gadījumā mani interesē plašāka informācija apstākļi ģimenē pamatsaslimšanas slimības vēsture daudz citu jautājumu vienmēr saku man vajag pilnu stāstu jebkuri spriedumi klaja spekulācija vienu varu teikt streptokoka daudz veselīgam bērnam jāmirst pagātnē esam pārdzīvojuši visai sirreālus spekulācijas medicīnas tēmu klajus melus propagandu medicīnisko teroru iebiedēšanu citas interesantas lietas gadījumā visa tāpat pavisam bkus mira mazs puisēns 5 gadi difterijas visi zinām stāstu meli iespējamas ārstu kļūdas bkus klaja sadarboties puisēna mammu ģimenes terorizēšana organizēja bkus amatpersonas bērnu vecāku arests apcietināšana agrā rīta stundā bērnu aprūpes tiesību atņemšana krimināllietas ierosināšana vecākiem politisks terors vērsts mani atļāvos ģimeni aizstāvēt vajāšanas inspekcijas vizīte ārsta sertifikātu anulēšana laiku atjaunoti valsts ieņēmumu dienesta vizīte vēlākais terors pieņēmumiem balstītu argumentu piedēvēšanu īstenībai sekojošu soda piespriešanu tiesu izpildītāja iesaistīšanos process beidzies man mirušā puisēna ģimenei esmu pārliecināts mums sanāks pierādīt taisnību patieso bērna cēloni izslēgt man visskaudrāk pārmeta bkus ārstu biedrība roku dzelžu spodrināšanu atsevišķām personībām īstenošanos dzīvē saka dzīvosim redzēsim ticēt šobrīd sevišķi valsts medijiem iespējams izpilda politisku pasūtījumu atspoguļo reālo kopā mēs varam kopā mēs darām dr e mednis agenskalnaklinika kopamesvaram dzivebezbailem izglabdraugu sargibernus
1279,16.07.2025 10:48:04,Āgenskalna klīnika,,,vakar kasparu pudniku latvijas tautas kanālā ierakstījām brīnišķīgu sarunu ārstēšanos medikamentu izvēli daudzumu lietošanu ārstēšanos pašārstēšanos darīt darīt mēs varam kopā mēs darām dr e mednis agenskalnaklinika kopamesvaram dzivebezbailem izglabdraugu sargibernus
1281,01.08.2025 10:26:30,Āgenskalna klīnika,,,manā bērnībā filma itāliešu piedzīvojumi krievijā manā dzīvē iestājies periods varētu analoģijas mani piedzīvojumi latvijā ļoti interesants laiks iestājies daudz atklājas faktiski lēnām atklājas saucamās valsts institūciju prettiesiskums fikcija demokrātija tiesiskums latvijā tāds pārsteigumi soļa īsai izziņai stāsts kāda laiciņa pagājušā gada manis darba vietā ieradās 4 visnotaļ apburošas dāmas bodycam diktofonu divas valsts ieņēmumu dienesta divas vajāšanas inspekcijas veica pārbaudi protams aši knaši safabricēja lietu safabricēja lietu pieņēmumu informācijas pamata pieprasīja mana uzņēmuma 5100 eur maksājam tos regulāri pilnā apmērā samaksāt varot uzreiz dalīt daļās 3 gadiem lūgt ģenerāldirektoru samazināt summu 75 pilnā mērā jāatzīst vaina ģenerāldirektors samazināt tiem 75 smieklīgi traģiski manis paša paprasīja 281 soda vienību summā sanāk 1405 eur jautājums protams vienu vienību tieši 281 280 285 vienības gudrākas galvas manējo viņām labāk zināms uzņēmuma soda pārsūdzēju ieņēmumu dienesta ģenerāldirektoram sākās interesantākais izrādās tagad jāmaksā cita summa vairs 5100 3200 eur samaksāt uzreiz sadalīt daļās vairs 3 gadiem iepriekš 5 gadiem iespējama speciāla vienošanās klāt rakstīts man jādara man jāiet dāvanu kāda panāktu lētā arābu bodītē kaulēšanās samaksā mums vismaz samaksā jūties vainīgs es vainīgs savām tiesībām pastāvēšu laiku man privāti pienāca vēstulīte zvērināta tiesu izpildītāja tagad jāsamaksā interesanti reģistrācijas savā vēstulē atrodams oficiāli pieejamā datu bāzē lursoft datu bāzē minēti 3 komersanti vārdu uzvārdu pavisam citiem reģistrācijas interesantākais apstiprināts amatā tieslietu ministra rīkojumu lūdzot paskaidrot trijiem uzrādīt minēto rīkojumu saņēmu atbildi skatīties mājas lapā internetā protams šāda rīkojuma sūtīju atkārtotu lūgumu izskaidrot situāciju saņēmu strupu vēstuli zvērināts tiesu izpildītājs atstājis manu otro iesniegumu izskatīšanas atbildējis īsti konkrētu paskaidrojis zvanot tieslietu ministriju lūdzot atsūtīt tieslietu ministra rīkojuma kopiju minētā personāža iecelšanu amatā paliku gribot rīkojuma citādi izskaidrot faktu dabūt tātad jautājums aprakstīto darbību leģitimitāti faktiski sanāk iestāde komersants lursoft datu bāzes datiem safabricē lietu pieprasa tālāk tiesu izpildītāja pierādīt savu leģitimitāti izpildei sauc rekets izspiešana organizētā grupā sāk atgādināt trakulīgos deviņdesmitos klanu klani jumtu jumti gribējās protams sniegšu prasību tiesā cerot vismaz mājo tiesiskums savas personīgās pieredzes apzinos ļoti vienu vajāšanas inspekcijas sodu man tiesa atcēla tātad vērts eiropas cilvēktiesību tiesa viena eiropas tiesa celt prasību
1282,01.08.2025 10:26:30,Āgenskalna klīnika,,,kungi dāmas dzīvojam mēs totalitārā iekārtā mūs tiesības šobrīd stipri apdraudētas attiecas ziņu ieņēmumu dienests izraēlas spiegprogrammatūru reāls drauds mūsu privātumam eiropas datu aizsardzības regula vienīgi rīks parastajiem mirstīgajiem papildus protams tiem domā asinis zilākas citiem prātā raiņa citāts cīņa galā lāčplēsi spīdola palīgā ies apvienojamies darām mēs varam uzklausīti kopā mēs varam kopā mēs darām dr e mednis agenskalnaklinika kopamesvaram dzivebezbailem izglabdraugu sargibernus
1283,02.08.2025 11:58:40,Āgenskalna klīnika,,,vakar tars ramats rakstiņu ļoti labi sasaucas manis rakstīto valsti fikciju cilvēka personas statusa atšķirībām brīvu dzīvošanu kopā mēs varam kopā mēs darām dr e mednis agenskalnaklinika kopamesvaram dzivebezbailem izglabdraugu sargibernus
1285,18.08.2025 09:06:20,Āgenskalna klīnika,,,york 1916 poliomielīta epidēmija diezgan baiss ņujorkas vēsturē daudz upuriem bērnu vidū patiesais epidēmijas cēlonis iespējams tāpat citu vīrusu izrādās ņujorkā džona rokfellera laboratorija laikā eksperimenti poliomielīta vīrusu sakritība patiesības laikmets daudzas lietas gaismā medicīnas visai tīrās puses gana daudz uzzināsim laika medicīnas darboņiem kopā mēs varam kopā mēs darām dr e mednis agenskalnaklinika kopamesvaram dzivebezbailem izglabdraugu sargibernus
1288,18.08.2025 16:00:19,Āgenskalna klīnika,,,te turpinājums rīta ierakstam rakstīts teikts mums pasaka priekšā mums jādara pretējais saka svaigs piens kaitīgs jāmeklē mazie piena ražotāji jāpērk viņiem saka jāpotējas iespējamo tātad jādara pilnīgi pretēji jāizvairās jebkuras vakcinācijas tālāk klausāmies darām pretēji pieslēdzot veselo saprātu ieklausoties savā sirdsbalsī atceramies cilvēks vadāms baidās padarīts vainīgo mēs atliku likām atskatījāmies dažiem gadiem sociāli atbildīgs valkā masku ej špricēties vēlāk izrādījās pilnīgas muļķības atzina pats dr fauči klausāmies vērojam domājam darām savam mēs varam saglabāt savu veselību dzīvību daudzu kovidpaklausīgo vairs mūsu vidū tāds iespējams izrādes mērķis kopā mēs varam kopā mēs darām dr e mednis agenskalnaklinika kopamesvaram dzivebezbailem izglabdraugu sargibernus
1290,03.09.2025 20:51:38,Āgenskalna klīnika,,,radusies mūsdienu klasiskā medicīna izrādās biznesa projekts vienkārši banāli kungi kundzes sāpīgi uztver jebkuru medicīnas ārstu citu speciālistu veiksmi paši stipri varoši jūtas ierobežoti savā spējā palīdzēt cilvēkiem klasiskās medicīnas diedziņš raustīt jebkuru ārstu atņemsim sertifikātu praktizēt ārstam klusi mierīgi muti bail vairāk vienkārši jāmācās jāpaplašina savs redzes loks jāpaplašina savu metožu klāsts man kādreiz teica izcilais ārsts juris vecvagars edžu antibiotikas māk izrakstīt jāmācās vairāk es mācos laiku meklēju arvien jaunas iespējas palīdzētu klāta pacientu problēmām lāgā pagaidām klāt fantastiski dod brīvības sajūtu statusam papīram zināšanas paliek zināšanas atņemt ierēdnis kopā mēs varam kopā mēs darām dr e mednis agenskalnaklinika kopamesvaram dzivebezbailem izglabdraugu sargibernus
1292,05.09.2025 00:48:19,Āgenskalna klīnika,,,labas ziņas floridas viņi izbeidz jebkādu obligāto vakcināciju vakcīna vairs obligāta floridas štatā pareizi dr ladapo saka es tāds esmu es jūsu bērnam injicēt ķermenī interesanti mūsu vakcīnu apoloģēti dara iespējams dzīvo eiforijā eiropas galvenā ginekologa vizītes iespējams saņemtas jaunas turpmākajam laika periodam iespējams kādu pandēmiju atkal jāuzrīko atkal kādai drāmai ļoti slimu bērnu virzītu vakcinācijas cīnītos vakcīnu skeptiķiem skeptiķu vairāk virzītāji katra šāds mākslīgi uzburta drāma veicina cilvēku domāšanu viņi sāk uzdot jautājumus tālejošām sekām sāk valstij tādai valsts medicīnai tādai man laikam jautā darīt stāvoklis smags slimnīcā es šāda situācija bīstama labi pajautā palīdzības te mēs varam sagaidīt daudz smagus gadījumus saprast cilvēkus viņi vienkārši baidās valsts medicīnas pamatoti balstīti pieredzē atpakaļ labajām ziņām jācer mums atnāks vēsmas mums vairs viltus pandēmijas viltus difterijas citas ligas baudām dzīvi vērojam procesus reaģējam vajadzīgs kopā mēs varam kopā mēs darām dr e mednis agenskalnaklinika kopamesvaram dzivebezbailem izglabdraugu sargibernus
1294,06.09.2025 13:28:27,Āgenskalna klīnika,,,drošās efektīvās burlas kungu priekšgalā indija vēlas veikt savu pētījumu pfizer vakcīnu drošību efektivitāti pfizer labāk zaudē 18 miljardus klientu veikt pētījumu mēs varētu minēt iemeslus diez saka prof zavadska jautājumā es gribētu dzirdēt viedokli viedokļa ginekologa vizīte latvijā iespējams saņemtas jaunas vakcinācijas veicināšanai dzīvojam savā aizkrāsnē circenīši špricējamies savu tautu te tukša zeme tuksnesis scenārijs cilvēki lasa cilvēki domā viņi muļķi varneši viņiem domā kopā mēs varam kopā mēs darām dr e mednis agenskalnaklinika kopamesvaram dzivebezbailem izglabdraugu sargibernus
1296,07.09.2025 12:44:31,Āgenskalna klīnika,,,reāla problēma mūsu valstī dievs vajadzīga asins pārliešana variantu zinu mūsu asinsdonoru centrs asinis piesārņotajās tīrajās savulaik mēģināju iespēja atnākt savu donoru pārliet zināma cilvēka asinis izrādās iespējas ķēpāties patērētāja viedokļa ļoti lietderīgi asinis dzīvības eliksīrs ļoti daudz informācijas spike proteīns šveicē tīro asins banka klāt vajadzības gadījumā dabūt devu dzīvojam prātīgi sevi saudzējot rūpēja ies savu ķermenīti ceram labāko svešu asiņu pārliešana kopā mēs varam kopā mēs darām dr e mednis agenskalnaklinika kopamesvaram dzivebezbailem izglabdraugu sargibernus
1298,08.09.2025 11:41:36,Āgenskalna klīnika,,,kāda ziņa ienācās sen runāja taisnība pagaidām vēsture klusē uzmanīgiem farmācija rokfellera medicīna domāta mūsu veselības uzlabošanai savi plāni mērķi budžeti domājam kopā mēs varam kopā mēs darām dr e mednis agenskalnaklinika kopamesvaram dzivebezbailem izglabdraugu sargibernus
1300,10.09.2025 11:14:32,Āgenskalna klīnika,,,annas karmela epopeja turpinās policija beidzot izbeidza krimināllietu annu vīru lauri skaidrība pierādījumi mirušā dēla karmela lietā top uzsākta ekspertīze patiesību karmela cēloni līdzekļi mēs varam annai laurim palīdzēt kopā mēs varam zemāk annas vēstule kopā mēs varam dr e mednis agenskalnaklinika kopamesvaram dzivebezbailem izglabdraugu sargibernus
1303,11.09.2025 11:54:22,Āgenskalna klīnika,,,ļoti interesanta informācija dzimst bērni pirmajās minūtēs dzimšanas palaists mūsu iekšējais reaktors atšķiras cilvēki dvēseles placentas savāktas video krievu valodā jāskatās ieslēgtu vpn demokrātiskajā valstī lv domēns bloķēts kopā mēs varam dr e mednis agenskalnaklinika kopamesvaram dzivebezbailem izglabdraugu sargibernus
1305,11.09.2025 16:04:00,Āgenskalna klīnika,,,tallinā šobrīd eiropas veselības cilvēktiesību konference tiešraidi skatīties mēs varam dr e mednis agenskalnaklinika kopamesvaram dzivebezbailem izglabdraugu sargibernus
1306,17.09.2025 23:10:21,Āgenskalna klīnika,,,interesanti ilgdzīvošanu mums jādzīvo labā kvalitātē mēs šobrīd varam kopā mēs varam dr e mednis agenskalnaklinika kopamesvaram dzivebezbailem izglabdraugu sargibernus
1308,18.09.2025 11:15:34,Āgenskalna klīnika,,,viens krievu izcilākajiem aktieriem bērnības garša fotogrāfijā daudz skaistu filmu piedalīšanos fotogrāfijas teiktais jūs esiet ļauni esiet vāji labsirdīgam daudz grūtāk kopā mēs varam dr e mednis agenskalnaklinika kopamesvaram dzivebezbailem izglabdraugu sargibernus
1310,19.09.2025 11:00:40,Āgenskalna klīnika,,,būtiski mēs domājam mēs runājam materiāls spēks pats galvenais mūsu dzīve mūsu pašu atbildība mūsu zaudējumi mūsu pašu atbildība mūsu uzvaras mūsu pašu atbildība tāpat veiksmes tāpat bēdas prieki mums vienīgi mūsu pašu roku darbs apstākļi sakritības cits paši mēs sapratīsim pieņemsim mūsu dzīve vienīgi izpriecu brauciens piedzīvojums vienmēr viegli mēs baudīsim kalnus lejas braucienu augšup lejup jautri piedzīvojums sauca dzīve kopā mēs varam dr e mednis agenskalnaklinika kopamesvaram dzivebezbailem izglabdraugu sargibernus
