lemma,count,freq,freq_per_1000
mēs,1813,0.03548084073740655,35.481
varēt,741,0.014501546048769033,14.502
dr,642,0.012564092528083291,12.564
kopā,615,0.012035696113350817,12.036
mednis,590,0.01154644017378371,11.546
kopamesvars,560,0.010959333046303182,10.959
dzivebezbaile,560,0.010959333046303182,10.959
agenskalnaklinika,559,0.010939762808720497,10.94
izglabdraugs,499,0.009765548553759443,9.766
sava,486,0.009511135465184548,9.511
es,451,0.008826177149790598,8.826
cilvēks,425,0.008317350972640808,8.317
sargiberns,359,0.007025715292183647,7.026
bērns,317,0.006203765313710909,6.204
laiks,297,0.005812360562057224,5.812
darīt,284,0.005557947473482328,5.558
daudz,268,0.00524482367215938,5.245
gribusportot,266,0.005205683196994011,5.206
pats,252,0.004931699870836432,4.932
būt,232,0.004540295119182747,4.54
ārsts,231,0.004520724881600062,4.521
viens,223,0.004364162980938589,4.364
ļoti,222,0.004344592743355904,4.345
viņš,218,0.004266311793025167,4.266
jūs,218,0.004266311793025167,4.266
vakcīna,211,0.004129320129946377,4.129
valsts,196,0.0038357665662061137,3.836
veselība,195,0.0038161963286234297,3.816
zināt,178,0.0034835022897177974,3.484
tauta,174,0.00340522133938706,3.405
vakcinācija,172,0.0033660808642216916,3.366
savs,172,0.0033660808642216916,3.366
domāt,171,0.003346510626639007,3.347
gads,169,0.0033073701514736388,3.307
iespējams,166,0.0032486594387255863,3.249
labs,161,0.003150808250812165,3.151
jautājums,160,0.0031312380132294806,3.131
cits,156,0.0030529570628987437,3.053
pasaule,144,0.0028181142119065327,2.818
šobrīd,141,0.00275940349915848,2.759
interesants,133,0.0026028415984970057,2.603
ziņa,132,0.0025832713609143217,2.583
jauns,127,0.0024854201730009004,2.485
pacients,125,0.0024462796978355315,2.446
latvija,124,0.0024267094602528475,2.427
liels,119,0.0023288582723394262,2.329
runāt,117,0.002289717797174058,2.29
tas,117,0.002289717797174058,2.29
tagad,115,0.0022505773220086894,2.251
sevis,113,0.0022114368468433205,2.211
darbs,113,0.0022114368468433205,2.211
injekcija,110,0.002152726134095268,2.153
labi,104,0.0020353047085991624,2.035
tāpat,102,0.001996164233433794,1.996
te,98,0.0019178832831030568,1.918
gadījums,96,0.0018787428079376884,1.879
redzēt,94,0.0018396023327723198,1.84
interesanti,94,0.0018396023327723198,1.84
medicīna,93,0.0018200320951896355,1.82
lieta,91,0.0017808916200242671,1.781
mirt,91,0.0017808916200242671,1.781
teikt,89,0.0017417511448588987,1.742
viedoklis,88,0.0017221809072762142,1.722
iet,86,0.0016830404321108458,1.683
dzīve,86,0.0016830404321108458,1.683
protams,85,0.0016634701945281616,1.663
informācija,83,0.0016243297193627932,1.624
visa,82,0.0016047594817801087,1.605
kungs,81,0.0015851892441974245,1.585
vara,81,0.0015851892441974245,1.585
iespēja,80,0.0015656190066147403,1.566
palikt,80,0.0015656190066147403,1.566
brīvība,80,0.0015656190066147403,1.566
viss,79,0.001546048769032056,1.546
matvija,79,0.001546048769032056,1.546
sākt,79,0.001546048769032056,1.546
vairs,78,0.0015264785314493719,1.526
saukt,78,0.0015264785314493719,1.526
valdība,77,0.0015069082938666874,1.507
sistēma,77,0.0015069082938666874,1.507
tiesība,76,0.0014873380562840032,1.487
saruna,75,0.001467767818701319,1.468
vīruss,75,0.001467767818701319,1.468
kāds,74,0.0014481975811186348,1.448
puse,73,0.0014286273435359506,1.429
dzīvot,72,0.0014090571059532664,1.409
cita,71,0.001389486868370582,1.389
divi,70,0.0013699166307878977,1.37
vārds,70,0.0013699166307878977,1.37
kopamesdars,70,0.0013699166307878977,1.37
gribēt,69,0.0013503463932052135,1.35
uzvarēt,69,0.0013503463932052135,1.35
lēmums,69,0.0013503463932052135,1.35
vecāks,69,0.0013503463932052135,1.35
rakstīt,68,0.0013307761556225293,1.331
ģimene,67,0.001311205918039845,1.311
vienkārši,66,0.0012916356804571608,1.292
diena,66,0.0012916356804571608,1.292
ārstniecība,66,0.0012916356804571608,1.292
palīdzēt,65,0.0012720654428744764,1.272
izrādīties,65,0.0012720654428744764,1.272
dažāds,64,0.0012524952052917922,1.252
katrs,64,0.0012524952052917922,1.252
kāda,64,0.0012524952052917922,1.252
sabiedrība,63,0.001232924967709108,1.233
pēdējais,63,0.001232924967709108,1.233
saņemt,63,0.001232924967709108,1.233
maska,62,0.0012133547301264238,1.213
saprast,62,0.0012133547301264238,1.213
šķist,62,0.0012133547301264238,1.213
vēlēties,62,0.0012133547301264238,1.213
turpināt,62,0.0012133547301264238,1.213
piedalīties,61,0.0011937844925437396,1.194
minēt,61,0.0011937844925437396,1.194
spēks,60,0.0011742142549610551,1.174
tiesa,60,0.0011742142549610551,1.174
daudzi,60,0.0011742142549610551,1.174
likums,60,0.0011742142549610551,1.174
blakne,59,0.001154644017378371,1.155
persona,59,0.001154644017378371,1.155
sacīt,59,0.001154644017378371,1.155
tālu,58,0.0011350737797956867,1.135
situācija,57,0.0011155035422130025,1.116
atbildība,57,0.0011155035422130025,1.116
zinātne,57,0.0011155035422130025,1.116
vismaz,56,0.0010959333046303183,1.096
mērķis,56,0.0010959333046303183,1.096
kolēģis,55,0.001076363067047634,1.076
vieta,54,0.0010567928294649496,1.057
karš,54,0.0010567928294649496,1.057
faktiski,53,0.0010372225918822654,1.037
sakars,53,0.0010372225918822654,1.037
mēģināt,52,0.0010176523542995812,1.018
izdarīt,52,0.0010176523542995812,1.018
daļa,52,0.0010176523542995812,1.018
ticēt,52,0.0010176523542995812,1.018
pieņemt,51,0.000998082116716897,0.998
lasīt,51,0.000998082116716897,0.998
tiešām,51,0.000998082116716897,0.998
zāle,51,0.000998082116716897,0.998
vienmēr,50,0.0009785118791342127,0.979
tests,50,0.0009785118791342127,0.979
pavļuts,50,0.0009785118791342127,0.979
veids,50,0.0009785118791342127,0.979
ārstēšana,49,0.0009589416415515284,0.959
slimība,49,0.0009589416415515284,0.959
inspekcija,49,0.0009589416415515284,0.959
zeme,49,0.0009589416415515284,0.959
roka,48,0.0009393714039688442,0.939
īsti,48,0.0009393714039688442,0.939
šodien,48,0.0009393714039688442,0.939
vēsture,48,0.0009393714039688442,0.939
vēlēšanas,48,0.0009393714039688442,0.939
pirmais,48,0.0009393714039688442,0.939
edgars,48,0.0009393714039688442,0.939
radīt,47,0.0009198011663861599,0.92
acs,47,0.0009198011663861599,0.92
bailes,47,0.0009198011663861599,0.92
strādāt,46,0.0009002309288034757,0.9
sekas,46,0.0009002309288034757,0.9
mana,46,0.0009002309288034757,0.9
drīz,46,0.0009002309288034757,0.9
veikt,46,0.0009002309288034757,0.9
izskatīties,45,0.0008806606912207914,0.881
medicīnisks,45,0.0008806606912207914,0.881
vecs,45,0.0008806606912207914,0.881
atbilde,45,0.0008806606912207914,0.881
vajadzīgs,44,0.0008610904536381071,0.861
piedāvāt,44,0.0008610904536381071,0.861
gēns,44,0.0008610904536381071,0.861
medijs,44,0.0008610904536381071,0.861
stāsts,44,0.0008610904536381071,0.861
slimnīca,43,0.0008415202160554229,0.842
pieredze,43,0.0008415202160554229,0.842
kariņš,43,0.0008415202160554229,0.842
atkal,43,0.0008415202160554229,0.842
ministrs,43,0.0008415202160554229,0.842
darbība,43,0.0008415202160554229,0.842
iestāde,43,0.0008415202160554229,0.842
otrs,42,0.0008219499784727387,0.822
tāds,42,0.0008219499784727387,0.822
vesels,42,0.0008219499784727387,0.822
process,42,0.0008219499784727387,0.822
skaits,42,0.0008219499784727387,0.822
spēt,42,0.0008219499784727387,0.822
gaidīt,42,0.0008219499784727387,0.822
izdevums,42,0.0008219499784727387,0.822
kārtējs,41,0.0008023797408900544,0.802
cerēt,41,0.0008023797408900544,0.802
gals,41,0.0008023797408900544,0.802
skatīties,40,0.0007828095033073702,0.783
manuprāt,40,0.0007828095033073702,0.783
māja,40,0.0007828095033073702,0.783
režīms,40,0.0007828095033073702,0.783
pētījums,39,0.0007632392657246859,0.763
lietot,39,0.0007632392657246859,0.763
filmēšana,39,0.0007632392657246859,0.763
difterija,39,0.0007632392657246859,0.763
pilnīgi,38,0.0007436690281420016,0.744
atbalsts,38,0.0007436690281420016,0.744
visai,38,0.0007436690281420016,0.744
patiesība,38,0.0007436690281420016,0.744
bieži,38,0.0007436690281420016,0.744
padomāt,38,0.0007436690281420016,0.744
šprice,38,0.0007436690281420016,0.744
izvēle,38,0.0007436690281420016,0.744
eksperimentāls,37,0.0007240987905593174,0.724
video,37,0.0007240987905593174,0.724
deva,37,0.0007240987905593174,0.724
ierobežojums,36,0.0007045285529766332,0.705
aicināt,36,0.0007045285529766332,0.705
grupa,36,0.0007045285529766332,0.705
mainīties,36,0.0007045285529766332,0.705
piemērs,36,0.0007045285529766332,0.705
atbildēt,36,0.0007045285529766332,0.705
reize,36,0.0007045285529766332,0.705
prāts,36,0.0007045285529766332,0.705
iemesls,35,0.0006849583153939489,0.685
pasākums,35,0.0006849583153939489,0.685
komentārs,35,0.0006849583153939489,0.685
obligāts,35,0.0006849583153939489,0.685
ētika,35,0.0006849583153939489,0.685
priekša,34,0.0006653880778112646,0.665
vienīgi,34,0.0006653880778112646,0.665
patiess,34,0.0006653880778112646,0.665
palīdzība,34,0.0006653880778112646,0.665
drošs,34,0.0006653880778112646,0.665
ilgi,34,0.0006653880778112646,0.665
galvenais,34,0.0006653880778112646,0.665
drošība,33,0.0006458178402285804,0.646
raksts,33,0.0006458178402285804,0.646
skaidrs,33,0.0006458178402285804,0.646
veidot,33,0.0006458178402285804,0.646
brīdis,33,0.0006458178402285804,0.646
efektīvs,33,0.0006458178402285804,0.646
interese,33,0.0006458178402285804,0.646
augsts,33,0.0006458178402285804,0.646
vakcinēt,33,0.0006458178402285804,0.646
pamats,32,0.0006262476026458961,0.626
būtība,32,0.0006262476026458961,0.626
rīkoties,32,0.0006262476026458961,0.626
mazs,32,0.0006262476026458961,0.626
paldies,32,0.0006262476026458961,0.626
likt,32,0.0006262476026458961,0.626
dati,32,0.0006262476026458961,0.626
ceļš,32,0.0006262476026458961,0.626
jebkurš,32,0.0006262476026458961,0.626
vajadzēt,32,0.0006262476026458961,0.626
organisms,32,0.0006262476026458961,0.626
beidzot,32,0.0006262476026458961,0.626
pierādīt,32,0.0006262476026458961,0.626
komisija,32,0.0006262476026458961,0.626
jurists,31,0.0006066773650632119,0.607
sajūta,31,0.0006066773650632119,0.607
vakcinēties,31,0.0006066773650632119,0.607
dzirdēt,31,0.0006066773650632119,0.607
beigties,31,0.0006066773650632119,0.607
dot,31,0.0006066773650632119,0.607
tieši,31,0.0006066773650632119,0.607
fakts,31,0.0006066773650632119,0.607
metode,31,0.0006066773650632119,0.607
pavisam,31,0.0006066773650632119,0.607
inde,31,0.0006066773650632119,0.607
gaisma,31,0.0006066773650632119,0.607
ņemt,30,0.0005871071274805276,0.587
vajāšana,30,0.0005871071274805276,0.587
diezgan,30,0.0005871071274805276,0.587
pilns,30,0.0005871071274805276,0.587
brīvi,30,0.0005871071274805276,0.587
brīvs,30,0.0005871071274805276,0.587
teorija,30,0.0005871071274805276,0.587
meli,30,0.0005871071274805276,0.587
sanākt,30,0.0005871071274805276,0.587
šāda,29,0.0005675368898978433,0.568
realitāte,29,0.0005675368898978433,0.568
citādi,29,0.0005675368898978433,0.568
sirds,29,0.0005675368898978433,0.568
vairāki,29,0.0005675368898978433,0.568
aprūpe,29,0.0005675368898978433,0.568
pandēmija,28,0.0005479666523151591,0.548
piespiedu,28,0.0005479666523151591,0.548
covidud<sos>,28,0.0005479666523151591,0.548
vērts,28,0.0005479666523151591,0.548
blaknis,28,0.0005479666523151591,0.548
rezultāts,28,0.0005479666523151591,0.548
dokuments,28,0.0005479666523151591,0.548
asv,28,0.0005479666523151591,0.548
vēlu,28,0.0005479666523151591,0.548
rīcība,28,0.0005479666523151591,0.548
gatavs,28,0.0005479666523151591,0.548
mēnesis,28,0.0005479666523151591,0.548
materiāls,28,0.0005479666523151591,0.548
jebkura,28,0.0005479666523151591,0.548
izmantot,28,0.0005479666523151591,0.548
līdzi,28,0.0005479666523151591,0.548
tikt,28,0.0005479666523151591,0.548
pienākums,28,0.0005479666523151591,0.548
pati,27,0.0005283964147324748,0.528
sekot,27,0.0005283964147324748,0.528
raidījums,27,0.0005283964147324748,0.528
policija,27,0.0005283964147324748,0.528
līdzeklis,27,0.0005283964147324748,0.528
sākums,27,0.0005283964147324748,0.528
risks,27,0.0005283964147324748,0.528
otrais,27,0.0005283964147324748,0.528
vecums,27,0.0005283964147324748,0.528
parādīties,27,0.0005283964147324748,0.528
izvēlēties,27,0.0005283964147324748,0.528
kundze,27,0.0005283964147324748,0.528
meklēt,26,0.0005088261771497906,0.509
ārstēt,26,0.0005088261771497906,0.509
mirstība,26,0.0005088261771497906,0.509
atbildīgs,26,0.0005088261771497906,0.509
doma,26,0.0005088261771497906,0.509
eksperiments,26,0.0005088261771497906,0.509
sākties,26,0.0005088261771497906,0.509
dzīvība,26,0.0005088261771497906,0.509
krievs,26,0.0005088261771497906,0.509
tuvs,26,0.0005088261771497906,0.509
uzņemties,26,0.0005088261771497906,0.509
tēma,26,0.0005088261771497906,0.509
biedrība,26,0.0005088261771497906,0.509
meitene,26,0.0005088261771497906,0.509
lūgt,25,0.0004892559395671064,0.489
uzrakstīt,25,0.0004892559395671064,0.489
sēde,25,0.0004892559395671064,0.489
svarīgs,25,0.0004892559395671064,0.489
tātad,25,0.0004892559395671064,0.489
atcerēties,25,0.0004892559395671064,0.489
pienākt,25,0.0004892559395671064,0.489
paskatīties,25,0.0004892559395671064,0.489
ministrija,25,0.0004892559395671064,0.489
kanāls,25,0.0004892559395671064,0.489
iesniegums,25,0.0004892559395671064,0.489
apvienoties,25,0.0004892559395671064,0.489
skola,25,0.0004892559395671064,0.489
sevišķi,25,0.0004892559395671064,0.489
uzvara,25,0.0004892559395671064,0.489
vēzis,25,0.0004892559395671064,0.489
ivermektīns,25,0.0004892559395671064,0.489
amatpersona,24,0.0004696857019844221,0.47
vērā,24,0.0004696857019844221,0.47
konkrēts,24,0.0004696857019844221,0.47
smags,24,0.0004696857019844221,0.47
pietikt,24,0.0004696857019844221,0.47
padarīt,24,0.0004696857019844221,0.47
iedzīvotājs,24,0.0004696857019844221,0.47
pieiet,24,0.0004696857019844221,0.47
sen,24,0.0004696857019844221,0.47
pateikt,24,0.0004696857019844221,0.47
stāstīt,24,0.0004696857019844221,0.47
vācija,24,0.0004696857019844221,0.47
vēstule,24,0.0004696857019844221,0.47
zāles,24,0.0004696857019844221,0.47
izglītība,24,0.0004696857019844221,0.47
vienīgs,24,0.0004696857019844221,0.47
šoreiz,24,0.0004696857019844221,0.47
kārtība,24,0.0004696857019844221,0.47
izturēt,24,0.0004696857019844221,0.47
lāb,24,0.0004696857019844221,0.47
bkus,24,0.0004696857019844221,0.47
efektivitāte,23,0.00045011546440173783,0.45
pastāvēt,23,0.00045011546440173783,0.45
šī,23,0.00045011546440173783,0.45
eiropa,23,0.00045011546440173783,0.45
ieraksts,23,0.00045011546440173783,0.45
pievienot,23,0.00045011546440173783,0.45
vakar,23,0.00045011546440173783,0.45
aktīvi,23,0.00045011546440173783,0.45
ciest,23,0.00045011546440173783,0.45
taisnība,23,0.00045011546440173783,0.45
cilvēce,23,0.00045011546440173783,0.45
paust,23,0.00045011546440173783,0.45
uzskatīt,23,0.00045011546440173783,0.45
punkts,23,0.00045011546440173783,0.45
sods,23,0.00045011546440173783,0.45
rasties,23,0.00045011546440173783,0.45
rakstiet,23,0.00045011546440173783,0.45
sertifikāts,23,0.00045011546440173783,0.45
mk,23,0.00045011546440173783,0.45
uzticēties,23,0.00045011546440173783,0.45
vaxinācija,23,0.00045011546440173783,0.45
konference,22,0.00043054522681905356,0.431
problēma,22,0.00043054522681905356,0.431
pieļaut,22,0.00043054522681905356,0.431
atcelt,22,0.00043054522681905356,0.431
rūpēties,22,0.00043054522681905356,0.431
draugs,22,0.00043054522681905356,0.431
doties,22,0.00043054522681905356,0.431
publicēt,22,0.00043054522681905356,0.431
runa,22,0.00043054522681905356,0.431
juridisks,22,0.00043054522681905356,0.431
mamma,22,0.00043054522681905356,0.431
reāls,22,0.00043054522681905356,0.431
drīkstēt,22,0.00043054522681905356,0.431
sociāls,22,0.00043054522681905356,0.431
klāt,22,0.00043054522681905356,0.431
pozitīvs,22,0.00043054522681905356,0.431
jaunietis,22,0.00043054522681905356,0.431
zaudēt,22,0.00043054522681905356,0.431
cīņa,22,0.00043054522681905356,0.431
uzspiest,21,0.00041097498923636935,0.411
aizliegt,21,0.00041097498923636935,0.411
joprojām,21,0.00041097498923636935,0.411
plaši,21,0.00041097498923636935,0.411
ārā,21,0.00041097498923636935,0.411
medikaments,21,0.00041097498923636935,0.411
vēlme,21,0.00041097498923636935,0.411
slims,21,0.00041097498923636935,0.411
ļaut,21,0.00041097498923636935,0.411
parādīt,21,0.00041097498923636935,0.411
atņemt,21,0.00041097498923636935,0.411
plāns,21,0.00041097498923636935,0.411
patikt,21,0.00041097498923636935,0.411
paredzēt,21,0.00041097498923636935,0.411
bīstams,21,0.00041097498923636935,0.411
latvietis,21,0.00041097498923636935,0.411
farmācija,21,0.00041097498923636935,0.411
rīga,21,0.00041097498923636935,0.411
turēties,21,0.00041097498923636935,0.411
grozījums,21,0.00041097498923636935,0.411
stāvoklis,20,0.0003914047516536851,0.391
izraisīt,20,0.0003914047516536851,0.391
gudrs,20,0.0003914047516536851,0.391
anotācija,20,0.0003914047516536851,0.391
atzīt,20,0.0003914047516536851,0.391
filma,20,0.0003914047516536851,0.391
svarīgi,20,0.0003914047516536851,0.391
jautāt,20,0.0003914047516536851,0.391
vienkāršs,20,0.0003914047516536851,0.391
miers,20,0.0003914047516536851,0.391
atteikums,20,0.0003914047516536851,0.391
īsts,19,0.0003718345140710008,0.372
piespiest,19,0.0003718345140710008,0.372
saistība,19,0.0003718345140710008,0.372
gandrīz,19,0.0003718345140710008,0.372
ieviest,19,0.0003718345140710008,0.372
atbalstīt,19,0.0003718345140710008,0.372
dīvaini,19,0.0003718345140710008,0.372
mācīties,19,0.0003718345140710008,0.372
sirdsapziņa,19,0.0003718345140710008,0.372
spiediens,19,0.0003718345140710008,0.372
saslimšana,19,0.0003718345140710008,0.372
gribēties,19,0.0003718345140710008,0.372
pieaugt,19,0.0003718345140710008,0.372
trīs,19,0.0003718345140710008,0.372
maksāt,19,0.0003718345140710008,0.372
ilze,19,0.0003718345140710008,0.372
darbinieks,19,0.0003718345140710008,0.372
špricēties,19,0.0003718345140710008,0.372
padome,19,0.0003718345140710008,0.372
vizīte,19,0.0003718345140710008,0.372
konts,19,0.0003718345140710008,0.372
lemt,18,0.0003522642764883166,0.352
personīgs,18,0.0003522642764883166,0.352
maz,18,0.0003522642764883166,0.352
kabinets,18,0.0003522642764883166,0.352
stāvēt,18,0.0003522642764883166,0.352
vadīt,18,0.0003522642764883166,0.352
atrast,18,0.0003522642764883166,0.352
seja,18,0.0003522642764883166,0.352
balsot,18,0.0003522642764883166,0.352
patiešām,18,0.0003522642764883166,0.352
balstīt,18,0.0003522642764883166,0.352
saeima,18,0.0003522642764883166,0.352
valdīt,18,0.0003522642764883166,0.352
ātri,18,0.0003522642764883166,0.352
abi,18,0.0003522642764883166,0.352
lēnām,18,0.0003522642764883166,0.352
klausīties,18,0.0003522642764883166,0.352
pāri,18,0.0003522642764883166,0.352
enerģija,18,0.0003522642764883166,0.352
paiet,18,0.0003522642764883166,0.352
kāja,18,0.0003522642764883166,0.352
izskaidrot,18,0.0003522642764883166,0.352
baidīties,18,0.0003522642764883166,0.352
dabūt,18,0.0003522642764883166,0.352
grūtniece,18,0.0003522642764883166,0.352
līgums,18,0.0003522642764883166,0.352
lv,18,0.0003522642764883166,0.352
maksājums,18,0.0003522642764883166,0.352
kārta,17,0.0003326940389056323,0.333
padomju,17,0.0003326940389056323,0.333
iepriekšējs,17,0.0003326940389056323,0.333
kovidu,17,0.0003326940389056323,0.333
ārprāts,17,0.0003326940389056323,0.333
statistika,17,0.0003326940389056323,0.333
rīkojums,17,0.0003326940389056323,0.333
īpaši,17,0.0003326940389056323,0.333
mans,17,0.0003326940389056323,0.333
papildus,17,0.0003326940389056323,0.333
izdoties,17,0.0003326940389056323,0.333
šāds,17,0.0003326940389056323,0.333
saglabāt,17,0.0003326940389056323,0.333
rinda,17,0.0003326940389056323,0.333
sagatavot,17,0.0003326940389056323,0.333
stiprs,17,0.0003326940389056323,0.333
pareizi,17,0.0003326940389056323,0.333
prakse,17,0.0003326940389056323,0.333
būtisks,17,0.0003326940389056323,0.333
ierobežot,17,0.0003326940389056323,0.333
this,17,0.0003326940389056323,0.333
kampaņa,17,0.0003326940389056323,0.333
vērtīgs,17,0.0003326940389056323,0.333
interesēt,17,0.0003326940389056323,0.333
infekcija,17,0.0003326940389056323,0.333
atteikties,17,0.0003326940389056323,0.333
aiziet,17,0.0003326940389056323,0.333
špricēt,17,0.0003326940389056323,0.333
ziedot,17,0.0003326940389056323,0.333
apgalvot,17,0.0003326940389056323,0.333
zināšana,17,0.0003326940389056323,0.333
solis,17,0.0003326940389056323,0.333
cīnīties,17,0.0003326940389056323,0.333
prezidents,17,0.0003326940389056323,0.333
parasti,17,0.0003326940389056323,0.333
genocīds,17,0.0003326940389056323,0.333
teritorija,17,0.0003326940389056323,0.333
dažs,17,0.0003326940389056323,0.333
banka,17,0.0003326940389056323,0.333
ainārs,17,0.0003326940389056323,0.333
mēģinājums,16,0.00031312380132294805,0.313
lapa,16,0.00031312380132294805,0.313
diskusija,16,0.00031312380132294805,0.313
godāt,16,0.00031312380132294805,0.313
mācēt,16,0.00031312380132294805,0.313
lietošana,16,0.00031312380132294805,0.313
plānot,16,0.00031312380132294805,0.313
pierādījums,16,0.00031312380132294805,0.313
medical,16,0.00031312380132294805,0.313
pamatot,16,0.00031312380132294805,0.313
deputāts,16,0.00031312380132294805,0.313
savulaik,16,0.00031312380132294805,0.313
utt,16,0.00031312380132294805,0.313
rādīt,16,0.00031312380132294805,0.313
vērtība,16,0.00031312380132294805,0.313
ieklausīties,16,0.00031312380132294805,0.313
pievienoties,16,0.00031312380132294805,0.313
skaisti,16,0.00031312380132294805,0.313
klīnisks,16,0.00031312380132294805,0.313
pfizer,16,0.00031312380132294805,0.313
skumji,16,0.00031312380132294805,0.313
terapija,16,0.00031312380132294805,0.313
savādi,16,0.00031312380132294805,0.313
uzdot,16,0.00031312380132294805,0.313
minūte,16,0.00031312380132294805,0.313
politika,16,0.00031312380132294805,0.313
apzināt,16,0.00031312380132294805,0.313
substance,16,0.00031312380132294805,0.313
asins,16,0.00031312380132294805,0.313
parakstīt,16,0.00031312380132294805,0.313
politisks,16,0.00031312380132294805,0.313
speciālists,16,0.00031312380132294805,0.313
vērtēt,16,0.00031312380132294805,0.313
iegūt,16,0.00031312380132294805,0.313
saimnieks,16,0.00031312380132294805,0.313
dienests,16,0.00031312380132294805,0.313
prasība,16,0.00031312380132294805,0.313
kura,16,0.00031312380132294805,0.313
profesore,16,0.00031312380132294805,0.313
priekšā,16,0.00031312380132294805,0.313
svešs,16,0.00031312380132294805,0.313
medņa,16,0.00031312380132294805,0.313
labums,15,0.0002935535637402638,0.294
saprāts,15,0.0002935535637402638,0.294
demokrātija,15,0.0002935535637402638,0.294
aizsardzība,15,0.0002935535637402638,0.294
izdomāt,15,0.0002935535637402638,0.294
personīgi,15,0.0002935535637402638,0.294
iniciatīva,15,0.0002935535637402638,0.294
valoda,15,0.0002935535637402638,0.294
izveidot,15,0.0002935535637402638,0.294
švakcīna,15,0.0002935535637402638,0.294
sazvērestība,15,0.0002935535637402638,0.294
pasargāt,15,0.0002935535637402638,0.294
vadlīnija,15,0.0002935535637402638,0.294
upuris,15,0.0002935535637402638,0.294
aizstāvēt,15,0.0002935535637402638,0.294
domāšana,15,0.0002935535637402638,0.294
globāls,15,0.0002935535637402638,0.294
ideja,15,0.0002935535637402638,0.294
pāris,15,0.0002935535637402638,0.294
sašpricēt,15,0.0002935535637402638,0.294
mainīt,15,0.0002935535637402638,0.294
gods,15,0.0002935535637402638,0.294
derēt,15,0.0002935535637402638,0.294
rsi,15,0.0002935535637402638,0.294
gripa,15,0.0002935535637402638,0.294
dievs,15,0.0002935535637402638,0.294
atgādināt,15,0.0002935535637402638,0.294
variants,15,0.0002935535637402638,0.294
atsacīties,15,0.0002935535637402638,0.294
līcītis,15,0.0002935535637402638,0.294
panākt,15,0.0002935535637402638,0.294
manipulācija,15,0.0002935535637402638,0.294
uzmanība,15,0.0002935535637402638,0.294
pakļauties,15,0.0002935535637402638,0.294
veidošana,15,0.0002935535637402638,0.294
pole,15,0.0002935535637402638,0.294
analīze,15,0.0002935535637402638,0.294
bāriņtiesa,15,0.0002935535637402638,0.294
covidēt,14,0.00027398332615757956,0.274
atvērt,14,0.00027398332615757956,0.274
pārējais,14,0.00027398332615757956,0.274
cenzūra,14,0.00027398332615757956,0.274
laipni,14,0.00027398332615757956,0.274
komunikācija,14,0.00027398332615757956,0.274
saslimstība,14,0.00027398332615757956,0.274
izbeigt,14,0.00027398332615757956,0.274
skaidri,14,0.00027398332615757956,0.274
saite,14,0.00027398332615757956,0.274
dīvains,14,0.00027398332615757956,0.274
sodīt,14,0.00027398332615757956,0.274
iesniegt,14,0.00027398332615757956,0.274
ķermenis,14,0.00027398332615757956,0.274
beigas,14,0.00027398332615757956,0.274
atklāt,14,0.00027398332615757956,0.274
turēt,14,0.00027398332615757956,0.274
šādi,14,0.00027398332615757956,0.274
saistīt,14,0.00027398332615757956,0.274
prof,14,0.00027398332615757956,0.274
muļķība,14,0.00027398332615757956,0.274
krist,14,0.00027398332615757956,0.274
skaists,14,0.00027398332615757956,0.274
solīt,14,0.00027398332615757956,0.274
miljons,14,0.00027398332615757956,0.274
deguns,14,0.00027398332615757956,0.274
censties,14,0.00027398332615757956,0.274
piepildīties,14,0.00027398332615757956,0.274
moderns,14,0.00027398332615757956,0.274
četri,14,0.00027398332615757956,0.274
izpildīt,14,0.00027398332615757956,0.274
starptautisks,14,0.00027398332615757956,0.274
pārkāpt,14,0.00027398332615757956,0.274
apzināti,14,0.00027398332615757956,0.274
vardarbība,14,0.00027398332615757956,0.274
pilnīgs,14,0.00027398332615757956,0.274
slikts,14,0.00027398332615757956,0.274
hunta,14,0.00027398332615757956,0.274
spēcīgs,14,0.00027398332615757956,0.274
atpakaļ,14,0.00027398332615757956,0.274
atlaist,14,0.00027398332615757956,0.274
viegli,14,0.00027398332615757956,0.274
septembris,14,0.00027398332615757956,0.274
abas,14,0.00027398332615757956,0.274
pareizs,14,0.00027398332615757956,0.274
mute,14,0.00027398332615757956,0.274
ukraina,14,0.00027398332615757956,0.274
vide,14,0.00027398332615757956,0.274
zavadska,14,0.00027398332615757956,0.274
paraksts,14,0.00027398332615757956,0.274
pagaidām,14,0.00027398332615757956,0.274
ierēdnis,14,0.00027398332615757956,0.274
kļūt,14,0.00027398332615757956,0.274
kadišs,14,0.00027398332615757956,0.274
karte,14,0.00027398332615757956,0.274
kanāle,14,0.00027398332615757956,0.274
piebilst,14,0.00027398332615757956,0.274
operators,14,0.00027398332615757956,0.274
līdzīgi,13,0.0002544130885748953,0.254
ražotājs,13,0.0002544130885748953,0.254
skaitlis,13,0.0002544130885748953,0.254
oficiāli,13,0.0002544130885748953,0.254
trešais,13,0.0002544130885748953,0.254
līdzīgs,13,0.0002544130885748953,0.254
izmēģinājums,13,0.0002544130885748953,0.254
piekrišana,13,0.0002544130885748953,0.254
oficiāls,13,0.0002544130885748953,0.254
plkst,13,0.0002544130885748953,0.254
balss,13,0.0002544130885748953,0.254
darboties,13,0.0002544130885748953,0.254
smieklīgi,13,0.0002544130885748953,0.254
griba,13,0.0002544130885748953,0.254
skride,13,0.0002544130885748953,0.254
atrasties,13,0.0002544130885748953,0.254
skolotājs,13,0.0002544130885748953,0.254
my,13,0.0002544130885748953,0.254
will,13,0.0002544130885748953,0.254
kults,13,0.0002544130885748953,0.254
laiciņa,13,0.0002544130885748953,0.254
tuvinieks,13,0.0002544130885748953,0.254
kāmēr,13,0.0002544130885748953,0.254
kategorija,13,0.0002544130885748953,0.254
brīvprātīgs,13,0.0002544130885748953,0.254
loma,13,0.0002544130885748953,0.254
masa,13,0.0002544130885748953,0.254
izpausties,13,0.0002544130885748953,0.254
ieteikt,13,0.0002544130885748953,0.254
just,13,0.0002544130885748953,0.254
imunitāte,13,0.0002544130885748953,0.254
pakalpojums,13,0.0002544130885748953,0.254
kādreiz,13,0.0002544130885748953,0.254
špricēšana,13,0.0002544130885748953,0.254
vainīgs,13,0.0002544130885748953,0.254
aicinājums,13,0.0002544130885748953,0.254
armija,13,0.0002544130885748953,0.254
pārsteigt,13,0.0002544130885748953,0.254
reāli,13,0.0002544130885748953,0.254
faizers,13,0.0002544130885748953,0.254
uzzināt,13,0.0002544130885748953,0.254
pārvalde,13,0.0002544130885748953,0.254
prasīt,13,0.0002544130885748953,0.254
atkarīgs,13,0.0002544130885748953,0.254
rīt,12,0.00023484285099221105,0.235
izvairīties,12,0.00023484285099221105,0.235
izteikums,12,0.00023484285099221105,0.235
veikals,12,0.00023484285099221105,0.235
demokrātisks,12,0.00023484285099221105,0.235
forma,12,0.00023484285099221105,0.235
vaļā,12,0.00023484285099221105,0.235
grūti,12,0.00023484285099221105,0.235
tādējādi,12,0.00023484285099221105,0.235
protokols,12,0.00023484285099221105,0.235
īss,12,0.00023484285099221105,0.235
informēt,12,0.00023484285099221105,0.235
teātris,12,0.00023484285099221105,0.235
vērot,12,0.00023484285099221105,0.235
vadība,12,0.00023484285099221105,0.235
institūcija,12,0.00023484285099221105,0.235
plauša,12,0.00023484285099221105,0.235
treatment,12,0.00023484285099221105,0.235
people,12,0.00023484285099221105,0.235
are,12,0.00023484285099221105,0.235
that,12,0.00023484285099221105,0.235
pilnība,12,0.00023484285099221105,0.235
klajā,12,0.00023484285099221105,0.235
uzdevums,12,0.00023484285099221105,0.235
beigt,12,0.00023484285099221105,0.235
ieraudzīt,12,0.00023484285099221105,0.235
patreiz,12,0.00023484285099221105,0.235
cilvēktiesības,12,0.00023484285099221105,0.235
viela,12,0.00023484285099221105,0.235
kolosāls,12,0.00023484285099221105,0.235
konspirācija,12,0.00023484285099221105,0.235
pote,12,0.00023484285099221105,0.235
amats,12,0.00023484285099221105,0.235
īsi,12,0.00023484285099221105,0.235
devējs,12,0.00023484285099221105,0.235
attiecība,12,0.00023484285099221105,0.235
iesacīt,12,0.00023484285099221105,0.235
plašs,12,0.00023484285099221105,0.235
mediķis,12,0.00023484285099221105,0.235
republika,12,0.00023484285099221105,0.235
lūdzu,12,0.00023484285099221105,0.235
iekšā,12,0.00023484285099221105,0.235
piedzīvot,12,0.00023484285099221105,0.235
ātrs,12,0.00023484285099221105,0.235
iestāties,12,0.00023484285099221105,0.235
cienīt,12,0.00023484285099221105,0.235
pazīt,12,0.00023484285099221105,0.235
klātiene,12,0.00023484285099221105,0.235
tuvu,12,0.00023484285099221105,0.235
lipšāne,12,0.00023484285099221105,0.235
bauda,11,0.00021527261340952678,0.215
publisks,11,0.00021527261340952678,0.215
savienība,11,0.00021527261340952678,0.215
pcr,11,0.00021527261340952678,0.215
draudēt,11,0.00021527261340952678,0.215
žurnālists,11,0.00021527261340952678,0.215
apzināties,11,0.00021527261340952678,0.215
atklāties,11,0.00021527261340952678,0.215
bērziņš,11,0.00021527261340952678,0.215
pārējā,11,0.00021527261340952678,0.215
pārkāpums,11,0.00021527261340952678,0.215
iesaistīties,11,0.00021527261340952678,0.215
afēra,11,0.00021527261340952678,0.215
iela,11,0.00021527261340952678,0.215
turpinājums,11,0.00021527261340952678,0.215
citur,11,0.00021527261340952678,0.215
gabaliņš,11,0.00021527261340952678,0.215
pārbaudīt,11,0.00021527261340952678,0.215
iziet,11,0.00021527261340952678,0.215
parakstīties,11,0.00021527261340952678,0.215
propaganda,11,0.00021527261340952678,0.215
bizness,11,0.00021527261340952678,0.215
pamatojums,11,0.00021527261340952678,0.215
vienalga,11,0.00021527261340952678,0.215
būtiski,11,0.00021527261340952678,0.215
vibrācija,11,0.00021527261340952678,0.215
ierast,11,0.00021527261340952678,0.215
atnākt,11,0.00021527261340952678,0.215
stunda,11,0.00021527261340952678,0.215
saslimt,11,0.00021527261340952678,0.215
āda,11,0.00021527261340952678,0.215
ierakstīt,11,0.00021527261340952678,0.215
daža,11,0.00021527261340952678,0.215
kaitējums,11,0.00021527261340952678,0.215
svēts,11,0.00021527261340952678,0.215
apmaksāt,11,0.00021527261340952678,0.215
kontrole,11,0.00021527261340952678,0.215
īstenot,11,0.00021527261340952678,0.215
vergs,11,0.00021527261340952678,0.215
skaidrojums,11,0.00021527261340952678,0.215
piekrist,11,0.00021527261340952678,0.215
milzīgs,11,0.00021527261340952678,0.215
regulāri,11,0.00021527261340952678,0.215
stiprināt,11,0.00021527261340952678,0.215
patiesi,11,0.00021527261340952678,0.215
atlikt,11,0.00021527261340952678,0.215
paaugstināt,11,0.00021527261340952678,0.215
kaitēt,11,0.00021527261340952678,0.215
ievadīt,11,0.00021527261340952678,0.215
atļauties,11,0.00021527261340952678,0.215
darbonis,11,0.00021527261340952678,0.215
tīkls,11,0.00021527261340952678,0.215
kompānija,11,0.00021527261340952678,0.215
tāls,11,0.00021527261340952678,0.215
princips,11,0.00021527261340952678,0.215
zems,11,0.00021527261340952678,0.215
kovidšprice,11,0.00021527261340952678,0.215
melot,11,0.00021527261340952678,0.215
strauji,11,0.00021527261340952678,0.215
pēkšņi,11,0.00021527261340952678,0.215
pieprasīt,11,0.00021527261340952678,0.215
skaļi,11,0.00021527261340952678,0.215
vadonis,11,0.00021527261340952678,0.215
hunts,11,0.00021527261340952678,0.215
skaidrot,11,0.00021527261340952678,0.215
māte,11,0.00021527261340952678,0.215
īpašums,11,0.00021527261340952678,0.215
apstāklis,11,0.00021527261340952678,0.215
zavadski,11,0.00021527261340952678,0.215
sargāt,11,0.00021527261340952678,0.215
sieviete,11,0.00021527261340952678,0.215
stipri,11,0.00021527261340952678,0.215
pants,11,0.00021527261340952678,0.215
samaksāt,11,0.00021527261340952678,0.215
sniegt,11,0.00021527261340952678,0.215
imunologs,11,0.00021527261340952678,0.215
bērniņš,11,0.00021527261340952678,0.215
konflikts,11,0.00021527261340952678,0.215
atjaunot,11,0.00021527261340952678,0.215
lauks,11,0.00021527261340952678,0.215
piemineklis,11,0.00021527261340952678,0.215
piebilde,11,0.00021527261340952678,0.215
regulējums,11,0.00021527261340952678,0.215
zinātnieks,10,0.00019570237582684254,0.196
pasniegt,10,0.00019570237582684254,0.196
populārs,10,0.00019570237582684254,0.196
augsti,10,0.00019570237582684254,0.196
profesors,10,0.00019570237582684254,0.196
pildīt,10,0.00019570237582684254,0.196
atļaut,10,0.00019570237582684254,0.196
ļauns,10,0.00019570237582684254,0.196
mērs,10,0.00019570237582684254,0.196
klīnika,10,0.00019570237582684254,0.196
spriest,10,0.00019570237582684254,0.196
iepriekš,10,0.00019570237582684254,0.196
bilde,10,0.00019570237582684254,0.196
tv,10,0.00019570237582684254,0.196
alianse,10,0.00019570237582684254,0.196
apvienot,10,0.00019570237582684254,0.196
arvien,10,0.00019570237582684254,0.196
stāties,10,0.00019570237582684254,0.196
rūpēt,10,0.00019570237582684254,0.196
emocionāls,10,0.00019570237582684254,0.196
spiest,10,0.00019570237582684254,0.196
izlasīt,10,0.00019570237582684254,0.196
lūgums,10,0.00019570237582684254,0.196
atsevišķs,10,0.00019570237582684254,0.196
vīrs,10,0.00019570237582684254,0.196
baudīt,10,0.00019570237582684254,0.196
jauks,10,0.00019570237582684254,0.196
balts,10,0.00019570237582684254,0.196
virziens,10,0.00019570237582684254,0.196
klasisks,10,0.00019570237582684254,0.196
slimot,10,0.00019570237582684254,0.196
atgriezties,10,0.00019570237582684254,0.196
for,10,0.00019570237582684254,0.196
ticība,10,0.00019570237582684254,0.196
reliģisks,10,0.00019570237582684254,0.196
telpa,10,0.00019570237582684254,0.196
pirmkārt,10,0.00019570237582684254,0.196
policists,10,0.00019570237582684254,0.196
joks,10,0.00019570237582684254,0.196
pielikums,10,0.00019570237582684254,0.196
sagaidīt,10,0.00019570237582684254,0.196
īstenība,10,0.00019570237582684254,0.196
ikdiena,10,0.00019570237582684254,0.196
projekts,10,0.00019570237582684254,0.196
izcils,10,0.00019570237582684254,0.196
līdzcilvēks,10,0.00019570237582684254,0.196
scenārijs,10,0.00019570237582684254,0.196
paturēt,10,0.00019570237582684254,0.196
ierocis,10,0.00019570237582684254,0.196
kliķe,10,0.00019570237582684254,0.196
pārliecināt,10,0.00019570237582684254,0.196
centrs,10,0.00019570237582684254,0.196
dabīgs,10,0.00019570237582684254,0.196
smadzenes,10,0.00019570237582684254,0.196
grips,10,0.00019570237582684254,0.196
reakcija,10,0.00019570237582684254,0.196
cena,10,0.00019570237582684254,0.196
jebkāds,10,0.00019570237582684254,0.196
vadītājs,10,0.00019570237582684254,0.196
spēja,10,0.00019570237582684254,0.196
uzņemt,10,0.00019570237582684254,0.196
tiesībsargs,10,0.00019570237582684254,0.196
liecināt,10,0.00019570237582684254,0.196
organizēt,10,0.00019570237582684254,0.196
bojā,10,0.00019570237582684254,0.196
privāts,10,0.00019570237582684254,0.196
rīkot,10,0.00019570237582684254,0.196
depopulācija,10,0.00019570237582684254,0.196
paskaidrot,10,0.00019570237582684254,0.196
represija,10,0.00019570237582684254,0.196
ilūzija,10,0.00019570237582684254,0.196
publiski,10,0.00019570237582684254,0.196
administratīvs,10,0.00019570237582684254,0.196
turpmāks,10,0.00019570237582684254,0.196
aizliegums,10,0.00019570237582684254,0.196
uzsākt,10,0.00019570237582684254,0.196
lēts,10,0.00019570237582684254,0.196
ieguvums,10,0.00019570237582684254,0.196
tiesisks,10,0.00019570237582684254,0.196
pretēji,10,0.00019570237582684254,0.196
organizācija,10,0.00019570237582684254,0.196
žeigurs,10,0.00019570237582684254,0.196
pvo,10,0.00019570237582684254,0.196
satversme,10,0.00019570237582684254,0.196
joma,10,0.00019570237582684254,0.196
resurss,10,0.00019570237582684254,0.196
kanāda,10,0.00019570237582684254,0.196
piemērot,10,0.00019570237582684254,0.196
tīrs,10,0.00019570237582684254,0.196
atdot,10,0.00019570237582684254,0.196
toksisks,10,0.00019570237582684254,0.196
administrācija,10,0.00019570237582684254,0.196
aprakstīt,10,0.00019570237582684254,0.196
atbalstiet,10,0.00019570237582684254,0.196
saturs,10,0.00019570237582684254,0.196
paklausīties,9,0.0001761321382441583,0.176
izraēla,9,0.0001761321382441583,0.176
vienot,9,0.0001761321382441583,0.176
cieņa,9,0.0001761321382441583,0.176
mīlestība,9,0.0001761321382441583,0.176
ciešana,9,0.0001761321382441583,0.176
iedomāties,9,0.0001761321382441583,0.176
rudens,9,0.0001761321382441583,0.176
kopīgs,9,0.0001761321382441583,0.176
sakritība,9,0.0001761321382441583,0.176
kvalitāte,9,0.0001761321382441583,0.176
tūkstotis,9,0.0001761321382441583,0.176
iepirkums,9,0.0001761321382441583,0.176
atsauce,9,0.0001761321382441583,0.176
ļaunums,9,0.0001761321382441583,0.176
saraksts,9,0.0001761321382441583,0.176
tā,9,0.0001761321382441583,0.176
avots,9,0.0001761321382441583,0.176
pretim,9,0.0001761321382441583,0.176
izslēgt,9,0.0001761321382441583,0.176
apkārt,9,0.0001761321382441583,0.176
statuss,9,0.0001761321382441583,0.176
justies,9,0.0001761321382441583,0.176
lokdauns,9,0.0001761321382441583,0.176
personāžs,9,0.0001761321382441583,0.176
ievērot,9,0.0001761321382441583,0.176
apstiprināt,9,0.0001761321382441583,0.176
kalns,9,0.0001761321382441583,0.176
be,9,0.0001761321382441583,0.176
žēl,9,0.0001761321382441583,0.176
absolūti,9,0.0001761321382441583,0.176
izņemt,9,0.0001761321382441583,0.176
loks,9,0.0001761321382441583,0.176
pasaka,9,0.0001761321382441583,0.176
brīnišķīgs,9,0.0001761321382441583,0.176
zinātnisks,9,0.0001761321382441583,0.176
kļūda,9,0.0001761321382441583,0.176
ieslēgt,9,0.0001761321382441583,0.176
mugura,9,0.0001761321382441583,0.176
miljards,9,0.0001761321382441583,0.176
atšķirīgs,9,0.0001761321382441583,0.176
pieredzēt,9,0.0001761321382441583,0.176
izglābt,9,0.0001761321382441583,0.176
robeža,9,0.0001761321382441583,0.176
turpmāk,9,0.0001761321382441583,0.176
pārliecība,9,0.0001761321382441583,0.176
līmenis,9,0.0001761321382441583,0.176
diskriminācija,9,0.0001761321382441583,0.176
paraugs,9,0.0001761321382441583,0.176
sveiciens,9,0.0001761321382441583,0.176
ziņot,9,0.0001761321382441583,0.176
toreiz,9,0.0001761321382441583,0.176
vidus,9,0.0001761321382441583,0.176
klajs,9,0.0001761321382441583,0.176
izeja,9,0.0001761321382441583,0.176
periods,9,0.0001761321382441583,0.176
samazināt,9,0.0001761321382441583,0.176
pamest,9,0.0001761321382441583,0.176
aizmirst,9,0.0001761321382441583,0.176
ilgt,9,0.0001761321382441583,0.176
pārtraukt,9,0.0001761321382441583,0.176
muskulis,9,0.0001761321382441583,0.176
kurss,9,0.0001761321382441583,0.176
drosmīgs,9,0.0001761321382441583,0.176
drauds,9,0.0001761321382441583,0.176
imunizācija,9,0.0001761321382441583,0.176
tapt,9,0.0001761321382441583,0.176
apgalvojums,9,0.0001761321382441583,0.176
reģistrēt,9,0.0001761321382441583,0.176
galva,9,0.0001761321382441583,0.176
garīgs,9,0.0001761321382441583,0.176
totāls,9,0.0001761321382441583,0.176
instruments,9,0.0001761321382441583,0.176
epasts,9,0.0001761321382441583,0.176
partija,9,0.0001761321382441583,0.176
izmaksa,9,0.0001761321382441583,0.176
eiro,9,0.0001761321382441583,0.176
svētki,9,0.0001761321382441583,0.176
piederēt,9,0.0001761321382441583,0.176
cēlonis,9,0.0001761321382441583,0.176
piedalīšanās,9,0.0001761321382441583,0.176
okupācija,9,0.0001761321382441583,0.176
kalendārs,9,0.0001761321382441583,0.176
ceturtdien,9,0.0001761321382441583,0.176
modris,9,0.0001761321382441583,0.176
dāma,9,0.0001761321382441583,0.176
segt,9,0.0001761321382441583,0.176
montāža,9,0.0001761321382441583,0.176
iebilde,9,0.0001761321382441583,0.176
vēlējums,9,0.0001761321382441583,0.176
mednismērķis,9,0.0001761321382441583,0.176
uzrādīt,9,0.0001761321382441583,0.176
stacionārs,9,0.0001761321382441583,0.176
sertifikācija,9,0.0001761321382441583,0.176
reģistrācija,8,0.00015656190066147403,0.157
restorāns,8,0.00015656190066147403,0.157
alternatīvs,8,0.00015656190066147403,0.157
klusēt,8,0.00015656190066147403,0.157
uzlikt,8,0.00015656190066147403,0.157
īpašnieks,8,0.00015656190066147403,0.157
uzņēmums,8,0.00015656190066147403,0.157
vēlreiz,8,0.00015656190066147403,0.157
secinājums,8,0.00015656190066147403,0.157
atmiņa,8,0.00015656190066147403,0.157
labklājība,8,0.00015656190066147403,0.157
potēties,8,0.00015656190066147403,0.157
skats,8,0.00015656190066147403,0.157
apliecināt,8,0.00015656190066147403,0.157
vājš,8,0.00015656190066147403,0.157
personisks,8,0.00015656190066147403,0.157
agri,8,0.00015656190066147403,0.157
eksperts,8,0.00015656190066147403,0.157
personība,8,0.00015656190066147403,0.157
fb,8,0.00015656190066147403,0.157
daba,8,0.00015656190066147403,0.157
valdonis,8,0.00015656190066147403,0.157
simptoms,8,0.00015656190066147403,0.157
vairums,8,0.00015656190066147403,0.157
izārstēt,8,0.00015656190066147403,0.157
mācīt,8,0.00015656190066147403,0.157
attieksme,8,0.00015656190066147403,0.157
ārzemes,8,0.00015656190066147403,0.157
have,8,0.00015656190066147403,0.157
with,8,0.00015656190066147403,0.157
testēt,8,0.00015656190066147403,0.157
milzu,8,0.00015656190066147403,0.157
izdevīgi,8,0.00015656190066147403,0.157
piederība,8,0.00015656190066147403,0.157
dzīvnieks,8,0.00015656190066147403,0.157
zaudējums,8,0.00015656190066147403,0.157
komplikācija,8,0.00015656190066147403,0.157
digitāls,8,0.00015656190066147403,0.157
tikties,8,0.00015656190066147403,0.157
uztvert,8,0.00015656190066147403,0.157
bojājums,8,0.00015656190066147403,0.157
izplatība,8,0.00015656190066147403,0.157
aust,8,0.00015656190066147403,0.157
mosties,8,0.00015656190066147403,0.157
realizēt,8,0.00015656190066147403,0.157
spēle,8,0.00015656190066147403,0.157
ietekme,8,0.00015656190066147403,0.157
maigi,8,0.00015656190066147403,0.157
internets,8,0.00015656190066147403,0.157
mīlēt,8,0.00015656190066147403,0.157
pārdoma,8,0.00015656190066147403,0.157
sastāvs,8,0.00015656190066147403,0.157
agonija,8,0.00015656190066147403,0.157
sašpricēties,8,0.00015656190066147403,0.157
zvērests,8,0.00015656190066147403,0.157
pārstāvis,8,0.00015656190066147403,0.157
veicināt,8,0.00015656190066147403,0.157
liegt,8,0.00015656190066147403,0.157
vardarbīgs,8,0.00015656190066147403,0.157
dalīties,8,0.00015656190066147403,0.157
kovids,8,0.00015656190066147403,0.157
kompensācija,8,0.00015656190066147403,0.157
daudzums,8,0.00015656190066147403,0.157
gulta,8,0.00015656190066147403,0.157
atbilst,8,0.00015656190066147403,0.157
procedūra,8,0.00015656190066147403,0.157
iznākt,8,0.00015656190066147403,0.157
parasts,8,0.00015656190066147403,0.157
globālists,8,0.00015656190066147403,0.157
uzreiz,8,0.00015656190066147403,0.157
vairākums,8,0.00015656190066147403,0.157
traucējums,8,0.00015656190066147403,0.157
pateikties,8,0.00015656190066147403,0.157
paušana,8,0.00015656190066147403,0.157
jānis,8,0.00015656190066147403,0.157
agrīns,8,0.00015656190066147403,0.157
versija,8,0.00015656190066147403,0.157
prieks,8,0.00015656190066147403,0.157
gaišs,8,0.00015656190066147403,0.157
teksts,8,0.00015656190066147403,0.157
gulēt,8,0.00015656190066147403,0.157
krāpšana,8,0.00015656190066147403,0.157
ļautiņš,8,0.00015656190066147403,0.157
zemu,8,0.00015656190066147403,0.157
uzlabot,8,0.00015656190066147403,0.157
kolēģe,8,0.00015656190066147403,0.157
uzlabošana,8,0.00015656190066147403,0.157
pretējs,8,0.00015656190066147403,0.157
skriet,8,0.00015656190066147403,0.157
mašīna,8,0.00015656190066147403,0.157
ramats,8,0.00015656190066147403,0.157
sankcija,8,0.00015656190066147403,0.157
tāda,8,0.00015656190066147403,0.157
vest,8,0.00015656190066147403,0.157
ieteikums,8,0.00015656190066147403,0.157
absolūts,8,0.00015656190066147403,0.157
izglītot,8,0.00015656190066147403,0.157
rekomendēt,8,0.00015656190066147403,0.157
termins,8,0.00015656190066147403,0.157
iebiedēšana,8,0.00015656190066147403,0.157
emocionāli,8,0.00015656190066147403,0.157
dalība,8,0.00015656190066147403,0.157
mazākums,8,0.00015656190066147403,0.157
fabuls,8,0.00015656190066147403,0.157
pediatrs,8,0.00015656190066147403,0.157
spekavot,8,0.00015656190066147403,0.157
garš,8,0.00015656190066147403,0.157
stingums,8,0.00015656190066147403,0.157
krampis,8,0.00015656190066147403,0.157
tavs,8,0.00015656190066147403,0.157
sertifikāte,8,0.00015656190066147403,0.157
attiekties,7,0.00013699166307878978,0.137
slēpt,7,0.00013699166307878978,0.137
diagnoze,7,0.00013699166307878978,0.137
apgūt,7,0.00013699166307878978,0.137
uzturēt,7,0.00013699166307878978,0.137
cikls,7,0.00013699166307878978,0.137
absurds,7,0.00013699166307878978,0.137
durvis,7,0.00013699166307878978,0.137
pielikt,7,0.00013699166307878978,0.137
pielietot,7,0.00013699166307878978,0.137
vidējs,7,0.00013699166307878978,0.137
lieks,7,0.00013699166307878978,0.137
krīze,7,0.00013699166307878978,0.137
kods,7,0.00013699166307878978,0.137
oktobris,7,0.00013699166307878978,0.137
savukārt,7,0.00013699166307878978,0.137
brīvvalsts,7,0.00013699166307878978,0.137
vienaldzīgs,7,0.00013699166307878978,0.137
aktīvs,7,0.00013699166307878978,0.137
aģentūra,7,0.00013699166307878978,0.137
izlemt,7,0.00013699166307878978,0.137
attīstīt,7,0.00013699166307878978,0.137
attīstība,7,0.00013699166307878978,0.137
dzimt,7,0.00013699166307878978,0.137
ievēlēt,7,0.00013699166307878978,0.137
celt,7,0.00013699166307878978,0.137
antibiotika,7,0.00013699166307878978,0.137
students,7,0.00013699166307878978,0.137
kurp,7,0.00013699166307878978,0.137
spējīgs,7,0.00013699166307878978,0.137
saule,7,0.00013699166307878978,0.137
do,7,0.00013699166307878978,0.137
they,7,0.00013699166307878978,0.137
izpētīt,7,0.00013699166307878978,0.137
pajautāt,7,0.00013699166307878978,0.137
platforma,7,0.00013699166307878978,0.137
jaunums,7,0.00013699166307878978,0.137
geitss,7,0.00013699166307878978,0.137
palasīt,7,0.00013699166307878978,0.137
izklausīties,7,0.00013699166307878978,0.137
spriedums,7,0.00013699166307878978,0.137
mist,7,0.00013699166307878978,0.137
apkopot,7,0.00013699166307878978,0.137
varmāka,7,0.00013699166307878978,0.137
pakļaut,7,0.00013699166307878978,0.137
garums,7,0.00013699166307878978,0.137
sports,7,0.00013699166307878978,0.137
pavēle,7,0.00013699166307878978,0.137
kopējs,7,0.00013699166307878978,0.137
kuriene,7,0.00013699166307878978,0.137
vietējs,7,0.00013699166307878978,0.137
indija,7,0.00013699166307878978,0.137
vērsties,7,0.00013699166307878978,0.137
iniciācija,7,0.00013699166307878978,0.137
priecāties,7,0.00013699166307878978,0.137
apjoms,7,0.00013699166307878978,0.137
atstāt,7,0.00013699166307878978,0.137
apturēt,7,0.00013699166307878978,0.137
cilvēcība,7,0.00013699166307878978,0.137
hipokrāts,7,0.00013699166307878978,0.137
šis,7,0.00013699166307878978,0.137
ilgs,7,0.00013699166307878978,0.137
profesionāls,7,0.00013699166307878978,0.137
apsvērums,7,0.00013699166307878978,0.137
kauja,7,0.00013699166307878978,0.137
turpretim,7,0.00013699166307878978,0.137
atkārtot,7,0.00013699166307878978,0.137
maijs,7,0.00013699166307878978,0.137
apkārtējs,7,0.00013699166307878978,0.137
risinājums,7,0.00013699166307878978,0.137
tiešs,7,0.00013699166307878978,0.137
konkrēti,7,0.00013699166307878978,0.137
vēss,7,0.00013699166307878978,0.137
laime,7,0.00013699166307878978,0.137
reizēm,7,0.00013699166307878978,0.137
plecs,7,0.00013699166307878978,0.137
kosmoss,7,0.00013699166307878978,0.137
pamazām,7,0.00013699166307878978,0.137
apklusināt,7,0.00013699166307878978,0.137
populācija,7,0.00013699166307878978,0.137
dēvēt,7,0.00013699166307878978,0.137
aktuāls,7,0.00013699166307878978,0.137
melns,7,0.00013699166307878978,0.137
špricēšanās,7,0.00013699166307878978,0.137
sabrukt,7,0.00013699166307878978,0.137
izklaide,7,0.00013699166307878978,0.137
pārdzīvot,7,0.00013699166307878978,0.137
iebiedēt,7,0.00013699166307878978,0.137
veikšana,7,0.00013699166307878978,0.137
māsa,7,0.00013699166307878978,0.137
taisns,7,0.00013699166307878978,0.137
iepazīties,7,0.00013699166307878978,0.137
dumpis,7,0.00013699166307878978,0.137
lieki,7,0.00013699166307878978,0.137
brukt,7,0.00013699166307878978,0.137
maksa,7,0.00013699166307878978,0.137
uc,7,0.00013699166307878978,0.137
aizvest,7,0.00013699166307878978,0.137
slimnieks,7,0.00013699166307878978,0.137
dārgs,7,0.00013699166307878978,0.137
iesaistīt,7,0.00013699166307878978,0.137
vienība,7,0.00013699166307878978,0.137
janvāris,7,0.00013699166307878978,0.137
injicēt,7,0.00013699166307878978,0.137
ierasties,7,0.00013699166307878978,0.137
laurs,7,0.00013699166307878978,0.137
obligāti,7,0.00013699166307878978,0.137
vēlēt,7,0.00013699166307878978,0.137
paveikt,7,0.00013699166307878978,0.137
apmērs,7,0.00013699166307878978,0.137
iekārta,7,0.00013699166307878978,0.137
dragiļeva,7,0.00013699166307878978,0.137
braukt,7,0.00013699166307878978,0.137
izrakstīt,7,0.00013699166307878978,0.137
katrīna,7,0.00013699166307878978,0.137
vilt,7,0.00013699166307878978,0.137
psrs,7,0.00013699166307878978,0.137
veselīgs,7,0.00013699166307878978,0.137
šausmas,7,0.00013699166307878978,0.137
eur,7,0.00013699166307878978,0.137
darījums,7,0.00013699166307878978,0.137
ikviens,7,0.00013699166307878978,0.137
atbilstoši,7,0.00013699166307878978,0.137
dakteris,7,0.00013699166307878978,0.137
gana,7,0.00013699166307878978,0.137
karogs,7,0.00013699166307878978,0.137
anna,7,0.00013699166307878978,0.137
paziņot,7,0.00013699166307878978,0.137
iekļaut,7,0.00013699166307878978,0.137
streptokoks,7,0.00013699166307878978,0.137
kovidinde,7,0.00013699166307878978,0.137
vinets,7,0.00013699166307878978,0.137
tars,7,0.00013699166307878978,0.137
alvis,7,0.00013699166307878978,0.137
sūtīt,7,0.00013699166307878978,0.137
vaxīna,7,0.00013699166307878978,0.137
ieņēmums,7,0.00013699166307878978,0.137
baža,6,0.00011742142549610553,0.117
stingrs,6,0.00011742142549610553,0.117
laicīgi,6,0.00011742142549610553,0.117
loģisks,6,0.00011742142549610553,0.117
homeopātija,6,0.00011742142549610553,0.117
publiskot,6,0.00011742142549610553,0.117
gadsimts,6,0.00011742142549610553,0.117
vis,6,0.00011742142549610553,0.117
mūžs,6,0.00011742142549610553,0.117
apjaust,6,0.00011742142549610553,0.117
marts,6,0.00011742142549610553,0.117
savākt,6,0.00011742142549610553,0.117
šaubas,6,0.00011742142549610553,0.117
uzspiešana,6,0.00011742142549610553,0.117
tukšs,6,0.00011742142549610553,0.117
ambīcija,6,0.00011742142549610553,0.117
savāds,6,0.00011742142549610553,0.117
domāties,6,0.00011742142549610553,0.117
telegrs,6,0.00011742142549610553,0.117
gars,6,0.00011742142549610553,0.117
produkts,6,0.00011742142549610553,0.117
dalieties,6,0.00011742142549610553,0.117
zils,6,0.00011742142549610553,0.117
kopums,6,0.00011742142549610553,0.117
hronisks,6,0.00011742142549610553,0.117
smagi,6,0.00011742142549610553,0.117
katra,6,0.00011742142549610553,0.117
sarunāties,6,0.00011742142549610553,0.117
ceļot,6,0.00011742142549610553,0.117
virus,6,0.00011742142549610553,0.117
their,6,0.00011742142549610553,0.117
who,6,0.00011742142549610553,0.117
or,6,0.00011742142549610553,0.117
izvērst,6,0.00011742142549610553,0.117
brīdināt,6,0.00011742142549610553,0.117
toties,6,0.00011742142549610553,0.117
organizators,6,0.00011742142549610553,0.117
teiciens,6,0.00011742142549610553,0.117
palūgt,6,0.00011742142549610553,0.117
savtīgs,6,0.00011742142549610553,0.117
karavīrs,6,0.00011742142549610553,0.117
čips,6,0.00011742142549610553,0.117
vasiļevskis,6,0.00011742142549610553,0.117
precizitāte,6,0.00011742142549610553,0.117
sarkans,6,0.00011742142549610553,0.117
kaitīgs,6,0.00011742142549610553,0.117
kustība,6,0.00011742142549610553,0.117
izprast,6,0.00011742142549610553,0.117
sastāvdaļa,6,0.00011742142549610553,0.117
atšķirība,6,0.00011742142549610553,0.117
dalībnieks,6,0.00011742142549610553,0.117
parūpēties,6,0.00011742142549610553,0.117
cerība,6,0.00011742142549610553,0.117
iedzīt,6,0.00011742142549610553,0.117
praktizēt,6,0.00011742142549610553,0.117
augt,6,0.00011742142549610553,0.117
attīstīties,6,0.00011742142549610553,0.117
simts,6,0.00011742142549610553,0.117
morāls,6,0.00011742142549610553,0.117
apskāviens,6,0.00011742142549610553,0.117
starpa,6,0.00011742142549610553,0.117
cilvēcisks,6,0.00011742142549610553,0.117
varnesis,6,0.00011742142549610553,0.117
sviests,6,0.00011742142549610553,0.117
stadija,6,0.00011742142549610553,0.117
celties,6,0.00011742142549610553,0.117
visāds,6,0.00011742142549610553,0.117
ļaudis,6,0.00011742142549610553,0.117
iznīcināšana,6,0.00011742142549610553,0.117
masveida,6,0.00011742142549610553,0.117
frekvence,6,0.00011742142549610553,0.117
pārsteigums,6,0.00011742142549610553,0.117
plāndēmija,6,0.00011742142549610553,0.117
izpausme,6,0.00011742142549610553,0.117
budžets,6,0.00011742142549610553,0.117
vīrietis,6,0.00011742142549610553,0.117
dziļi,6,0.00011742142549610553,0.117
pienākties,6,0.00011742142549610553,0.117
google,6,0.00011742142549610553,0.117
cūcība,6,0.00011742142549610553,0.117
pārāk,6,0.00011742142549610553,0.117
farma,6,0.00011742142549610553,0.117
pārāks,6,0.00011742142549610553,0.117
izrāde,6,0.00011742142549610553,0.117
izteikt,6,0.00011742142549610553,0.117
viņa,6,0.00011742142549610553,0.117
pilsēta,6,0.00011742142549610553,0.117
rakstiski,6,0.00011742142549610553,0.117
jūlijs,6,0.00011742142549610553,0.117
stepaņenks,6,0.00011742142549610553,0.117
apskatīt,6,0.00011742142549610553,0.117
vācietis,6,0.00011742142549610553,0.117
atkārtoties,6,0.00011742142549610553,0.117
juriste,6,0.00011742142549610553,0.117
sadaļa,6,0.00011742142549610553,0.117
intensīvs,6,0.00011742142549610553,0.117
uzskaitīt,6,0.00011742142549610553,0.117
komanda,6,0.00011742142549610553,0.117
jēga,6,0.00011742142549610553,0.117
ukrainis,6,0.00011742142549610553,0.117
piemaksa,6,0.00011742142549610553,0.117
militārs,6,0.00011742142549610553,0.117
tikmēr,6,0.00011742142549610553,0.117
industrija,6,0.00011742142549610553,0.117
miokardīte,6,0.00011742142549610553,0.117
doktrīna,6,0.00011742142549610553,0.117
izmaiņa,6,0.00011742142549610553,0.117
maksimāli,6,0.00011742142549610553,0.117
paziņojums,6,0.00011742142549610553,0.117
spītīgi,6,0.00011742142549610553,0.117
galds,6,0.00011742142549610553,0.117
vēstījums,6,0.00011742142549610553,0.117
toksīns,6,0.00011742142549610553,0.117
funkcija,6,0.00011742142549610553,0.117
samazināties,6,0.00011742142549610553,0.117
tēls,6,0.00011742142549610553,0.117
uzraudzīt,6,0.00011742142549610553,0.117
vakcine,6,0.00011742142549610553,0.117
parunāt,6,0.00011742142549610553,0.117
sezona,6,0.00011742142549610553,0.117
izteikties,6,0.00011742142549610553,0.117
mūsdienas,6,0.00011742142549610553,0.117
sist,6,0.00011742142549610553,0.117
slikti,6,0.00011742142549610553,0.117
motīvs,6,0.00011742142549610553,0.117
fizisks,6,0.00011742142549610553,0.117
uzticība,6,0.00011742142549610553,0.117
aģents,6,0.00011742142549610553,0.117
klaji,6,0.00011742142549610553,0.117
radinieks,6,0.00011742142549610553,0.117
mākslīgs,6,0.00011742142549610553,0.117
brīnums,6,0.00011742142549610553,0.117
preparāts,6,0.00011742142549610553,0.117
pārbaude,6,0.00011742142549610553,0.117
cauri,6,0.00011742142549610553,0.117
precīzi,6,0.00011742142549610553,0.117
arguments,6,0.00011742142549610553,0.117
referendums,6,0.00011742142549610553,0.117
pirkt,6,0.00011742142549610553,0.117
krietni,6,0.00011742142549610553,0.117
izmisums,6,0.00011742142549610553,0.117
pilnvara,6,0.00011742142549610553,0.117
skarbi,6,0.00011742142549610553,0.117
vērtīgi,6,0.00011742142549610553,0.117
viesoties,6,0.00011742142549610553,0.117
ivermektīna,6,0.00011742142549610553,0.117
iepirkt,6,0.00011742142549610553,0.117
kaite,6,0.00011742142549610553,0.117
meitenīte,6,0.00011742142549610553,0.117
anulēt,6,0.00011742142549610553,0.117
pasūtījums,6,0.00011742142549610553,0.117
temperatūra,6,0.00011742142549610553,0.117
atruna,6,0.00011742142549610553,0.117
kaspars,6,0.00011742142549610553,0.117
dzīvs,6,0.00011742142549610553,0.117
aivs,6,0.00011742142549610553,0.117
lasītājs,6,0.00011742142549610553,0.117
barot,6,0.00011742142549610553,0.117
maiņa,6,0.00011742142549610553,0.117
pārmaiņa,6,0.00011742142549610553,0.117
pikets,6,0.00011742142549610553,0.117
ārstēties,6,0.00011742142549610553,0.117
fon,6,0.00011742142549610553,0.117
trūkums,6,0.00011742142549610553,0.117
centiens,6,0.00011742142549610553,0.117
dziedniecība,6,0.00011742142549610553,0.117
jūtūba,6,0.00011742142549610553,0.117
lauris,6,0.00011742142549610553,0.117
karot,6,0.00011742142549610553,0.117
atbrīvot,6,0.00011742142549610553,0.117
segšana,6,0.00011742142549610553,0.117
pārskaitīt,6,0.00011742142549610553,0.117
vineta,6,0.00011742142549610553,0.117
tomsone,6,0.00011742142549610553,0.117
zvaigznīte,6,0.00011742142549610553,0.117
liene,6,0.00011742142549610553,0.117
apdraudēt,6,0.00011742142549610553,0.117
rīts,6,0.00011742142549610553,0.117
izbraukums,6,0.00011742142549610553,0.117
dzīvesvieta,6,0.00011742142549610553,0.117
meita,6,0.00011742142549610553,0.117
anulēšana,6,0.00011742142549610553,0.117
daktere,6,0.00011742142549610553,0.117
kriminalizēt,6,0.00011742142549610553,0.117
pētīt,5,9.785118791342127e-05,0.098
cirkulēt,5,9.785118791342127e-05,0.098
brīvprātīgi,5,9.785118791342127e-05,0.098
facebook,5,9.785118791342127e-05,0.098
facebooks,5,9.785118791342127e-05,0.098
alianses,5,9.785118791342127e-05,0.098
veiksme,5,9.785118791342127e-05,0.098
palīgs,5,9.785118791342127e-05,0.098
uzturēšana,5,9.785118791342127e-05,0.098
manipulēt,5,9.785118791342127e-05,0.098
slēgt,5,9.785118791342127e-05,0.098
grāmata,5,9.785118791342127e-05,0.098
bērnība,5,9.785118791342127e-05,0.098
palielināties,5,9.785118791342127e-05,0.098
konsultācija,5,9.785118791342127e-05,0.098
andris,5,9.785118791342127e-05,0.098
vāci,5,9.785118791342127e-05,0.098
pazust,5,9.785118791342127e-05,0.098
zīme,5,9.785118791342127e-05,0.098
rečekists,5,9.785118791342127e-05,0.098
sakropļot,5,9.785118791342127e-05,0.098
valde,5,9.785118791342127e-05,0.098
mīļš,5,9.785118791342127e-05,0.098
trusītis,5,9.785118791342127e-05,0.098
astra,5,9.785118791342127e-05,0.098
zeneca,5,9.785118791342127e-05,0.098
sāpe,5,9.785118791342127e-05,0.098
zemiski,5,9.785118791342127e-05,0.098
tribunāls,5,9.785118791342127e-05,0.098
vakars,5,9.785118791342127e-05,0.098
ārste,5,9.785118791342127e-05,0.098
pastiprināt,5,9.785118791342127e-05,0.098
skarbs,5,9.785118791342127e-05,0.098
garām,5,9.785118791342127e-05,0.098
padalīties,5,9.785118791342127e-05,0.098
čekists,5,9.785118791342127e-05,0.098
būtne,5,9.785118791342127e-05,0.098
cenzēt,5,9.785118791342127e-05,0.098
dziesma,5,9.785118791342127e-05,0.098
pūlēties,5,9.785118791342127e-05,0.098
pārsvars,5,9.785118791342127e-05,0.098
pavērot,5,9.785118791342127e-05,0.098
astma,5,9.785118791342127e-05,0.098
mehānisms,5,9.785118791342127e-05,0.098
dziedināt,5,9.785118791342127e-05,0.098
salikt,5,9.785118791342127e-05,0.098
burvīgs,5,9.785118791342127e-05,0.098
pase,5,9.785118791342127e-05,0.098
vaccine,5,9.785118791342127e-05,0.098
if,5,9.785118791342127e-05,0.098
establishment,5,9.785118791342127e-05,0.098
being,5,9.785118791342127e-05,0.098
mārketings,5,9.785118791342127e-05,0.098
pieci,5,9.785118791342127e-05,0.098
savakcinēt,5,9.785118791342127e-05,0.098
saturēt,5,9.785118791342127e-05,0.098
tehnoloģija,5,9.785118791342127e-05,0.098
izsekot,5,9.785118791342127e-05,0.098
turpināties,5,9.785118791342127e-05,0.098
krievija,5,9.785118791342127e-05,0.098
diagnostika,5,9.785118791342127e-05,0.098
valdībnieks,5,9.785118791342127e-05,0.098
pārdot,5,9.785118791342127e-05,0.098
atspoguļot,5,9.785118791342127e-05,0.098
grūtība,5,9.785118791342127e-05,0.098
apmāt,5,9.785118791342127e-05,0.098
reklāma,5,9.785118791342127e-05,0.098
citēt,5,9.785118791342127e-05,0.098
dabisks,5,9.785118791342127e-05,0.098
ciems,5,9.785118791342127e-05,0.098
uzskats,5,9.785118791342127e-05,0.098
jautri,5,9.785118791342127e-05,0.098
elementārs,5,9.785118791342127e-05,0.098
lops,5,9.785118791342127e-05,0.098
ilgtermiņš,5,9.785118791342127e-05,0.098
metrs,5,9.785118791342127e-05,0.098
vērst,5,9.785118791342127e-05,0.098
emocija,5,9.785118791342127e-05,0.098
uk,5,9.785118791342127e-05,0.098
izplatīt,5,9.785118791342127e-05,0.098
instinkts,5,9.785118791342127e-05,0.098
mazbērns,5,9.785118791342127e-05,0.098
jocīgi,5,9.785118791342127e-05,0.098
fda,5,9.785118791342127e-05,0.098
smieties,5,9.785118791342127e-05,0.098
sajust,5,9.785118791342127e-05,0.098
velti,5,9.785118791342127e-05,0.098
pakļaušana,5,9.785118791342127e-05,0.098
planēta,5,9.785118791342127e-05,0.098
laikmets,5,9.785118791342127e-05,0.098
izmēģināt,5,9.785118791342127e-05,0.098
piekritējs,5,9.785118791342127e-05,0.098
japānis,5,9.785118791342127e-05,0.098
bakstīt,5,9.785118791342127e-05,0.098
store,5,9.785118791342127e-05,0.098
paciest,5,9.785118791342127e-05,0.098
francija,5,9.785118791342127e-05,0.098
jocīgs,5,9.785118791342127e-05,0.098
solījums,5,9.785118791342127e-05,0.098
profesija,5,9.785118791342127e-05,0.098
izcelsme,5,9.785118791342127e-05,0.098
seksuāls,5,9.785118791342127e-05,0.098
godprātīgi,5,9.785118791342127e-05,0.098
apmeklēt,5,9.785118791342127e-05,0.098
ķerties,5,9.785118791342127e-05,0.098
ieviešana,5,9.785118791342127e-05,0.098
procents,5,9.785118791342127e-05,0.098
sūtība,5,9.785118791342127e-05,0.098
savējs,5,9.785118791342127e-05,0.098
tieslietas,5,9.785118791342127e-05,0.098
deputāte,5,9.785118791342127e-05,0.098
moments,5,9.785118791342127e-05,0.098
plosīties,5,9.785118791342127e-05,0.098
atkarība,5,9.785118791342127e-05,0.098
paspēt,5,9.785118791342127e-05,0.098
brīžiem,5,9.785118791342127e-05,0.098
risināt,5,9.785118791342127e-05,0.098
slavens,5,9.785118791342127e-05,0.098
paziņa,5,9.785118791342127e-05,0.098
saņemties,5,9.785118791342127e-05,0.098
praktiski,5,9.785118791342127e-05,0.098
piens,5,9.785118791342127e-05,0.098
akli,5,9.785118791342127e-05,0.098
fiziski,5,9.785118791342127e-05,0.098
iekaisums,5,9.785118791342127e-05,0.098
veselais,5,9.785118791342127e-05,0.098
bars,5,9.785118791342127e-05,0.098
verdzība,5,9.785118791342127e-05,0.098
termiņš,5,9.785118791342127e-05,0.098
kārts,5,9.785118791342127e-05,0.098
struktūra,5,9.785118791342127e-05,0.098
māsiņa,5,9.785118791342127e-05,0.098
psiholoģisks,5,9.785118791342127e-05,0.098
veidoties,5,9.785118791342127e-05,0.098
pirmdien,5,9.785118791342127e-05,0.098
karantīna,5,9.785118791342127e-05,0.098
iebarot,5,9.785118791342127e-05,0.098
personāls,5,9.785118791342127e-05,0.098
mierīgi,5,9.785118791342127e-05,0.098
sadarbība,5,9.785118791342127e-05,0.098
bāze,5,9.785118791342127e-05,0.098
opozīcija,5,9.785118791342127e-05,0.098
ētiski,5,9.785118791342127e-05,0.098
grūtniecība,5,9.785118791342127e-05,0.098
auglis,5,9.785118791342127e-05,0.098
balstīties,5,9.785118791342127e-05,0.098
aizdomas,5,9.785118791342127e-05,0.098
veiss,5,9.785118791342127e-05,0.098
amerikānis,5,9.785118791342127e-05,0.098
pasliktināties,5,9.785118791342127e-05,0.098
ugunsdzēsējs,5,9.785118791342127e-05,0.098
fašistisks,5,9.785118791342127e-05,0.098
sēdēt,5,9.785118791342127e-05,0.098
koloniāls,5,9.785118791342127e-05,0.098
mala,5,9.785118791342127e-05,0.098
papīrs,5,9.785118791342127e-05,0.098
turklāt,5,9.785118791342127e-05,0.098
uzsvērt,5,9.785118791342127e-05,0.098
analizēt,5,9.785118791342127e-05,0.098
trauksme,5,9.785118791342127e-05,0.098
vajadzība,5,9.785118791342127e-05,0.098
zvans,5,9.785118791342127e-05,0.098
pusotrs,5,9.785118791342127e-05,0.098
matemātisks,5,9.785118791342127e-05,0.098
pilsonis,5,9.785118791342127e-05,0.098
pārtika,5,9.785118791342127e-05,0.098
dzimšana,5,9.785118791342127e-05,0.098
organizēšana,5,9.785118791342127e-05,0.098
sezonāls,5,9.785118791342127e-05,0.098
izglabberns,5,9.785118791342127e-05,0.098
kaitniecība,5,9.785118791342127e-05,0.098
izņēmums,5,9.785118791342127e-05,0.098
draudzīgs,5,9.785118791342127e-05,0.098
posms,5,9.785118791342127e-05,0.098
intervija,5,9.785118791342127e-05,0.098
gaiss,5,9.785118791342127e-05,0.098
super,5,9.785118791342127e-05,0.098
skatīt,5,9.785118791342127e-05,0.098
politiķis,5,9.785118791342127e-05,0.098
svinēt,5,9.785118791342127e-05,0.098
februāris,5,9.785118791342127e-05,0.098
ieiet,5,9.785118791342127e-05,0.098
banknote,5,9.785118791342127e-05,0.098
akts,5,9.785118791342127e-05,0.098
piešķirt,5,9.785118791342127e-05,0.098
pieņēmums,5,9.785118791342127e-05,0.098
vairot,5,9.785118791342127e-05,0.098
meditācija,5,9.785118791342127e-05,0.098
amerika,5,9.785118791342127e-05,0.098
sauklis,5,9.785118791342127e-05,0.098
māksla,5,9.785118791342127e-05,0.098
kaimiņš,5,9.785118791342127e-05,0.098
pieņemšana,5,9.785118791342127e-05,0.098
kultūra,5,9.785118791342127e-05,0.098
shēma,5,9.785118791342127e-05,0.098
konvencionāls,5,9.785118791342127e-05,0.098
specialitāte,5,9.785118791342127e-05,0.098
citāts,5,9.785118791342127e-05,0.098
laiciņš,5,9.785118791342127e-05,0.098
fikcija,5,9.785118791342127e-05,0.098
pieaicināt,5,9.785118791342127e-05,0.098
viegls,5,9.785118791342127e-05,0.098
bitchute,5,9.785118791342127e-05,0.098
korporācija,5,9.785118791342127e-05,0.098
eu,5,9.785118791342127e-05,0.098
izdot,5,9.785118791342127e-05,0.098
atteikšanās,5,9.785118791342127e-05,0.098
morāle,5,9.785118791342127e-05,0.098
maksāšana,5,9.785118791342127e-05,0.098
summa,5,9.785118791342127e-05,0.098
kombinēt,5,9.785118791342127e-05,0.098
vaxinēties,5,9.785118791342127e-05,0.098
prezidente,5,9.785118791342127e-05,0.098
pieminēt,5,9.785118791342127e-05,0.098
spriņģe,5,9.785118791342127e-05,0.098
ego,5,9.785118791342127e-05,0.098
asociācija,5,9.785118791342127e-05,0.098
homeopāts,5,9.785118791342127e-05,0.098
atsūtīt,5,9.785118791342127e-05,0.098
pasts,5,9.785118791342127e-05,0.098
bloķēt,4,7.828095033073701e-05,0.078
kovid,4,7.828095033073701e-05,0.078
savstarpējs,4,7.828095033073701e-05,0.078
desmits,4,7.828095033073701e-05,0.078
aizdomāties,4,7.828095033073701e-05,0.078
gūt,4,7.828095033073701e-05,0.078
frizieris,4,7.828095033073701e-05,0.078
teikums,4,7.828095033073701e-05,0.078
atvainot,4,7.828095033073701e-05,0.078
izmeklēt,4,7.828095033073701e-05,0.078
gaiši,4,7.828095033073701e-05,0.078
bezmaksas,4,7.828095033073701e-05,0.078
darbiņš,4,7.828095033073701e-05,0.078
ievietot,4,7.828095033073701e-05,0.078
spīdzināšana,4,7.828095033073701e-05,0.078
krimināli,4,7.828095033073701e-05,0.078
patents,4,7.828095033073701e-05,0.078
testēšana,4,7.828095033073701e-05,0.078
vēders,4,7.828095033073701e-05,0.078
ietvert,4,7.828095033073701e-05,0.078
karaliste,4,7.828095033073701e-05,0.078
koncentrācija,4,7.828095033073701e-05,0.078
vēsturisks,4,7.828095033073701e-05,0.078
mocīt,4,7.828095033073701e-05,0.078
posts,4,7.828095033073701e-05,0.078
birojs,4,7.828095033073701e-05,0.078
citāds,4,7.828095033073701e-05,0.078
iebilst,4,7.828095033073701e-05,0.078
zinātniski,4,7.828095033073701e-05,0.078
sakārtot,4,7.828095033073701e-05,0.078
elpot,4,7.828095033073701e-05,0.078
degradēt,4,7.828095033073701e-05,0.078
risināties,4,7.828095033073701e-05,0.078
izvērtēt,4,7.828095033073701e-05,0.078
rūpe,4,7.828095033073701e-05,0.078
vienoties,4,7.828095033073701e-05,0.078
pēteris,4,7.828095033073701e-05,0.078
apetīte,4,7.828095033073701e-05,0.078
tulkot,4,7.828095033073701e-05,0.078
sapratne,4,7.828095033073701e-05,0.078
pieeja,4,7.828095033073701e-05,0.078
turp,4,7.828095033073701e-05,0.078
izziņa,4,7.828095033073701e-05,0.078
by,4,7.828095033073701e-05,0.078
anything,4,7.828095033073701e-05,0.078
getting,4,7.828095033073701e-05,0.078
case,4,7.828095033073701e-05,0.078
one,4,7.828095033073701e-05,0.078
drug,4,7.828095033073701e-05,0.078
as,4,7.828095033073701e-05,0.078
when,4,7.828095033073701e-05,0.078
because,4,7.828095033073701e-05,0.078
trust,4,7.828095033073701e-05,0.078
them,4,7.828095033073701e-05,0.078
would,4,7.828095033073701e-05,0.078
any,4,7.828095033073701e-05,0.078
risk,4,7.828095033073701e-05,0.078
get,4,7.828095033073701e-05,0.078
me,4,7.828095033073701e-05,0.078
all,4,7.828095033073701e-05,0.078
lack,4,7.828095033073701e-05,0.078
aprīlis,4,7.828095033073701e-05,0.078
imūnsistēma,4,7.828095033073701e-05,0.078
mrna,4,7.828095033073701e-05,0.078
pozitīvi,4,7.828095033073701e-05,0.078
tērēt,4,7.828095033073701e-05,0.078
rosināt,4,7.828095033073701e-05,0.078
glābt,4,7.828095033073701e-05,0.078
izglāb,4,7.828095033073701e-05,0.078
krāsa,4,7.828095033073701e-05,0.078
jaunība,4,7.828095033073701e-05,0.078
fāze,4,7.828095033073701e-05,0.078
tirgus,4,7.828095033073701e-05,0.078
glābējs,4,7.828095033073701e-05,0.078
atzīties,4,7.828095033073701e-05,0.078
kontrolēt,4,7.828095033073701e-05,0.078
jauki,4,7.828095033073701e-05,0.078
šovs,4,7.828095033073701e-05,0.078
baidīšana,4,7.828095033073701e-05,0.078
murgs,4,7.828095033073701e-05,0.078
priecīgs,4,7.828095033073701e-05,0.078
saņemšana,4,7.828095033073701e-05,0.078
liktenis,4,7.828095033073701e-05,0.078
kanādietis,4,7.828095033073701e-05,0.078
vienreiz,4,7.828095033073701e-05,0.078
valkāt,4,7.828095033073701e-05,0.078
derīgs,4,7.828095033073701e-05,0.078
pianists,4,7.828095033073701e-05,0.078
direktīva,4,7.828095033073701e-05,0.078
bezjēdzīgs,4,7.828095033073701e-05,0.078
psiholoģija,4,7.828095033073701e-05,0.078
atturēties,4,7.828095033073701e-05,0.078
boss,4,7.828095033073701e-05,0.078
virzīt,4,7.828095033073701e-05,0.078
patstāvīgi,4,7.828095033073701e-05,0.078
akmens,4,7.828095033073701e-05,0.078
plakāts,4,7.828095033073701e-05,0.078
iegansts,4,7.828095033073701e-05,0.078
sarkasms,4,7.828095033073701e-05,0.078
piedot,4,7.828095033073701e-05,0.078
upurēt,4,7.828095033073701e-05,0.078
drosmīgi,4,7.828095033073701e-05,0.078
pavasaris,4,7.828095033073701e-05,0.078
distance,4,7.828095033073701e-05,0.078
satikt,4,7.828095033073701e-05,0.078
patvērums,4,7.828095033073701e-05,0.078
piedāvājums,4,7.828095033073701e-05,0.078
mēgt,4,7.828095033073701e-05,0.078
izpratne,4,7.828095033073701e-05,0.078
apšaubīt,4,7.828095033073701e-05,0.078
maiks,4,7.828095033073701e-05,0.078
mike,4,7.828095033073701e-05,0.078
yeadon,4,7.828095033073701e-05,0.078
antiviela,4,7.828095033073701e-05,0.078
atskats,4,7.828095033073701e-05,0.078
fragments,4,7.828095033073701e-05,0.078
atsaukt,4,7.828095033073701e-05,0.078
gadīties,4,7.828095033073701e-05,0.078
filologs,4,7.828095033073701e-05,0.078
florida,4,7.828095033073701e-05,0.078
plūsma,4,7.828095033073701e-05,0.078
telefons,4,7.828095033073701e-05,0.078
aprite,4,7.828095033073701e-05,0.078
advokāts,4,7.828095033073701e-05,0.078
gatavot,4,7.828095033073701e-05,0.078
tiesāt,4,7.828095033073701e-05,0.078
lidot,4,7.828095033073701e-05,0.078
izskaidrojums,4,7.828095033073701e-05,0.078
pārņemt,4,7.828095033073701e-05,0.078
uzticēt,4,7.828095033073701e-05,0.078
saskaņa,4,7.828095033073701e-05,0.078
virtuve,4,7.828095033073701e-05,0.078
atklāti,4,7.828095033073701e-05,0.078
varonis,4,7.828095033073701e-05,0.078
spēlēt,4,7.828095033073701e-05,0.078
iesūtīt,4,7.828095033073701e-05,0.078
pārsteidzoši,4,7.828095033073701e-05,0.078
onkulis,4,7.828095033073701e-05,0.078
gols,4,7.828095033073701e-05,0.078
germanis,4,7.828095033073701e-05,0.078
prese,4,7.828095033073701e-05,0.078
psihisks,4,7.828095033073701e-05,0.078
digitalizācija,4,7.828095033073701e-05,0.078
traki,4,7.828095033073701e-05,0.078
uzdāvināt,4,7.828095033073701e-05,0.078
studēt,4,7.828095033073701e-05,0.078
levita,4,7.828095033073701e-05,0.078
paliels,4,7.828095033073701e-05,0.078
igaunija,4,7.828095033073701e-05,0.078
atbraukt,4,7.828095033073701e-05,0.078
svaigs,4,7.828095033073701e-05,0.078
sūdzība,4,7.828095033073701e-05,0.078
pašsajūta,4,7.828095033073701e-05,0.078
godīgi,4,7.828095033073701e-05,0.078
tīri,4,7.828095033073701e-05,0.078
paklausīgs,4,7.828095033073701e-05,0.078
panika,4,7.828095033073701e-05,0.078
programma,4,7.828095033073701e-05,0.078
patvaļa,4,7.828095033073701e-05,0.078
priekšgals,4,7.828095033073701e-05,0.078
rūpniecība,4,7.828095033073701e-05,0.078
jezga,4,7.828095033073701e-05,0.078
ziema,4,7.828095033073701e-05,0.078
respirators,4,7.828095033073701e-05,0.078
secināt,4,7.828095033073701e-05,0.078
pagātne,4,7.828095033073701e-05,0.078
iedabūt,4,7.828095033073701e-05,0.078
attiecināt,4,7.828095033073701e-05,0.078
ieskats,4,7.828095033073701e-05,0.078
baisi,4,7.828095033073701e-05,0.078
vienādi,4,7.828095033073701e-05,0.078
deklarācija,4,7.828095033073701e-05,0.078
mūžīgi,4,7.828095033073701e-05,0.078
atlaišana,4,7.828095033073701e-05,0.078
bail,4,7.828095033073701e-05,0.078
brīvdiena,4,7.828095033073701e-05,0.078
mūzika,4,7.828095033073701e-05,0.078
izpildītājs,4,7.828095033073701e-05,0.078
pozīcija,4,7.828095033073701e-05,0.078
abstrahēties,4,7.828095033073701e-05,0.078
pļaviņa,4,7.828095033073701e-05,0.078
drosme,4,7.828095033073701e-05,0.078
izcīnīt,4,7.828095033073701e-05,0.078
grūts,4,7.828095033073701e-05,0.078
loģiski,4,7.828095033073701e-05,0.078
rēķināties,4,7.828095033073701e-05,0.078
apbrīnot,4,7.828095033073701e-05,0.078
vels,4,7.828095033073701e-05,0.078
jebkad,4,7.828095033073701e-05,0.078
šūna,4,7.828095033073701e-05,0.078
miokardīts,4,7.828095033073701e-05,0.078
sarežģīt,4,7.828095033073701e-05,0.078
palaist,4,7.828095033073701e-05,0.078
korupcija,4,7.828095033073701e-05,0.078
sadoties,4,7.828095033073701e-05,0.078
kolosāli,4,7.828095033073701e-05,0.078
papildināt,4,7.828095033073701e-05,0.078
ritms,4,7.828095033073701e-05,0.078
ekonomika,4,7.828095033073701e-05,0.078
kurš,4,7.828095033073701e-05,0.078
saikne,4,7.828095033073701e-05,0.078
laist,4,7.828095033073701e-05,0.078
paņemt,4,7.828095033073701e-05,0.078
klasificēt,4,7.828095033073701e-05,0.078
mācība,4,7.828095033073701e-05,0.078
mežs,4,7.828095033073701e-05,0.078
aizraut,4,7.828095033073701e-05,0.078
uzklausīt,4,7.828095033073701e-05,0.078
zelenko,4,7.828095033073701e-05,0.078
mērogs,4,7.828095033073701e-05,0.078
jēdziens,4,7.828095033073701e-05,0.078
īpašs,4,7.828095033073701e-05,0.078
krastmala,4,7.828095033073701e-05,0.078
skolēns,4,7.828095033073701e-05,0.078
slimošana,4,7.828095033073701e-05,0.078
gudri,4,7.828095033073701e-05,0.078
tablete,4,7.828095033073701e-05,0.078
fotogrāfija,4,7.828095033073701e-05,0.078
iemācīt,4,7.828095033073701e-05,0.078
tirdzniecība,4,7.828095033073701e-05,0.078
skaudrs,4,7.828095033073701e-05,0.078
oficiozi,4,7.828095033073701e-05,0.078
sagadīšanās,4,7.828095033073701e-05,0.078
pacelt,4,7.828095033073701e-05,0.078
apsveikt,4,7.828095033073701e-05,0.078
sauss,4,7.828095033073701e-05,0.078
vainot,4,7.828095033073701e-05,0.078
salauzt,4,7.828095033073701e-05,0.078
slepkavība,4,7.828095033073701e-05,0.078
trīcēt,4,7.828095033073701e-05,0.078
otrādi,4,7.828095033073701e-05,0.078
apveltīt,4,7.828095033073701e-05,0.078
pirksts,4,7.828095033073701e-05,0.078
dimiters,4,7.828095033073701e-05,0.078
jaudīgi,4,7.828095033073701e-05,0.078
cirks,4,7.828095033073701e-05,0.078
fašisms,4,7.828095033073701e-05,0.078
aizmukt,4,7.828095033073701e-05,0.078
patērētājs,4,7.828095033073701e-05,0.078
izsmelt,4,7.828095033073701e-05,0.078
pašlaik,4,7.828095033073701e-05,0.078
potēt,4,7.828095033073701e-05,0.078
likumsakarība,4,7.828095033073701e-05,0.078
tuberkuloze,4,7.828095033073701e-05,0.078
veiksmīgi,4,7.828095033073701e-05,0.078
atziņa,4,7.828095033073701e-05,0.078
virkne,4,7.828095033073701e-05,0.078
visbeidzot,4,7.828095033073701e-05,0.078
aptvere,4,7.828095033073701e-05,0.078
zveja,4,7.828095033073701e-05,0.078
kenedijs,4,7.828095033073701e-05,0.078
pievērst,4,7.828095033073701e-05,0.078
pūkainītis,4,7.828095033073701e-05,0.078
aktīvists,4,7.828095033073701e-05,0.078
pazīme,4,7.828095033073701e-05,0.078
aizsegs,4,7.828095033073701e-05,0.078
formāls,4,7.828095033073701e-05,0.078
dzīle,4,7.828095033073701e-05,0.078
velte,4,7.828095033073701e-05,0.078
grozīt,4,7.828095033073701e-05,0.078
akūts,4,7.828095033073701e-05,0.078
pazemot,4,7.828095033073701e-05,0.078
iekšējs,4,7.828095033073701e-05,0.078
cienāt,4,7.828095033073701e-05,0.078
politbirojs,4,7.828095033073701e-05,0.078
precīzs,4,7.828095033073701e-05,0.078
sabiedrisks,4,7.828095033073701e-05,0.078
žukova,4,7.828095033073701e-05,0.078
dziļš,4,7.828095033073701e-05,0.078
atgūt,4,7.828095033073701e-05,0.078
kašķis,4,7.828095033073701e-05,0.078
klātbūtne,4,7.828095033073701e-05,0.078
krimināllikums,4,7.828095033073701e-05,0.078
peļņa,4,7.828095033073701e-05,0.078
kovikt,4,7.828095033073701e-05,0.078
stils,4,7.828095033073701e-05,0.078
godīgs,4,7.828095033073701e-05,0.078
ražot,4,7.828095033073701e-05,0.078
lasāmviels,4,7.828095033073701e-05,0.078
gatavoties,4,7.828095033073701e-05,0.078
traktēt,4,7.828095033073701e-05,0.078
dievzemīte,4,7.828095033073701e-05,0.078
formulēt,4,7.828095033073701e-05,0.078
apdraudējums,4,7.828095033073701e-05,0.078
atmaksāt,4,7.828095033073701e-05,0.078
veisa,4,7.828095033073701e-05,0.078
āzs,4,7.828095033073701e-05,0.078
aizturēt,4,7.828095033073701e-05,0.078
rupji,4,7.828095033073701e-05,0.078
kārtot,4,7.828095033073701e-05,0.078
pārvērtība,4,7.828095033073701e-05,0.078
ielikt,4,7.828095033073701e-05,0.078
atbalstītājs,4,7.828095033073701e-05,0.078
diskutēt,4,7.828095033073701e-05,0.078
izmainīt,4,7.828095033073701e-05,0.078
iedarbīgs,4,7.828095033073701e-05,0.078
segregācija,4,7.828095033073701e-05,0.078
formāts,4,7.828095033073701e-05,0.078
salikties,4,7.828095033073701e-05,0.078
korekti,4,7.828095033073701e-05,0.078
apsvērt,4,7.828095033073701e-05,0.078
vadītāja,4,7.828095033073701e-05,0.078
laukā,4,7.828095033073701e-05,0.078
agresija,4,7.828095033073701e-05,0.078
dumpi,4,7.828095033073701e-05,0.078
izmantošana,4,7.828095033073701e-05,0.078
datums,4,7.828095033073701e-05,0.078
dezinformācija,4,7.828095033073701e-05,0.078
gāze,4,7.828095033073701e-05,0.078
patīkami,4,7.828095033073701e-05,0.078
ievadīšana,4,7.828095033073701e-05,0.078
psihopāts,4,7.828095033073701e-05,0.078
paļauties,4,7.828095033073701e-05,0.078
pietuvināt,4,7.828095033073701e-05,0.078
izdevīgs,4,7.828095033073701e-05,0.078
iniciēt,4,7.828095033073701e-05,0.078
kluss,4,7.828095033073701e-05,0.078
studija,4,7.828095033073701e-05,0.078
prom,4,7.828095033073701e-05,0.078
rēķins,4,7.828095033073701e-05,0.078
intelektuāls,4,7.828095033073701e-05,0.078
dace,4,7.828095033073701e-05,0.078
modrs,4,7.828095033073701e-05,0.078
papilloma,4,7.828095033073701e-05,0.078
dzemde,4,7.828095033073701e-05,0.078
kakls,4,7.828095033073701e-05,0.078
kabata,4,7.828095033073701e-05,0.078
kvorums,4,7.828095033073701e-05,0.078
mērķtiecīgs,4,7.828095033073701e-05,0.078
pusdiena,4,7.828095033073701e-05,0.078
aita,4,7.828095033073701e-05,0.078
tava,4,7.828095033073701e-05,0.078
sadarbošanās,4,7.828095033073701e-05,0.078
antihumāns,4,7.828095033073701e-05,0.078
savlaicīgi,4,7.828095033073701e-05,0.078
parāds,4,7.828095033073701e-05,0.078
ienākt,4,7.828095033073701e-05,0.078
satraukt,4,7.828095033073701e-05,0.078
instrukcija,4,7.828095033073701e-05,0.078
tikpat,4,7.828095033073701e-05,0.078
iecirknis,4,7.828095033073701e-05,0.078
pieslēgt,4,7.828095033073701e-05,0.078
aparāts,4,7.828095033073701e-05,0.078
māmiņa,4,7.828095033073701e-05,0.078
mākslīgi,4,7.828095033073701e-05,0.078
atšķirties,4,7.828095033073701e-05,0.078
laipns,4,7.828095033073701e-05,0.078
ārējs,4,7.828095033073701e-05,0.078
lojāls,4,7.828095033073701e-05,0.078
lāčplēsis,4,7.828095033073701e-05,0.078
filmēt,4,7.828095033073701e-05,0.078
pneimokoks,4,7.828095033073701e-05,0.078
lekcija,4,7.828095033073701e-05,0.078
kaps,4,7.828095033073701e-05,0.078
ērti,4,7.828095033073701e-05,0.078
piekļuve,4,7.828095033073701e-05,0.078
faucis,4,7.828095033073701e-05,0.078
skanēt,4,7.828095033073701e-05,0.078
kalpot,4,7.828095033073701e-05,0.078
atgādinājums,4,7.828095033073701e-05,0.078
der,4,7.828095033073701e-05,0.078
bariņš,4,7.828095033073701e-05,0.078
grīnhofs,4,7.828095033073701e-05,0.078
seksualizācija,4,7.828095033073701e-05,0.078
virzīties,4,7.828095033073701e-05,0.078
ārstēšanās,4,7.828095033073701e-05,0.078
izaicinājums,4,7.828095033073701e-05,0.078
poliomielīts,4,7.828095033073701e-05,0.078
klepus,4,7.828095033073701e-05,0.078
hepatīts,4,7.828095033073701e-05,0.078
iedarbība,4,7.828095033073701e-05,0.078
maldināt,4,7.828095033073701e-05,0.078
puika,4,7.828095033073701e-05,0.078
izmeklējums,4,7.828095033073701e-05,0.078
dēls,4,7.828095033073701e-05,0.078
apraksts,4,7.828095033073701e-05,0.078
veidlapa,4,7.828095033073701e-05,0.078
vaxinēt,4,7.828095033073701e-05,0.078
tostarp,4,7.828095033073701e-05,0.078
virzība,4,7.828095033073701e-05,0.078
dalībvalsts,4,7.828095033073701e-05,0.078
apspriešana,4,7.828095033073701e-05,0.078
padoties,4,7.828095033073701e-05,0.078
kovidlaiks,4,7.828095033073701e-05,0.078
staigāt,4,7.828095033073701e-05,0.078
pārkopēt,4,7.828095033073701e-05,0.078
siffs,4,7.828095033073701e-05,0.078
teikšana,4,7.828095033073701e-05,0.078
reģistrs,4,7.828095033073701e-05,0.078
komiteja,4,7.828095033073701e-05,0.078
piedzīvojums,4,7.828095033073701e-05,0.078
tiesiskums,3,5.871071274805276e-05,0.059
sīki,3,5.871071274805276e-05,0.059
dūms,3,5.871071274805276e-05,0.059
bārs,3,5.871071274805276e-05,0.059
deklarēt,3,5.871071274805276e-05,0.059
pārliecināties,3,5.871071274805276e-05,0.059
sapnis,3,5.871071274805276e-05,0.059
paaugstināties,3,5.871071274805276e-05,0.059
depresija,3,5.871071274805276e-05,0.059
grupējums,3,5.871071274805276e-05,0.059
terorizēt,3,5.871071274805276e-05,0.059
sašķelt,3,5.871071274805276e-05,0.059
salīdzināt,3,5.871071274805276e-05,0.059
papēt,3,5.871071274805276e-05,0.059
ieguldījums,3,5.871071274805276e-05,0.059
ciekurs,3,5.871071274805276e-05,0.059
andra,3,5.871071274805276e-05,0.059
afērs,3,5.871071274805276e-05,0.059
priekšlaicīgs,3,5.871071274805276e-05,0.059
pārvērsties,3,5.871071274805276e-05,0.059
izšķirt,3,5.871071274805276e-05,0.059
sabojāt,3,5.871071274805276e-05,0.059
pārlieku,3,5.871071274805276e-05,0.059
fizika,3,5.871071274805276e-05,0.059
virsma,3,5.871071274805276e-05,0.059
antivaksers,3,5.871071274805276e-05,0.059
radio,3,5.871071274805276e-05,0.059
augs,3,5.871071274805276e-05,0.059
subjektīvs,3,5.871071274805276e-05,0.059
stereotips,3,5.871071274805276e-05,0.059
karen,3,5.871071274805276e-05,0.059
tehnisks,3,5.871071274805276e-05,0.059
celšana,3,5.871071274805276e-05,0.059
vi,3,5.871071274805276e-05,0.059
apziņa,3,5.871071274805276e-05,0.059
panaceja,3,5.871071274805276e-05,0.059
augša,3,5.871071274805276e-05,0.059
pabeigt,3,5.871071274805276e-05,0.059
akadēmija,3,5.871071274805276e-05,0.059
juris,3,5.871071274805276e-05,0.059
reiz,3,5.871071274805276e-05,0.059
skaudri,3,5.871071274805276e-05,0.059
bronhiāls,3,5.871071274805276e-05,0.059
steroīds,3,5.871071274805276e-05,0.059
prast,3,5.871071274805276e-05,0.059
prioritārs,3,5.871071274805276e-05,0.059
secība,3,5.871071274805276e-05,0.059
paciesties,3,5.871071274805276e-05,0.059
severe,3,5.871071274805276e-05,0.059
want,3,5.871071274805276e-05,0.059
companies,3,5.871071274805276e-05,0.059
politicians,3,5.871071274805276e-05,0.059
about,3,5.871071274805276e-05,0.059
on,3,5.871071274805276e-05,0.059
even,3,5.871071274805276e-05,0.059
there,3,5.871071274805276e-05,0.059
cannot,3,5.871071274805276e-05,0.059
liability,3,5.871071274805276e-05,0.059
life,3,5.871071274805276e-05,0.059
am,3,5.871071274805276e-05,0.059
was,3,5.871071274805276e-05,0.059
at,3,5.871071274805276e-05,0.059
injected,3,5.871071274805276e-05,0.059
cause,3,5.871071274805276e-05,0.059
more,3,5.871071274805276e-05,0.059
link,3,5.871071274805276e-05,0.059
what,3,5.871071274805276e-05,0.059
from,3,5.871071274805276e-05,0.059
see,3,5.871071274805276e-05,0.059
ignorance,3,5.871071274805276e-05,0.059
which,3,5.871071274805276e-05,0.059
respektīvi,3,5.871071274805276e-05,0.059
ietekmēt,3,5.871071274805276e-05,0.059
autoimūna,3,5.871071274805276e-05,0.059
pārmetums,3,5.871071274805276e-05,0.059
aizņemt,3,5.871071274805276e-05,0.059
izbēgt,3,5.871071274805276e-05,0.059
microsoft,3,5.871071274805276e-05,0.059
deivids,3,5.871071274805276e-05,0.059
aiks,3,5.871071274805276e-05,0.059
suns,3,5.871071274805276e-05,0.059
iespējami,3,5.871071274805276e-05,0.059
austrumi,3,5.871071274805276e-05,0.059
kovist,3,5.871071274805276e-05,0.059
pierunāt,3,5.871071274805276e-05,0.059
seniors,3,5.871071274805276e-05,0.059
pīrādziņš,3,5.871071274805276e-05,0.059
pārskatīt,3,5.871071274805276e-05,0.059
ieskatīties,3,5.871071274805276e-05,0.059
koncentrēties,3,5.871071274805276e-05,0.059
lupatiņa,3,5.871071274805276e-05,0.059
inficēšanās,3,5.871071274805276e-05,0.059
dzīt,3,5.871071274805276e-05,0.059
valodnieks,3,5.871071274805276e-05,0.059
rādītājs,3,5.871071274805276e-05,0.059
glābiņš,3,5.871071274805276e-05,0.059
pasacīt,3,5.871071274805276e-05,0.059
tagadne,3,5.871071274805276e-05,0.059
krūts,3,5.871071274805276e-05,0.059
stadions,3,5.871071274805276e-05,0.059
atgremot,3,5.871071274805276e-05,0.059
varen,3,5.871071274805276e-05,0.059
izstāstīt,3,5.871071274805276e-05,0.059
pašmāju,3,5.871071274805276e-05,0.059
strēlnieks,3,5.871071274805276e-05,0.059
švakcinētājs,3,5.871071274805276e-05,0.059
paralēle,3,5.871071274805276e-05,0.059
šīsdienas,3,5.871071274805276e-05,0.059
traģiski,3,5.871071274805276e-05,0.059
demontēt,3,5.871071274805276e-05,0.059
elite,3,5.871071274805276e-05,0.059
ēst,3,5.871071274805276e-05,0.059
infarkts,3,5.871071274805276e-05,0.059
vaina,3,5.871071274805276e-05,0.059
ieņemt,3,5.871071274805276e-05,0.059
kompensēt,3,5.871071274805276e-05,0.059
reti,3,5.871071274805276e-05,0.059
spīts,3,5.871071274805276e-05,0.059
plauktiņš,3,5.871071274805276e-05,0.059
liegšana,3,5.871071274805276e-05,0.059
ūdens,3,5.871071274805276e-05,0.059
draņķis,3,5.871071274805276e-05,0.059
brīnumains,3,5.871071274805276e-05,0.059
anekdote,3,5.871071274805276e-05,0.059
ļeņingrada,3,5.871071274805276e-05,0.059
blokāde,3,5.871071274805276e-05,0.059
atdoties,3,5.871071274805276e-05,0.059
silts,3,5.871071274805276e-05,0.059
iznākums,3,5.871071274805276e-05,0.059
pamosties,3,5.871071274805276e-05,0.059
izdzīvot,3,5.871071274805276e-05,0.059
pazemināt,3,5.871071274805276e-05,0.059
jīdona,3,5.871071274805276e-05,0.059
donors,3,5.871071274805276e-05,0.059
smiekls,3,5.871071274805276e-05,0.059
izplatītājs,3,5.871071274805276e-05,0.059
ierobežošana,3,5.871071274805276e-05,0.059
līdzjūtība,3,5.871071274805276e-05,0.059
japāna,3,5.871071274805276e-05,0.059
pārliešana,3,5.871071274805276e-05,0.059
ģenētiski,3,5.871071274805276e-05,0.059
modificēt,3,5.871071274805276e-05,0.059
ierindot,3,5.871071274805276e-05,0.059
daļēji,3,5.871071274805276e-05,0.059
štats,3,5.871071274805276e-05,0.059
de,3,5.871071274805276e-05,0.059
play,3,5.871071274805276e-05,0.059
rating,3,5.871071274805276e-05,0.059
star,3,5.871071274805276e-05,0.059
uzvedība,3,5.871071274805276e-05,0.059
pārvietošanās,3,5.871071274805276e-05,0.059
pacietība,3,5.871071274805276e-05,0.059
muzikants,3,5.871071274805276e-05,0.059
rainers,3,5.871071274805276e-05,0.059
morāli,3,5.871071274805276e-05,0.059
pavērsiens,3,5.871071274805276e-05,0.059
lidojums,3,5.871071274805276e-05,0.059
pārlasīt,3,5.871071274805276e-05,0.059
vadīties,3,5.871071274805276e-05,0.059
svinīgi,3,5.871071274805276e-05,0.059
veltīt,3,5.871071274805276e-05,0.059
izpilde,3,5.871071274805276e-05,0.059
rase,3,5.871071274805276e-05,0.059
pateicība,3,5.871071274805276e-05,0.059
dalīt,3,5.871071274805276e-05,0.059
ietaupīt,3,5.871071274805276e-05,0.059
koncerts,3,5.871071274805276e-05,0.059
sastapties,3,5.871071274805276e-05,0.059
aizstāvība,3,5.871071274805276e-05,0.059
aizjūra,3,5.871071274805276e-05,0.059
uzliesmojums,3,5.871071274805276e-05,0.059
kronis,3,5.871071274805276e-05,0.059
pietiekami,3,5.871071274805276e-05,0.059
frāze,3,5.871071274805276e-05,0.059
universitāte,3,5.871071274805276e-05,0.059
liga,3,5.871071274805276e-05,0.059
paciente,3,5.871071274805276e-05,0.059
pieprasījums,3,5.871071274805276e-05,0.059
prokuratūra,3,5.871071274805276e-05,0.059
apstrīdēt,3,5.871071274805276e-05,0.059
publikācija,3,5.871071274805276e-05,0.059
uzrasties,3,5.871071274805276e-05,0.059
aptuveni,3,5.871071274805276e-05,0.059
vasara,3,5.871071274805276e-05,0.059
ucēt,3,5.871071274805276e-05,0.059
izzināt,3,5.871071274805276e-05,0.059
dārgi,3,5.871071274805276e-05,0.059
trūkt,3,5.871071274805276e-05,0.059
kauls,3,5.871071274805276e-05,0.059
sākotnējs,3,5.871071274805276e-05,0.059
izšķirties,3,5.871071274805276e-05,0.059
zva,3,5.871071274805276e-05,0.059
bezgala,3,5.871071274805276e-05,0.059
apkarošana,3,5.871071274805276e-05,0.059
guļamistaba,3,5.871071274805276e-05,0.059
tepat,3,5.871071274805276e-05,0.059
pārsniegt,3,5.871071274805276e-05,0.059
esamība,3,5.871071274805276e-05,0.059
covid,3,5.871071274805276e-05,0.059
cipule,3,5.871071274805276e-05,0.059
sasaukties,3,5.871071274805276e-05,0.059
veselīgi,3,5.871071274805276e-05,0.059
maiss,3,5.871071274805276e-05,0.059
sižets,3,5.871071274805276e-05,0.059
diženais,3,5.871071274805276e-05,0.059
atkāpties,3,5.871071274805276e-05,0.059
dižs,3,5.871071274805276e-05,0.059
kripatiņa,3,5.871071274805276e-05,0.059
pētnieks,3,5.871071274805276e-05,0.059
briesmīgi,3,5.871071274805276e-05,0.059
aina,3,5.871071274805276e-05,0.059
kadrs,3,5.871071274805276e-05,0.059
mirklis,3,5.871071274805276e-05,0.059
info,3,5.871071274805276e-05,0.059
zīdainis,3,5.871071274805276e-05,0.059
mūsējs,3,5.871071274805276e-05,0.059
bagāts,3,5.871071274805276e-05,0.059
jautrība,3,5.871071274805276e-05,0.059
jautrs,3,5.871071274805276e-05,0.059
bt,3,5.871071274805276e-05,0.059
garīgi,3,5.871071274805276e-05,0.059
izspēlēt,3,5.871071274805276e-05,0.059
loterija,3,5.871071274805276e-05,0.059
iejūtība,3,5.871071274805276e-05,0.059
sekts,3,5.871071274805276e-05,0.059
līderis,3,5.871071274805276e-05,0.059
vilkt,3,5.871071274805276e-05,0.059
tradicionāls,3,5.871071274805276e-05,0.059
pakāpe,3,5.871071274805276e-05,0.059
gremošana,3,5.871071274805276e-05,0.059
balsojums,3,5.871071274805276e-05,0.059
bailīgs,3,5.871071274805276e-05,0.059
epidemioloģisks,3,5.871071274805276e-05,0.059
drīzs,3,5.871071274805276e-05,0.059
pļaviņš,3,5.871071274805276e-05,0.059
paskaidrojums,3,5.871071274805276e-05,0.059
pagrieziens,3,5.871071274805276e-05,0.059
spožs,3,5.871071274805276e-05,0.059
pārvērtēt,3,5.871071274805276e-05,0.059
stress,3,5.871071274805276e-05,0.059
mugurkauls,3,5.871071274805276e-05,0.059
taisni,3,5.871071274805276e-05,0.059
aizstāt,3,5.871071274805276e-05,0.059
spkc,3,5.871071274805276e-05,0.059
protests,3,5.871071274805276e-05,0.059
pils,3,5.871071274805276e-05,0.059
saskaitīt,3,5.871071274805276e-05,0.059
baltija,3,5.871071274805276e-05,0.059
drēbe,3,5.871071274805276e-05,0.059
laboratorija,3,5.871071274805276e-05,0.059
gabals,3,5.871071274805276e-05,0.059
sērija,3,5.871071274805276e-05,0.059
grafēns,3,5.871071274805276e-05,0.059
grieķis,3,5.871071274805276e-05,0.059
burts,3,5.871071274805276e-05,0.059
bioloģisks,3,5.871071274805276e-05,0.059
iesākt,3,5.871071274805276e-05,0.059
pierast,3,5.871071274805276e-05,0.059
bumba,3,5.871071274805276e-05,0.059
tanks,3,5.871071274805276e-05,0.059
krietns,3,5.871071274805276e-05,0.059
dns,3,5.871071274805276e-05,0.059
klase,3,5.871071274805276e-05,0.059
atļauja,3,5.871071274805276e-05,0.059
iznest,3,5.871071274805276e-05,0.059
smagums,3,5.871071274805276e-05,0.059
decembris,3,5.871071274805276e-05,0.059
izstrādāt,3,5.871071274805276e-05,0.059
tehnika,3,5.871071274805276e-05,0.059
vilnis,3,5.871071274805276e-05,0.059
likumprojekts,3,5.871071274805276e-05,0.059
vakcīnpase,3,5.871071274805276e-05,0.059
viennozīmīgi,3,5.871071274805276e-05,0.059
tromboze,3,5.871071274805276e-05,0.059
aiziešana,3,5.871071274805276e-05,0.059
grūtniečs,3,5.871071274805276e-05,0.059
daniels,3,5.871071274805276e-05,0.059
vecmāte,3,5.871071274805276e-05,0.059
izbaudīt,3,5.871071274805276e-05,0.059
sestdien,3,5.871071274805276e-05,0.059
atvainoties,3,5.871071274805276e-05,0.059
idiotisms,3,5.871071274805276e-05,0.059
spontāns,3,5.871071274805276e-05,0.059
aborts,3,5.871071274805276e-05,0.059
izplatīšana,3,5.871071274805276e-05,0.059
ziepes,3,5.871071274805276e-05,0.059
rupjš,3,5.871071274805276e-05,0.059
spēlīte,3,5.871071274805276e-05,0.059
instance,3,5.871071274805276e-05,0.059
rosļikovs,3,5.871071274805276e-05,0.059
urāns,3,5.871071274805276e-05,0.059
atkritums,3,5.871071274805276e-05,0.059
tanka,3,5.871071274805276e-05,0.059
iesūdzēt,3,5.871071274805276e-05,0.059
progresīvs,3,5.871071274805276e-05,0.059
padoms,3,5.871071274805276e-05,0.059
prezentācija,3,5.871071274805276e-05,0.059
meinstrīms,3,5.871071274805276e-05,0.059
vidēji,3,5.871071274805276e-05,0.059
vīle,3,5.871071274805276e-05,0.059
vecis,3,5.871071274805276e-05,0.059
sastrādāt,3,5.871071274805276e-05,0.059
sanaidot,3,5.871071274805276e-05,0.059
agrs,3,5.871071274805276e-05,0.059
pelnīt,3,5.871071274805276e-05,0.059
roberts,3,5.871071274805276e-05,0.059
mrns,3,5.871071274805276e-05,0.059
reputācija,3,5.871071274805276e-05,0.059
aktieris,3,5.871071274805276e-05,0.059
pavadīt,3,5.871071274805276e-05,0.059
ija,3,5.871071274805276e-05,0.059
saskatīt,3,5.871071274805276e-05,0.059
drašīties,3,5.871071274805276e-05,0.059
paaudze,3,5.871071274805276e-05,0.059
ala,3,5.871071274805276e-05,0.059
aktivizēt,3,5.871071274805276e-05,0.059
ierosināšana,3,5.871071274805276e-05,0.059
paraksties,3,5.871071274805276e-05,0.059
izdrukāt,3,5.871071274805276e-05,0.059
kopija,3,5.871071274805276e-05,0.059
spilgts,3,5.871071274805276e-05,0.059
ietvars,3,5.871071274805276e-05,0.059
sia,3,5.871071274805276e-05,0.059
tautība,3,5.871071274805276e-05,0.059
levits,3,5.871071274805276e-05,0.059
attapties,3,5.871071274805276e-05,0.059
apsēsties,3,5.871071274805276e-05,0.059
vārti,3,5.871071274805276e-05,0.059
vairākkārt,3,5.871071274805276e-05,0.059
durtiņas,3,5.871071274805276e-05,0.059
radīšana,3,5.871071274805276e-05,0.059
agita,3,5.871071274805276e-05,0.059
barikāde,3,5.871071274805276e-05,0.059
apkarot,3,5.871071274805276e-05,0.059
trīsvienība,3,5.871071274805276e-05,0.059
rekomendācija,3,5.871071274805276e-05,0.059
prettiesisks,3,5.871071274805276e-05,0.059
maigs,3,5.871071274805276e-05,0.059
politbirot,3,5.871071274805276e-05,0.059
apliecinājums,3,5.871071274805276e-05,0.059
lēti,3,5.871071274805276e-05,0.059
atteikt,3,5.871071274805276e-05,0.059
ļauties,3,5.871071274805276e-05,0.059
transports,3,5.871071274805276e-05,0.059
pasliktināt,3,5.871071274805276e-05,0.059
adekvāti,3,5.871071274805276e-05,0.059
žurnāliste,3,5.871071274805276e-05,0.059
iesiet,3,5.871071274805276e-05,0.059
taisīt,3,5.871071274805276e-05,0.059
lauciņš,3,5.871071274805276e-05,0.059
kopt,3,5.871071274805276e-05,0.059
laimīgi,3,5.871071274805276e-05,0.059
sodīšana,3,5.871071274805276e-05,0.059
pastāstīt,3,5.871071274805276e-05,0.059
traucēt,3,5.871071274805276e-05,0.059
maksimāls,3,5.871071274805276e-05,0.059
degums,3,5.871071274805276e-05,0.059
kritērijs,3,5.871071274805276e-05,0.059
stulbums,3,5.871071274805276e-05,0.059
grāds,3,5.871071274805276e-05,0.059
telefoniski,3,5.871071274805276e-05,0.059
taktika,3,5.871071274805276e-05,0.059
likties,3,5.871071274805276e-05,0.059
sadurt,3,5.871071274805276e-05,0.059
lma,3,5.871071274805276e-05,0.059
bunkurs,3,5.871071274805276e-05,0.059
komentēt,3,5.871071274805276e-05,0.059
loceklis,3,5.871071274805276e-05,0.059
izjūta,3,5.871071274805276e-05,0.059
sakarīgs,3,5.871071274805276e-05,0.059
konvojs,3,5.871071274805276e-05,0.059
iztika,3,5.871071274805276e-05,0.059
vajāt,3,5.871071274805276e-05,0.059
uzskaitījums,3,5.871071274805276e-05,0.059
īlens,3,5.871071274805276e-05,0.059
auss,3,5.871071274805276e-05,0.059
komersants,3,5.871071274805276e-05,0.059
mega,3,5.871071274805276e-05,0.059
pamudināt,3,5.871071274805276e-05,0.059
gaita,3,5.871071274805276e-05,0.059
projām,3,5.871071274805276e-05,0.059
izveseļoties,3,5.871071274805276e-05,0.059
dvēsele,3,5.871071274805276e-05,0.059
atmest,3,5.871071274805276e-05,0.059
pārstāve,3,5.871071274805276e-05,0.059
sākotnēji,3,5.871071274805276e-05,0.059
pārzināt,3,5.871071274805276e-05,0.059
poligons,3,5.871071274805276e-05,0.059
iesaistīšanās,3,5.871071274805276e-05,0.059
radītājs,3,5.871071274805276e-05,0.059
empātija,3,5.871071274805276e-05,0.059
uzmanīgi,3,5.871071274805276e-05,0.059
brutāls,3,5.871071274805276e-05,0.059
skaidrība,3,5.871071274805276e-05,0.059
hamakere,3,5.871071274805276e-05,0.059
dmitrijs,3,5.871071274805276e-05,0.059
regulārs,3,5.871071274805276e-05,0.059
kliegt,3,5.871071274805276e-05,0.059
degviela,3,5.871071274805276e-05,0.059
sasniegt,3,5.871071274805276e-05,0.059
sadarboties,3,5.871071274805276e-05,0.059
politiski,3,5.871071274805276e-05,0.059
lidmašīna,3,5.871071274805276e-05,0.059
saticība,3,5.871071274805276e-05,0.059
ieguldīt,3,5.871071274805276e-05,0.059
pienesums,3,5.871071274805276e-05,0.059
visnotaļ,3,5.871071274805276e-05,0.059
vasiļevska,3,5.871071274805276e-05,0.059
ventilācija,3,5.871071274805276e-05,0.059
apmaksa,3,5.871071274805276e-05,0.059
pateicīgs,3,5.871071274805276e-05,0.059
globāli,3,5.871071274805276e-05,0.059
ieplānot,3,5.871071274805276e-05,0.059
gatavība,3,5.871071274805276e-05,0.059
saujiņa,3,5.871071274805276e-05,0.059
ģeopolitisks,3,5.871071274805276e-05,0.059
lancet,3,5.871071274805276e-05,0.059
loģika,3,5.871071274805276e-05,0.059
analfabētisms,3,5.871071274805276e-05,0.059
siliņš,3,5.871071274805276e-05,0.059
sadzirdēt,3,5.871071274805276e-05,0.059
drašāt,3,5.871071274805276e-05,0.059
holivuda,3,5.871071274805276e-05,0.059
diktatūra,3,5.871071274805276e-05,0.059
mērkaķbaka,3,5.871071274805276e-05,0.059
humors,3,5.871071274805276e-05,0.059
palasīties,3,5.871071274805276e-05,0.059
praids,3,5.871071274805276e-05,0.059
dancot,3,5.871071274805276e-05,0.059
saskare,3,5.871071274805276e-05,0.059
labot,3,5.871071274805276e-05,0.059
paveikties,3,5.871071274805276e-05,0.059
pūķis,3,5.871071274805276e-05,0.059
efekts,3,5.871071274805276e-05,0.059
pastrādāt,3,5.871071274805276e-05,0.059
tēvs,3,5.871071274805276e-05,0.059
unikāls,3,5.871071274805276e-05,0.059
pohodņevs,3,5.871071274805276e-05,0.059
izraisītājs,3,5.871071274805276e-05,0.059
apstrāde,3,5.871071274805276e-05,0.059
vilks,3,5.871071274805276e-05,0.059
izgaismot,3,5.871071274805276e-05,0.059
pielīdzināt,3,5.871071274805276e-05,0.059
attiecīgi,3,5.871071274805276e-05,0.059
pārvaldīt,3,5.871071274805276e-05,0.059
apdomāt,3,5.871071274805276e-05,0.059
svešzeme,3,5.871071274805276e-05,0.059
iekasēt,3,5.871071274805276e-05,0.059
izspiest,3,5.871071274805276e-05,0.059
trends,3,5.871071274805276e-05,0.059
elektorāts,3,5.871071274805276e-05,0.059
balsošana,3,5.871071274805276e-05,0.059
sak,3,5.871071274805276e-05,0.059
izvēlēt,3,5.871071274805276e-05,0.059
faktors,3,5.871071274805276e-05,0.059
ignorēt,3,5.871071274805276e-05,0.059
karaspēks,3,5.871071274805276e-05,0.059
ekonomisks,3,5.871071274805276e-05,0.059
cinisks,3,5.871071274805276e-05,0.059
iznīcināt,3,5.871071274805276e-05,0.059
lr,3,5.871071274805276e-05,0.059
likumīgs,3,5.871071274805276e-05,0.059
leģitimitāte,3,5.871071274805276e-05,0.059
svars,3,5.871071274805276e-05,0.059
bravo,3,5.871071274805276e-05,0.059
remdesivir,3,5.871071274805276e-05,0.059
skābeklis,3,5.871071274805276e-05,0.059
iedziļināties,3,5.871071274805276e-05,0.059
degradēties,3,5.871071274805276e-05,0.059
kazino,3,5.871071274805276e-05,0.059
vienotība,3,5.871071274805276e-05,0.059
auto,3,5.871071274805276e-05,0.059
aptieka,3,5.871071274805276e-05,0.059
pele,3,5.871071274805276e-05,0.059
traks,3,5.871071274805276e-05,0.059
pamēģināt,3,5.871071274805276e-05,0.059
algoritms,3,5.871071274805276e-05,0.059
uzstādīt,3,5.871071274805276e-05,0.059
vilšanās,3,5.871071274805276e-05,0.059
pielietojums,3,5.871071274805276e-05,0.059
kovidinjekcija,3,5.871071274805276e-05,0.059
morics,3,5.871071274805276e-05,0.059
sāpīgi,3,5.871071274805276e-05,0.059
brežņevs,3,5.871071274805276e-05,0.059
odysee,3,5.871071274805276e-05,0.059
hemofils,3,5.871071274805276e-05,0.059
links,3,5.871071274805276e-05,0.059
jūtūbs,3,5.871071274805276e-05,0.059
pielāgoties,3,5.871071274805276e-05,0.059
skarlatīns,3,5.871071274805276e-05,0.059
zelts,3,5.871071274805276e-05,0.059
apmierināt,3,5.871071274805276e-05,0.059
jebkāda,3,5.871071274805276e-05,0.059
paradums,3,5.871071274805276e-05,0.059
iepirkšanās,3,5.871071274805276e-05,0.059
instagrs,3,5.871071274805276e-05,0.059
ēdiens,3,5.871071274805276e-05,0.059
atklāšana,3,5.871071274805276e-05,0.059
tendence,3,5.871071274805276e-05,0.059
aprunāties,3,5.871071274805276e-05,0.059
iesaukt,3,5.871071274805276e-05,0.059
sieva,3,5.871071274805276e-05,0.059
vokāls,3,5.871071274805276e-05,0.059
pedagoģis,3,5.871071274805276e-05,0.059
greizi,3,5.871071274805276e-05,0.059
audzināšana,3,5.871071274805276e-05,0.059
stimulēt,3,5.871071274805276e-05,0.059
iedarboties,3,5.871071274805276e-05,0.059
rakstisks,3,5.871071274805276e-05,0.059
tfu,3,5.871071274805276e-05,0.059
soģis,3,5.871071274805276e-05,0.059
mankurts,3,5.871071274805276e-05,0.059
gejs,3,5.871071274805276e-05,0.059
puškins,3,5.871071274805276e-05,0.059
dižgars,3,5.871071274805276e-05,0.059
epopeja,3,5.871071274805276e-05,0.059
paralēls,3,5.871071274805276e-05,0.059
ievērošana,3,5.871071274805276e-05,0.059
cītīgi,3,5.871071274805276e-05,0.059
vākt,3,5.871071274805276e-05,0.059
sfēra,3,5.871071274805276e-05,0.059
pasīvi,3,5.871071274805276e-05,0.059
dolārs,3,5.871071274805276e-05,0.059
uzlabojums,3,5.871071274805276e-05,0.059
prece,3,5.871071274805276e-05,0.059
atvērties,3,5.871071274805276e-05,0.059
marionete,3,5.871071274805276e-05,0.059
tirānija,3,5.871071274805276e-05,0.059
pēkšņa,3,5.871071274805276e-05,0.059
potēšanās,3,5.871071274805276e-05,0.059
makrons,3,5.871071274805276e-05,0.059
komponents,3,5.871071274805276e-05,0.059
izsludināt,3,5.871071274805276e-05,0.059
izsaukt,3,5.871071274805276e-05,0.059
palāta,3,5.871071274805276e-05,0.059
pārmest,3,5.871071274805276e-05,0.059
argumentēt,3,5.871071274805276e-05,0.059
spekulācija,3,5.871071274805276e-05,0.059
ieslodzījums,3,5.871071274805276e-05,0.059
digitalizēt,3,5.871071274805276e-05,0.059
identificēt,3,5.871071274805276e-05,0.059
vispārējs,3,5.871071274805276e-05,0.059
papildinājums,3,5.871071274805276e-05,0.059
aula,3,5.871071274805276e-05,0.059
leiena,3,5.871071274805276e-05,0.059
izskanēt,3,5.871071274805276e-05,0.059
slavināšana,3,5.871071274805276e-05,0.059
diez,3,5.871071274805276e-05,0.059
realizācija,3,5.871071274805276e-05,0.059
bingo,3,5.871071274805276e-05,0.059
bla,3,5.871071274805276e-05,0.059
inga,3,5.871071274805276e-05,0.059
vakcinēšana,3,5.871071274805276e-05,0.059
kriminālprocess,3,5.871071274805276e-05,0.059
aizgādība,3,5.871071274805276e-05,0.059
dokumentācija,3,5.871071274805276e-05,0.059
puisēna,3,5.871071274805276e-05,0.059
iemaņa,3,5.871071274805276e-05,0.059
aizskart,3,5.871071274805276e-05,0.059
kodekss,3,5.871071274805276e-05,0.059
mūžizglītība,3,5.871071274805276e-05,0.059
atņemšana,3,5.871071274805276e-05,0.059
tikšanās,3,5.871071274805276e-05,0.059
atveseļošanās,3,5.871071274805276e-05,0.059
imants,3,5.871071274805276e-05,0.059
sinka,3,5.871071274805276e-05,0.059
zvērināt,3,5.871071274805276e-05,0.059
paplašināt,3,5.871071274805276e-05,0.059
skrūvgriezis,3,5.871071274805276e-05,0.059
karodziņš,3,5.871071274805276e-05,0.059
iedot,3,5.871071274805276e-05,0.059
kriminālatbildība,3,5.871071274805276e-05,0.059
cietums,3,5.871071274805276e-05,0.059
eveselība,3,5.871071274805276e-05,0.059
cinks,3,5.871071274805276e-05,0.059
zārks,3,5.871071274805276e-05,0.059
eds,3,5.871071274805276e-05,0.059
terors,3,5.871071274805276e-05,0.059
izpildītāja,3,5.871071274805276e-05,0.059
ģenerāldirektors,3,5.871071274805276e-05,0.059
karmela,3,5.871071274805276e-05,0.059
uguns,2,3.9140475165368506e-05,0.039
profilakse,2,3.9140475165368506e-05,0.039
atslēga,2,3.9140475165368506e-05,0.039
dažādība,2,3.9140475165368506e-05,0.039
veiksmīgs,2,3.9140475165368506e-05,0.039
pārstāvēt,2,3.9140475165368506e-05,0.039
skatījums,2,3.9140475165368506e-05,0.039
apmaiņa,2,3.9140475165368506e-05,0.039
mīts,2,3.9140475165368506e-05,0.039
pašnāvība,2,3.9140475165368506e-05,0.039
kosmetologs,2,3.9140475165368506e-05,0.039
iebaidīt,2,3.9140475165368506e-05,0.039
tirgot,2,3.9140475165368506e-05,0.039
mutants,2,3.9140475165368506e-05,0.039
salīdzinājums,2,3.9140475165368506e-05,0.039
pārvarēt,2,3.9140475165368506e-05,0.039
preparāte,2,3.9140475165368506e-05,0.039
atbrīvošana,2,3.9140475165368506e-05,0.039
premjers,2,3.9140475165368506e-05,0.039
sadzīvot,2,3.9140475165368506e-05,0.039
asara,2,3.9140475165368506e-05,0.039
profils,2,3.9140475165368506e-05,0.039
sabīne,2,3.9140475165368506e-05,0.039
haoss,2,3.9140475165368506e-05,0.039
mītiņš,2,3.9140475165368506e-05,0.039
patentēt,2,3.9140475165368506e-05,0.039
brivvalststv,2,3.9140475165368506e-05,0.039
aklums,2,3.9140475165368506e-05,0.039
jaukums,2,3.9140475165368506e-05,0.039
lūgti,2,3.9140475165368506e-05,0.039
ieslodzīt,2,3.9140475165368506e-05,0.039
slāpes,2,3.9140475165368506e-05,0.039
sarakstiņš,2,3.9140475165368506e-05,0.039
portāls,2,3.9140475165368506e-05,0.039
likvidācija,2,3.9140475165368506e-05,0.039
uzruna,2,3.9140475165368506e-05,0.039
televizors,2,3.9140475165368506e-05,0.039
baiss,2,3.9140475165368506e-05,0.039
youtube,2,3.9140475165368506e-05,0.039
rebaltika,2,3.9140475165368506e-05,0.039
kreativitāte,2,3.9140475165368506e-05,0.039
priecēt,2,3.9140475165368506e-05,0.039
saliedēt,2,3.9140475165368506e-05,0.039
samierināties,2,3.9140475165368506e-05,0.039
parīt,2,3.9140475165368506e-05,0.039
pauze,2,3.9140475165368506e-05,0.039
mullis,2,3.9140475165368506e-05,0.039
skatuve,2,3.9140475165368506e-05,0.039
sost,2,3.9140475165368506e-05,0.039
attālināt,2,3.9140475165368506e-05,0.039
možs,2,3.9140475165368506e-05,0.039
lūgšana,2,3.9140475165368506e-05,0.039
dziedāt,2,3.9140475165368506e-05,0.039
šovakar,2,3.9140475165368506e-05,0.039
svētdiena,2,3.9140475165368506e-05,0.039
sportot,2,3.9140475165368506e-05,0.039
bedre,2,3.9140475165368506e-05,0.039
ielūkoties,2,3.9140475165368506e-05,0.039
šūt,2,3.9140475165368506e-05,0.039
grīda,2,3.9140475165368506e-05,0.039
vecvagars,2,3.9140475165368506e-05,0.039
fons,2,3.9140475165368506e-05,0.039
slēpties,2,3.9140475165368506e-05,0.039
pūles,2,3.9140475165368506e-05,0.039
iztikt,2,3.9140475165368506e-05,0.039
strutains,2,3.9140475165368506e-05,0.039
tiekties,2,3.9140475165368506e-05,0.039
dziedināšana,2,3.9140475165368506e-05,0.039
akupunktūra,2,3.9140475165368506e-05,0.039
pieņemties,2,3.9140475165368506e-05,0.039
prioritāte,2,3.9140475165368506e-05,0.039
sniegs,2,3.9140475165368506e-05,0.039
ebrejs,2,3.9140475165368506e-05,0.039
immunity,2,3.9140475165368506e-05,0.039
illness,2,3.9140475165368506e-05,0.039
media,2,3.9140475165368506e-05,0.039
into,2,3.9140475165368506e-05,0.039
last,2,3.9140475165368506e-05,0.039
already,2,3.9140475165368506e-05,0.039
regular,2,3.9140475165368506e-05,0.039
basis,2,3.9140475165368506e-05,0.039
refuse,2,3.9140475165368506e-05,0.039
myself,2,3.9140475165368506e-05,0.039
patient,2,3.9140475165368506e-05,0.039
injections,2,3.9140475165368506e-05,0.039
pharmaceutical,2,3.9140475165368506e-05,0.039
reduce,2,3.9140475165368506e-05,0.039
chances,2,3.9140475165368506e-05,0.039
these,2,3.9140475165368506e-05,0.039
can,2,3.9140475165368506e-05,0.039
had,2,3.9140475165368506e-05,0.039
safe,2,3.9140475165368506e-05,0.039
possibly,2,3.9140475165368506e-05,0.039
know,2,3.9140475165368506e-05,0.039
known,2,3.9140475165368506e-05,0.039
many,2,3.9140475165368506e-05,0.039
speculate,2,3.9140475165368506e-05,0.039
but,2,3.9140475165368506e-05,0.039
disingenuous,2,3.9140475165368506e-05,0.039
make,2,3.9140475165368506e-05,0.039
such,2,3.9140475165368506e-05,0.039
part,2,3.9140475165368506e-05,0.039
goes,2,3.9140475165368506e-05,0.039
wrong,2,3.9140475165368506e-05,0.039
same,2,3.9140475165368506e-05,0.039
experimental,2,3.9140475165368506e-05,0.039
health,2,3.9140475165368506e-05,0.039
israel,2,3.9140475165368506e-05,0.039
has,2,3.9140475165368506e-05,0.039
laboratory,2,3.9140475165368506e-05,0.039
guinea,2,3.9140475165368506e-05,0.039
pig,2,3.9140475165368506e-05,0.039
share,2,3.9140475165368506e-05,0.039
data,2,3.9140475165368506e-05,0.039
speed,2,3.9140475165368506e-05,0.039
those,2,3.9140475165368506e-05,0.039
concern,2,3.9140475165368506e-05,0.039
we,2,3.9140475165368506e-05,0.039
antiscience,2,3.9140475165368506e-05,0.039
die,2,3.9140475165368506e-05,0.039
believe,2,3.9140475165368506e-05,0.039
possible,2,3.9140475165368506e-05,0.039
might,2,3.9140475165368506e-05,0.039
well,2,3.9140475165368506e-05,0.039
cultlike,2,3.9140475165368506e-05,0.039
everything,2,3.9140475165368506e-05,0.039
consent,2,3.9140475165368506e-05,0.039
become,2,3.9140475165368506e-05,0.039
censorship,2,3.9140475165368506e-05,0.039
human,2,3.9140475165368506e-05,0.039
rights,2,3.9140475165368506e-05,0.039
god,2,3.9140475165368506e-05,0.039
pspiest,2,3.9140475165368506e-05,0.039
desmit,2,3.9140475165368506e-05,0.039
buklets,2,3.9140475165368506e-05,0.039
pārfrāzēt,2,3.9140475165368506e-05,0.039
slīcējs,2,3.9140475165368506e-05,0.039
glābšana,2,3.9140475165368506e-05,0.039
psihiatrs,2,3.9140475165368506e-05,0.039
ieinteresēt,2,3.9140475165368506e-05,0.039
aizmigls,2,3.9140475165368506e-05,0.039
skatiens,2,3.9140475165368506e-05,0.039
katastrofa,2,3.9140475165368506e-05,0.039
iznīdēt,2,3.9140475165368506e-05,0.039
medmāsiņa,2,3.9140475165368506e-05,0.039
tamlīdzīgs,2,3.9140475165368506e-05,0.039
piegājiens,2,3.9140475165368506e-05,0.039
elektronisks,2,3.9140475165368506e-05,0.039
bills,2,3.9140475165368506e-05,0.039
čipošana,2,3.9140475165368506e-05,0.039
david,2,3.9140475165368506e-05,0.039
icke,2,3.9140475165368506e-05,0.039
aivis,2,3.9140475165368506e-05,0.039
ātrums,2,3.9140475165368506e-05,0.039
vieds,2,3.9140475165368506e-05,0.039
derīgi,2,3.9140475165368506e-05,0.039
parīze,2,3.9140475165368506e-05,0.039
tabuliņš,2,3.9140475165368506e-05,0.039
atzīmēt,2,3.9140475165368506e-05,0.039
paralēli,2,3.9140475165368506e-05,0.039
auds,2,3.9140475165368506e-05,0.039
ķīna,2,3.9140475165368506e-05,0.039
ķīns,2,3.9140475165368506e-05,0.039
uztraukties,2,3.9140475165368506e-05,0.039
švakcinācija,2,3.9140475165368506e-05,0.039
veidols,2,3.9140475165368506e-05,0.039
lupatiņš,2,3.9140475165368506e-05,0.039
muļķīgs,2,3.9140475165368506e-05,0.039
epidemiologs,2,3.9140475165368506e-05,0.039
kaitīgums,2,3.9140475165368506e-05,0.039
spīdēt,2,3.9140475165368506e-05,0.039
distancēšanās,2,3.9140475165368506e-05,0.039
mājsēde,2,3.9140475165368506e-05,0.039
stulbs,2,3.9140475165368506e-05,0.039
izdzīvošana,2,3.9140475165368506e-05,0.039
pasēdēt,2,3.9140475165368506e-05,0.039
bads,2,3.9140475165368506e-05,0.039
muša,2,3.9140475165368506e-05,0.039
valdinieks,2,3.9140475165368506e-05,0.039
iztaisnot,2,3.9140475165368506e-05,0.039
klanīties,2,3.9140475165368506e-05,0.039
zviedrija,2,3.9140475165368506e-05,0.039
raksturot,2,3.9140475165368506e-05,0.039
pieklājīgs,2,3.9140475165368506e-05,0.039
izkalpoties,2,3.9140475165368506e-05,0.039
brigāde,2,3.9140475165368506e-05,0.039
reihs,2,3.9140475165368506e-05,0.039
apskats,2,3.9140475165368506e-05,0.039
pilnvērtīgs,2,3.9140475165368506e-05,0.039
vīzija,2,3.9140475165368506e-05,0.039
vietne,2,3.9140475165368506e-05,0.039
pieklājīgi,2,3.9140475165368506e-05,0.039
bezspēcīgs,2,3.9140475165368506e-05,0.039
apskaut,2,3.9140475165368506e-05,0.039
spānis,2,3.9140475165368506e-05,0.039
poza,2,3.9140475165368506e-05,0.039
atdalīt,2,3.9140475165368506e-05,0.039
stiprināties,2,3.9140475165368506e-05,0.039
evolūcija,2,3.9140475165368506e-05,0.039
briesmas,2,3.9140475165368506e-05,0.039
iestāstīt,2,3.9140475165368506e-05,0.039
spirituāls,2,3.9140475165368506e-05,0.039
slēgšana,2,3.9140475165368506e-05,0.039
paprasīt,2,3.9140475165368506e-05,0.039
pirkstiņš,2,3.9140475165368506e-05,0.039
šodiena,2,3.9140475165368506e-05,0.039
viesis,2,3.9140475165368506e-05,0.039
skaļš,2,3.9140475165368506e-05,0.039
maize,2,3.9140475165368506e-05,0.039
konstants,2,3.9140475165368506e-05,0.039
kaudzīte,2,3.9140475165368506e-05,0.039
pakļautība,2,3.9140475165368506e-05,0.039
aizdomīgs,2,3.9140475165368506e-05,0.039
elektromagnētisks,2,3.9140475165368506e-05,0.039
bezprecents,2,3.9140475165368506e-05,0.039
devalvēt,2,3.9140475165368506e-05,0.039
pārvērst,2,3.9140475165368506e-05,0.039
detaļa,2,3.9140475165368506e-05,0.039
faktčekers,2,3.9140475165368506e-05,0.039
piedeva,2,3.9140475165368506e-05,0.039
sabrukums,2,3.9140475165368506e-05,0.039
apturēšana,2,3.9140475165368506e-05,0.039
tūdaļ,2,3.9140475165368506e-05,0.039
precizēt,2,3.9140475165368506e-05,0.039
saņēmējs,2,3.9140475165368506e-05,0.039
ziedojums,2,3.9140475165368506e-05,0.039
vēlīns,2,3.9140475165368506e-05,0.039
septiņreiz,2,3.9140475165368506e-05,0.039
pavalsts,2,3.9140475165368506e-05,0.039
gubernators,2,3.9140475165368506e-05,0.039
pārkāpšana,2,3.9140475165368506e-05,0.039
order,2,3.9140475165368506e-05,0.039
app,2,3.9140475165368506e-05,0.039
thousand,2,3.9140475165368506e-05,0.039
monitorēt,2,3.9140475165368506e-05,0.039
johnson,2,3.9140475165368506e-05,0.039
apgrozība,2,3.9140475165368506e-05,0.039
pabeigšana,2,3.9140475165368506e-05,0.039
mēslaine,2,3.9140475165368506e-05,0.039
reiner,2,3.9140475165368506e-05,0.039
kovidšovs,2,3.9140475165368506e-05,0.039
tromboža,2,3.9140475165368506e-05,0.039
tromba,2,3.9140475165368506e-05,0.039
veidošanās,2,3.9140475165368506e-05,0.039
sola,2,3.9140475165368506e-05,0.039
kalpošana,2,3.9140475165368506e-05,0.039
allaž,2,3.9140475165368506e-05,0.039
iespaidot,2,3.9140475165368506e-05,0.039
etnisks,2,3.9140475165368506e-05,0.039
dzimums,2,3.9140475165368506e-05,0.039
izturēties,2,3.9140475165368506e-05,0.039
pienācīgs,2,3.9140475165368506e-05,0.039
labā,2,3.9140475165368506e-05,0.039
labsajūta,2,3.9140475165368506e-05,0.039
pilsonisks,2,3.9140475165368506e-05,0.039
guļamistabās,2,3.9140475165368506e-05,0.039
pamodināt,2,3.9140475165368506e-05,0.039
kafejnīca,2,3.9140475165368506e-05,0.039
uzpurnis,2,3.9140475165368506e-05,0.039
aizpildīlt,2,3.9140475165368506e-05,0.039
audio,2,3.9140475165368506e-05,0.039
austrālija,2,3.9140475165368506e-05,0.039
pavads,2,3.9140475165368506e-05,0.039
vasaļi,2,3.9140475165368506e-05,0.039
īpatnējs,2,3.9140475165368506e-05,0.039
pieteikt,2,3.9140475165368506e-05,0.039
starpība,2,3.9140475165368506e-05,0.039
ti,2,3.9140475165368506e-05,0.039
folija,2,3.9140475165368506e-05,0.039
cepurīte,2,3.9140475165368506e-05,0.039
piedēvēt,2,3.9140475165368506e-05,0.039
tautietis,2,3.9140475165368506e-05,0.039
piemirsties,2,3.9140475165368506e-05,0.039
kreiss,2,3.9140475165368506e-05,0.039
apmācīt,2,3.9140475165368506e-05,0.039
mobings,2,3.9140475165368506e-05,0.039
rstēties,2,3.9140475165368506e-05,0.039
sūdzēt,2,3.9140475165368506e-05,0.039
atpakaļgaits,2,3.9140475165368506e-05,0.039
baidīt,2,3.9140475165368506e-05,0.039
kovidārprāts,2,3.9140475165368506e-05,0.039
biontech,2,3.9140475165368506e-05,0.039
olnīca,2,3.9140475165368506e-05,0.039
vienāds,2,3.9140475165368506e-05,0.039
aparteīda,2,3.9140475165368506e-05,0.039
šausmināt,2,3.9140475165368506e-05,0.039
alus,2,3.9140475165368506e-05,0.039
aprēķins,2,3.9140475165368506e-05,0.039
apmuļķot,2,3.9140475165368506e-05,0.039
ceļošana,2,3.9140475165368506e-05,0.039
izglītoties,2,3.9140475165368506e-05,0.039
hibrīdkarš,2,3.9140475165368506e-05,0.039
ceļojums,2,3.9140475165368506e-05,0.039
īsums,2,3.9140475165368506e-05,0.039
jezgs,2,3.9140475165368506e-05,0.039
izolēt,2,3.9140475165368506e-05,0.039
igaunis,2,3.9140475165368506e-05,0.039
pēctecis,2,3.9140475165368506e-05,0.039
jaudīgs,2,3.9140475165368506e-05,0.039
priekšvēlēšanu,2,3.9140475165368506e-05,0.039
izsitums,2,3.9140475165368506e-05,0.039
ārkārtīgi,2,3.9140475165368506e-05,0.039
uzstāt,2,3.9140475165368506e-05,0.039
raustīt,2,3.9140475165368506e-05,0.039
mudināt,2,3.9140475165368506e-05,0.039
polis,2,3.9140475165368506e-05,0.039
zviedrs,2,3.9140475165368506e-05,0.039
miermīlīgs,2,3.9140475165368506e-05,0.039
izrīkoties,2,3.9140475165368506e-05,0.039
izmisīgs,2,3.9140475165368506e-05,0.039
apspiest,2,3.9140475165368506e-05,0.039
iejaukšanās,2,3.9140475165368506e-05,0.039
beztiesiskums,2,3.9140475165368506e-05,0.039
veidotājs,2,3.9140475165368506e-05,0.039
cars,2,3.9140475165368506e-05,0.039
garants,2,3.9140475165368506e-05,0.039
mutācija,2,3.9140475165368506e-05,0.039
vernons,2,3.9140475165368506e-05,0.039
kolemans,2,3.9140475165368506e-05,0.039
vernon,2,3.9140475165368506e-05,0.039
coleman,2,3.9140475165368506e-05,0.039
mutēt,2,3.9140475165368506e-05,0.039
vējdzirnavas,2,3.9140475165368506e-05,0.039
vējš,2,3.9140475165368506e-05,0.039
bill,2,3.9140475165368506e-05,0.039
uzdzīt,2,3.9140475165368506e-05,0.039
štirlika,2,3.9140475165368506e-05,0.039
informatīvs,2,3.9140475165368506e-05,0.039
kritiski,2,3.9140475165368506e-05,0.039
uzsūkties,2,3.9140475165368506e-05,0.039
asinsvads,2,3.9140475165368506e-05,0.039
gaļa,2,3.9140475165368506e-05,0.039
kāri,2,3.9140475165368506e-05,0.039
elpceļš,2,3.9140475165368506e-05,0.039
kovice,2,3.9140475165368506e-05,0.039
reklamēt,2,3.9140475165368506e-05,0.039
drošums,2,3.9140475165368506e-05,0.039
pieteikties,2,3.9140475165368506e-05,0.039
vinnēt,2,3.9140475165368506e-05,0.039
mantinieks,2,3.9140475165368506e-05,0.039
dāsni,2,3.9140475165368506e-05,0.039
augstskola,2,3.9140475165368506e-05,0.039
pasniedzējs,2,3.9140475165368506e-05,0.039
genoms,2,3.9140475165368506e-05,0.039
gauži,2,3.9140475165368506e-05,0.039
derīgums,2,3.9140475165368506e-05,0.039
banāli,2,3.9140475165368506e-05,0.039
šļurs,2,3.9140475165368506e-05,0.039
juniors,2,3.9140475165368506e-05,0.039
helsinks,2,3.9140475165368506e-05,0.039
pataisīt,2,3.9140475165368506e-05,0.039
impērija,2,3.9140475165368506e-05,0.039
varens,2,3.9140475165368506e-05,0.039
bargs,2,3.9140475165368506e-05,0.039
pamatoti,2,3.9140475165368506e-05,0.039
indivīds,2,3.9140475165368506e-05,0.039
šantāža,2,3.9140475165368506e-05,0.039
atskaņot,2,3.9140475165368506e-05,0.039
anglija,2,3.9140475165368506e-05,0.039
šita,2,3.9140475165368506e-05,0.039
sniegšana,2,3.9140475165368506e-05,0.039
atrisināt,2,3.9140475165368506e-05,0.039
domstarpība,2,3.9140475165368506e-05,0.039
dzēst,2,3.9140475165368506e-05,0.039
ļaunprātīgi,2,3.9140475165368506e-05,0.039
nest,2,3.9140475165368506e-05,0.039
sētnieks,2,3.9140475165368506e-05,0.039
izlaupīt,2,3.9140475165368506e-05,0.039
varmāks,2,3.9140475165368506e-05,0.039
varmācība,2,3.9140475165368506e-05,0.039
fizioterapeits,2,3.9140475165368506e-05,0.039
ars,2,3.9140475165368506e-05,0.039
māris,2,3.9140475165368506e-05,0.039
andersons,2,3.9140475165368506e-05,0.039
salūzt,2,3.9140475165368506e-05,0.039
ragana,2,3.9140475165368506e-05,0.039
medības,2,3.9140475165368506e-05,0.039
spike,2,3.9140475165368506e-05,0.039
proteīns,2,3.9140475165368506e-05,0.039
akna,2,3.9140475165368506e-05,0.039
patologanatoms,2,3.9140475165368506e-05,0.039
cieši,2,3.9140475165368506e-05,0.039
lēns,2,3.9140475165368506e-05,0.039
funkcionēt,2,3.9140475165368506e-05,0.039
piebalsot,2,3.9140475165368506e-05,0.039
jūlija,2,3.9140475165368506e-05,0.039
pārstāsts,2,3.9140475165368506e-05,0.039
cinisms,2,3.9140475165368506e-05,0.039
perevoščikovs,2,3.9140475165368506e-05,0.039
pediatre,2,3.9140475165368506e-05,0.039
novērot,2,3.9140475165368506e-05,0.039
ai,2,3.9140475165368506e-05,0.039
comirnaty,2,3.9140475165368506e-05,0.039
ei,2,3.9140475165368506e-05,0.039
sazīnāt,2,3.9140475165368506e-05,0.039
potēšana,2,3.9140475165368506e-05,0.039
oriģināls,2,3.9140475165368506e-05,0.039
saturīgs,2,3.9140475165368506e-05,0.039
vislatvija,2,3.9140475165368506e-05,0.039
alternatīva,2,3.9140475165368506e-05,0.039
vergturs,2,3.9140475165368506e-05,0.039
disidente,2,3.9140475165368506e-05,0.039
sakrist,2,3.9140475165368506e-05,0.039
ikgadējs,2,3.9140475165368506e-05,0.039
šogad,2,3.9140475165368506e-05,0.039
labpatika,2,3.9140475165368506e-05,0.039
air,2,3.9140475165368506e-05,0.039
baltic,2,3.9140475165368506e-05,0.039
mi,2,3.9140475165368506e-05,0.039
graut,2,3.9140475165368506e-05,0.039
bojāeja,2,3.9140475165368506e-05,0.039
klīst,2,3.9140475165368506e-05,0.039
viesturis,2,3.9140475165368506e-05,0.039
rudzītis,2,3.9140475165368506e-05,0.039
vakcīnrealitāte,2,3.9140475165368506e-05,0.039
apstrādāt,2,3.9140475165368506e-05,0.039
kvalificēt,2,3.9140475165368506e-05,0.039
hospitalizēt,2,3.9140475165368506e-05,0.039
direktors,2,3.9140475165368506e-05,0.039
tiesāties,2,3.9140475165368506e-05,0.039
eksemplārs,2,3.9140475165368506e-05,0.039
malka,2,3.9140475165368506e-05,0.039
ienākums,2,3.9140475165368506e-05,0.039
delt,2,3.9140475165368506e-05,0.039
ģenētisks,2,3.9140475165368506e-05,0.039
inženierija,2,3.9140475165368506e-05,0.039
sateste,2,3.9140475165368506e-05,0.039
pārgrupēšanās,2,3.9140475165368506e-05,0.039
deleģēt,2,3.9140475165368506e-05,0.039
mājiens,2,3.9140475165368506e-05,0.039
diktēt,2,3.9140475165368506e-05,0.039
kodolīgi,2,3.9140475165368506e-05,0.039
ievade,2,3.9140475165368506e-05,0.039
sūdzēties,2,3.9140475165368506e-05,0.039
liktenīgs,2,3.9140475165368506e-05,0.039
mūžība,2,3.9140475165368506e-05,0.039
likumīgi,2,3.9140475165368506e-05,0.039
ogre,2,3.9140475165368506e-05,0.039
pašvaldība,2,3.9140475165368506e-05,0.039
likumība,2,3.9140475165368506e-05,0.039
atkārtoti,2,3.9140475165368506e-05,0.039
krišjānis,2,3.9140475165368506e-05,0.039
linda,2,3.9140475165368506e-05,0.039
priekšstats,2,3.9140475165368506e-05,0.039
atpazīt,2,3.9140475165368506e-05,0.039
fiksēt,2,3.9140475165368506e-05,0.039
bogustovs,2,3.9140475165368506e-05,0.039
vebinārs,2,3.9140475165368506e-05,0.039
dzemdības,2,3.9140475165368506e-05,0.039
muļķis,2,3.9140475165368506e-05,0.039
tiešums,2,3.9140475165368506e-05,0.039
pietiekoši,2,3.9140475165368506e-05,0.039
špriča,2,3.9140475165368506e-05,0.039
alga,2,3.9140475165368506e-05,0.039
izrādīt,2,3.9140475165368506e-05,0.039
cipars,2,3.9140475165368506e-05,0.039
zobs,2,3.9140475165368506e-05,0.039
jēdzīgs,2,3.9140475165368506e-05,0.039
rezebergs,2,3.9140475165368506e-05,0.039
atvainošanās,2,3.9140475165368506e-05,0.039
pazaudēt,2,3.9140475165368506e-05,0.039
ve,2,3.9140475165368506e-05,0.039
pasūtīt,2,3.9140475165368506e-05,0.039
otrdien,2,3.9140475165368506e-05,0.039
ņēmējs,2,3.9140475165368506e-05,0.039
kompetence,2,3.9140475165368506e-05,0.039
persija,2,3.9140475165368506e-05,0.039
ražošana,2,3.9140475165368506e-05,0.039
lādiņš,2,3.9140475165368506e-05,0.039
veltījums,2,3.9140475165368506e-05,0.039
patriots,2,3.9140475165368506e-05,0.039
murga,2,3.9140475165368506e-05,0.039
izcelties,2,3.9140475165368506e-05,0.039
indēšana,2,3.9140475165368506e-05,0.039
galējs,2,3.9140475165368506e-05,0.039
aizsargāt,2,3.9140475165368506e-05,0.039
psihiski,2,3.9140475165368506e-05,0.039
dzirnakmens,2,3.9140475165368506e-05,0.039
šantažēt,2,3.9140475165368506e-05,0.039
ieskaitīt,2,3.9140475165368506e-05,0.039
pietrūkt,2,3.9140475165368506e-05,0.039
varaskārs,2,3.9140475165368506e-05,0.039
izsludināties,2,3.9140475165368506e-05,0.039
uzņemšana,2,3.9140475165368506e-05,0.039
ola,2,3.9140475165368506e-05,0.039
izcili,2,3.9140475165368506e-05,0.039
fašists,2,3.9140475165368506e-05,0.039
izturība,2,3.9140475165368506e-05,0.039
demonstrācija,2,3.9140475165368506e-05,0.039
cīnītājs,2,3.9140475165368506e-05,0.039
tara,2,3.9140475165368506e-05,0.039
palēnām,2,3.9140475165368506e-05,0.039
cienīgs,2,3.9140475165368506e-05,0.039
cepure,2,3.9140475165368506e-05,0.039
dāvida,2,3.9140475165368506e-05,0.039
zvaigzne,2,3.9140475165368506e-05,0.039
baltkvēle,2,3.9140475165368506e-05,0.039
metodiski,2,3.9140475165368506e-05,0.039
garīgums,2,3.9140475165368506e-05,0.039
izaugsme,2,3.9140475165368506e-05,0.039
itālija,2,3.9140475165368506e-05,0.039
noticēt,2,3.9140475165368506e-05,0.039
pieteikums,2,3.9140475165368506e-05,0.039
apstādināt,2,3.9140475165368506e-05,0.039
pretruna,2,3.9140475165368506e-05,0.039
būgt,2,3.9140475165368506e-05,0.039
izdzēst,2,3.9140475165368506e-05,0.039
dažkārt,2,3.9140475165368506e-05,0.039
cimdiņa,2,3.9140475165368506e-05,0.039
uzaicināt,2,3.9140475165368506e-05,0.039
pārslimt,2,3.9140475165368506e-05,0.039
platstraume,2,3.9140475165368506e-05,0.039
izgudrotājs,2,3.9140475165368506e-05,0.039
pašreizējs,2,3.9140475165368506e-05,0.039
antibody,2,3.9140475165368506e-05,0.039
dependent,2,3.9140475165368506e-05,0.039
enhancement,2,3.9140475165368506e-05,0.039
than,2,3.9140475165368506e-05,0.039
absence,2,3.9140475165368506e-05,0.039
vaccination,2,3.9140475165368506e-05,0.039
sērgs,2,3.9140475165368506e-05,0.039
riskēt,2,3.9140475165368506e-05,0.039
karjera,2,3.9140475165368506e-05,0.039
komplekss,2,3.9140475165368506e-05,0.039
diskreditēt,2,3.9140475165368506e-05,0.039
izsacīties,2,3.9140475165368506e-05,0.039
izvērsties,2,3.9140475165368506e-05,0.039
volkolakovs,2,3.9140475165368506e-05,0.039
studijas,2,3.9140475165368506e-05,0.039
sāpēt,2,3.9140475165368506e-05,0.039
artis,2,3.9140475165368506e-05,0.039
izklāstīt,2,3.9140475165368506e-05,0.039
agone,2,3.9140475165368506e-05,0.039
ziemassvētki,2,3.9140475165368506e-05,0.039
beļģija,2,3.9140475165368506e-05,0.039
delfi,2,3.9140475165368506e-05,0.039
melinda,2,3.9140475165368506e-05,0.039
rokefelleris,2,3.9140475165368506e-05,0.039
fonds,2,3.9140475165368506e-05,0.039
bāleliņš,2,3.9140475165368506e-05,0.039
pārticība,2,3.9140475165368506e-05,0.039
audzināt,2,3.9140475165368506e-05,0.039
tolerance,2,3.9140475165368506e-05,0.039
vārgs,2,3.9140475165368506e-05,0.039
paslēpties,2,3.9140475165368506e-05,0.039
sabiedriski,2,3.9140475165368506e-05,0.039
apvienība,2,3.9140475165368506e-05,0.039
priekšparaksts,2,3.9140475165368506e-05,0.039
vākšana,2,3.9140475165368506e-05,0.039
atbalst,2,3.9140475165368506e-05,0.039
pārnese,2,3.9140475165368506e-05,0.039
brīvvalststv,2,3.9140475165368506e-05,0.039
formulējums,2,3.9140475165368506e-05,0.039
ballīte,2,3.9140475165368506e-05,0.039
pretlikumīgi,2,3.9140475165368506e-05,0.039
dramatisks,2,3.9140475165368506e-05,0.039
lielveikals,2,3.9140475165368506e-05,0.039
apsūdzēt,2,3.9140475165368506e-05,0.039
mode,2,3.9140475165368506e-05,0.039
lejuplādēt,2,3.9140475165368506e-05,0.039
apple,2,3.9140475165368506e-05,0.039
aplikācija,2,3.9140475165368506e-05,0.039
riņķis,2,3.9140475165368506e-05,0.039
citreiz,2,3.9140475165368506e-05,0.039
ilustrācija,2,3.9140475165368506e-05,0.039
apjukt,2,3.9140475165368506e-05,0.039
pārcentība,2,3.9140475165368506e-05,0.039
stūris,2,3.9140475165368506e-05,0.039
galiņš,2,3.9140475165368506e-05,0.039
re,2,3.9140475165368506e-05,0.039
lolot,2,3.9140475165368506e-05,0.039
jogs,2,3.9140475165368506e-05,0.039
pretoties,2,3.9140475165368506e-05,0.039
baktērija,2,3.9140475165368506e-05,0.039
aksesuārs,2,3.9140475165368506e-05,0.039
paraugstunda,2,3.9140475165368506e-05,0.039
kalps,2,3.9140475165368506e-05,0.039
laimīgs,2,3.9140475165368506e-05,0.039
meklēšana,2,3.9140475165368506e-05,0.039
stabule,2,3.9140475165368506e-05,0.039
valks,2,3.9140475165368506e-05,0.039
apene,2,3.9140475165368506e-05,0.039
paklusa,2,3.9140475165368506e-05,0.039
svītrot,2,3.9140475165368506e-05,0.039
satiksme,2,3.9140475165368506e-05,0.039
atlaide,2,3.9140475165368506e-05,0.039
kasta,2,3.9140475165368506e-05,0.039
greizs,2,3.9140475165368506e-05,0.039
spogulis,2,3.9140475165368506e-05,0.039
tēja,2,3.9140475165368506e-05,0.039
agrīni,2,3.9140475165368506e-05,0.039
pneimonija,2,3.9140475165368506e-05,0.039
adekvāts,2,3.9140475165368506e-05,0.039
saskaņot,2,3.9140475165368506e-05,0.039
druka,2,3.9140475165368506e-05,0.039
izšķērdēt,2,3.9140475165368506e-05,0.039
apliecība,2,3.9140475165368506e-05,0.039
pagodināt,2,3.9140475165368506e-05,0.039
krimināls,2,3.9140475165368506e-05,0.039
trāpīgi,2,3.9140475165368506e-05,0.039
zavadsks,2,3.9140475165368506e-05,0.039
pieķert,2,3.9140475165368506e-05,0.039
debess,2,3.9140475165368506e-05,0.039
pacelties,2,3.9140475165368506e-05,0.039
pārvākties,2,3.9140475165368506e-05,0.039
apbrīns,2,3.9140475165368506e-05,0.039
smaka,2,3.9140475165368506e-05,0.039
ārkārtējs,2,3.9140475165368506e-05,0.039
sataisīt,2,3.9140475165368506e-05,0.039
klusi,2,3.9140475165368506e-05,0.039
vēsma,2,3.9140475165368506e-05,0.039
saplosīšana,2,3.9140475165368506e-05,0.039
īkšķis,2,3.9140475165368506e-05,0.039
uzraugs,2,3.9140475165368506e-05,0.039
uts,2,3.9140475165368506e-05,0.039
izlietot,2,3.9140475165368506e-05,0.039
rsu,2,3.9140475165368506e-05,0.039
iedomāt,2,3.9140475165368506e-05,0.039
parlaments,2,3.9140475165368506e-05,0.039
kardiologs,2,3.9140475165368506e-05,0.039
kariņlevitpavļut,2,3.9140475165368506e-05,0.039
pielabot,2,3.9140475165368506e-05,0.039
savilkties,2,3.9140475165368506e-05,0.039
apnikt,2,3.9140475165368506e-05,0.039
arsenāls,2,3.9140475165368506e-05,0.039
sars,2,3.9140475165368506e-05,0.039
mels,2,3.9140475165368506e-05,0.039
atsevišķi,2,3.9140475165368506e-05,0.039
holandietis,2,3.9140475165368506e-05,0.039
spraukties,2,3.9140475165368506e-05,0.039
izkristalizēties,2,3.9140475165368506e-05,0.039
cietumsods,2,3.9140475165368506e-05,0.039
aizmirsts,2,3.9140475165368506e-05,0.039
mūsēt,2,3.9140475165368506e-05,0.039
kovidafēra,2,3.9140475165368506e-05,0.039
ritēt,2,3.9140475165368506e-05,0.039
iekomentēt,2,3.9140475165368506e-05,0.039
sirdsbalse,2,3.9140475165368506e-05,0.039
pašaizliedzīgs,2,3.9140475165368506e-05,0.039
ietilpt,2,3.9140475165368506e-05,0.039
uzraudzība,2,3.9140475165368506e-05,0.039
aplaimot,2,3.9140475165368506e-05,0.039
centība,2,3.9140475165368506e-05,0.039
augstprātīgs,2,3.9140475165368506e-05,0.039
acīmredzami,2,3.9140475165368506e-05,0.039
piesārņot,2,3.9140475165368506e-05,0.039
kopiena,2,3.9140475165368506e-05,0.039
rīks,2,3.9140475165368506e-05,0.039
iegāde,2,3.9140475165368506e-05,0.039
turbulence,2,3.9140475165368506e-05,0.039
iekrist,2,3.9140475165368506e-05,0.039
kontinents,2,3.9140475165368506e-05,0.039
iespaids,2,3.9140475165368506e-05,0.039
izzūst,2,3.9140475165368506e-05,0.039
biezs,2,3.9140475165368506e-05,0.039
trekns,2,3.9140475165368506e-05,0.039
stāts,2,3.9140475165368506e-05,0.039
lubrikants,2,3.9140475165368506e-05,0.039
panorīt,2,3.9140475165368506e-05,0.039
aivi,2,3.9140475165368506e-05,0.039
aizturēšana,2,3.9140475165368506e-05,0.039
drūmi,2,3.9140475165368506e-05,0.039
kārena,2,3.9140475165368506e-05,0.039
apcietināt,2,3.9140475165368506e-05,0.039
paraugprāva,2,3.9140475165368506e-05,0.039
apcietinājums,2,3.9140475165368506e-05,0.039
inkriminēt,2,3.9140475165368506e-05,0.039
lamāt,2,3.9140475165368506e-05,0.039
šoks,2,3.9140475165368506e-05,0.039
enerģētisks,2,3.9140475165368506e-05,0.039
organizētājs,2,3.9140475165368506e-05,0.039
analoģija,2,3.9140475165368506e-05,0.039
aizstāvot,2,3.9140475165368506e-05,0.039
raķete,2,3.9140475165368506e-05,0.039
pievilkt,2,3.9140475165368506e-05,0.039
daudzkārt,2,3.9140475165368506e-05,0.039
retorika,2,3.9140475165368506e-05,0.039
klusu,2,3.9140475165368506e-05,0.039
gļēvulība,2,3.9140475165368506e-05,0.039
pretstats,2,3.9140475165368506e-05,0.039
panest,2,3.9140475165368506e-05,0.039
lokāls,2,3.9140475165368506e-05,0.039
izpildījums,2,3.9140475165368506e-05,0.039
rets,2,3.9140475165368506e-05,0.039
grauds,2,3.9140475165368506e-05,0.039
izrietēt,2,3.9140475165368506e-05,0.039
piezīme,2,3.9140475165368506e-05,0.039
apcietināšana,2,3.9140475165368506e-05,0.039
attaisnot,2,3.9140475165368506e-05,0.039
tualete,2,3.9140475165368506e-05,0.039
elektrība,2,3.9140475165368506e-05,0.039
kvalitatīvs,2,3.9140475165368506e-05,0.039
sagatavošana,2,3.9140475165368506e-05,0.039
norādīt,2,3.9140475165368506e-05,0.039
piedomāt,2,3.9140475165368506e-05,0.039
utilizēt,2,3.9140475165368506e-05,0.039
aizsūtīt,2,3.9140475165368506e-05,0.039
šaut,2,3.9140475165368506e-05,0.039
mobilizācija,2,3.9140475165368506e-05,0.039
kokteilis,2,3.9140475165368506e-05,0.039
ļaunprātīgs,2,3.9140475165368506e-05,0.039
žurnāls,2,3.9140475165368506e-05,0.039
uzplaukt,2,3.9140475165368506e-05,0.039
patērēt,2,3.9140475165368506e-05,0.039
useless,2,3.9140475165368506e-05,0.039
eaters,2,3.9140475165368506e-05,0.039
taka,2,3.9140475165368506e-05,0.039
iesnas,2,3.9140475165368506e-05,0.039
bolīvija,2,3.9140475165368506e-05,0.039
ārvalsts,2,3.9140475165368506e-05,0.039
bilonkuļs,2,3.9140475165368506e-05,0.039
dezinfekcija,2,3.9140475165368506e-05,0.039
garlaicīgi,2,3.9140475165368506e-05,0.039
mērkaķis,2,3.9140475165368506e-05,0.039
īpašība,2,3.9140475165368506e-05,0.039
autoritatīvs,2,3.9140475165368506e-05,0.039
atslepenot,2,3.9140475165368506e-05,0.039
speciāls,2,3.9140475165368506e-05,0.039
krāšņums,2,3.9140475165368506e-05,0.039
uzrīkot,2,3.9140475165368506e-05,0.039
straume,2,3.9140475165368506e-05,0.039
savlaicīgs,2,3.9140475165368506e-05,0.039
brīnīties,2,3.9140475165368506e-05,0.039
augstu,2,3.9140475165368506e-05,0.039
politnekorekts,2,3.9140475165368506e-05,0.039
solīties,2,3.9140475165368506e-05,0.039
kontingents,2,3.9140475165368506e-05,0.039
tumšs,2,3.9140475165368506e-05,0.039
seriāls,2,3.9140475165368506e-05,0.039
pašaizsardzība,2,3.9140475165368506e-05,0.039
mukt,2,3.9140475165368506e-05,0.039
lietuvietis,2,3.9140475165368506e-05,0.039
koks,2,3.9140475165368506e-05,0.039
ciršana,2,3.9140475165368506e-05,0.039
iesava,2,3.9140475165368506e-05,0.039
trejgalva,2,3.9140475165368506e-05,0.039
uzvarētājs,2,3.9140475165368506e-05,0.039
lits,2,3.9140475165368506e-05,0.039
ventiņa,2,3.9140475165368506e-05,0.039
sātanists,2,3.9140475165368506e-05,0.039
pārcelties,2,3.9140475165368506e-05,0.039
rezeberga,2,3.9140475165368506e-05,0.039
pelsi,2,3.9140475165368506e-05,0.039
modra,2,3.9140475165368506e-05,0.039
labrīt,2,3.9140475165368506e-05,0.039
ankets,2,3.9140475165368506e-05,0.039
cēloņsakarība,2,3.9140475165368506e-05,0.039
audzējs,2,3.9140475165368506e-05,0.039
ābece,2,3.9140475165368506e-05,0.039
aksioma,2,3.9140475165368506e-05,0.039
ideoloģisks,2,3.9140475165368506e-05,0.039
skalošana,2,3.9140475165368506e-05,0.039
truls,2,3.9140475165368506e-05,0.039
šakālis,2,3.9140475165368506e-05,0.039
hiēna,2,3.9140475165368506e-05,0.039
izredžt,2,3.9140475165368506e-05,0.039
jūga,2,3.9140475165368506e-05,0.039
tumsība,2,3.9140475165368506e-05,0.039
kor,2,3.9140475165368506e-05,0.039
inteliģents,2,3.9140475165368506e-05,0.039
dievbijīgs,2,3.9140475165368506e-05,0.039
skaitlisks,2,3.9140475165368506e-05,0.039
definīcija,2,3.9140475165368506e-05,0.039
leģitimizēt,2,3.9140475165368506e-05,0.039
kolaboracionisms,2,3.9140475165368506e-05,0.039
īstermiņš,2,3.9140475165368506e-05,0.039
kolaboranti,2,3.9140475165368506e-05,0.039
tradicionāli,2,3.9140475165368506e-05,0.039
turties,2,3.9140475165368506e-05,0.039
kolaboracionists,2,3.9140475165368506e-05,0.039
algotnis,2,3.9140475165368506e-05,0.039
ticami,2,3.9140475165368506e-05,0.039
iepēja,2,3.9140475165368506e-05,0.039
sēse,2,3.9140475165368506e-05,0.039
pļauss,2,3.9140475165368506e-05,0.039
metastāze,2,3.9140475165368506e-05,0.039
piemānīšana,2,3.9140475165368506e-05,0.039
piekrāpšana,2,3.9140475165368506e-05,0.039
piespiešana,2,3.9140475165368506e-05,0.039
šļura,2,3.9140475165368506e-05,0.039
tarifs,2,3.9140475165368506e-05,0.039
leģitīmi,2,3.9140475165368506e-05,0.039
aktivitāte,2,3.9140475165368506e-05,0.039
pretšļura,2,3.9140475165368506e-05,0.039
piesaistīšana,2,3.9140475165368506e-05,0.039
fars,2,3.9140475165368506e-05,0.039
gluži,2,3.9140475165368506e-05,0.039
histēriski,2,3.9140475165368506e-05,0.039
līst,2,3.9140475165368506e-05,0.039
atna,2,3.9140475165368506e-05,0.039
paglābi,2,3.9140475165368506e-05,0.039
drāzties,2,3.9140475165368506e-05,0.039
salps,2,3.9140475165368506e-05,0.039
spānija,2,3.9140475165368506e-05,0.039
kolonija,2,3.9140475165368506e-05,0.039
bezatbildība,2,3.9140475165368506e-05,0.039
adata,2,3.9140475165368506e-05,0.039
viltīgi,2,3.9140475165368506e-05,0.039
saindēt,2,3.9140475165368506e-05,0.039
spodrināšana,2,3.9140475165368506e-05,0.039
aplams,2,3.9140475165368506e-05,0.039
objekts,2,3.9140475165368506e-05,0.039
ziņojums,2,3.9140475165368506e-05,0.039
pārdomāt,2,3.9140475165368506e-05,0.039
izvilkt,2,3.9140475165368506e-05,0.039
ārvalstnieks,2,3.9140475165368506e-05,0.039
juridiski,2,3.9140475165368506e-05,0.039
likumisks,2,3.9140475165368506e-05,0.039
lielvalsts,2,3.9140475165368506e-05,0.039
tuvoties,2,3.9140475165368506e-05,0.039
autoritāte,2,3.9140475165368506e-05,0.039
kandidāts,2,3.9140475165368506e-05,0.039
sludināt,2,3.9140475165368506e-05,0.039
mēsla,2,3.9140475165368506e-05,0.039
aitiņa,2,3.9140475165368506e-05,0.039
atklājums,2,3.9140475165368506e-05,0.039
uga,2,3.9140475165368506e-05,0.039
konsīlijs,2,3.9140475165368506e-05,0.039
prestižs,2,3.9140475165368506e-05,0.039
rezume,2,3.9140475165368506e-05,0.039
streiks,2,3.9140475165368506e-05,0.039
spēlētājs,2,3.9140475165368506e-05,0.039
inta,2,3.9140475165368506e-05,0.039
atspoguļojums,2,3.9140475165368506e-05,0.039
izmisīgi,2,3.9140475165368506e-05,0.039
jūtas,2,3.9140475165368506e-05,0.039
vēls,2,3.9140475165368506e-05,0.039
piedzimšana,2,3.9140475165368506e-05,0.039
apbedīšana,2,3.9140475165368506e-05,0.039
automašīna,2,3.9140475165368506e-05,0.039
televīzija,2,3.9140475165368506e-05,0.039
bojāt,2,3.9140475165368506e-05,0.039
sistemātiski,2,3.9140475165368506e-05,0.039
visatļautība,2,3.9140475165368506e-05,0.039
spert,2,3.9140475165368506e-05,0.039
pašpasludināt,2,3.9140475165368506e-05,0.039
cēls,2,3.9140475165368506e-05,0.039
ikdienišķs,2,3.9140475165368506e-05,0.039
parādība,2,3.9140475165368506e-05,0.039
lētticīgs,2,3.9140475165368506e-05,0.039
paģiras,2,3.9140475165368506e-05,0.039
autors,2,3.9140475165368506e-05,0.039
iluzora,2,3.9140475165368506e-05,0.039
pārtraukšana,2,3.9140475165368506e-05,0.039
kafija,2,3.9140475165368506e-05,0.039
pierunāties,2,3.9140475165368506e-05,0.039
mazulis,2,3.9140475165368506e-05,0.039
brrrr,2,3.9140475165368506e-05,0.039
šermulis,2,3.9140475165368506e-05,0.039
province,2,3.9140475165368506e-05,0.039
premjerministre,2,3.9140475165368506e-05,0.039
priecīgi,2,3.9140475165368506e-05,0.039
iekļūt,2,3.9140475165368506e-05,0.039
pārticīgs,2,3.9140475165368506e-05,0.039
klusām,2,3.9140475165368506e-05,0.039
īslaicīgs,2,3.9140475165368506e-05,0.039
advancēt,2,3.9140475165368506e-05,0.039
sakarība,2,3.9140475165368506e-05,0.039
godināt,2,3.9140475165368506e-05,0.039
publika,2,3.9140475165368506e-05,0.039
meierovics,2,3.9140475165368506e-05,0.039
ulmanis,2,3.9140475165368506e-05,0.039
bezgalīgi,2,3.9140475165368506e-05,0.039
influencae,2,3.9140475165368506e-05,0.039
paveids,2,3.9140475165368506e-05,0.039
uzkrītoši,2,3.9140475165368506e-05,0.039
rozentāle,2,3.9140475165368506e-05,0.039
sīkums,2,3.9140475165368506e-05,0.039
spēkavot,2,3.9140475165368506e-05,0.039
elektrisks,2,3.9140475165368506e-05,0.039
itkā,2,3.9140475165368506e-05,0.039
piesārņojums,2,3.9140475165368506e-05,0.039
iegūšana,2,3.9140475165368506e-05,0.039
baterija,2,3.9140475165368506e-05,0.039
galīgs,2,3.9140475165368506e-05,0.039
plānprātiņš,2,3.9140475165368506e-05,0.039
iztēle,2,3.9140475165368506e-05,0.039
plānveida,2,3.9140475165368506e-05,0.039
atrunāties,2,3.9140475165368506e-05,0.039
suverēns,2,3.9140475165368506e-05,0.039
sarežģīti,2,3.9140475165368506e-05,0.039
sīkmanība,2,3.9140475165368506e-05,0.039
tuvredzība,2,3.9140475165368506e-05,0.039
līdzvērtīgs,2,3.9140475165368506e-05,0.039
izraksts,2,3.9140475165368506e-05,0.039
ērtība,2,3.9140475165368506e-05,0.039
dikti,2,3.9140475165368506e-05,0.039
tuvināt,2,3.9140475165368506e-05,0.039
iepirkties,2,3.9140475165368506e-05,0.039
gaume,2,3.9140475165368506e-05,0.039
zeķe,2,3.9140475165368506e-05,0.039
mazgāšana,2,3.9140475165368506e-05,0.039
digitāli,2,3.9140475165368506e-05,0.039
veļa,2,3.9140475165368506e-05,0.039
vērte,2,3.9140475165368506e-05,0.039
cukurkalns,2,3.9140475165368506e-05,0.039
kantoris,2,3.9140475165368506e-05,0.039
uzbūvēt,2,3.9140475165368506e-05,0.039
izdevīgums,2,3.9140475165368506e-05,0.039
klusība,2,3.9140475165368506e-05,0.039
muguriņš,2,3.9140475165368506e-05,0.039
koncentrēt,2,3.9140475165368506e-05,0.039
salīdzinoši,2,3.9140475165368506e-05,0.039
sterilizācija,2,3.9140475165368506e-05,0.039
ticīgs,2,3.9140475165368506e-05,0.039
paklausīt,2,3.9140475165368506e-05,0.039
bodīte,2,3.9140475165368506e-05,0.039
leijens,2,3.9140475165368506e-05,0.039
izredze,2,3.9140475165368506e-05,0.039
vienlaikus,2,3.9140475165368506e-05,0.039
bēres,2,3.9140475165368506e-05,0.039
kovidšpricēšana,2,3.9140475165368506e-05,0.039
oficiozs,2,3.9140475165368506e-05,0.039
pārlidēt,2,3.9140475165368506e-05,0.039
iejaukties,2,3.9140475165368506e-05,0.039
piesacīties,2,3.9140475165368506e-05,0.039
garantēt,2,3.9140475165368506e-05,0.039
astrīda,2,3.9140475165368506e-05,0.039
popularizēt,2,3.9140475165368506e-05,0.039
tētis,2,3.9140475165368506e-05,0.039
rutīna,2,3.9140475165368506e-05,0.039
rumānija,2,3.9140475165368506e-05,0.039
pirmsskolas,2,3.9140475165368506e-05,0.039
apgaismot,2,3.9140475165368506e-05,0.039
ievirze,2,3.9140475165368506e-05,0.039
grīnhofa,2,3.9140475165368506e-05,0.039
multene,2,3.9140475165368506e-05,0.039
dziņa,2,3.9140475165368506e-05,0.039
dzīvotgriba,2,3.9140475165368506e-05,0.039
psihe,2,3.9140475165368506e-05,0.039
izpostīt,2,3.9140475165368506e-05,0.039
spriedze,2,3.9140475165368506e-05,0.039
brīnumlīdzeklis,2,3.9140475165368506e-05,0.039
straujš,2,3.9140475165368506e-05,0.039
pasliktināšanās,2,3.9140475165368506e-05,0.039
pašārstēšanās,2,3.9140475165368506e-05,0.039
mutiski,2,3.9140475165368506e-05,0.039
šizoīda,2,3.9140475165368506e-05,0.039
rāmis,2,3.9140475165368506e-05,0.039
plosīt,2,3.9140475165368506e-05,0.039
pagasts,2,3.9140475165368506e-05,0.039
krūms,2,3.9140475165368506e-05,0.039
jugls,2,3.9140475165368506e-05,0.039
staķis,2,3.9140475165368506e-05,0.039
klubs,2,3.9140475165368506e-05,0.039
uzcelt,2,3.9140475165368506e-05,0.039
izjust,2,3.9140475165368506e-05,0.039
logs,2,3.9140475165368506e-05,0.039
vīriņš,2,3.9140475165368506e-05,0.039
literatūra,2,3.9140475165368506e-05,0.039
vēstnieks,2,3.9140475165368506e-05,0.039
bāriņtietis,2,3.9140475165368506e-05,0.039
konvencija,2,3.9140475165368506e-05,0.039
godprātīgs,2,3.9140475165368506e-05,0.039
informēšana,2,3.9140475165368506e-05,0.039
izrakt,2,3.9140475165368506e-05,0.039
apburēt,2,3.9140475165368506e-05,0.039
lēdija,2,3.9140475165368506e-05,0.039
apbruņoties,2,3.9140475165368506e-05,0.039
apstrīdēšana,2,3.9140475165368506e-05,0.039
rituāls,2,3.9140475165368506e-05,0.039
aizvērt,2,3.9140475165368506e-05,0.039
papīrītis,2,3.9140475165368506e-05,0.039
plaukts,2,3.9140475165368506e-05,0.039
uzspiediens,2,3.9140475165368506e-05,0.039
gejropa,2,3.9140475165368506e-05,0.039
saeims,2,3.9140475165368506e-05,0.039
pakaļa,2,3.9140475165368506e-05,0.039
varavīksne,2,3.9140475165368506e-05,0.039
pārtapt,2,3.9140475165368506e-05,0.039
vendelis,2,3.9140475165368506e-05,0.039
kovidvakcīna,2,3.9140475165368506e-05,0.039
vienlīdzīgs,2,3.9140475165368506e-05,0.039
klikšķis,2,3.9140475165368506e-05,0.039
diktāts,2,3.9140475165368506e-05,0.039
spēcīgi,2,3.9140475165368506e-05,0.039
prognozēt,2,3.9140475165368506e-05,0.039
sēne,2,3.9140475165368506e-05,0.039
piepe,2,3.9140475165368506e-05,0.039
ķīmijterapija,2,3.9140475165368506e-05,0.039
varenība,2,3.9140475165368506e-05,0.039
brīnumpote,2,3.9140475165368506e-05,0.039
arābs,2,3.9140475165368506e-05,0.039
tāāds,2,3.9140475165368506e-05,0.039
vīksna,2,3.9140475165368506e-05,0.039
izpēte,2,3.9140475165368506e-05,0.039
seši,2,3.9140475165368506e-05,0.039
veidotāja,2,3.9140475165368506e-05,0.039
blogere,2,3.9140475165368506e-05,0.039
kristīna,2,3.9140475165368506e-05,0.039
duņeca,2,3.9140475165368506e-05,0.039
āgenskalns,2,3.9140475165368506e-05,0.039
pierakstieties,2,3.9140475165368506e-05,0.039
hpv,2,3.9140475165368506e-05,0.039
sastrēgums,2,3.9140475165368506e-05,0.039
dīvainība,2,3.9140475165368506e-05,0.039
darīšana,2,3.9140475165368506e-05,0.039
červonska,2,3.9140475165368506e-05,0.039
šosezon,2,3.9140475165368506e-05,0.039
zemīte,2,3.9140475165368506e-05,0.039
gulbis,2,3.9140475165368506e-05,0.039
genofonds,2,3.9140475165368506e-05,0.039
atlase,2,3.9140475165368506e-05,0.039
iesaukums,2,3.9140475165368506e-05,0.039
klausīt,2,3.9140475165368506e-05,0.039
seminārs,2,3.9140475165368506e-05,0.039
institūts,2,3.9140475165368506e-05,0.039
saslēgt,2,3.9140475165368506e-05,0.039
infektoloģe,2,3.9140475165368506e-05,0.039
aizkulise,2,3.9140475165368506e-05,0.039
stingumkrampi,2,3.9140475165368506e-05,0.039
pārvaldība,2,3.9140475165368506e-05,0.039
tiešsaiste,2,3.9140475165368506e-05,0.039
manta,2,3.9140475165368506e-05,0.039
bruņot,2,3.9140475165368506e-05,0.039
robežsardze,2,3.9140475165368506e-05,0.039
akcentēt,2,3.9140475165368506e-05,0.039
uzkrāt,2,3.9140475165368506e-05,0.039
aptveris,2,3.9140475165368506e-05,0.039
pamatoties,2,3.9140475165368506e-05,0.039
tiesīgs,2,3.9140475165368506e-05,0.039
rehabilitācija,2,3.9140475165368506e-05,0.039
pasūtīšana,2,3.9140475165368506e-05,0.039
balstvakcinācija,2,3.9140475165368506e-05,0.039
pašnodarbināt,2,3.9140475165368506e-05,0.039
drašot,2,3.9140475165368506e-05,0.039
ķēdīte,2,3.9140475165368506e-05,0.039
atsaukties,2,3.9140475165368506e-05,0.039
afganistāna,2,3.9140475165368506e-05,0.039
piemirst,2,3.9140475165368506e-05,0.039
ierīce,2,3.9140475165368506e-05,0.039
masveids,2,3.9140475165368506e-05,0.039
āfrika,2,3.9140475165368506e-05,0.039
ienākties,2,3.9140475165368506e-05,0.039
leiens,2,3.9140475165368506e-05,0.039
valdis,2,3.9140475165368506e-05,0.039
dombrovskis,2,3.9140475165368506e-05,0.039
patreizējs,2,3.9140475165368506e-05,0.039
evika,2,3.9140475165368506e-05,0.039
reitings,2,3.9140475165368506e-05,0.039
siliņa,2,3.9140475165368506e-05,0.039
pakalpīgi,2,3.9140475165368506e-05,0.039
geoinženierija,2,3.9140475165368506e-05,0.039
ceremonija,2,3.9140475165368506e-05,0.039
kristietība,2,3.9140475165368506e-05,0.039
simbols,2,3.9140475165368506e-05,0.039
pamatvērtība,2,3.9140475165368506e-05,0.039
pastāsts,2,3.9140475165368506e-05,0.039
žetons,2,3.9140475165368506e-05,0.039
priekšmets,2,3.9140475165368506e-05,0.039
marketings,2,3.9140475165368506e-05,0.039
atlikums,2,3.9140475165368506e-05,0.039
antitoksisks,2,3.9140475165368506e-05,0.039
ažiotāža,2,3.9140475165368506e-05,0.039
kārt,2,3.9140475165368506e-05,0.039
motivēt,2,3.9140475165368506e-05,0.039
apaļš,2,3.9140475165368506e-05,0.039
izrunāt,2,3.9140475165368506e-05,0.039
kauns,2,3.9140475165368506e-05,0.039
aspekts,2,3.9140475165368506e-05,0.039
detalizēt,2,3.9140475165368506e-05,0.039
uzbrukums,2,3.9140475165368506e-05,0.039
ciešs,2,3.9140475165368506e-05,0.039
uzaicinājums,2,3.9140475165368506e-05,0.039
klaja,2,3.9140475165368506e-05,0.039
painteresēties,2,3.9140475165368506e-05,0.039
demagoģija,2,3.9140475165368506e-05,0.039
uzvārds,2,3.9140475165368506e-05,0.039
bēda,2,3.9140475165368506e-05,0.039
uzsākšana,2,3.9140475165368506e-05,0.039
uzvesties,2,3.9140475165368506e-05,0.039
apsargs,2,3.9140475165368506e-05,0.039
mēbele,2,3.9140475165368506e-05,0.039
sadzīve,2,3.9140475165368506e-05,0.039
atvest,2,3.9140475165368506e-05,0.039
kratīšana,2,3.9140475165368506e-05,0.039
madona,2,3.9140475165368506e-05,0.039
vienpersonisks,2,3.9140475165368506e-05,0.039
vecmāmiņa,2,3.9140475165368506e-05,0.039
austra,2,3.9140475165368506e-05,0.039
brežģe,2,3.9140475165368506e-05,0.039
puisīša,2,3.9140475165368506e-05,0.039
stacionēt,2,3.9140475165368506e-05,0.039
operācija,2,3.9140475165368506e-05,0.039
meitiņa,2,3.9140475165368506e-05,0.039
figurēt,2,3.9140475165368506e-05,0.039
izmeklēšana,2,3.9140475165368506e-05,0.039
pārvest,2,3.9140475165368506e-05,0.039
praktisks,2,3.9140475165368506e-05,0.039
lepoties,2,3.9140475165368506e-05,0.039
aizvainot,2,3.9140475165368506e-05,0.039
totalitārs,2,3.9140475165368506e-05,0.039
lozunga,2,3.9140475165368506e-05,0.039
tālākizglītība,2,3.9140475165368506e-05,0.039
individuāls,2,3.9140475165368506e-05,0.039
augstprātība,2,3.9140475165368506e-05,0.039
aizbildnis,2,3.9140475165368506e-05,0.039
akadēmisks,2,3.9140475165368506e-05,0.039
ķīmisks,2,3.9140475165368506e-05,0.039
meri,2,3.9140475165368506e-05,0.039
visums,2,3.9140475165368506e-05,0.039
atsauksme,2,3.9140475165368506e-05,0.039
rūpīgs,2,3.9140475165368506e-05,0.039
dzeltens,2,3.9140475165368506e-05,0.039
ārdurvis,2,3.9140475165368506e-05,0.039
mikrofons,2,3.9140475165368506e-05,0.039
galēja,2,3.9140475165368506e-05,0.039
pieskriet,2,3.9140475165368506e-05,0.039
apsardze,2,3.9140475165368506e-05,0.039
pārruna,2,3.9140475165368506e-05,0.039
homo,2,3.9140475165368506e-05,0.039
sapiens,2,3.9140475165368506e-05,0.039
lāgā,2,3.9140475165368506e-05,0.039
grēks,2,3.9140475165368506e-05,0.039
indīgs,2,3.9140475165368506e-05,0.039
lietderīgi,2,3.9140475165368506e-05,0.039
pastaigāt,2,3.9140475165368506e-05,0.039
kritizēt,2,3.9140475165368506e-05,0.039
koleģiāli,2,3.9140475165368506e-05,0.039
prezentēt,2,3.9140475165368506e-05,0.039
iecelt,2,3.9140475165368506e-05,0.039
grūstīt,2,3.9140475165368506e-05,0.039
firma,2,3.9140475165368506e-05,0.039
kovidvakcinācija,2,3.9140475165368506e-05,0.039
izveidoties,2,3.9140475165368506e-05,0.039
sirreāls,2,3.9140475165368506e-05,0.039
msd,2,3.9140475165368506e-05,0.039
farmaceitisks,2,3.9140475165368506e-05,0.039
komplekts,2,3.9140475165368506e-05,0.039
pārslimot,2,3.9140475165368506e-05,0.039
alumīnija,2,3.9140475165368506e-05,0.039
sāļš,2,3.9140475165368506e-05,0.039
daudzveidīgs,2,3.9140475165368506e-05,0.039
jūda,2,3.9140475165368506e-05,0.039
graši,2,3.9140475165368506e-05,0.039
aizbāšana,2,3.9140475165368506e-05,0.039
vid,2,3.9140475165368506e-05,0.039
simona,2,3.9140475165368506e-05,0.039
sēta,2,3.9140475165368506e-05,0.039
patriotisms,2,3.9140475165368506e-05,0.039
siers,2,3.9140475165368506e-05,0.039
atribūts,2,3.9140475165368506e-05,0.039
īstenošana,2,3.9140475165368506e-05,0.039
centrāls,2,3.9140475165368506e-05,0.039
biomedicīnisks,2,3.9140475165368506e-05,0.039
progress,2,3.9140475165368506e-05,0.039
sponsorēt,2,3.9140475165368506e-05,0.039
pabrīnīties,2,3.9140475165368506e-05,0.039
pārsūdzēt,2,3.9140475165368506e-05,0.039
dziednieks,2,3.9140475165368506e-05,0.039
aura,2,3.9140475165368506e-05,0.039
ings,2,3.9140475165368506e-05,0.039
atzīme,2,3.9140475165368506e-05,0.039
reģistrēties,2,3.9140475165368506e-05,0.039
maldināšana,2,3.9140475165368506e-05,0.039
kriminalizēšana,2,3.9140475165368506e-05,0.039
efektīvi,2,3.9140475165368506e-05,0.039
lēmējs,2,3.9140475165368506e-05,0.039
ilglaicīgs,2,3.9140475165368506e-05,0.039
trombs,2,3.9140475165368506e-05,0.039
ailīte,2,3.9140475165368506e-05,0.039
ķeksītis,2,3.9140475165368506e-05,0.039
papkorns,2,3.9140475165368506e-05,0.039
reaģēt,2,3.9140475165368506e-05,0.039
ema,2,3.9140475165368506e-05,0.039
cilvēciņš,2,3.9140475165368506e-05,0.039
plusiņš,2,3.9140475165368506e-05,0.039
krava,2,3.9140475165368506e-05,0.039
aizlīmēt,2,3.9140475165368506e-05,0.039
bezizmēra,2,3.9140475165368506e-05,0.039
alerģija,2,3.9140475165368506e-05,0.039
golubevs,2,3.9140475165368506e-05,0.039
dinamika,2,3.9140475165368506e-05,0.039
krimināllieta,2,3.9140475165368506e-05,0.039
safabricēt,2,3.9140475165368506e-05,0.039
lursoft,2,3.9140475165368506e-05,0.039
jumts,2,3.9140475165368506e-05,0.039
epidēmija,2,3.9140475165368506e-05,0.039
rokfelleris,2,3.9140475165368506e-05,0.039
ginekologs,2,3.9140475165368506e-05,0.039
drāma,2,3.9140475165368506e-05,0.039
skeptiķis,2,3.9140475165368506e-05,0.039
brauciens,2,3.9140475165368506e-05,0.039
viennozīmīgs,1,1.9570237582684253e-05,0.02
parlamentārs,1,1.9570237582684253e-05,0.02
asamblejs,1,1.9570237582684253e-05,0.02
uzsaukums,1,1.9570237582684253e-05,0.02
šķēps,1,1.9570237582684253e-05,0.02
lauzt,1,1.9570237582684253e-05,0.02
vaigs,1,1.9570237582684253e-05,0.02
sviedri,1,1.9570237582684253e-05,0.02
cieņpilns,1,1.9570237582684253e-05,0.02
pakāpties,1,1.9570237582684253e-05,0.02
pakāpiens,1,1.9570237582684253e-05,0.02
maskava,1,1.9570237582684253e-05,0.02
vorobjovs,1,1.9570237582684253e-05,0.02
černobilietis,1,1.9570237582684253e-05,0.02
turpināšana,1,1.9570237582684253e-05,0.02
ielaist,1,1.9570237582684253e-05,0.02
pārbūt,1,1.9570237582684253e-05,0.02
griezt,1,1.9570237582684253e-05,0.02
turpināšanās,1,1.9570237582684253e-05,0.02
kūtri,1,1.9570237582684253e-05,0.02
komandantstunds,1,1.9570237582684253e-05,0.02
vērt,1,1.9570237582684253e-05,0.02
līdzdalība,1,1.9570237582684253e-05,0.02
pantiņš,1,1.9570237582684253e-05,0.02
kompjūterspēle,1,1.9570237582684253e-05,0.02
pārspēlēties,1,1.9570237582684253e-05,0.02
mānija,1,1.9570237582684253e-05,0.02
premjersministrs,1,1.9570237582684253e-05,0.02
pazinējs,1,1.9570237582684253e-05,0.02
atšķirt,1,1.9570237582684253e-05,0.02
prasme,1,1.9570237582684253e-05,0.02
secina,1,1.9570237582684253e-05,0.02
desmitgade,1,1.9570237582684253e-05,0.02
tis,1,1.9570237582684253e-05,0.02
paradokss,1,1.9570237582684253e-05,0.02
del,1,1.9570237582684253e-05,0.02
bigtree,1,1.9570237582684253e-05,0.02
jeffrey,1,1.9570237582684253e-05,0.02
jaksen,1,1.9570237582684253e-05,0.02
dažādi,1,1.9570237582684253e-05,0.02
maniakāli,1,1.9570237582684253e-05,0.02
uzmācīgs,1,1.9570237582684253e-05,0.02
psihode,1,1.9570237582684253e-05,0.02
maniakāls,1,1.9570237582684253e-05,0.02
teksasa,1,1.9570237582684253e-05,0.02
kovidēmija,1,1.9570237582684253e-05,0.02
covs,1,1.9570237582684253e-05,0.02
histērija,1,1.9570237582684253e-05,0.02
stiept,1,1.9570237582684253e-05,0.02
sindroma,1,1.9570237582684253e-05,0.02
bodo,1,1.9570237582684253e-05,0.02
schiffmann,1,1.9570237582684253e-05,0.02
apzīmogot,1,1.9570237582684253e-05,0.02
izjukt,1,1.9570237582684253e-05,0.02
stokholma,1,1.9570237582684253e-05,0.02
aprīkojums,1,1.9570237582684253e-05,0.02
aparatūra,1,1.9570237582684253e-05,0.02
puzzle,1,1.9570237582684253e-05,0.02
apkopojums,1,1.9570237582684253e-05,0.02
karalistē pfize,1,1.9570237582684253e-05,0.02
parēze,1,1.9570237582684253e-05,0.02
aģite,1,1.9570237582684253e-05,0.02
paņēmiens,1,1.9570237582684253e-05,0.02
lielvara,1,1.9570237582684253e-05,0.02
varaskāre,1,1.9570237582684253e-05,0.02
sējat,1,1.9570237582684253e-05,0.02
cera,1,1.9570237582684253e-05,0.02
iedegt,1,1.9570237582684253e-05,0.02
svece,1,1.9570237582684253e-05,0.02
lietderīgs,1,1.9570237582684253e-05,0.02
jaunizveidot,1,1.9570237582684253e-05,0.02
aizkustināt,1,1.9570237582684253e-05,0.02
īrija,1,1.9570237582684253e-05,0.02
piedāvāšana,1,1.9570237582684253e-05,0.02
perfekti,1,1.9570237582684253e-05,0.02
pagalms,1,1.9570237582684253e-05,0.02
translēt,1,1.9570237582684253e-05,0.02
misinformation,1,1.9570237582684253e-05,0.02
pretspēks,1,1.9570237582684253e-05,0.02
finansējums,1,1.9570237582684253e-05,0.02
pačukstēt,1,1.9570237582684253e-05,0.02
oponents,1,1.9570237582684253e-05,0.02
lab,1,1.9570237582684253e-05,0.02
strīds,1,1.9570237582684253e-05,0.02
stūrakmens,1,1.9570237582684253e-05,0.02
zīmogs,1,1.9570237582684253e-05,0.02
važa,1,1.9570237582684253e-05,0.02
izstrādātāja,1,1.9570237582684253e-05,0.02
nākt,1,1.9570237582684253e-05,0.02
aizvien,1,1.9570237582684253e-05,0.02
melodija,1,1.9570237582684253e-05,0.02
artūrs,1,1.9570237582684253e-05,0.02
berni,1,1.9570237582684253e-05,0.02
izlaidums,1,1.9570237582684253e-05,0.02
apinis,1,1.9570237582684253e-05,0.02
psihopandēmija,1,1.9570237582684253e-05,0.02
alkoholisms,1,1.9570237582684253e-05,0.02
uzmundrināt,1,1.9570237582684253e-05,0.02
kāpt,1,1.9570237582684253e-05,0.02
iegāzt,1,1.9570237582684253e-05,0.02
dzivebezbailaitieties,1,1.9570237582684253e-05,0.02
izgatavošana,1,1.9570237582684253e-05,0.02
slaucīt,1,1.9570237582684253e-05,0.02
uzcītība,1,1.9570237582684253e-05,0.02
atgūšana,1,1.9570237582684253e-05,0.02
farmakoloģisks,1,1.9570237582684253e-05,0.02
līdzēt,1,1.9570237582684253e-05,0.02
apārstēt,1,1.9570237582684253e-05,0.02
reimātiķis,1,1.9570237582684253e-05,0.02
citostātiķis,1,1.9570237582684253e-05,0.02
karsons,1,1.9570237582684253e-05,0.02
bronhīts,1,1.9570237582684253e-05,0.02
angīna,1,1.9570237582684253e-05,0.02
reimatisks,1,1.9570237582684253e-05,0.02
artrīts,1,1.9570237582684253e-05,0.02
palaidēja,1,1.9570237582684253e-05,0.02
skuja,1,1.9570237582684253e-05,0.02
anamnēze,1,1.9570237582684253e-05,0.02
ievākšana,1,1.9570237582684253e-05,0.02
žēlot,1,1.9570237582684253e-05,0.02
holistisks,1,1.9570237582684253e-05,0.02
ajūrvēda,1,1.9570237582684253e-05,0.02
noformulēt,1,1.9570237582684253e-05,0.02
samaksa,1,1.9570237582684253e-05,0.02
zaļš,1,1.9570237582684253e-05,0.02
rabīna,1,1.9570237582684253e-05,0.02
chananys,1,1.9570237582684253e-05,0.02
weissman,1,1.9570237582684253e-05,0.02
definition,1,1.9570237582684253e-05,0.02
provides,1,1.9570237582684253e-05,0.02
disease,1,1.9570237582684253e-05,0.02
does,1,1.9570237582684253e-05,0.02
provide,1,1.9570237582684253e-05,0.02
bestcase,1,1.9570237582684253e-05,0.02
scenario,1,1.9570237582684253e-05,0.02
merely,1,1.9570237582684253e-05,0.02
reduces,1,1.9570237582684253e-05,0.02
chance,1,1.9570237582684253e-05,0.02
catches,1,1.9570237582684253e-05,0.02
hence,1,1.9570237582684253e-05,0.02
take,1,1.9570237582684253e-05,0.02
an,1,1.9570237582684253e-05,0.02
joined,1,1.9570237582684253e-05,0.02
forces,1,1.9570237582684253e-05,0.02
universally,1,1.9570237582684253e-05,0.02
refer,1,1.9570237582684253e-05,0.02
intention,1,1.9570237582684253e-05,0.02
manipulating,1,1.9570237582684253e-05,0.02
feeling,1,1.9570237582684253e-05,0.02
safer,1,1.9570237582684253e-05,0.02
undergoing,1,1.9570237582684253e-05,0.02
deceitful,1,1.9570237582684253e-05,0.02
presumed,1,1.9570237582684253e-05,0.02
benefits,1,1.9570237582684253e-05,0.02
minimal,1,1.9570237582684253e-05,0.02
long,1,1.9570237582684253e-05,0.02
acknowledges,1,1.9570237582684253e-05,0.02
talking,1,1.9570237582684253e-05,0.02
additional,1,1.9570237582684253e-05,0.02
shots,1,1.9570237582684253e-05,0.02
everincreasing,1,1.9570237582684253e-05,0.02
vaccines,1,1.9570237582684253e-05,0.02
required,1,1.9570237582684253e-05,0.02
turn,1,1.9570237582684253e-05,0.02
chronic,1,1.9570237582684253e-05,0.02
receives,1,1.9570237582684253e-05,0.02
products,1,1.9570237582684253e-05,0.02
simply,1,1.9570237582684253e-05,0.02
prevent,1,1.9570237582684253e-05,0.02
strengthening,1,1.9570237582684253e-05,0.02
immune,1,1.9570237582684253e-05,0.02
system,1,1.9570237582684253e-05,0.02
event,1,1.9570237582684253e-05,0.02
catch,1,1.9570237582684253e-05,0.02
vitamins,1,1.9570237582684253e-05,0.02
wellestablished,1,1.9570237582684253e-05,0.02
drugs,1,1.9570237582684253e-05,0.02
wonderful,1,1.9570237582684253e-05,0.02
results,1,1.9570237582684253e-05,0.02
warding,1,1.9570237582684253e-05,0.02
off,1,1.9570237582684253e-05,0.02
without,1,1.9570237582684253e-05,0.02
unknowns,1,1.9570237582684253e-05,0.02
insists,1,1.9570237582684253e-05,0.02
longterm,1,1.9570237582684253e-05,0.02
effects,1,1.9570237582684253e-05,0.02
entirely,1,1.9570237582684253e-05,0.02
unknown,1,1.9570237582684253e-05,0.02
years,1,1.9570237582684253e-05,0.02
may,1,1.9570237582684253e-05,0.02
claim,1,1.9570237582684253e-05,0.02
zero,1,1.9570237582684253e-05,0.02
sued,1,1.9570237582684253e-05,0.02
pushing,1,1.9570237582684253e-05,0.02
inject,1,1.9570237582684253e-05,0.02
device,1,1.9570237582684253e-05,0.02
behind,1,1.9570237582684253e-05,0.02
accept,1,1.9570237582684253e-05,0.02
responsibility,1,1.9570237582684253e-05,0.02
something,1,1.9570237582684253e-05,0.02
prime,1,1.9570237582684253e-05,0.02
minister,1,1.9570237582684253e-05,0.02
openly,1,1.9570237582684253e-05,0.02
admitted,1,1.9570237582684253e-05,0.02
israeli,1,1.9570237582684253e-05,0.02
world,1,1.9570237582684253e-05,0.02
interested,1,1.9570237582684253e-05,0.02
donating,1,1.9570237582684253e-05,0.02
body,1,1.9570237582684253e-05,0.02
science,1,1.9570237582684253e-05,0.02
agreed,1,1.9570237582684253e-05,0.02
its,1,1.9570237582684253e-05,0.02
citizens,1,1.9570237582684253e-05,0.02
foreign,1,1.9570237582684253e-05,0.02
company,1,1.9570237582684253e-05,0.02
fundamental,1,1.9570237582684253e-05,0.02
agreement,1,1.9570237582684253e-05,0.02
receive,1,1.9570237582684253e-05,0.02
consented,1,1.9570237582684253e-05,0.02
personal,1,1.9570237582684253e-05,0.02
shared,1,1.9570237582684253e-05,0.02
entity,1,1.9570237582684253e-05,0.02
asked,1,1.9570237582684253e-05,0.02
contribute,1,1.9570237582684253e-05,0.02
sleazy,1,1.9570237582684253e-05,0.02
enterprise,1,1.9570237582684253e-05,0.02
indeed,1,1.9570237582684253e-05,0.02
horror,1,1.9570237582684253e-05,0.02
stories,1,1.9570237582684253e-05,0.02
coming,1,1.9570237582684253e-05,0.02
warp,1,1.9570237582684253e-05,0.02
least,1,1.9570237582684253e-05,0.02
concerned,1,1.9570237582684253e-05,0.02
brushing,1,1.9570237582684253e-05,0.02
aside,1,1.9570237582684253e-05,0.02
unrelated,1,1.9570237582684253e-05,0.02
ignoring,1,1.9570237582684253e-05,0.02
steaming,1,1.9570237582684253e-05,0.02
ahead,1,1.9570237582684253e-05,0.02
full,1,1.9570237582684253e-05,0.02
raise,1,1.9570237582684253e-05,0.02
red,1,1.9570237582684253e-05,0.02
flag,1,1.9570237582684253e-05,0.02
continue,1,1.9570237582684253e-05,0.02
bullied,1,1.9570237582684253e-05,0.02
censored,1,1.9570237582684253e-05,0.02
punished,1,1.9570237582684253e-05,0.02
clearly,1,1.9570237582684253e-05,0.02
wellbeing,1,1.9570237582684253e-05,0.02
primary,1,1.9570237582684253e-05,0.02
coincidence,1,1.9570237582684253e-05,0.02
although,1,1.9570237582684253e-05,0.02
died,1,1.9570237582684253e-05,0.02
shortly,1,1.9570237582684253e-05,0.02
after,1,1.9570237582684253e-05,0.02
including,1,1.9570237582684253e-05,0.02
perfectly,1,1.9570237582684253e-05,0.02
healthy,1,1.9570237582684253e-05,0.02
young,1,1.9570237582684253e-05,0.02
allowed,1,1.9570237582684253e-05,0.02
imply,1,1.9570237582684253e-05,0.02
injection,1,1.9570237582684253e-05,0.02
somehow,1,1.9570237582684253e-05,0.02
denying,1,1.9570237582684253e-05,0.02
abusing,1,1.9570237582684253e-05,0.02
demonstrating,1,1.9570237582684253e-05,0.02
slightest,1,1.9570237582684253e-05,0.02
curiosity,1,1.9570237582684253e-05,0.02
explore,1,1.9570237582684253e-05,0.02
could,1,1.9570237582684253e-05,0.02
very,1,1.9570237582684253e-05,0.02
obligated,1,1.9570237582684253e-05,0.02
freaking,1,1.9570237582684253e-05,0.02
thanks,1,1.9570237582684253e-05,0.02
repulsed,1,1.9570237582684253e-05,0.02
religious,1,1.9570237582684253e-05,0.02
worship,1,1.9570237582684253e-05,0.02
product,1,1.9570237582684253e-05,0.02
participate,1,1.9570237582684253e-05,0.02
ritual,1,1.9570237582684253e-05,0.02
healthcare,1,1.9570237582684253e-05,0.02
provider,1,1.9570237582684253e-05,0.02
keeps,1,1.9570237582684253e-05,0.02
badgering,1,1.9570237582684253e-05,0.02
yet,1,1.9570237582684253e-05,0.02
provided,1,1.9570237582684253e-05,0.02
information,1,1.9570237582684253e-05,0.02
alternative,1,1.9570237582684253e-05,0.02
learned,1,1.9570237582684253e-05,0.02
others,1,1.9570237582684253e-05,0.02
outside,1,1.9570237582684253e-05,0.02
informed,1,1.9570237582684253e-05,0.02
conformed,1,1.9570237582684253e-05,0.02
decline,1,1.9570237582684253e-05,0.02
lies,1,1.9570237582684253e-05,0.02
corruption,1,1.9570237582684253e-05,0.02
manipulation,1,1.9570237582684253e-05,0.02
bullying,1,1.9570237582684253e-05,0.02
violation,1,1.9570237582684253e-05,0.02
ethics,1,1.9570237582684253e-05,0.02
integrity,1,1.9570237582684253e-05,0.02
scientific,1,1.9570237582684253e-05,0.02
suppression,1,1.9570237582684253e-05,0.02
inconvenient,1,1.9570237582684253e-05,0.02
adverse,1,1.9570237582684253e-05,0.02
reactions,1,1.9570237582684253e-05,0.02
dismissal,1,1.9570237582684253e-05,0.02
legitimate,1,1.9570237582684253e-05,0.02
concerns,1,1.9570237582684253e-05,0.02
hysteria,1,1.9570237582684253e-05,0.02
behavior,1,1.9570237582684253e-05,0.02
closed,1,1.9570237582684253e-05,0.02
mindedness,1,1.9570237582684253e-05,0.02
fear,1,1.9570237582684253e-05,0.02
political,1,1.9570237582684253e-05,0.02
tyranny,1,1.9570237582684253e-05,0.02
concealment,1,1.9570237582684253e-05,0.02
protocols,1,1.9570237582684253e-05,0.02
true,1,1.9570237582684253e-05,0.02
respect,1,1.9570237582684253e-05,0.02
basic,1,1.9570237582684253e-05,0.02
freedoms,1,1.9570237582684253e-05,0.02
perversion,1,1.9570237582684253e-05,0.02
torah,1,1.9570237582684253e-05,0.02
common,1,1.9570237582684253e-05,0.02
sense,1,1.9570237582684253e-05,0.02
demonization,1,1.9570237582684253e-05,0.02
good,1,1.9570237582684253e-05,0.02
greatest,1,1.9570237582684253e-05,0.02
experiment,1,1.9570237582684253e-05,0.02
time,1,1.9570237582684253e-05,0.02
conducted,1,1.9570237582684253e-05,0.02
greedy,1,1.9570237582684253e-05,0.02
untrustworthy,1,1.9570237582684253e-05,0.02
godless,1,1.9570237582684253e-05,0.02
demand,1,1.9570237582684253e-05,0.02
decided,1,1.9570237582684253e-05,0.02
place,1,1.9570237582684253e-05,0.02
line,1,1.9570237582684253e-05,0.02
put,1,1.9570237582684253e-05,0.02
use,1,1.9570237582684253e-05,0.02
mind,1,1.9570237582684253e-05,0.02
blessed,1,1.9570237582684253e-05,0.02
instinct,1,1.9570237582684253e-05,0.02
leads,1,1.9570237582684253e-05,0.02
final,1,1.9570237582684253e-05,0.02
reason,1,1.9570237582684253e-05,0.02
sums,1,1.9570237582684253e-05,0.02
up,1,1.9570237582684253e-05,0.02
why,1,1.9570237582684253e-05,0.02
vaccinated,1,1.9570237582684253e-05,0.02
whole,1,1.9570237582684253e-05,0.02
thing,1,1.9570237582684253e-05,0.02
stinks,1,1.9570237582684253e-05,0.02
pasapņot,1,1.9570237582684253e-05,0.02
auglība,1,1.9570237582684253e-05,0.02
sasaistīt,1,1.9570237582684253e-05,0.02
ierēķināt,1,1.9570237582684253e-05,0.02
retorisks,1,1.9570237582684253e-05,0.02
vakcīnealitāte,1,1.9570237582684253e-05,0.02
ilustratīvs,1,1.9570237582684253e-05,0.02
izsniegt,1,1.9570237582684253e-05,0.02
marika,1,1.9570237582684253e-05,0.02
zelcis,1,1.9570237582684253e-05,0.02
čerāne,1,1.9570237582684253e-05,0.02
virzīšana,1,1.9570237582684253e-05,0.02
izplatīties,1,1.9570237582684253e-05,0.02
pāršalkt,1,1.9570237582684253e-05,0.02
riževs,1,1.9570237582684253e-05,0.02
interesēpremjers,1,1.9570237582684253e-05,0.02
utopija,1,1.9570237582684253e-05,0.02
pāragra,1,1.9570237582684253e-05,0.02
piegādāt,1,1.9570237582684253e-05,0.02
koncerns,1,1.9570237582684253e-05,0.02
aprīkot,1,1.9570237582684253e-05,0.02
saadīšanās,1,1.9570237582684253e-05,0.02
vakcinēšanās,1,1.9570237582684253e-05,0.02
rupors,1,1.9570237582684253e-05,0.02
tolaik,1,1.9570237582684253e-05,0.02
fantastika,1,1.9570237582684253e-05,0.02
fantastisks,1,1.9570237582684253e-05,0.02
konspiratīvs,1,1.9570237582684253e-05,0.02
acīgs,1,1.9570237582684253e-05,0.02
pamanīt,1,1.9570237582684253e-05,0.02
satīra,1,1.9570237582684253e-05,0.02
sputņi,1,1.9570237582684253e-05,0.02
austrija,1,1.9570237582684253e-05,0.02
vēstīt,1,1.9570237582684253e-05,0.02
vīne,1,1.9570237582684253e-05,0.02
angliski,1,1.9570237582684253e-05,0.02
iedvesmot,1,1.9570237582684253e-05,0.02
flešmobs,1,1.9570237582684253e-05,0.02
stacija,1,1.9570237582684253e-05,0.02
mest,1,1.9570237582684253e-05,0.02
midwin,1,1.9570237582684253e-05,0.02
charles,1,1.9570237582684253e-05,0.02
lielīties,1,1.9570237582684253e-05,0.02
mo,1,1.9570237582684253e-05,0.02
švakcinēt,1,1.9570237582684253e-05,0.02
pašnāvnieks,1,1.9570237582684253e-05,0.02
krasts,1,1.9570237582684253e-05,0.02
izaicināt,1,1.9570237582684253e-05,0.02
pienācīgi,1,1.9570237582684253e-05,0.02
mārketēt,1,1.9570237582684253e-05,0.02
ričards,1,1.9570237582684253e-05,0.02
rotšilds,1,1.9570237582684253e-05,0.02
gaišreģis,1,1.9570237582684253e-05,0.02
incidence,1,1.9570237582684253e-05,0.02
galvassāpes,1,1.9570237582684253e-05,0.02
azbest,1,1.9570237582684253e-05,0.02
daļiņa,1,1.9570237582684253e-05,0.02
ieelpot,1,1.9570237582684253e-05,0.02
balti,1,1.9570237582684253e-05,0.02
blēņas,1,1.9570237582684253e-05,0.02
iepakojums,1,1.9570237582684253e-05,0.02
zili,1,1.9570237582684253e-05,0.02
lupata,1,1.9570237582684253e-05,0.02
prasīgi,1,1.9570237582684253e-05,0.02
masīvs,1,1.9570237582684253e-05,0.02
traukties,1,1.9570237582684253e-05,0.02
pompozs,1,1.9570237582684253e-05,0.02
maskarāde,1,1.9570237582684253e-05,0.02
aizklāt,1,1.9570237582684253e-05,0.02
izķemot,1,1.9570237582684253e-05,0.02
faktūra,1,1.9570237582684253e-05,0.02
oracle,1,1.9570237582684253e-05,0.02
films,1,1.9570237582684253e-05,0.02
mošanās,1,1.9570237582684253e-05,0.02
letarģija,1,1.9570237582684253e-05,0.02
kovidsāgs,1,1.9570237582684253e-05,0.02
bezjēdzību,1,1.9570237582684253e-05,0.02
evidence,1,1.9570237582684253e-05,0.02
based,1,1.9570237582684253e-05,0.02
medicine,1,1.9570237582684253e-05,0.02
kompjūtrespkiālists,1,1.9570237582684253e-05,0.02
iejusties,1,1.9570237582684253e-05,0.02
pieciets,1,1.9570237582684253e-05,0.02
sindroms,1,1.9570237582684253e-05,0.02
spīdzināt,1,1.9570237582684253e-05,0.02
paglābt,1,1.9570237582684253e-05,0.02
briesmīgs,1,1.9570237582684253e-05,0.02
monologs,1,1.9570237582684253e-05,0.02
pastāvīgā skābeklis,1,1.9570237582684253e-05,0.02
attēle,1,1.9570237582684253e-05,0.02
augšējais,1,1.9570237582684253e-05,0.02
apakšējs,1,1.9570237582684253e-05,0.02
teksass,1,1.9570237582684253e-05,0.02
teksasietis,1,1.9570237582684253e-05,0.02
pakalpība,1,1.9570237582684253e-05,0.02
drūms,1,1.9570237582684253e-05,0.02
fgaišs,1,1.9570237582684253e-05,0.02
prāt,1,1.9570237582684253e-05,0.02
mazvērtība,1,1.9570237582684253e-05,0.02
mazdūšība,1,1.9570237582684253e-05,0.02
īre,1,1.9570237582684253e-05,0.02
trīsarpus,1,1.9570237582684253e-05,0.02
padzīt,1,1.9570237582684253e-05,0.02
jozefs,1,1.9570237582684253e-05,0.02
gebelss,1,1.9570237582684253e-05,0.02
vilkties,1,1.9570237582684253e-05,0.02
atveļa,1,1.9570237582684253e-05,0.02
piesprādzēties,1,1.9570237582684253e-05,0.02
vai,1,1.9570237582684253e-05,0.02
rs,1,1.9570237582684253e-05,0.02
arods,1,1.9570237582684253e-05,0.02
hobijs,1,1.9570237582684253e-05,0.02
kovidists,1,1.9570237582684253e-05,0.02
retetists,1,1.9570237582684253e-05,0.02
švakcinēties,1,1.9570237582684253e-05,0.02
sabeigt,1,1.9570237582684253e-05,0.02
altāris,1,1.9570237582684253e-05,0.02
atmesties,1,1.9570237582684253e-05,0.02
iegriba,1,1.9570237582684253e-05,0.02
great,1,1.9570237582684253e-05,0.02
reset,1,1.9570237582684253e-05,0.02
strauss,1,1.9570237582684253e-05,0.02
sveicināt,1,1.9570237582684253e-05,0.02
pieskāriens,1,1.9570237582684253e-05,0.02
vitāli,1,1.9570237582684253e-05,0.02
sabučo komunikācija,1,1.9570237582684253e-05,0.02
seksologs,1,1.9570237582684253e-05,0.02
drīšāt,1,1.9570237582684253e-05,0.02
sekss,1,1.9570237582684253e-05,0.02
sunītis,1,1.9570237582684253e-05,0.02
prezervatīve,1,1.9570237582684253e-05,0.02
aizkariņš,1,1.9570237582684253e-05,0.02
trakomājs,1,1.9570237582684253e-05,0.02
infektoloģija,1,1.9570237582684253e-05,0.02
pārraut,1,1.9570237582684253e-05,0.02
apskauties,1,1.9570237582684253e-05,0.02
mantot,1,1.9570237582684253e-05,0.02
darvins,1,1.9570237582684253e-05,0.02
bezbailīgi,1,1.9570237582684253e-05,0.02
instinktīvi,1,1.9570237582684253e-05,0.02
izglābšanās,1,1.9570237582684253e-05,0.02
apmeklētājs,1,1.9570237582684253e-05,0.02
velns,1,1.9570237582684253e-05,0.02
apsārtums,1,1.9570237582684253e-05,0.02
pietūkums,1,1.9570237582684253e-05,0.02
rožaini,1,1.9570237582684253e-05,0.02
autorizēt,1,1.9570237582684253e-05,0.02
kārdinājums,1,1.9570237582684253e-05,0.02
cepums,1,1.9570237582684253e-05,0.02
virtulis,1,1.9570237582684253e-05,0.02
iemānīt,1,1.9570237582684253e-05,0.02
sviestmaize,1,1.9570237582684253e-05,0.02
satikties,1,1.9570237582684253e-05,0.02
prostitūta,1,1.9570237582684253e-05,0.02
kukulītis,1,1.9570237582684253e-05,0.02
rieciens,1,1.9570237582684253e-05,0.02
lētticīgi,1,1.9570237582684253e-05,0.02
virtuli,1,1.9570237582684253e-05,0.02
letāls,1,1.9570237582684253e-05,0.02
suicidāls,1,1.9570237582684253e-05,0.02
tieksme,1,1.9570237582684253e-05,0.02
zelns,1,1.9570237582684253e-05,0.02
demontāža,1,1.9570237582684253e-05,0.02
vibrēt,1,1.9570237582684253e-05,0.02
šūmaņa,1,1.9570237582684253e-05,0.02
konstante,1,1.9570237582684253e-05,0.02
desmitgads,1,1.9570237582684253e-05,0.02
komfortabli,1,1.9570237582684253e-05,0.02
paaugstināšana,1,1.9570237582684253e-05,0.02
komforts,1,1.9570237582684253e-05,0.02
saraust,1,1.9570237582684253e-05,0.02
pamatlieta,1,1.9570237582684253e-05,0.02
apjukums,1,1.9570237582684253e-05,0.02
krusts,1,1.9570237582684253e-05,0.02
franči,1,1.9570237582684253e-05,0.02
pierre,1,1.9570237582684253e-05,0.02
gilbert,1,1.9570237582684253e-05,0.02
asinsrite,1,1.9570237582684253e-05,0.02
kristalizēties,1,1.9570237582684253e-05,0.02
starojums,1,1.9570237582684253e-05,0.02
uztvērējs,1,1.9570237582684253e-05,0.02
izmērs,1,1.9570237582684253e-05,0.02
mierlaiks,1,1.9570237582684253e-05,0.02
staļinisks,1,1.9570237582684253e-05,0.02
labestīgs,1,1.9570237582684253e-05,0.02
pauls,1,1.9570237582684253e-05,0.02
šreiers,1,1.9570237582684253e-05,0.02
paul,1,1.9570237582684253e-05,0.02
schreyer,1,1.9570237582684253e-05,0.02
rodžers,1,1.9570237582684253e-05,0.02
hodkinsona,1,1.9570237582684253e-05,0.02
roger,1,1.9570237582684253e-05,0.02
hodkinson,1,1.9570237582684253e-05,0.02
doktors,1,1.9570237582684253e-05,0.02
inesi,1,1.9570237582684253e-05,0.02
joksts,1,1.9570237582684253e-05,0.02
draudzene,1,1.9570237582684253e-05,0.02
reanimācija,1,1.9570237582684253e-05,0.02
pilnbrieds,1,1.9570237582684253e-05,0.02
līdzbiedrs,1,1.9570237582684253e-05,0.02
aile,1,1.9570237582684253e-05,0.02
sviestaini,1,1.9570237582684253e-05,0.02
pasmieties,1,1.9570237582684253e-05,0.02
slovāks,1,1.9570237582684253e-05,0.02
kociņš,1,1.9570237582684253e-05,0.02
siekals,1,1.9570237582684253e-05,0.02
sarosīties,1,1.9570237582684253e-05,0.02
decenzūra,1,1.9570237582684253e-05,0.02
sants,1,1.9570237582684253e-05,0.02
florids,1,1.9570237582684253e-05,0.02
brangs,1,1.9570237582684253e-05,0.02
bigtech,1,1.9570237582684253e-05,0.02
cenzors,1,1.9570237582684253e-05,0.02
zukerbergs,1,1.9570237582684253e-05,0.02
call,1,1.9570237582684253e-05,0.02
action,1,1.9570237582684253e-05,0.02
respond,1,1.9570237582684253e-05,0.02
dreadful,1,1.9570237582684253e-05,0.02
shock,1,1.9570237582684253e-05,0.02
you,1,1.9570237582684253e-05,0.02
must,1,1.9570237582684253e-05,0.02
go,1,1.9570237582684253e-05,0.02
write,1,1.9570237582684253e-05,0.02
comment,1,1.9570237582684253e-05,0.02
condemning,1,1.9570237582684253e-05,0.02
objecting,1,1.9570237582684253e-05,0.02
racism,1,1.9570237582684253e-05,0.02
towards,1,1.9570237582684253e-05,0.02
antivaxxers,1,1.9570237582684253e-05,0.02
palestināt,1,1.9570237582684253e-05,0.02
few,1,1.9570237582684253e-05,0.02
days,1,1.9570237582684253e-05,0.02
ago,1,1.9570237582684253e-05,0.02
currently,1,1.9570237582684253e-05,0.02
update,1,1.9570237582684253e-05,0.02
reaches,1,1.9570237582684253e-05,0.02
automatically,1,1.9570237582684253e-05,0.02
delete,1,1.9570237582684253e-05,0.02
means,1,1.9570237582684253e-05,0.02
mark,1,1.9570237582684253e-05,0.02
lose,1,1.9570237582684253e-05,0.02
billions,1,1.9570237582684253e-05,0.02
dollars,1,1.9570237582684253e-05,0.02
rated,1,1.9570237582684253e-05,0.02
ratings,1,1.9570237582684253e-05,0.02
stage,1,1.9570237582684253e-05,0.02
removing,1,1.9570237582684253e-05,0.02
please,1,1.9570237582684253e-05,0.02
did,1,1.9570237582684253e-05,0.02
takes,1,1.9570237582684253e-05,0.02
seconds,1,1.9570237582684253e-05,0.02
mobils,1,1.9570237582684253e-05,0.02
spoži,1,1.9570237582684253e-05,0.02
vienprātīgi,1,1.9570237582684253e-05,0.02
francūdi,1,1.9570237582684253e-05,0.02
jensse,1,1.9570237582684253e-05,0.02
svīta,1,1.9570237582684253e-05,0.02
dūša,1,1.9570237582684253e-05,0.02
automātiski,1,1.9570237582684253e-05,0.02
aizmēzt,1,1.9570237582684253e-05,0.02
vasaļš,1,1.9570237582684253e-05,0.02
fulmiha,1,1.9570237582684253e-05,0.02
sasiņošana,1,1.9570237582684253e-05,0.02
augstums,1,1.9570237582684253e-05,0.02
asiņošana,1,1.9570237582684253e-05,0.02
aviosabiedrība,1,1.9570237582684253e-05,0.02
diploms,1,1.9570237582684253e-05,0.02
respektēt,1,1.9570237582684253e-05,0.02
autonomija,1,1.9570237582684253e-05,0.02
uzlūkt,1,1.9570237582684253e-05,0.02
pilsonība,1,1.9570237582684253e-05,0.02
orientācija,1,1.9570237582684253e-05,0.02
glabāt,1,1.9570237582684253e-05,0.02
cildens,1,1.9570237582684253e-05,0.02
tradīcija,1,1.9570237582684253e-05,0.02
pilnveidošana,1,1.9570237582684253e-05,0.02
gādīt,1,1.9570237582684253e-05,0.02
attīstīšana,1,1.9570237582684253e-05,0.02
godavārds,1,1.9570237582684253e-05,0.02
iezeme,1,1.9570237582684253e-05,0.02
atturīgs,1,1.9570237582684253e-05,0.02
kurnēt,1,1.9570237582684253e-05,0.02
aprunāt,1,1.9570237582684253e-05,0.02
pukstēt,1,1.9570237582684253e-05,0.02
sega,1,1.9570237582684253e-05,0.02
nomirt,1,1.9570237582684253e-05,0.02
airieties,1,1.9570237582684253e-05,0.02
spaidi,1,1.9570237582684253e-05,0.02
lauva,1,1.9570237582684253e-05,0.02
gļēvulis,1,1.9570237582684253e-05,0.02
vectēve,1,1.9570237582684253e-05,0.02
vecvectēve,1,1.9570237582684253e-05,0.02
apgrieziens,1,1.9570237582684253e-05,0.02
privilēģija,1,1.9570237582684253e-05,0.02
sastādīt,1,1.9570237582684253e-05,0.02
diskriminēt,1,1.9570237582684253e-05,0.02
safotografēt,1,1.9570237582684253e-05,0.02
vērties,1,1.9570237582684253e-05,0.02
koordināte,1,1.9570237582684253e-05,0.02
londona,1,1.9570237582684253e-05,0.02
pārliecinoši,1,1.9570237582684253e-05,0.02
konektikuta,1,1.9570237582684253e-05,0.02
kovidšprici,1,1.9570237582684253e-05,0.02
sevišķs,1,1.9570237582684253e-05,0.02
vērība,1,1.9570237582684253e-05,0.02
suicīde,1,1.9570237582684253e-05,0.02
sūrs,1,1.9570237582684253e-05,0.02
tar,1,1.9570237582684253e-05,0.02
bildīte,1,1.9570237582684253e-05,0.02
inicika,1,1.9570237582684253e-05,0.02
velnišķīgs,1,1.9570237582684253e-05,0.02
piederīgs,1,1.9570237582684253e-05,0.02
kalpotājs,1,1.9570237582684253e-05,0.02
izglabdraugujūs,1,1.9570237582684253e-05,0.02
tiesplēt,1,1.9570237582684253e-05,0.02
tme,1,1.9570237582684253e-05,0.02
tiespleesisnestants,1,1.9570237582684253e-05,0.02
sapūt,1,1.9570237582684253e-05,0.02
tiesplēte,1,1.9570237582684253e-05,0.02
apspriede,1,1.9570237582684253e-05,0.02
tmest,1,1.9570237582684253e-05,0.02
tiespleeshs,1,1.9570237582684253e-05,0.02
uzrakstiet,1,1.9570237582684253e-05,0.02
sazināties,1,1.9570237582684253e-05,0.02
klajš,1,1.9570237582684253e-05,0.02
rektors,1,1.9570237582684253e-05,0.02
aigars,1,1.9570237582684253e-05,0.02
pētersons,1,1.9570237582684253e-05,0.02
ķirurģija,1,1.9570237582684253e-05,0.02
piedzīt,1,1.9570237582684253e-05,0.02
vē,1,1.9570237582684253e-05,0.02
diskrimināt,1,1.9570237582684253e-05,0.02
aizpildīt,1,1.9570237582684253e-05,0.02
attiecīgs,1,1.9570237582684253e-05,0.02
adresāts,1,1.9570237582684253e-05,0.02
lautebahs,1,1.9570237582684253e-05,0.02
marsietis,1,1.9570237582684253e-05,0.02
piespēlēt,1,1.9570237582684253e-05,0.02
uzskaite,1,1.9570237582684253e-05,0.02
dānis,1,1.9570237582684253e-05,0.02
izkaisīt,1,1.9570237582684253e-05,0.02
siediens,1,1.9570237582684253e-05,0.02
kovidšļurs,1,1.9570237582684253e-05,0.02
kapitāls,1,1.9570237582684253e-05,0.02
pārdale,1,1.9570237582684253e-05,0.02
kapitālisms,1,1.9570237582684253e-05,0.02
vēsturnieks,1,1.9570237582684253e-05,0.02
andrejs,1,1.9570237582684253e-05,0.02
fursovs,1,1.9570237582684253e-05,0.02
aizraujoši,1,1.9570237582684253e-05,0.02
saprotami,1,1.9570237582684253e-05,0.02
iniciēties,1,1.9570237582684253e-05,0.02
trollis,1,1.9570237582684253e-05,0.02
goblins,1,1.9570237582684253e-05,0.02
jurča,1,1.9570237582684253e-05,0.02
pavadvēstulis,1,1.9570237582684253e-05,0.02
apraudāt,1,1.9570237582684253e-05,0.02
berlīne,1,1.9570237582684253e-05,0.02
ieņemšana,1,1.9570237582684253e-05,0.02
prāvs,1,1.9570237582684253e-05,0.02
ūsaiņa,1,1.9570237582684253e-05,0.02
aukstasinīgs,1,1.9570237582684253e-05,0.02
izredzētība,1,1.9570237582684253e-05,0.02
atklāsme,1,1.9570237582684253e-05,0.02
stulbi,1,1.9570237582684253e-05,0.02
ekstra,1,1.9570237582684253e-05,0.02
krāpties,1,1.9570237582684253e-05,0.02
kukuļo,1,1.9570237582684253e-05,0.02
uzpūst,1,1.9570237582684253e-05,0.02
vaimanāt,1,1.9570237582684253e-05,0.02
lietuva,1,1.9570237582684253e-05,0.02
ar,1,1.9570237582684253e-05,0.02
menedžēt,1,1.9570237582684253e-05,0.02
arāja,1,1.9570237582684253e-05,0.02
drudzis,1,1.9570237582684253e-05,0.02
laušana,1,1.9570237582684253e-05,0.02
izdalījums,1,1.9570237582684253e-05,0.02
noziņot,1,1.9570237582684253e-05,0.02
vieglprātīgi,1,1.9570237582684253e-05,0.02
karmisks,1,1.9570237582684253e-05,0.02
radītāja,1,1.9570237582684253e-05,0.02
dabs,1,1.9570237582684253e-05,0.02
latviski,1,1.9570237582684253e-05,0.02
kluse,1,1.9570237582684253e-05,0.02
baltvācietis,1,1.9570237582684253e-05,0.02
roms,1,1.9570237582684253e-05,0.02
dadzis,1,1.9570237582684253e-05,0.02
mārupe,1,1.9570237582684253e-05,0.02
aparteīds,1,1.9570237582684253e-05,0.02
elpa,1,1.9570237582684253e-05,0.02
puzzlist,1,1.9570237582684253e-05,0.02
direktore,1,1.9570237582684253e-05,0.02
iztrūkums,1,1.9570237582684253e-05,0.02
iosifa,1,1.9570237582684253e-05,0.02
visarionoviča,1,1.9570237582684253e-05,0.02
staļina,1,1.9570237582684253e-05,0.02
metodika,1,1.9570237582684253e-05,0.02
kovidfašisms,1,1.9570237582684253e-05,0.02
vājums,1,1.9570237582684253e-05,0.02
vrems,1,1.9570237582684253e-05,0.02
sižete,1,1.9570237582684253e-05,0.02
latīņamerika,1,1.9570237582684253e-05,0.02
ielauzties,1,1.9570237582684253e-05,0.02
elektrošoks,1,1.9570237582684253e-05,0.02
agresīvi,1,1.9570237582684253e-05,0.02
rokaspuisis,1,1.9570237582684253e-05,0.02
lielisks,1,1.9570237582684253e-05,0.02
asiņains,1,1.9570237582684253e-05,0.02
padot,1,1.9570237582684253e-05,0.02
brīnišķīgi,1,1.9570237582684253e-05,0.02
piespiedu vakcinācija,1,1.9570237582684253e-05,0.02
dažnedažādi,1,1.9570237582684253e-05,0.02
baznīca,1,1.9570237582684253e-05,0.02
brits,1,1.9570237582684253e-05,0.02
saražot,1,1.9570237582684253e-05,0.02
šausmīgs,1,1.9570237582684253e-05,0.02
samazināšana,1,1.9570237582684253e-05,0.02
geits,1,1.9570237582684253e-05,0.02
gates,1,1.9570237582684253e-05,0.02
pārapdzīvot,1,1.9570237582684253e-05,0.02
sabalansēt,1,1.9570237582684253e-05,0.02
sameklēt,1,1.9570237582684253e-05,0.02
meinstrīma,1,1.9570237582684253e-05,0.02
millers,1,1.9570237582684253e-05,0.02
štirlics,1,1.9570237582684253e-05,0.02
veriķ,1,1.9570237582684253e-05,0.02
ņikoms,1,1.9570237582684253e-05,0.02
mņikt,1,1.9570237582684253e-05,0.02
možns,1,1.9570237582684253e-05,0.02
pamācība,1,1.9570237582684253e-05,0.02
intramuskulārs,1,1.9570237582684253e-05,0.02
iznēsāt,1,1.9570237582684253e-05,0.02
fizioloģija,1,1.9570237582684253e-05,0.02
filtrēt,1,1.9570237582684253e-05,0.02
zvēriņš,1,1.9570237582684253e-05,0.02
būrs,1,1.9570237582684253e-05,0.02
virsū,1,1.9570237582684253e-05,0.02
gremot,1,1.9570237582684253e-05,0.02
uzjautrināties,1,1.9570237582684253e-05,0.02
taivāna,1,1.9570237582684253e-05,0.02
atvemt,1,1.9570237582684253e-05,0.02
režise,1,1.9570237582684253e-05,0.02
pakalpiņi,1,1.9570237582684253e-05,0.02
gadalaiks,1,1.9570237582684253e-05,0.02
pricēt,1,1.9570237582684253e-05,0.02
kovidvilne,1,1.9570237582684253e-05,0.02
jaunvārds,1,1.9570237582684253e-05,0.02
atkritējs,1,1.9570237582684253e-05,0.02
valkāšana,1,1.9570237582684253e-05,0.02
pakalpiņa,1,1.9570237582684253e-05,0.02
vēējš,1,1.9570237582684253e-05,0.02
indiete,1,1.9570237582684253e-05,0.02
komiķis,1,1.9570237582684253e-05,0.02
atīt,1,1.9570237582684253e-05,0.02
ekrāns,1,1.9570237582684253e-05,0.02
bārmenis,1,1.9570237582684253e-05,0.02
ohio,1,1.9570237582684253e-05,0.02
soctīkls,1,1.9570237582684253e-05,0.02
aizverties,1,1.9570237582684253e-05,0.02
vinne,1,1.9570237582684253e-05,0.02
uztiept,1,1.9570237582684253e-05,0.02
līdzšinējs,1,1.9570237582684253e-05,0.02
izpēta,1,1.9570237582684253e-05,0.02
asociēties,1,1.9570237582684253e-05,0.02
hitlerietis,1,1.9570237582684253e-05,0.02
pārstāt,1,1.9570237582684253e-05,0.02
aprobācija,1,1.9570237582684253e-05,0.02
apmātot,1,1.9570237582684253e-05,0.02
adjutants,1,1.9570237582684253e-05,0.02
dvaša,1,1.9570237582684253e-05,0.02
paraut,1,1.9570237582684253e-05,0.02
kovidafērs,1,1.9570237582684253e-05,0.02
transcilvēks,1,1.9570237582684253e-05,0.02
jebkas,1,1.9570237582684253e-05,0.02
samaitātība,1,1.9570237582684253e-05,0.02
viduslaiki,1,1.9570237582684253e-05,0.02
dzimtbūšana,1,1.9570237582684253e-05,0.02
kļūstiet,1,1.9570237582684253e-05,0.02
hibrīdkars,1,1.9570237582684253e-05,0.02
prozaisks,1,1.9570237582684253e-05,0.02
jaukt,1,1.9570237582684253e-05,0.02
kokčiks,1,1.9570237582684253e-05,0.02
aptieks,1,1.9570237582684253e-05,0.02
ķēde,1,1.9570237582684253e-05,0.02
utilizācija,1,1.9570237582684253e-05,0.02
jāzeps,1,1.9570237582684253e-05,0.02
baško,1,1.9570237582684253e-05,0.02
detalizēti,1,1.9570237582684253e-05,0.02
kulakovs,1,1.9570237582684253e-05,0.02
kovidimpērija,1,1.9570237582684253e-05,0.02
varoņdarbs,1,1.9570237582684253e-05,0.02
atgaiņāties,1,1.9570237582684253e-05,0.02
formāli,1,1.9570237582684253e-05,0.02
izvairīgs,1,1.9570237582684253e-05,0.02
saglabāšana,1,1.9570237582684253e-05,0.02
saduršana,1,1.9570237582684253e-05,0.02
iztapona,1,1.9570237582684253e-05,0.02
tri,1,1.9570237582684253e-05,0.02
ēna,1,1.9570237582684253e-05,0.02
drasīt,1,1.9570237582684253e-05,0.02
ab,1,1.9570237582684253e-05,0.02
parks,1,1.9570237582684253e-05,0.02
mākslinieks,1,1.9570237582684253e-05,0.02
kangarītis,1,1.9570237582684253e-05,0.02
satraukties,1,1.9570237582684253e-05,0.02
epidrežīms,1,1.9570237582684253e-05,0.02
blokads,1,1.9570237582684253e-05,0.02
perežilis,1,1.9570237582684253e-05,0.02
eto,1,1.9570237582684253e-05,0.02
pereživis,1,1.9570237582684253e-05,0.02
uzņēmējs,1,1.9570237582684253e-05,0.02
pādzīvot,1,1.9570237582684253e-05,0.02
interesēties,1,1.9570237582684253e-05,0.02
sekta,1,1.9570237582684253e-05,0.02
sēdēties,1,1.9570237582684253e-05,0.02
klusēšana,1,1.9570237582684253e-05,0.02
kautrība,1,1.9570237582684253e-05,0.02
mēs pieciest,1,1.9570237582684253e-05,0.02
zobārsts,1,1.9570237582684253e-05,0.02
asistente,1,1.9570237582684253e-05,0.02
vetārsts,1,1.9570237582684253e-05,0.02
mārs,1,1.9570237582684253e-05,0.02
iracionāls,1,1.9570237582684253e-05,0.02
elastīgs,1,1.9570237582684253e-05,0.02
sieniņš,1,1.9570237582684253e-05,0.02
patoloģisks,1,1.9570237582684253e-05,0.02
miokartdīte,1,1.9570237582684253e-05,0.02
siastīt,1,1.9570237582684253e-05,0.02
aizvietoties,1,1.9570237582684253e-05,0.02
rēta,1,1.9570237582684253e-05,0.02
mokpilns,1,1.9570237582684253e-05,0.02
mazspēja,1,1.9570237582684253e-05,0.02
dekompensācija,1,1.9570237582684253e-05,0.02
pārstās,1,1.9570237582684253e-05,0.02
speciālisite,1,1.9570237582684253e-05,0.02
zemākpievienot,1,1.9570237582684253e-05,0.02
sarunvaloda,1,1.9570237582684253e-05,0.02
tāpe,1,1.9570237582684253e-05,0.02
ievīstīt,1,1.9570237582684253e-05,0.02
atainot,1,1.9570237582684253e-05,0.02
atsķirība,1,1.9570237582684253e-05,0.02
perikardīte,1,1.9570237582684253e-05,0.02
citviet,1,1.9570237582684253e-05,0.02
enterovīruss,1,1.9570237582684253e-05,0.02
šķiest,1,1.9570237582684253e-05,0.02
sirmgalvis,1,1.9570237582684253e-05,0.02
gardovskis,1,1.9570237582684253e-05,0.02
bailīgi,1,1.9570237582684253e-05,0.02
rullēt,1,1.9570237582684253e-05,0.02
dzalbs,1,1.9570237582684253e-05,0.02
savrasovs,1,1.9570237582684253e-05,0.02
vakcīnasdumpis,1,1.9570237582684253e-05,0.02
sumpurnis,1,1.9570237582684253e-05,0.02
piecgadnieks,1,1.9570237582684253e-05,0.02
agnese,1,1.9570237582684253e-05,0.02
tretjakovs,1,1.9570237582684253e-05,0.02
atlass,1,1.9570237582684253e-05,0.02
vidusskola,1,1.9570237582684253e-05,0.02
maskot,1,1.9570237582684253e-05,0.02
atsaucība,1,1.9570237582684253e-05,0.02
zinātājs,1,1.9570237582684253e-05,0.02
valstisks,1,1.9570237582684253e-05,0.02
valstiski,1,1.9570237582684253e-05,0.02
atmošanās,1,1.9570237582684253e-05,0.02
saruna dr,1,1.9570237582684253e-05,0.02
bebrs,1,1.9570237582684253e-05,0.02
žurciņš,1,1.9570237582684253e-05,0.02
augusts,1,1.9570237582684253e-05,0.02
materializēties,1,1.9570237582684253e-05,0.02
ķopa,1,1.9570237582684253e-05,0.02
videoieraksts,1,1.9570237582684253e-05,0.02
konspirologs,1,1.9570237582684253e-05,0.02
konspiroloģija,1,1.9570237582684253e-05,0.02
reālistisks,1,1.9570237582684253e-05,0.02
žļurga,1,1.9570237582684253e-05,0.02
sliekties,1,1.9570237582684253e-05,0.02
krājums,1,1.9570237582684253e-05,0.02
līkne,1,1.9570237582684253e-05,0.02
štamms,1,1.9570237582684253e-05,0.02
palielinājums,1,1.9570237582684253e-05,0.02
slaīdzināt,1,1.9570237582684253e-05,0.02
interesati,1,1.9570237582684253e-05,0.02
pipariņa,1,1.9570237582684253e-05,0.02
grands,1,1.9570237582684253e-05,0.02
faizeers,1,1.9570237582684253e-05,0.02
zeneka,1,1.9570237582684253e-05,0.02
džonsons,1,1.9570237582684253e-05,0.02
rezdēt,1,1.9570237582684253e-05,0.02
ņeļaut,1,1.9570237582684253e-05,0.02
galla,1,1.9570237582684253e-05,0.02
saragāt,1,1.9570237582684253e-05,0.02
lēma,1,1.9570237582684253e-05,0.02
...,1,1.9570237582684253e-05,0.02
relīze,1,1.9570237582684253e-05,0.02
paātrināt,1,1.9570237582684253e-05,0.02
psihoterapeits,1,1.9570237582684253e-05,0.02
iesniegšana,1,1.9570237582684253e-05,0.02
somija,1,1.9570237582684253e-05,0.02
tampere,1,1.9570237582684253e-05,0.02
apzīmog,1,1.9570237582684253e-05,0.02
paglabāt,1,1.9570237582684253e-05,0.02
pilnvarojums,1,1.9570237582684253e-05,0.02
putns,1,1.9570237582684253e-05,0.02
bomis,1,1.9570237582684253e-05,0.02
piere,1,1.9570237582684253e-05,0.02
miljardieris,1,1.9570237582684253e-05,0.02
ginzburgs,1,1.9570237582684253e-05,0.02
universāls,1,1.9570237582684253e-05,0.02
modinātājzvans,1,1.9570237582684253e-05,0.02
kabala,1,1.9570237582684253e-05,0.02
min,1,1.9570237582684253e-05,0.02
dižie,1,1.9570237582684253e-05,0.02
kovidcirks,1,1.9570237582684253e-05,0.02
fuellmihs,1,1.9570237582684253e-05,0.02
fuellmich,1,1.9570237582684253e-05,0.02
sarīkot,1,1.9570237582684253e-05,0.02
prāva,1,1.9570237582684253e-05,0.02
asimptomātisks,1,1.9570237582684253e-05,0.02
sāga,1,1.9570237582684253e-05,0.02
modifikācija,1,1.9570237582684253e-05,0.02
pakalpiņš,1,1.9570237582684253e-05,0.02
iemānīšana,1,1.9570237582684253e-05,0.02
viltus,1,1.9570237582684253e-05,0.02
piekukuļošana,1,1.9570237582684253e-05,0.02
bonuss,1,1.9570237582684253e-05,0.02
caurmērs,1,1.9570237582684253e-05,0.02
stingri,1,1.9570237582684253e-05,0.02
tūlīt,1,1.9570237582684253e-05,0.02
saldi,1,1.9570237582684253e-05,0.02
atslābt,1,1.9570237582684253e-05,0.02
taktisks,1,1.9570237582684253e-05,0.02
manevrs,1,1.9570237582684253e-05,0.02
bīstamība,1,1.9570237582684253e-05,0.02
atvieglot,1,1.9570237582684253e-05,0.02
štancēt,1,1.9570237582684253e-05,0.02
saskaņošana,1,1.9570237582684253e-05,0.02
phisers,1,1.9570237582684253e-05,0.02
trombembolija,1,1.9570237582684253e-05,0.02
pretapaugļošanās,1,1.9570237582684253e-05,0.02
aizduss,1,1.9570237582684253e-05,0.02
kombinācija,1,1.9570237582684253e-05,0.02
kontracepcija,1,1.9570237582684253e-05,0.02
iknedēļa,1,1.9570237582684253e-05,0.02
sensitīvs,1,1.9570237582684253e-05,0.02
skolnieks,1,1.9570237582684253e-05,0.02
egīls,1,1.9570237582684253e-05,0.02
helmanis,1,1.9570237582684253e-05,0.02
laimēties,1,1.9570237582684253e-05,0.02
karuselis,1,1.9570237582684253e-05,0.02
sakarīgi,1,1.9570237582684253e-05,0.02
tukši,1,1.9570237582684253e-05,0.02
atrakstieties,1,1.9570237582684253e-05,0.02
pasūdzēties,1,1.9570237582684253e-05,0.02
mirdzēt,1,1.9570237582684253e-05,0.02
bauks,1,1.9570237582684253e-05,0.02
konsultants,1,1.9570237582684253e-05,0.02
ietikt,1,1.9570237582684253e-05,0.02
izticēties,1,1.9570237582684253e-05,0.02
par,1,1.9570237582684253e-05,0.02
ādīt,1,1.9570237582684253e-05,0.02
patriekt,1,1.9570237582684253e-05,0.02
kovidnāve,1,1.9570237582684253e-05,0.02
inscenēt,1,1.9570237582684253e-05,0.02
režisors,1,1.9570237582684253e-05,0.02
pusgads,1,1.9570237582684253e-05,0.02
anša,1,1.9570237582684253e-05,0.02
mediķe,1,1.9570237582684253e-05,0.02
stradiņš,1,1.9570237582684253e-05,0.02
skarbums,1,1.9570237582684253e-05,0.02
salti,1,1.9570237582684253e-05,0.02
ansis,1,1.9570237582684253e-05,0.02
propagande,1,1.9570237582684253e-05,0.02
iksezona,1,1.9570237582684253e-05,0.02
plus,1,1.9570237582684253e-05,0.02
ierakstiet,1,1.9570237582684253e-05,0.02
vakseris,1,1.9570237582684253e-05,0.02
rūgts,1,1.9570237582684253e-05,0.02
izklaidīti,1,1.9570237582684253e-05,0.02
skumjš,1,1.9570237582684253e-05,0.02
invaliditāte,1,1.9570237582684253e-05,0.02
sakost,1,1.9570237582684253e-05,0.02
pulcēšanās,1,1.9570237582684253e-05,0.02
lakums,1,1.9570237582684253e-05,0.02
pulvertornis,1,1.9570237582684253e-05,0.02
pacēlums,1,1.9570237582684253e-05,0.02
bungas,1,1.9570237582684253e-05,0.02
dzīvespriecīgi,1,1.9570237582684253e-05,0.02
sprigane,1,1.9570237582684253e-05,0.02
garastāvokļa,1,1.9570237582684253e-05,0.02
kritisks,1,1.9570237582684253e-05,0.02
rosināšana,1,1.9570237582684253e-05,0.02
piektdiena,1,1.9570237582684253e-05,0.02
palieka,1,1.9570237582684253e-05,0.02
analītisks,1,1.9570237582684253e-05,0.02
izgāšanās,1,1.9570237582684253e-05,0.02
pārcelt,1,1.9570237582684253e-05,0.02
ekskluzīvi,1,1.9570237582684253e-05,0.02
pasena,1,1.9570237582684253e-05,0.02
līcis,1,1.9570237582684253e-05,0.02
invāzija,1,1.9570237582684253e-05,0.02
irāks,1,1.9570237582684253e-05,0.02
pārstrādāt,1,1.9570237582684253e-05,0.02
kodoldegviela,1,1.9570237582684253e-05,0.02
prettanka,1,1.9570237582684253e-05,0.02
bruņas,1,1.9570237582684253e-05,0.02
sprāgt,1,1.9570237582684253e-05,0.02
iekšpuse,1,1.9570237582684253e-05,0.02
tālejot,1,1.9570237582684253e-05,0.02
irākiešs,1,1.9570237582684253e-05,0.02
kroplība,1,1.9570237582684253e-05,0.02
dokumentāls,1,1.9570237582684253e-05,0.02
moto,1,1.9570237582684253e-05,0.02
atjaunināt,1,1.9570237582684253e-05,0.02
liekulīgs,1,1.9570237582684253e-05,0.02
brīvprātīguma,1,1.9570237582684253e-05,0.02
pistole,1,1.9570237582684253e-05,0.02
deniņš,1,1.9570237582684253e-05,0.02
attapīgs,1,1.9570237582684253e-05,0.02
iebaidīšana,1,1.9570237582684253e-05,0.02
atsvērt,1,1.9570237582684253e-05,0.02
sūgt,1,1.9570237582684253e-05,0.02
raiens,1,1.9570237582684253e-05,0.02
kouls,1,1.9570237582684253e-05,0.02
halāts,1,1.9570237582684253e-05,0.02
samits,1,1.9570237582684253e-05,0.02
izvarošana,1,1.9570237582684253e-05,0.02
prettiesiski,1,1.9570237582684253e-05,0.02
priors,1,1.9570237582684253e-05,0.02
orgāns,1,1.9570237582684253e-05,0.02
sarētošanās,1,1.9570237582684253e-05,0.02
tiesat,1,1.9570237582684253e-05,0.02
ieviesējs,1,1.9570237582684253e-05,0.02
jūnijs,1,1.9570237582684253e-05,0.02
interesantitika,1,1.9570237582684253e-05,0.02
kalifornija,1,1.9570237582684253e-05,0.02
pēterburga,1,1.9570237582684253e-05,0.02
blogeris,1,1.9570237582684253e-05,0.02
psihopatoloģija,1,1.9570237582684253e-05,0.02
steidzīgi,1,1.9570237582684253e-05,0.02
cvk,1,1.9570237582684253e-05,0.02
atnests,1,1.9570237582684253e-05,0.02
fujorka,1,1.9570237582684253e-05,0.02
sapotēties,1,1.9570237582684253e-05,0.02
krieviski,1,1.9570237582684253e-05,0.02
salts,1,1.9570237582684253e-05,0.02
rācenis,1,1.9570237582684253e-05,0.02
pārslogot,1,1.9570237582684253e-05,0.02
hronoloģija,1,1.9570237582684253e-05,0.02
viceprezidents,1,1.9570237582684253e-05,0.02
fūrmanis,1,1.9570237582684253e-05,0.02
cietumsode,1,1.9570237582684253e-05,0.02
mānīgs,1,1.9570237582684253e-05,0.02
piečakarēt,1,1.9570237582684253e-05,0.02
šonedēļ,1,1.9570237582684253e-05,0.02
nostāvēt,1,1.9570237582684253e-05,0.02
noturēties,1,1.9570237582684253e-05,0.02
uzsaka,1,1.9570237582684253e-05,0.02
aizrīties,1,1.9570237582684253e-05,0.02
darodīgi,1,1.9570237582684253e-05,0.02
ieraksties,1,1.9570237582684253e-05,0.02
gāzinieks,1,1.9570237582684253e-05,0.02
aušvica,1,1.9570237582684253e-05,0.02
malači,1,1.9570237582684253e-05,0.02
terorists,1,1.9570237582684253e-05,0.02
milzums,1,1.9570237582684253e-05,0.02
mocīšana,1,1.9570237582684253e-05,0.02
sagraut,1,1.9570237582684253e-05,0.02
zeiedomāt,1,1.9570237582684253e-05,0.02
izprovocēt,1,1.9570237582684253e-05,0.02
lie,1,1.9570237582684253e-05,0.02
skals,1,1.9570237582684253e-05,0.02
mazsvarīgs,1,1.9570237582684253e-05,0.02
pieticība,1,1.9570237582684253e-05,0.02
filozofija,1,1.9570237582684253e-05,0.02
pārsteidzīgs,1,1.9570237582684253e-05,0.02
trieste,1,1.9570237582684253e-05,0.02
dokers,1,1.9570237582684253e-05,0.02
osta,1,1.9570237582684253e-05,0.02
strādnieks,1,1.9570237582684253e-05,0.02
pārspēks,1,1.9570237582684253e-05,0.02
butaforija,1,1.9570237582684253e-05,0.02
apkarināt,1,1.9570237582684253e-05,0.02
sargs,1,1.9570237582684253e-05,0.02
streļķis,1,1.9570237582684253e-05,0.02
mazmazbērns,1,1.9570237582684253e-05,0.02
iekšlietas,1,1.9570237582684253e-05,0.02
vugd,1,1.9570237582684253e-05,0.02
pretlikumīgs,1,1.9570237582684253e-05,0.02
nekur,1,1.9570237582684253e-05,0.02
čats,1,1.9570237582684253e-05,0.02
memoranda,1,1.9570237582684253e-05,0.02
vija,1,1.9570237582684253e-05,0.02
beinerte,1,1.9570237582684253e-05,0.02
bcg,1,1.9570237582684253e-05,0.02
vīt,1,1.9570237582684253e-05,0.02
beinertevakar,1,1.9570237582684253e-05,0.02
stabils,1,1.9570237582684253e-05,0.02
mainīgs,1,1.9570237582684253e-05,0.02
daudzkārtējs,1,1.9570237582684253e-05,0.02
ausma,1,1.9570237582684253e-05,0.02
piemināt,1,1.9570237582684253e-05,0.02
lza,1,1.9570237582684253e-05,0.02
ivars,1,1.9570237582684253e-05,0.02
kalviņš,1,1.9570237582684253e-05,0.02
stratēģisks,1,1.9570237582684253e-05,0.02
melouns,1,1.9570237582684253e-05,0.02
sertificēt,1,1.9570237582684253e-05,0.02
rns,1,1.9570237582684253e-05,0.02
transfekcija,1,1.9570237582684253e-05,0.02
atklājējs,1,1.9570237582684253e-05,0.02
vitro,1,1.9570237582684253e-05,0.02
vivo,1,1.9570237582684253e-05,0.02
virusologs,1,1.9570237582684253e-05,0.02
precisely,1,1.9570237582684253e-05,0.02
one would,1,1.9570237582684253e-05,0.02
happening,1,1.9570237582684253e-05,0.02
briefly,1,1.9570237582684253e-05,0.02
causes,1,1.9570237582684253e-05,0.02
infectious,1,1.9570237582684253e-05,0.02
happen,1,1.9570237582684253e-05,0.02
replicate,1,1.9570237582684253e-05,0.02
higher,1,1.9570237582684253e-05,0.02
levels,1,1.9570237582684253e-05,0.02
infection,1,1.9570237582684253e-05,0.02
virusoloģija,1,1.9570237582684253e-05,0.02
milzis,1,1.9570237582684253e-05,0.02
melons,1,1.9570237582684253e-05,0.02
montanje,1,1.9570237582684253e-05,0.02
prēmija,1,1.9570237582684253e-05,0.02
laureāts,1,1.9570237582684253e-05,0.02
martins,1,1.9570237582684253e-05,0.02
kuldorfs,1,1.9570237582684253e-05,0.02
gērt,1,1.9570237582684253e-05,0.02
vanden,1,1.9570237582684253e-05,0.02
bose,1,1.9570237582684253e-05,0.02
agresīvs,1,1.9570237582684253e-05,0.02
ganāmpulks,1,1.9570237582684253e-05,0.02
uzdrošināt,1,1.9570237582684253e-05,0.02
biomedicīna,1,1.9570237582684253e-05,0.02
stratēģija,1,1.9570237582684253e-05,0.02
korporatīvs,1,1.9570237582684253e-05,0.02
šām,1,1.9570237582684253e-05,0.02
raudze,1,1.9570237582684253e-05,0.02
pārtikt,1,1.9570237582684253e-05,0.02
dziedonis,1,1.9570237582684253e-05,0.02
sportists,1,1.9570237582684253e-05,0.02
smana,1,1.9570237582684253e-05,0.02
valstība,1,1.9570237582684253e-05,0.02
pakavējs,1,1.9570237582684253e-05,0.02
jokot,1,1.9570237582684253e-05,0.02
dzīvespriecīgs,1,1.9570237582684253e-05,0.02
apdomīgs,1,1.9570237582684253e-05,0.02
skanīgs,1,1.9570237582684253e-05,0.02
pēda,1,1.9570237582684253e-05,0.02
mūžīgs,1,1.9570237582684253e-05,0.02
palielināšanās,1,1.9570237582684253e-05,0.02
aizbēgt,1,1.9570237582684253e-05,0.02
viesstrādnieks,1,1.9570237582684253e-05,0.02
pesimists,1,1.9570237582684253e-05,0.02
vaidīt,1,1.9570237582684253e-05,0.02
dīvāns,1,1.9570237582684253e-05,0.02
bruņinieks,1,1.9570237582684253e-05,0.02
tikums,1,1.9570237582684253e-05,0.02
agenskalnalnalnat,1,1.9570237582684253e-05,0.02
traktāts,1,1.9570237582684253e-05,0.02
iešļircināt,1,1.9570237582684253e-05,0.02
jos,1,1.9570237582684253e-05,0.02
mandāts,1,1.9570237582684253e-05,0.02
troika,1,1.9570237582684253e-05,0.02
staigs,1,1.9570237582684253e-05,0.02
siena,1,1.9570237582684253e-05,0.02
svint,1,1.9570237582684253e-05,0.02
brīvdabas,1,1.9570237582684253e-05,0.02
reģions,1,1.9570237582684253e-05,0.02
šausmināties,1,1.9570237582684253e-05,0.02
rebalitika,1,1.9570237582684253e-05,0.02
aizgūtnēm,1,1.9570237582684253e-05,0.02
rai,1,1.9570237582684253e-05,0.02
mūziķis,1,1.9570237582684253e-05,0.02
ēriks,1,1.9570237582684253e-05,0.02
kleptons,1,1.9570237582684253e-05,0.02
billa,1,1.9570237582684253e-05,0.02
dotācija,1,1.9570237582684253e-05,0.02
sarindot,1,1.9570237582684253e-05,0.02
rindiņš,1,1.9570237582684253e-05,0.02
kontrindikācija,1,1.9570237582684253e-05,0.02
dedrošs,1,1.9570237582684253e-05,0.02
sencis,1,1.9570237582684253e-05,0.02
iekārot,1,1.9570237582684253e-05,0.02
mazmazēt,1,1.9570237582684253e-05,0.02
pacietīgi,1,1.9570237582684253e-05,0.02
lopkautuve,1,1.9570237582684253e-05,0.02
izziņot,1,1.9570237582684253e-05,0.02
aizsākt,1,1.9570237582684253e-05,0.02
sarīkošana,1,1.9570237582684253e-05,0.02
cvid,1,1.9570237582684253e-05,0.02
slieksnis,1,1.9570237582684253e-05,0.02
izdale,1,1.9570237582684253e-05,0.02
līnija,1,1.9570237582684253e-05,0.02
padevīgs,1,1.9570237582684253e-05,0.02
autoritārisms,1,1.9570237582684253e-05,0.02
mājsaimniecība,1,1.9570237582684253e-05,0.02
moderni,1,1.9570237582684253e-05,0.02
apvērsums,1,1.9570237582684253e-05,0.02
uzurpēt,1,1.9570237582684253e-05,0.02
stukačs,1,1.9570237582684253e-05,0.02
cenze,1,1.9570237582684253e-05,0.02
telegram,1,1.9570237582684253e-05,0.02
virtuāls,1,1.9570237582684253e-05,0.02
apgraizīt,1,1.9570237582684253e-05,0.02
nosargāt,1,1.9570237582684253e-05,0.02
colemans,1,1.9570237582684253e-05,0.02
jīdons,1,1.9570237582684253e-05,0.02
špricētājs,1,1.9570237582684253e-05,0.02
špricētava,1,1.9570237582684253e-05,0.02
karātava,1,1.9570237582684253e-05,0.02
sajušana,1,1.9570237582684253e-05,0.02
iesīkstēt,1,1.9570237582684253e-05,0.02
samulsts,1,1.9570237582684253e-05,0.02
apstāties,1,1.9570237582684253e-05,0.02
lauzties,1,1.9570237582684253e-05,0.02
korelācija,1,1.9570237582684253e-05,0.02
indulis,1,1.9570237582684253e-05,0.02
emsis,1,1.9570237582684253e-05,0.02
izturīgs,1,1.9570237582684253e-05,0.02
sita,1,1.9570237582684253e-05,0.02
zupa,1,1.9570237582684253e-05,0.02
prezistrādājums,1,1.9570237582684253e-05,0.02
kalpo cens,1,1.9570237582684253e-05,0.02
griezums,1,1.9570237582684253e-05,0.02
muļķošana,1,1.9570237582684253e-05,0.02
baltica,1,1.9570237582684253e-05,0.02
check,1,1.9570237582684253e-05,0.02
parunāties,1,1.9570237582684253e-05,0.02
tedross,1,1.9570237582684253e-05,0.02
izpļāpāties,1,1.9570237582684253e-05,0.02
sargibernuskops,1,1.9570237582684253e-05,0.02
bena,1,1.9570237582684253e-05,0.02
latkovskis,1,1.9570237582684253e-05,0.02
kliķis,1,1.9570237582684253e-05,0.02
izkūpēt,1,1.9570237582684253e-05,0.02
skurstenis,1,1.9570237582684253e-05,0.02
aizķert,1,1.9570237582684253e-05,0.02
ziņēt,1,1.9570237582684253e-05,0.02
konstitucionāls,1,1.9570237582684253e-05,0.02
pastiprināti,1,1.9570237582684253e-05,0.02
respiratora,1,1.9570237582684253e-05,0.02
audums,1,1.9570237582684253e-05,0.02
drāse,1,1.9570237582684253e-05,0.02
siets,1,1.9570237582684253e-05,0.02
ods,1,1.9570237582684253e-05,0.02
totalitārisms,1,1.9570237582684253e-05,0.02
identitāte,1,1.9570237582684253e-05,0.02
apbrīnojami,1,1.9570237582684253e-05,0.02
paklanoties,1,1.9570237582684253e-05,0.02
aizlūzt,1,1.9570237582684253e-05,0.02
aptrūkties,1,1.9570237582684253e-05,0.02
skatītājs,1,1.9570237582684253e-05,0.02
amorāli,1,1.9570237582684253e-05,0.02
došana,1,1.9570237582684253e-05,0.02
facto,1,1.9570237582684253e-05,0.02
olga,1,1.9570237582684253e-05,0.02
dragiļevs,1,1.9570237582684253e-05,0.02
uzbrūkt,1,1.9570237582684253e-05,0.02
sajusties,1,1.9570237582684253e-05,0.02
perapt,1,1.9570237582684253e-05,0.02
zēns,1,1.9570237582684253e-05,0.02
apkarojami,1,1.9570237582684253e-05,0.02
kļūdīties,1,1.9570237582684253e-05,0.02
domāju svādi,1,1.9570237582684253e-05,0.02
svēti,1,1.9570237582684253e-05,0.02
ceļavējš,1,1.9570237582684253e-05,0.02
pūst,1,1.9570237582684253e-05,0.02
slave,1,1.9570237582684253e-05,0.02
apmēram,1,1.9570237582684253e-05,0.02
paskarbs,1,1.9570237582684253e-05,0.02
izvērtējums,1,1.9570237582684253e-05,0.02
trāpīgs,1,1.9570237582684253e-05,0.02
pašnāvniecisks,1,1.9570237582684253e-05,0.02
lemings,1,1.9570237582684253e-05,0.02
klints,1,1.9570237582684253e-05,0.02
labprātīgi,1,1.9570237582684253e-05,0.02
cilvēk,1,1.9570237582684253e-05,0.02
smuks,1,1.9570237582684253e-05,0.02
kurpīte,1,1.9570237582684253e-05,0.02
atpalikt,1,1.9570237582684253e-05,0.02
paverdzināšana,1,1.9570237582684253e-05,0.02
lokdaunis,1,1.9570237582684253e-05,0.02
nošpricēties,1,1.9570237582684253e-05,0.02
pomps,1,1.9570237582684253e-05,0.02
atstādināties,1,1.9570237582684253e-05,0.02
pasažieris,1,1.9570237582684253e-05,0.02
šmaukšanās,1,1.9570237582684253e-05,0.02
pašpietiekami,1,1.9570237582684253e-05,0.02
karaļvalsts,1,1.9570237582684253e-05,0.02
paracetamols,1,1.9570237582684253e-05,0.02
karsonis,1,1.9570237582684253e-05,0.02
dekompensēja,1,1.9570237582684253e-05,0.02
paveide,1,1.9570237582684253e-05,0.02
otrkārt,1,1.9570237582684253e-05,0.02
atrauti,1,1.9570237582684253e-05,0.02
slinkums,1,1.9570237582684253e-05,0.02
defakto,1,1.9570237582684253e-05,0.02
kunde,1,1.9570237582684253e-05,0.02
privātpersona,1,1.9570237582684253e-05,0.02
redaktore,1,1.9570237582684253e-05,0.02
aizrauties,1,1.9570237582684253e-05,0.02
sūdzēšanās,1,1.9570237582684253e-05,0.02
pierakstīt,1,1.9570237582684253e-05,0.02
stādīt,1,1.9570237582684253e-05,0.02
pareizrakstība,1,1.9570237582684253e-05,0.02
mēsls,1,1.9570237582684253e-05,0.02
katliņš,1,1.9570237582684253e-05,0.02
vārīties,1,1.9570237582684253e-05,0.02
sirgt,1,1.9570237582684253e-05,0.02
atražot,1,1.9570237582684253e-05,0.02
žurnālistika,1,1.9570237582684253e-05,0.02
sajugties,1,1.9570237582684253e-05,0.02
polija,1,1.9570237582684253e-05,0.02
staiga,1,1.9570237582684253e-05,0.02
piesieties,1,1.9570237582684253e-05,0.02
izrakstiet,1,1.9570237582684253e-05,0.02
pamācīt,1,1.9570237582684253e-05,0.02
pakomunicēt,1,1.9570237582684253e-05,0.02
histērisks,1,1.9570237582684253e-05,0.02
dāmīte,1,1.9570237582684253e-05,0.02
piesegties,1,1.9570237582684253e-05,0.02
dezinformators,1,1.9570237582684253e-05,0.02
szem,1,1.9570237582684253e-05,0.02
pakļūt,1,1.9570237582684253e-05,0.02
kriminālnoziegums,1,1.9570237582684253e-05,0.02
kolektīvs,1,1.9570237582684253e-05,0.02
problemātika,1,1.9570237582684253e-05,0.02
trešdien,1,1.9570237582684253e-05,0.02
pretstraume,1,1.9570237582684253e-05,0.02
labvēlis,1,1.9570237582684253e-05,0.02
politbirs,1,1.9570237582684253e-05,0.02
šķirot,1,1.9570237582684253e-05,0.02
čehija,1,1.9570237582684253e-05,0.02
galīgi,1,1.9570237582684253e-05,0.02
ļaunprātība,1,1.9570237582684253e-05,0.02
alkatība,1,1.9570237582684253e-05,0.02
kodiņš,1,1.9570237582684253e-05,0.02
laisties,1,1.9570237582684253e-05,0.02
fāterlande,1,1.9570237582684253e-05,0.02
medfašisms,1,1.9570237582684253e-05,0.02
umt,1,1.9570237582684253e-05,0.02
piecelties,1,1.9570237582684253e-05,0.02
reibt,1,1.9570237582684253e-05,0.02
knapi,1,1.9570237582684253e-05,0.02
kozlovska,1,1.9570237582684253e-05,0.02
šilovs,1,1.9570237582684253e-05,0.02
ntās,1,1.9570237582684253e-05,0.02
skaldīt,1,1.9570237582684253e-05,0.02
piekasīties,1,1.9570237582684253e-05,0.02
birokrātisks,1,1.9570237582684253e-05,0.02
aprūpēt,1,1.9570237582684253e-05,0.02
izklausīt,1,1.9570237582684253e-05,0.02
viedie veselība,1,1.9570237582684253e-05,0.02
šaudīgs,1,1.9570237582684253e-05,0.02
piekasa,1,1.9570237582684253e-05,0.02
aizsargtērps,1,1.9570237582684253e-05,0.02
absolvēt,1,1.9570237582684253e-05,0.02
rmi,1,1.9570237582684253e-05,0.02
lu,1,1.9570237582684253e-05,0.02
pārkāpiet,1,1.9570237582684253e-05,0.02
bezdarbība,1,1.9570237582684253e-05,0.02
slepkavot,1,1.9570237582684253e-05,0.02
karma,1,1.9570237582684253e-05,0.02
iluzors,1,1.9570237582684253e-05,0.02
kariņlevitpavļunda,1,1.9570237582684253e-05,0.02
trudo,1,1.9570237582684253e-05,0.02
smirdēt,1,1.9570237582684253e-05,0.02
pērle,1,1.9570237582684253e-05,0.02
zīmīgs,1,1.9570237582684253e-05,0.02
christian,1,1.9570237582684253e-05,0.02
perrone,1,1.9570237582684253e-05,0.02
antivt,1,1.9570237582684253e-05,0.02
banfa,1,1.9570237582684253e-05,0.02
palikties,1,1.9570237582684253e-05,0.02
liecinieks,1,1.9570237582684253e-05,0.02
redzējums,1,1.9570237582684253e-05,0.02
skandēt,1,1.9570237582684253e-05,0.02
spricēties,1,1.9570237582684253e-05,0.02
mītisks,1,1.9570237582684253e-05,0.02
atšķirīgi,1,1.9570237582684253e-05,0.02
paudējs,1,1.9570237582684253e-05,0.02
bīdīts,1,1.9570237582684253e-05,0.02
uzrīdīt,1,1.9570237582684253e-05,0.02
aizslaukt,1,1.9570237582684253e-05,0.02
smo,1,1.9570237582684253e-05,0.02
aleksejs,1,1.9570237582684253e-05,0.02
papētīt,1,1.9570237582684253e-05,0.02
parēķināt,1,1.9570237582684253e-05,0.02
citokīns,1,1.9570237582684253e-05,0.02
vētra,1,1.9570237582684253e-05,0.02
kontakts,1,1.9570237582684253e-05,0.02
aizbāzt,1,1.9570237582684253e-05,0.02
malds,1,1.9570237582684253e-05,0.02
melus,1,1.9570237582684253e-05,0.02
dumjības,1,1.9570237582684253e-05,0.02
vientiesība,1,1.9570237582684253e-05,0.02
drīzumā,1,1.9570237582684253e-05,0.02
rītdiena,1,1.9570237582684253e-05,0.02
tiešikopa,1,1.9570237582684253e-05,0.02
maksimālisms,1,1.9570237582684253e-05,0.02
gribēšanās,1,1.9570237582684253e-05,0.02
diletantisms,1,1.9570237582684253e-05,0.02
ignorēšana,1,1.9570237582684253e-05,0.02
raksturs,1,1.9570237582684253e-05,0.02
ierādījums,1,1.9570237582684253e-05,0.02
mērīt,1,1.9570237582684253e-05,0.02
produkcija,1,1.9570237582684253e-05,0.02
gariņš,1,1.9570237582684253e-05,0.02
ritenis,1,1.9570237582684253e-05,0.02
ieslēgties,1,1.9570237582684253e-05,0.02
uztaurēt,1,1.9570237582684253e-05,0.02
piezvanīt,1,1.9570237582684253e-05,0.02
vārtiņi,1,1.9570237582684253e-05,0.02
ielūgs,1,1.9570237582684253e-05,0.02
īsflma,1,1.9570237582684253e-05,0.02
uzfilmēt,1,1.9570237582684253e-05,0.02
atkāpe,1,1.9570237582684253e-05,0.02
tiktāl,1,1.9570237582684253e-05,0.02
klauzuls,1,1.9570237582684253e-05,0.02
cara,1,1.9570237582684253e-05,0.02
tētiņš,1,1.9570237582684253e-05,0.02
apakšnieks,1,1.9570237582684253e-05,0.02
putra,1,1.9570237582684253e-05,0.02
savārīt,1,1.9570237582684253e-05,0.02
divkosība,1,1.9570237582684253e-05,0.02
paklanīties,1,1.9570237582684253e-05,0.02
titule,1,1.9570237582684253e-05,0.02
pasaulīgs,1,1.9570237582684253e-05,0.02
sātanisks,1,1.9570237582684253e-05,0.02
stāja,1,1.9570237582684253e-05,0.02
šoferis,1,1.9570237582684253e-05,0.02
ntas,1,1.9570237582684253e-05,0.02
pilntiesīgi,1,1.9570237582684253e-05,0.02
apzīmējums,1,1.9570237582684253e-05,0.02
sestais,1,1.9570237582684253e-05,0.02
tituls,1,1.9570237582684253e-05,0.02
pacensties,1,1.9570237582684253e-05,0.02
varīte,1,1.9570237582684253e-05,0.02
pasmaidīt,1,1.9570237582684253e-05,0.02
ilgums,1,1.9570237582684253e-05,0.02
intensitāte,1,1.9570237582684253e-05,0.02
sistemātiskums,1,1.9570237582684253e-05,0.02
saziņa,1,1.9570237582684253e-05,0.02
bravūra,1,1.9570237582684253e-05,0.02
pieteikšana,1,1.9570237582684253e-05,0.02
izgrozīt,1,1.9570237582684253e-05,0.02
ierēdne,1,1.9570237582684253e-05,0.02
iegribēties,1,1.9570237582684253e-05,0.02
rociņa,1,1.9570237582684253e-05,0.02
pārsniegšana,1,1.9570237582684253e-05,0.02
tīšām,1,1.9570237582684253e-05,0.02
saglābt,1,1.9570237582684253e-05,0.02
mierīgs,1,1.9570237582684253e-05,0.02
protestētājs,1,1.9570237582684253e-05,0.02
protestēt,1,1.9570237582684253e-05,0.02
līdzpilsonis,1,1.9570237582684253e-05,0.02
kauties,1,1.9570237582684253e-05,0.02
pūliņš,1,1.9570237582684253e-05,0.02
tārpiņš,1,1.9570237582684253e-05,0.02
aizdevējs,1,1.9570237582684253e-05,0.02
pārlikt,1,1.9570237582684253e-05,0.02
izveicīgs,1,1.9570237582684253e-05,0.02
seftmanis,1,1.9570237582684253e-05,0.02
mms,1,1.9570237582684253e-05,0.02
krabis,1,1.9570237582684253e-05,0.02
tumsa,1,1.9570237582684253e-05,0.02
dusmas,1,1.9570237582684253e-05,0.02
vērošanas,1,1.9570237582684253e-05,0.02
pievērsties,1,1.9570237582684253e-05,0.02
atraut,1,1.9570237582684253e-05,0.02
batālija,1,1.9570237582684253e-05,0.02
zeļenko,1,1.9570237582684253e-05,0.02
šausmīt,1,1.9570237582684253e-05,0.02
izkupt,1,1.9570237582684253e-05,0.02
mūrs,1,1.9570237582684253e-05,0.02
dienvidflorida,1,1.9570237582684253e-05,0.02
apskaidrība,1,1.9570237582684253e-05,0.02
ākstīšanās,1,1.9570237582684253e-05,0.02
bīt,1,1.9570237582684253e-05,0.02
tabu,1,1.9570237582684253e-05,0.02
diplomātisks,1,1.9570237582684253e-05,0.02
jauda,1,1.9570237582684253e-05,0.02
vainīgi,1,1.9570237582684253e-05,0.02
varošāki,1,1.9570237582684253e-05,0.02
hāga,1,1.9570237582684253e-05,0.02
karst,1,1.9570237582684253e-05,0.02
sastapšanās,1,1.9570237582684253e-05,0.02
izkristalizēt,1,1.9570237582684253e-05,0.02
dažas,1,1.9570237582684253e-05,0.02
pārbaudījums,1,1.9570237582684253e-05,0.02
elle,1,1.9570237582684253e-05,0.02
kultivēt,1,1.9570237582684253e-05,0.02
zondags,1,1.9570237582684253e-05,0.02
zonda,1,1.9570237582684253e-05,0.02
astroloģis,1,1.9570237582684253e-05,0.02
psiholoģis,1,1.9570237582684253e-05,0.02
zinātniece,1,1.9570237582684253e-05,0.02
ekstrēms,1,1.9570237582684253e-05,0.02
priekšnoteikums,1,1.9570237582684253e-05,0.02
motīve,1,1.9570237582684253e-05,0.02
astroloģisks,1,1.9570237582684253e-05,0.02
zondaga,1,1.9570237582684253e-05,0.02
paldieskops,1,1.9570237582684253e-05,0.02
potiieslodzītais,1,1.9570237582684253e-05,0.02
uzstāšanās,1,1.9570237582684253e-05,0.02
civiliedzīvotājs,1,1.9570237582684253e-05,0.02
zatleris,1,1.9570237582684253e-05,0.02
dažnedažāds,1,1.9570237582684253e-05,0.02
plūdi,1,1.9570237582684253e-05,0.02
pavērsties,1,1.9570237582684253e-05,0.02
pasūtītājs,1,1.9570237582684253e-05,0.02
attaisnošana,1,1.9570237582684253e-05,0.02
ret,1,1.9570237582684253e-05,0.02
kariņpavļutlevita,1,1.9570237582684253e-05,0.02
attaisnojums,1,1.9570237582684253e-05,0.02
vaksēt,1,1.9570237582684253e-05,0.02
sašķelties,1,1.9570237582684253e-05,0.02
bēglis,1,1.9570237582684253e-05,0.02
šķelties,1,1.9570237582684253e-05,0.02
aizsācējs,1,1.9570237582684253e-05,0.02
enerģētika,1,1.9570237582684253e-05,0.02
vicināties,1,1.9570237582684253e-05,0.02
pragmatiski,1,1.9570237582684253e-05,0.02
rozā,1,1.9570237582684253e-05,0.02
brilles,1,1.9570237582684253e-05,0.02
pašvakt,1,1.9570237582684253e-05,0.02
mengele,1,1.9570237582684253e-05,0.02
šķelšana,1,1.9570237582684253e-05,0.02
mūsdienīgs,1,1.9570237582684253e-05,0.02
sponsors,1,1.9570237582684253e-05,0.02
qr,1,1.9570237582684253e-05,0.02
smieklīgs,1,1.9570237582684253e-05,0.02
tarkovskis,1,1.9570237582684253e-05,0.02
stalkers,1,1.9570237582684253e-05,0.02
klauvēt,1,1.9570237582684253e-05,0.02
grozs,1,1.9570237582684253e-05,0.02
sanāksme,1,1.9570237582684253e-05,0.02
projektors,1,1.9570237582684253e-05,0.02
attālināti,1,1.9570237582684253e-05,0.02
veicējs,1,1.9570237582684253e-05,0.02
labdie,1,1.9570237582684253e-05,0.02
sekretariāts,1,1.9570237582684253e-05,0.02
juma,1,1.9570237582684253e-05,0.02
cieņuantrs,1,1.9570237582684253e-05,0.02
planekops,1,1.9570237582684253e-05,0.02
puļķēt,1,1.9570237582684253e-05,0.02
medicīniski,1,1.9570237582684253e-05,0.02
distancēties,1,1.9570237582684253e-05,0.02
dziļums,1,1.9570237582684253e-05,0.02
iešņaukt,1,1.9570237582684253e-05,0.02
trauciņš,1,1.9570237582684253e-05,0.02
pabraukt,1,1.9570237582684253e-05,0.02
puļķis,1,1.9570237582684253e-05,0.02
bāzt,1,1.9570237582684253e-05,0.02
izjaukt,1,1.9570237582684253e-05,0.02
darps,1,1.9570237582684253e-05,0.02
hydrogels,1,1.9570237582684253e-05,0.02
rūpīgi,1,1.9570237582684253e-05,0.02
režģi,1,1.9570237582684253e-05,0.02
puzlis,1,1.9570237582684253e-05,0.02
lielbritānija,1,1.9570237582684253e-05,0.02
mālēt,1,1.9570237582684253e-05,0.02
jaukšana,1,1.9570237582684253e-05,0.02
prieciņš,1,1.9570237582684253e-05,0.02
vienaudzis,1,1.9570237582684253e-05,0.02
humāns,1,1.9570237582684253e-05,0.02
zemessardze,1,1.9570237582684253e-05,0.02
veikls,1,1.9570237582684253e-05,0.02
izšķērdīgi,1,1.9570237582684253e-05,0.02
aizņemties,1,1.9570237582684253e-05,0.02
izšķērdība,1,1.9570237582684253e-05,0.02
baidena,1,1.9570237582684253e-05,0.02
putina,1,1.9570237582684253e-05,0.02
palīgāmums,1,1.9570237582684253e-05,0.02
bordāns,1,1.9570237582684253e-05,0.02
gobzems,1,1.9570237582684253e-05,0.02
aviobiļete,1,1.9570237582684253e-05,0.02
attāls,1,1.9570237582684253e-05,0.02
monēta,1,1.9570237582684253e-05,0.02
sacensties,1,1.9570237582684253e-05,0.02
sēt,1,1.9570237582684253e-05,0.02
še,1,1.9570237582684253e-05,0.02
pastāvēšana,1,1.9570237582684253e-05,0.02
līdzcietība,1,1.9570237582684253e-05,0.02
sanaisties,1,1.9570237582684253e-05,0.02
īetekmīgs,1,1.9570237582684253e-05,0.02
diegs,1,1.9570237582684253e-05,0.02
profesionāli,1,1.9570237582684253e-05,0.02
vau,1,1.9570237582684253e-05,0.02
strupceļš,1,1.9570237582684253e-05,0.02
sauja,1,1.9570237582684253e-05,0.02
nkāršoties,1,1.9570237582684253e-05,0.02
apdrošinātājs,1,1.9570237582684253e-05,0.02
sašķirot,1,1.9570237582684253e-05,0.02
sašķiroties,1,1.9570237582684253e-05,0.02
fulemihs,1,1.9570237582684253e-05,0.02
pavērst,1,1.9570237582684253e-05,0.02
apsveikums,1,1.9570237582684253e-05,0.02
starpvaru,1,1.9570237582684253e-05,0.02
dualitāte,1,1.9570237582684253e-05,0.02
vairīt,1,1.9570237582684253e-05,0.02
mahinācija,1,1.9570237582684253e-05,0.02
meinstrs,1,1.9570237582684253e-05,0.02
ronalds,1,1.9570237582684253e-05,0.02
merkantils,1,1.9570237582684253e-05,0.02
pastumt,1,1.9570237582684253e-05,0.02
šausminoši,1,1.9570237582684253e-05,0.02
rečeksits,1,1.9570237582684253e-05,0.02
patrons,1,1.9570237582684253e-05,0.02
sasitoši,1,1.9570237582684253e-05,0.02
brīvprātība,1,1.9570237582684253e-05,0.02
kurls,1,1.9570237582684253e-05,0.02
kaķis,1,1.9570237582684253e-05,0.02
faizerītis,1,1.9570237582684253e-05,0.02
iedzīvoties,1,1.9570237582684253e-05,0.02
ripo,1,1.9570237582684253e-05,0.02
procentuāli,1,1.9570237582684253e-05,0.02
zarīna,1,1.9570237582684253e-05,0.02
izdarība,1,1.9570237582684253e-05,0.02
mistisks,1,1.9570237582684253e-05,0.02
regālija,1,1.9570237582684253e-05,0.02
gudrītis,1,1.9570237582684253e-05,0.02
pakļāvīgs,1,1.9570237582684253e-05,0.02
vecā sistēma,1,1.9570237582684253e-05,0.02
kulīte,1,1.9570237582684253e-05,0.02
pārķert,1,1.9570237582684253e-05,0.02
kovidfanātiķis,1,1.9570237582684253e-05,0.02
šre,1,1.9570237582684253e-05,0.02
lanka,1,1.9570237582684253e-05,0.02
modelis,1,1.9570237582684253e-05,0.02
diriģents,1,1.9570237582684253e-05,0.02
grāvējs,1,1.9570237582684253e-05,0.02
supervaronis,1,1.9570237582684253e-05,0.02
supervakcīna,1,1.9570237582684253e-05,0.02
smiet,1,1.9570237582684253e-05,0.02
moneypox,1,1.9570237582684253e-05,0.02
franšīze,1,1.9570237582684253e-05,0.02
bubuls,1,1.9570237582684253e-05,0.02
outbreaks,1,1.9570237582684253e-05,0.02
dastins,1,1.9570237582684253e-05,0.02
hofmana,1,1.9570237582684253e-05,0.02
dusts,1,1.9570237582684253e-05,0.02
hoffman,1,1.9570237582684253e-05,0.02
līmēt,1,1.9570237582684253e-05,0.02
ciet,1,1.9570237582684253e-05,0.02
slepkavošana,1,1.9570237582684253e-05,0.02
pielasīt,1,1.9570237582684253e-05,0.02
epitets,1,1.9570237582684253e-05,0.02
docētājs,1,1.9570237582684253e-05,0.02
mērkaķbaks,1,1.9570237582684253e-05,0.02
piesegt,1,1.9570237582684253e-05,0.02
krātiņš,1,1.9570237582684253e-05,0.02
pakete,1,1.9570237582684253e-05,0.02
pēcdzemdības,1,1.9570237582684253e-05,0.02
menopauze,1,1.9570237582684253e-05,0.02
dzemdēt,1,1.9570237582684253e-05,0.02
priekšlaicīgi,1,1.9570237582684253e-05,0.02
atvaļināt,1,1.9570237582684253e-05,0.02
russell,1,1.9570237582684253e-05,0.02
baylock,1,1.9570237582684253e-05,0.02
atmaskot,1,1.9570237582684253e-05,0.02
koriģēšana,1,1.9570237582684253e-05,0.02
paciets,1,1.9570237582684253e-05,0.02
remdesivirs,1,1.9570237582684253e-05,0.02
demonizēšana,1,1.9570237582684253e-05,0.02
aizliegšana,1,1.9570237582684253e-05,0.02
vairākkārtējs,1,1.9570237582684253e-05,0.02
plūst,1,1.9570237582684253e-05,0.02
karms,1,1.9570237582684253e-05,0.02
sanaist,1,1.9570237582684253e-05,0.02
zev,1,1.9570237582684253e-05,0.02
zelenks,1,1.9570237582684253e-05,0.02
trampa,1,1.9570237582684253e-05,0.02
sēra,1,1.9570237582684253e-05,0.02
ievešana,1,1.9570237582684253e-05,0.02
stobrs,1,1.9570237582684253e-05,0.02
īstens,1,1.9570237582684253e-05,0.02
tumsonība,1,1.9570237582684253e-05,0.02
palaikam,1,1.9570237582684253e-05,0.02
ieliet,1,1.9570237582684253e-05,0.02
izdarīšana,1,1.9570237582684253e-05,0.02
papukstēšana,1,1.9570237582684253e-05,0.02
pakašķēšanās,1,1.9570237582684253e-05,0.02
rakt,1,1.9570237582684253e-05,0.02
kopīgi,1,1.9570237582684253e-05,0.02
centīgi,1,1.9570237582684253e-05,0.02
piestrādāt,1,1.9570237582684253e-05,0.02
sašķelšana,1,1.9570237582684253e-05,0.02
šķelšanās,1,1.9570237582684253e-05,0.02
kariņlevitpavitputīgs,1,1.9570237582684253e-05,0.02
kremt,1,1.9570237582684253e-05,0.02
ceļabiedrs,1,1.9570237582684253e-05,0.02
painformēt,1,1.9570237582684253e-05,0.02
krista,1,1.9570237582684253e-05,0.02
burāne,1,1.9570237582684253e-05,0.02
baloža,1,1.9570237582684253e-05,0.02
cirst,1,1.9570237582684253e-05,0.02
priekt,1,1.9570237582684253e-05,0.02
smogs,1,1.9570237582684253e-05,0.02
izplūde,1,1.9570237582684253e-05,0.02
saplūsts,1,1.9570237582684253e-05,0.02
melits,1,1.9570237582684253e-05,0.02
raubs,1,1.9570237582684253e-05,0.02
benzīntanks,1,1.9570237582684253e-05,0.02
čom,1,1.9570237582684253e-05,0.02
dolgo,1,1.9570237582684253e-05,0.02
govorilis,1,1.9570237582684253e-05,0.02
izgaismoties,1,1.9570237582684253e-05,0.02
sabaida,1,1.9570237582684253e-05,0.02
atstiepis,1,1.9570237582684253e-05,0.02
kārtīgi,1,1.9570237582684253e-05,0.02
balva,1,1.9570237582684253e-05,0.02
iebiedēties,1,1.9570237582684253e-05,0.02
pazemoties,1,1.9570237582684253e-05,0.02
skolotāja,1,1.9570237582684253e-05,0.02
gersfelde,1,1.9570237582684253e-05,0.02
jurgens,1,1.9570237582684253e-05,0.02
rozena,1,1.9570237582684253e-05,0.02
juergen,1,1.9570237582684253e-05,0.02
von,1,1.9570237582684253e-05,0.02
rosen,1,1.9570237582684253e-05,0.02
psihologs,1,1.9570237582684253e-05,0.02
dēmonisks,1,1.9570237582684253e-05,0.02
atcelšana,1,1.9570237582684253e-05,0.02
priekšsēdētāja,1,1.9570237582684253e-05,0.02
ticamība,1,1.9570237582684253e-05,0.02
diagnostisks,1,1.9570237582684253e-05,0.02
slēdziens,1,1.9570237582684253e-05,0.02
ļaundars,1,1.9570237582684253e-05,0.02
iegalvot,1,1.9570237582684253e-05,0.02
iemērs,1,1.9570237582684253e-05,0.02
pieraksts,1,1.9570237582684253e-05,0.02
šda,1,1.9570237582684253e-05,0.02
uzradīt,1,1.9570237582684253e-05,0.02
sēklinieks,1,1.9570237582684253e-05,0.02
ainārskadišs,1,1.9570237582684253e-05,0.02
vēlētāja,1,1.9570237582684253e-05,0.02
pats sods,1,1.9570237582684253e-05,0.02
fermers,1,1.9570237582684253e-05,0.02
kadišsvēlētājs,1,1.9570237582684253e-05,0.02
iepriekšminētais,1,1.9570237582684253e-05,0.02
ekonomiski,1,1.9570237582684253e-05,0.02
dibenlaižs,1,1.9570237582684253e-05,0.02
partokrātija,1,1.9570237582684253e-05,0.02
skaitīties,1,1.9570237582684253e-05,0.02
lūkot,1,1.9570237582684253e-05,0.02
šoruden,1,1.9570237582684253e-05,0.02
orāli,1,1.9570237582684253e-05,0.02
pedagogs,1,1.9570237582684253e-05,0.02
pārdaugava,1,1.9570237582684253e-05,0.02
cinīt,1,1.9570237582684253e-05,0.02
gāzt,1,1.9570237582684253e-05,0.02
vezums,1,1.9570237582684253e-05,0.02
sasparoties,1,1.9570237582684253e-05,0.02
spalva,1,1.9570237582684253e-05,0.02
spļaušana,1,1.9570237582684253e-05,0.02
rīdīt,1,1.9570237582684253e-05,0.02
vadāmi,1,1.9570237582684253e-05,0.02
šķelt,1,1.9570237582684253e-05,0.02
provokācija,1,1.9570237582684253e-05,0.02
izsūtīt,1,1.9570237582684253e-05,0.02
reliģija,1,1.9570237582684253e-05,0.02
izzīst,1,1.9570237582684253e-05,0.02
burbulis,1,1.9570237582684253e-05,0.02
apēst,1,1.9570237582684253e-05,0.02
ēdienkarte,1,1.9570237582684253e-05,0.02
kadite,1,1.9570237582684253e-05,0.02
elastīgi,1,1.9570237582684253e-05,0.02
kadišsvēlēšanaspiedalīties,1,1.9570237582684253e-05,0.02
esencis,1,1.9570237582684253e-05,0.02
komercuzņēmums,1,1.9570237582684253e-05,0.02
suverēna,1,1.9570237582684253e-05,0.02
protia,1,1.9570237582684253e-05,0.02
kolaborants,1,1.9570237582684253e-05,0.02
attīrīšana,1,1.9570237582684253e-05,0.02
pamatiedzīvotājs,1,1.9570237582684253e-05,0.02
kareivis,1,1.9570237582684253e-05,0.02
apšaubīties,1,1.9570237582684253e-05,0.02
aizdevums,1,1.9570237582684253e-05,0.02
apgādāt,1,1.9570237582684253e-05,0.02
eksistēt,1,1.9570237582684253e-05,0.02
trīsdesmit,1,1.9570237582684253e-05,0.02
sabotāžs,1,1.9570237582684253e-05,0.02
solīdums,1,1.9570237582684253e-05,0.02
līdzatbildīgs,1,1.9570237582684253e-05,0.02
pretīgi,1,1.9570237582684253e-05,0.02
viņķele,1,1.9570237582684253e-05,0.02
antirekords,1,1.9570237582684253e-05,0.02
kloāks,1,1.9570237582684253e-05,0.02
uznirt,1,1.9570237582684253e-05,0.02
freibergs,1,1.9570237582684253e-05,0.02
piesaistīt,1,1.9570237582684253e-05,0.02
atvilkt,1,1.9570237582684253e-05,0.02
ppožs,1,1.9570237582684253e-05,0.02
aja,1,1.9570237582684253e-05,0.02
atsaucami,1,1.9570237582684253e-05,0.02
vientiesīgs,1,1.9570237582684253e-05,0.02
pilnvarēt,1,1.9570237582684253e-05,0.02
ietērpt,1,1.9570237582684253e-05,0.02
kristīns,1,1.9570237582684253e-05,0.02
lindenblati,1,1.9570237582684253e-05,0.02
laure,1,1.9570237582684253e-05,0.02
bočs,1,1.9570237582684253e-05,0.02
pērtiķis,1,1.9570237582684253e-05,0.02
baka,1,1.9570237582684253e-05,0.02
dinamisks,1,1.9570237582684253e-05,0.02
optimistisks,1,1.9570237582684253e-05,0.02
arvīds,1,1.9570237582684253e-05,0.02
ulme,1,1.9570237582684253e-05,0.02
viceprezidente,1,1.9570237582684253e-05,0.02
saulains,1,1.9570237582684253e-05,0.02
aparāta,1,1.9570237582684253e-05,0.02
hipoksija,1,1.9570237582684253e-05,0.02
atalgojums,1,1.9570237582684253e-05,0.02
slakteris,1,1.9570237582684253e-05,0.02
aleluja,1,1.9570237582684253e-05,0.02
proponēt,1,1.9570237582684253e-05,0.02
juridsks,1,1.9570237582684253e-05,0.02
atmasks,1,1.9570237582684253e-05,0.02
izčibēt,1,1.9570237582684253e-05,0.02
blūma,1,1.9570237582684253e-05,0.02
dominēt,1,1.9570237582684253e-05,0.02
izpaust,1,1.9570237582684253e-05,0.02
ekoloģija,1,1.9570237582684253e-05,0.02
dabiskums,1,1.9570237582684253e-05,0.02
izbeigties,1,1.9570237582684253e-05,0.02
blūmakopa,1,1.9570237582684253e-05,0.02
ezotērika,1,1.9570237582684253e-05,0.02
ivo,1,1.9570237582684253e-05,0.02
puriņa,1,1.9570237582684253e-05,0.02
izdošanās,1,1.9570237582684253e-05,0.02
siltums,1,1.9570237582684253e-05,0.02
dzīvoklis,1,1.9570237582684253e-05,0.02
oiks,1,1.9570237582684253e-05,0.02
stāvvieta,1,1.9570237582684253e-05,0.02
apsaimniekošana,1,1.9570237582684253e-05,0.02
dārgt,1,1.9570237582684253e-05,0.02
pulciņa,1,1.9570237582684253e-05,0.02
bāc,1,1.9570237582684253e-05,0.02
ceturtais,1,1.9570237582684253e-05,0.02
lieli,1,1.9570237582684253e-05,0.02
salaist,1,1.9570237582684253e-05,0.02
miess,1,1.9570237582684253e-05,0.02
debīli,1,1.9570237582684253e-05,0.02
pretvalstisks,1,1.9570237582684253e-05,0.02
antihumāna,1,1.9570237582684253e-05,0.02
ieinteresēties,1,1.9570237582684253e-05,0.02
attālināties,1,1.9570237582684253e-05,0.02
dimensija,1,1.9570237582684253e-05,0.02
mantkārība,1,1.9570237582684253e-05,0.02
orģija,1,1.9570237582684253e-05,0.02
pretī,1,1.9570237582684253e-05,0.02
taisnīgs,1,1.9570237582684253e-05,0.02
triks,1,1.9570237582684253e-05,0.02
intensīvi,1,1.9570237582684253e-05,0.02
ziediņš,1,1.9570237582684253e-05,0.02
šleseris,1,1.9570237582684253e-05,0.02
opozicionārs,1,1.9570237582684253e-05,0.02
šlesers,1,1.9570237582684253e-05,0.02
disciplīna,1,1.9570237582684253e-05,0.02
mostieties,1,1.9570237582684253e-05,0.02
slazds,1,1.9570237582684253e-05,0.02
čakls,1,1.9570237582684253e-05,0.02
dzīvsudrabs,1,1.9570237582684253e-05,0.02
kalējs,1,1.9570237582684253e-05,0.02
vispirms,1,1.9570237582684253e-05,0.02
salabot,1,1.9570237582684253e-05,0.02
gājiens,1,1.9570237582684253e-05,0.02
aplamība,1,1.9570237582684253e-05,0.02
slavēt,1,1.9570237582684253e-05,0.02
pavecs,1,1.9570237582684253e-05,0.02
blice,1,1.9570237582684253e-05,0.02
sekmēt,1,1.9570237582684253e-05,0.02
ievēlēšana,1,1.9570237582684253e-05,0.02
destruktīvs,1,1.9570237582684253e-05,0.02
māksliniece,1,1.9570237582684253e-05,0.02
inita,1,1.9570237582684253e-05,0.02
zērietis,1,1.9570237582684253e-05,0.02
fans,1,1.9570237582684253e-05,0.02
klubiņš,1,1.9570237582684253e-05,0.02
čakarēšna,1,1.9570237582684253e-05,0.02
izģērbšana,1,1.9570237582684253e-05,0.02
zivs,1,1.9570237582684253e-05,0.02
slieks,1,1.9570237582684253e-05,0.02
āķis,1,1.9570237582684253e-05,0.02
izrauties,1,1.9570237582684253e-05,0.02
lamata,1,1.9570237582684253e-05,0.02
faize,1,1.9570237582684253e-05,0.02
krāpšanās,1,1.9570237582684253e-05,0.02
falsificēt,1,1.9570237582684253e-05,0.02
elkdievība,1,1.9570237582684253e-05,0.02
uziet,1,1.9570237582684253e-05,0.02
paskābināšanās,1,1.9570237582684253e-05,0.02
kompjūtera,1,1.9570237582684253e-05,0.02
uzgrauzt,1,1.9570237582684253e-05,0.02
buciņš,1,1.9570237582684253e-05,0.02
saldumiņš,1,1.9570237582684253e-05,0.02
padzerties,1,1.9570237582684253e-05,0.02
sportiņa,1,1.9570237582684253e-05,0.02
liksta,1,1.9570237582684253e-05,0.02
baidens,1,1.9570237582684253e-05,0.02
iestrādāt,1,1.9570237582684253e-05,0.02
piedurkne,1,1.9570237582684253e-05,0.02
slimt,1,1.9570237582684253e-05,0.02
ikkatrs,1,1.9570237582684253e-05,0.02
uzķerties,1,1.9570237582684253e-05,0.02
makšķere,1,1.9570237582684253e-05,0.02
ginekoloģe,1,1.9570237582684253e-05,0.02
uzzīmēties,1,1.9570237582684253e-05,0.02
lobijs,1,1.9570237582684253e-05,0.02
lozungs,1,1.9570237582684253e-05,0.02
apmānīt,1,1.9570237582684253e-05,0.02
alberta,1,1.9570237582684253e-05,0.02
sadūšt,1,1.9570237582684253e-05,0.02
iekāpt,1,1.9570237582684253e-05,0.02
uzpeldēt,1,1.9570237582684253e-05,0.02
pēcvēlēšana,1,1.9570237582684253e-05,0.02
atrauga,1,1.9570237582684253e-05,0.02
simtnieks,1,1.9570237582684253e-05,0.02
bluss,1,1.9570237582684253e-05,0.02
rauties,1,1.9570237582684253e-05,0.02
apkopt,1,1.9570237582684253e-05,0.02
pretjautājums,1,1.9570237582684253e-05,0.02
aizsargreakcija,1,1.9570237582684253e-05,0.02
iebrucēt,1,1.9570237582684253e-05,0.02
šķidrums,1,1.9570237582684253e-05,0.02
izveseļošanās,1,1.9570237582684253e-05,0.02
indikācija,1,1.9570237582684253e-05,0.02
saprātīgs,1,1.9570237582684253e-05,0.02
pašbūvēties,1,1.9570237582684253e-05,0.02
apjēgt,1,1.9570237582684253e-05,0.02
makss,1,1.9570237582684253e-05,0.02
ginekoloģija,1,1.9570237582684253e-05,0.02
dzemdniecība,1,1.9570237582684253e-05,0.02
flagmane,1,1.9570237582684253e-05,0.02
viņuprāt,1,1.9570237582684253e-05,0.02
vakardien,1,1.9570237582684253e-05,0.02
paturpināt,1,1.9570237582684253e-05,0.02
plīvot,1,1.9570237582684253e-05,0.02
sarkanbaltsarkans,1,1.9570237582684253e-05,0.02
sektors,1,1.9570237582684253e-05,0.02
redzami,1,1.9570237582684253e-05,0.02
vasaļa,1,1.9570237582684253e-05,0.02
sīks,1,1.9570237582684253e-05,0.02
intriga,1,1.9570237582684253e-05,0.02
ārlietas,1,1.9570237582684253e-05,0.02
zigfrīds,1,1.9570237582684253e-05,0.02
kārls,1,1.9570237582684253e-05,0.02
lauksaimniecība,1,1.9570237582684253e-05,0.02
dzīrs,1,1.9570237582684253e-05,0.02
izpārdot,1,1.9570237582684253e-05,0.02
likvidēt,1,1.9570237582684253e-05,0.02
sakrāme,1,1.9570237582684253e-05,0.02
čemodāns,1,1.9570237582684253e-05,0.02
muks,1,1.9570237582684253e-05,0.02
demokrātiski,1,1.9570237582684253e-05,0.02
izkārt,1,1.9570237582684253e-05,0.02
glums,1,1.9570237582684253e-05,0.02
argentīna,1,1.9570237582684253e-05,0.02
bauns,1,1.9570237582684253e-05,0.02
tautsaimniecība,1,1.9570237582684253e-05,0.02
izsaimniekošana,1,1.9570237582684253e-05,0.02
likvidēšana,1,1.9570237582684253e-05,0.02
iepārdot,1,1.9570237582684253e-05,0.02
ietīt,1,1.9570237582684253e-05,0.02
faņķiks,1,1.9570237582684253e-05,0.02
vienuviet,1,1.9570237582684253e-05,0.02
mengt,1,1.9570237582684253e-05,0.02
iedurt,1,1.9570237582684253e-05,0.02
purvciems,1,1.9570237582684253e-05,0.02
influena,1,1.9570237582684253e-05,0.02
alekseja,1,1.9570237582684253e-05,0.02
rosļikovubērns,1,1.9570237582684253e-05,0.02
prioritātets,1,1.9570237582684253e-05,0.02
odysey,1,1.9570237582684253e-05,0.02
augšuplādēt,1,1.9570237582684253e-05,0.02
tess,1,1.9570237582684253e-05,0.02
lawre,1,1.9570237582684253e-05,0.02
lejuplāde,1,1.9570237582684253e-05,0.02
toksiski,1,1.9570237582684253e-05,0.02
fosils,1,1.9570237582684253e-05,0.02
attēls,1,1.9570237582684253e-05,0.02
skūters,1,1.9570237582684253e-05,0.02
kapsēta,1,1.9570237582684253e-05,0.02
rūsēt,1,1.9570237582684253e-05,0.02
tecēt,1,1.9570237582684253e-05,0.02
ekoloģiski,1,1.9570237582684253e-05,0.02
saprātīgi,1,1.9570237582684253e-05,0.02
bitchs,1,1.9570237582684253e-05,0.02
izvietot,1,1.9570237582684253e-05,0.02
liegums,1,1.9570237582684253e-05,0.02
acīmredzams,1,1.9570237582684253e-05,0.02
mats,1,1.9570237582684253e-05,0.02
stāvs,1,1.9570237582684253e-05,0.02
mūcēt,1,1.9570237582684253e-05,0.02
karsoņa,1,1.9570237582684253e-05,0.02
straiks,1,1.9570237582684253e-05,0.02
ielādēt,1,1.9570237582684253e-05,0.02
aizbildniecība,1,1.9570237582684253e-05,0.02
stūrēt,1,1.9570237582684253e-05,0.02
uzpūtība,1,1.9570237582684253e-05,0.02
rādītājpirksts,1,1.9570237582684253e-05,0.02
prijehalis,1,1.9570237582684253e-05,0.02
bīstami,1,1.9570237582684253e-05,0.02
kopiņa,1,1.9570237582684253e-05,0.02
apglabāt,1,1.9570237582684253e-05,0.02
piebeigt,1,1.9570237582684253e-05,0.02
pēcnācējs,1,1.9570237582684253e-05,0.02
mija,1,1.9570237582684253e-05,0.02
vēlēšanās,1,1.9570237582684253e-05,0.02
sniedzējs,1,1.9570237582684253e-05,0.02
parazīts,1,1.9570237582684253e-05,0.02
santīms,1,1.9570237582684253e-05,0.02
kredīts,1,1.9570237582684253e-05,0.02
biedrs,1,1.9570237582684253e-05,0.02
iztēloties,1,1.9570237582684253e-05,0.02
jucis,1,1.9570237582684253e-05,0.02
sarēķināt,1,1.9570237582684253e-05,0.02
pilīte,1,1.9570237582684253e-05,0.02
aiznest,1,1.9570237582684253e-05,0.02
vakariņas,1,1.9570237582684253e-05,0.02
automazgātava,1,1.9570237582684253e-05,0.02
frizūra,1,1.9570237582684253e-05,0.02
papildu,1,1.9570237582684253e-05,0.02
debetkarte,1,1.9570237582684253e-05,0.02
uzkrāšana,1,1.9570237582684253e-05,0.02
vinnijs,1,1.9570237582684253e-05,0.02
pūks,1,1.9570237582684253e-05,0.02
bagātīgs,1,1.9570237582684253e-05,0.02
piemontēt,1,1.9570237582684253e-05,0.02
ideologs,1,1.9570237582684253e-05,0.02
copy,1,1.9570237582684253e-05,0.02
paste,1,1.9570237582684253e-05,0.02
eitanāzija,1,1.9570237582684253e-05,0.02
reklamēšana,1,1.9570237582684253e-05,0.02
baigi,1,1.9570237582684253e-05,0.02
kundziņš,1,1.9570237582684253e-05,0.02
parazitārs,1,1.9570237582684253e-05,0.02
online,1,1.9570237582684253e-05,0.02
brīdinājums,1,1.9570237582684253e-05,0.02
sagādāt,1,1.9570237582684253e-05,0.02
vatsapa,1,1.9570237582684253e-05,0.02
kode,1,1.9570237582684253e-05,0.02
dumpīgs,1,1.9570237582684253e-05,0.02
jau,1,1.9570237582684253e-05,0.02
tu,1,1.9570237582684253e-05,0.02
mocītājs,1,1.9570237582684253e-05,0.02
paraudzīties,1,1.9570237582684253e-05,0.02
dzībe,1,1.9570237582684253e-05,0.02
līks,1,1.9570237582684253e-05,0.02
atklātība,1,1.9570237582684253e-05,0.02
lēkme,1,1.9570237582684253e-05,0.02
sirdsdarbība,1,1.9570237582684253e-05,0.02
tiiik,1,1.9570237582684253e-05,0.02
divarpi,1,1.9570237582684253e-05,0.02
piesardzība,1,1.9570237582684253e-05,0.02
sakompromitēt,1,1.9570237582684253e-05,0.02
dogma,1,1.9570237582684253e-05,0.02
singapūra,1,1.9570237582684253e-05,0.02
flors,1,1.9570237582684253e-05,0.02
fauns,1,1.9570237582684253e-05,0.02
pelēks,1,1.9570237582684253e-05,0.02
uzstūķēt,1,1.9570237582684253e-05,0.02
droši,1,1.9570237582684253e-05,0.02
organizatorisks,1,1.9570237582684253e-05,0.02
ķīnietis,1,1.9570237582684253e-05,0.02
labdarība,1,1.9570237582684253e-05,0.02
circenis,1,1.9570237582684253e-05,0.02
attaukot,1,1.9570237582684253e-05,0.02
regula,1,1.9570237582684253e-05,0.02
dzīvnieciņš,1,1.9570237582684253e-05,0.02
van,1,1.9570237582684253e-05,0.02
maltīte,1,1.9570237582684253e-05,0.02
alberts,1,1.9570237582684253e-05,0.02
bourls,1,1.9570237582684253e-05,0.02
bbc,1,1.9570237582684253e-05,0.02
jampadracis,1,1.9570237582684253e-05,0.02
švābs,1,1.9570237582684253e-05,0.02
forums,1,1.9570237582684253e-05,0.02
iepriecināt,1,1.9570237582684253e-05,0.02
atgadīties,1,1.9570237582684253e-05,0.02
izvadītājs,1,1.9570237582684253e-05,0.02
ienesīgs,1,1.9570237582684253e-05,0.02
imūndeficīts,1,1.9570237582684253e-05,0.02
ienīst,1,1.9570237582684253e-05,0.02
krievisks,1,1.9570237582684253e-05,0.02
riet,1,1.9570237582684253e-05,0.02
apdzīvot,1,1.9570237582684253e-05,0.02
reaktīvs,1,1.9570237582684253e-05,0.02
pusstunda,1,1.9570237582684253e-05,0.02
krišjāns,1,1.9570237582684253e-05,0.02
kliķi lielkungs,1,1.9570237582684253e-05,0.02
liegabalgaļa,1,1.9570237582684253e-05,0.02
postīt,1,1.9570237582684253e-05,0.02
pagale,1,1.9570237582684253e-05,0.02
līt,1,1.9570237582684253e-05,0.02
dienāt,1,1.9570237582684253e-05,0.02
valdnieks,1,1.9570237582684253e-05,0.02
baldnieks,1,1.9570237582684253e-05,0.02
laukums,1,1.9570237582684253e-05,0.02
rings,1,1.9570237582684253e-05,0.02
uzturs,1,1.9570237582684253e-05,0.02
pakarot,1,1.9570237582684253e-05,0.02
sarukt,1,1.9570237582684253e-05,0.02
spray,1,1.9570237582684253e-05,0.02
aerosols,1,1.9570237582684253e-05,0.02
gļotāds,1,1.9570237582684253e-05,0.02
iekļūšana,1,1.9570237582684253e-05,0.02
virmot,1,1.9570237582684253e-05,0.02
pārtaisīt,1,1.9570237582684253e-05,0.02
pārveidot,1,1.9570237582684253e-05,0.02
apmuļķoties,1,1.9570237582684253e-05,0.02
piekrāpties,1,1.9570237582684253e-05,0.02
pieslīpēšana,1,1.9570237582684253e-05,0.02
sagatavošanās,1,1.9570237582684253e-05,0.02
burbergs,1,1.9570237582684253e-05,0.02
tomsonelipšāne,1,1.9570237582684253e-05,0.02
pirmspensija,1,1.9570237582684253e-05,0.02
brīdināšana,1,1.9570237582684253e-05,0.02
zooloģisks,1,1.9570237582684253e-05,0.02
dārzs,1,1.9570237582684253e-05,0.02
elektriķis,1,1.9570237582684253e-05,0.02
darāt,1,1.9570237582684253e-05,0.02
dievpalīgs,1,1.9570237582684253e-05,0.02
kārtībaceturtdien,1,1.9570237582684253e-05,0.02
izlaidība,1,1.9570237582684253e-05,0.02
degradācija,1,1.9570237582684253e-05,0.02
prašs,1,1.9570237582684253e-05,0.02
līdzdarbošanās,1,1.9570237582684253e-05,0.02
garlaicība,1,1.9570237582684253e-05,0.02
radošums,1,1.9570237582684253e-05,0.02
vakardiena,1,1.9570237582684253e-05,0.02
šnite,1,1.9570237582684253e-05,0.02
avsa,1,1.9570237582684253e-05,0.02
drāna,1,1.9570237582684253e-05,0.02
sportiste,1,1.9570237582684253e-05,0.02
invalīdilīgs,1,1.9570237582684253e-05,0.02
apine,1,1.9570237582684253e-05,0.02
apstiprinājums,1,1.9570237582684253e-05,0.02
pieprasīšana,1,1.9570237582684253e-05,0.02
postījums,1,1.9570237582684253e-05,0.02
invalīda,1,1.9570237582684253e-05,0.02
svētīgs,1,1.9570237582684253e-05,0.02
sakāpt,1,1.9570237582684253e-05,0.02
pieminekļkrist,1,1.9570237582684253e-05,0.02
apvīts,1,1.9570237582684253e-05,0.02
kremls,1,1.9570237582684253e-05,0.02
malt,1,1.9570237582684253e-05,0.02
šķirt,1,1.9570237582684253e-05,0.02
ciltsbrāle,1,1.9570237582684253e-05,0.02
iegrozīties,1,1.9570237582684253e-05,0.02
laukakmens,1,1.9570237582684253e-05,0.02
ieaugt,1,1.9570237582684253e-05,0.02
turkalne,1,1.9570237582684253e-05,0.02
ciemate,1,1.9570237582684253e-05,0.02
dalījums,1,1.9570237582684253e-05,0.02
čingizs,1,1.9570237582684253e-05,0.02
aitmatovs,1,1.9570237582684253e-05,0.02
vājprātīgi,1,1.9570237582684253e-05,0.02
rāts,1,1.9570237582684253e-05,0.02
jaukšot,1,1.9570237582684253e-05,0.02
puškina,1,1.9570237582684253e-05,0.02
rātskungs,1,1.9570237582684253e-05,0.02
ārs,1,1.9570237582684253e-05,0.02
homoseksuaitāte,1,1.9570237582684253e-05,0.02
dzimummaiņa,1,1.9570237582684253e-05,0.02
ņekrasovs,1,1.9570237582684253e-05,0.02
ļevs,1,1.9570237582684253e-05,0.02
tolstojs,1,1.9570237582684253e-05,0.02
ļermontovs,1,1.9570237582684253e-05,0.02
mantojums,1,1.9570237582684253e-05,0.02
platons,1,1.9570237582684253e-05,0.02
izravēt,1,1.9570237582684253e-05,0.02
divsavienība,1,1.9570237582684253e-05,0.02
lopiņš,1,1.9570237582684253e-05,0.02
eglīte,1,1.9570237582684253e-05,0.02
čakste,1,1.9570237582684253e-05,0.02
ielīst,1,1.9570237582684253e-05,0.02
kapuce,1,1.9570237582684253e-05,0.02
šalle,1,1.9570237582684253e-05,0.02
mētelītis,1,1.9570237582684253e-05,0.02
aizvilkt,1,1.9570237582684253e-05,0.02
aizkars,1,1.9570237582684253e-05,0.02
manēt,1,1.9570237582684253e-05,0.02
vairīties,1,1.9570237582684253e-05,0.02
proporcionāli,1,1.9570237582684253e-05,0.02
agenskalnaklinikosvarsmars,1,1.9570237582684253e-05,0.02
arhitekte,1,1.9570237582684253e-05,0.02
vera,1,1.9570237582684253e-05,0.02
muhina,1,1.9570237582684253e-05,0.02
katieties,1,1.9570237582684253e-05,0.02
tēlot,1,1.9570237582684253e-05,0.02
barība,1,1.9570237582684253e-05,0.02
skološana,1,1.9570237582684253e-05,0.02
līdzināties,1,1.9570237582684253e-05,0.02
šam,1,1.9570237582684253e-05,0.02
maksātājs,1,1.9570237582684253e-05,0.02
sķiest,1,1.9570237582684253e-05,0.02
tiesvedība,1,1.9570237582684253e-05,0.02
atzīšana,1,1.9570237582684253e-05,0.02
ciesties,1,1.9570237582684253e-05,0.02
delgardo,1,1.9570237582684253e-05,0.02
ieruna,1,1.9570237582684253e-05,0.02
apmierināties,1,1.9570237582684253e-05,0.02
apreibs,1,1.9570237582684253e-05,0.02
šu,1,1.9570237582684253e-05,0.02
īpatne,1,1.9570237582684253e-05,0.02
sadarbspējīgi,1,1.9570237582684253e-05,0.02
procesuāls,1,1.9570237582684253e-05,0.02
kase,1,1.9570237582684253e-05,0.02
euro,1,1.9570237582684253e-05,0.02
pārsūdzēšana,1,1.9570237582684253e-05,0.02
apgabaltiesa,1,1.9570237582684253e-05,0.02
pārspīlēti,1,1.9570237582684253e-05,0.02
aptumsot,1,1.9570237582684253e-05,0.02
satricināt,1,1.9570237582684253e-05,0.02
idīdīt,1,1.9570237582684253e-05,0.02
šūpot,1,1.9570237582684253e-05,0.02
stabilitāte,1,1.9570237582684253e-05,0.02
veģetatīvs,1,1.9570237582684253e-05,0.02
distonija,1,1.9570237582684253e-05,0.02
bezmiegi,1,1.9570237582684253e-05,0.02
taicze,1,1.9570237582684253e-05,0.02
ciguns,1,1.9570237582684253e-05,0.02
šamanisks,1,1.9570237582684253e-05,0.02
aizbraukt,1,1.9570237582684253e-05,0.02
pirtnieks,1,1.9570237582684253e-05,0.02
pirts,1,1.9570237582684253e-05,0.02
meditēt,1,1.9570237582684253e-05,0.02
ideāli,1,1.9570237582684253e-05,0.02
pus,1,1.9570237582684253e-05,0.02
budists,1,1.9570237582684253e-05,0.02
mūka,1,1.9570237582684253e-05,0.02
kopame,1,1.9570237582684253e-05,0.02
ņirgāšanās,1,1.9570237582684253e-05,0.02
poga,1,1.9570237582684253e-05,0.02
opozicionāri,1,1.9570237582684253e-05,0.02
nēsāt,1,1.9570237582684253e-05,0.02
plastmasa,1,1.9570237582684253e-05,0.02
pieslēgums,1,1.9570237582684253e-05,0.02
plastmasiņa,1,1.9570237582684253e-05,0.02
atslēgt,1,1.9570237582684253e-05,0.02
mājupceļš,1,1.9570237582684253e-05,0.02
vāze,1,1.9570237582684253e-05,0.02
konclāģera,1,1.9570237582684253e-05,0.02
pārvietoties,1,1.9570237582684253e-05,0.02
vista,1,1.9570237582684253e-05,0.02
fabrika,1,1.9570237582684253e-05,0.02
sprosts,1,1.9570237582684253e-05,0.02
šķisties,1,1.9570237582684253e-05,0.02
maņa,1,1.9570237582684253e-05,0.02
adzīvot,1,1.9570237582684253e-05,0.02
līdzās,1,1.9570237582684253e-05,0.02
grozīties,1,1.9570237582684253e-05,0.02
aste,1,1.9570237582684253e-05,0.02
tautisks,1,1.9570237582684253e-05,0.02
romantisms,1,1.9570237582684253e-05,0.02
vvf,1,1.9570237582684253e-05,0.02
pieturēties,1,1.9570237582684253e-05,0.02
zatlers,1,1.9570237582684253e-05,0.02
tag,1,1.9570237582684253e-05,0.02
kaur,1,1.9570237582684253e-05,0.02
mīļot,1,1.9570237582684253e-05,0.02
kaziņš,1,1.9570237582684253e-05,0.02
legāli,1,1.9570237582684253e-05,0.02
perversija,1,1.9570237582684253e-05,0.02
patoloģija,1,1.9570237582684253e-05,0.02
kārlis,1,1.9570237582684253e-05,0.02
karlīne,1,1.9570237582684253e-05,0.02
pedofīls,1,1.9570237582684253e-05,0.02
slapjš,1,1.9570237582684253e-05,0.02
lego,1,1.9570237582684253e-05,0.02
pirkšana,1,1.9570237582684253e-05,0.02
bud,1,1.9570237582684253e-05,0.02
light,1,1.9570237582684253e-05,0.02
publicēšana,1,1.9570237582684253e-05,0.02
transgenders,1,1.9570237582684253e-05,0.02
lauri,1,1.9570237582684253e-05,0.02
grīnvalde,1,1.9570237582684253e-05,0.02
drukāt,1,1.9570237582684253e-05,0.02
pagars,1,1.9570237582684253e-05,0.02
pieaugums,1,1.9570237582684253e-05,0.02
piesardzīgs,1,1.9570237582684253e-05,0.02
dzēriens,1,1.9570237582684253e-05,0.02
orvels,1,1.9570237582684253e-05,0.02
cbdut,1,1.9570237582684253e-05,0.02
priekšdarbi,1,1.9570237582684253e-05,0.02
gadžete,1,1.9570237582684253e-05,0.02
pulkstenis,1,1.9570237582684253e-05,0.02
zemāda,1,1.9570237582684253e-05,0.02
čipe,1,1.9570237582684253e-05,0.02
plauksta,1,1.9570237582684253e-05,0.02
arhaisms,1,1.9570237582684253e-05,0.02
piefiksēt,1,1.9570237582684253e-05,0.02
monitorēti,1,1.9570237582684253e-05,0.02
paranojs,1,1.9570237582684253e-05,0.02
slēpšana,1,1.9570237582684253e-05,0.02
kompjūterzinātne,1,1.9570237582684253e-05,0.02
maksātspēja,1,1.9570237582684253e-05,0.02
teritoriāli,1,1.9570237582684253e-05,0.02
štrunts,1,1.9570237582684253e-05,0.02
aša,1,1.9570237582684253e-05,0.02
velnišķs,1,1.9570237582684253e-05,0.02
iespunde,1,1.9570237582684253e-05,0.02
ziemeļkoreja,1,1.9570237582684253e-05,0.02
rietumeiropa,1,1.9570237582684253e-05,0.02
akceptēt,1,1.9570237582684253e-05,0.02
iva,1,1.9570237582684253e-05,0.02
izsapņot,1,1.9570237582684253e-05,0.02
sapņot,1,1.9570237582684253e-05,0.02
bais,1,1.9570237582684253e-05,0.02
mikroskops,1,1.9570237582684253e-05,0.02
hibēt,1,1.9570237582684253e-05,0.02
pazemojums,1,1.9570237582684253e-05,0.02
džokovičs,1,1.9570237582684253e-05,0.02
ierunāties,1,1.9570237582684253e-05,0.02
japāns,1,1.9570237582684253e-05,0.02
ataust,1,1.9570237582684253e-05,0.02
kaušana,1,1.9570237582684253e-05,0.02
pelt,1,1.9570237582684253e-05,0.02
martina,1,1.9570237582684253e-05,0.02
taustīt,1,1.9570237582684253e-05,0.02
pavēlēt,1,1.9570237582684253e-05,0.02
būsterītis,1,1.9570237582684253e-05,0.02
pagriezties,1,1.9570237582684253e-05,0.02
uzvilkt,1,1.9570237582684253e-05,0.02
paēst,1,1.9570237582684253e-05,0.02
apģērbties,1,1.9570237582684253e-05,0.02
ierādīt,1,1.9570237582684253e-05,0.02
kukulis,1,1.9570237582684253e-05,0.02
primitīvi,1,1.9570237582684253e-05,0.02
atlīdzība,1,1.9570237582684253e-05,0.02
pielūgsme,1,1.9570237582684253e-05,0.02
apsviesties,1,1.9570237582684253e-05,0.02
aplikt,1,1.9570237582684253e-05,0.02
kovidstatuss,1,1.9570237582684253e-05,0.02
pārdesmit,1,1.9570237582684253e-05,0.02
daždien,1,1.9570237582684253e-05,0.02
palēkties,1,1.9570237582684253e-05,0.02
piebāzt,1,1.9570237582684253e-05,0.02
koviss,1,1.9570237582684253e-05,0.02
spieti,1,1.9570237582684253e-05,0.02
slepenais,1,1.9570237582684253e-05,0.02
plāniņš,1,1.9570237582684253e-05,0.02
papluinīt,1,1.9570237582684253e-05,0.02
brīnišķs,1,1.9570237582684253e-05,0.02
biznessslimnīca,1,1.9570237582684253e-05,0.02
laura,1,1.9570237582684253e-05,0.02
interpretēt,1,1.9570237582684253e-05,0.02
ieturēt,1,1.9570237582684253e-05,0.02
kopāmēsvars,1,1.9570237582684253e-05,0.02
sviestains,1,1.9570237582684253e-05,0.02
enerģētiskānlāns,1,1.9570237582684253e-05,0.02
līcītisvs,1,1.9570237582684253e-05,0.02
ekspromtom,1,1.9570237582684253e-05,0.02
brālis,1,1.9570237582684253e-05,0.02
gaļina,1,1.9570237582684253e-05,0.02
klepa,1,1.9570237582684253e-05,0.02
iespējamība,1,1.9570237582684253e-05,0.02
fris,1,1.9570237582684253e-05,0.02
kartupelis,1,1.9570237582684253e-05,0.02
ēdināšana,1,1.9570237582684253e-05,0.02
veselīgums,1,1.9570237582684253e-05,0.02
draudzēties,1,1.9570237582684253e-05,0.02
šosezona,1,1.9570237582684253e-05,0.02
troksnis,1,1.9570237582684253e-05,0.02
rentgens,1,1.9570237582684253e-05,0.02
pataloģija,1,1.9570237582684253e-05,0.02
miglaini,1,1.9570237582684253e-05,0.02
stambula,1,1.9570237582684253e-05,0.02
aptauja,1,1.9570237582684253e-05,0.02
virsraksts,1,1.9570237582684253e-05,0.02
šķērslis,1,1.9570237582684253e-05,0.02
pretaudzējs,1,1.9570237582684253e-05,0.02
imūnmodulators,1,1.9570237582684253e-05,0.02
smagois,1,1.9570237582684253e-05,0.02
aizvadīt,1,1.9570237582684253e-05,0.02
viņsaule,1,1.9570237582684253e-05,0.02
savērestība,1,1.9570237582684253e-05,0.02
pārskats,1,1.9570237582684253e-05,0.02
gremdēties,1,1.9570237582684253e-05,0.02
mēle,1,1.9570237582684253e-05,0.02
atgadījums,1,1.9570237582684253e-05,0.02
melburns,1,1.9570237582684253e-05,0.02
džkovičš,1,1.9570237582684253e-05,0.02
kasts,1,1.9570237582684253e-05,0.02
grēcīgs,1,1.9570237582684253e-05,0.02
kļūme,1,1.9570237582684253e-05,0.02
pafilozofēt,1,1.9570237582684253e-05,0.02
utilizējami,1,1.9570237582684253e-05,0.02
ieliktenis,1,1.9570237582684253e-05,0.02
pašlabums,1,1.9570237582684253e-05,0.02
jauniesaukt,1,1.9570237582684253e-05,0.02
raustīties,1,1.9570237582684253e-05,0.02
piedzimt,1,1.9570237582684253e-05,0.02
poti,1,1.9570237582684253e-05,0.02
meningīta,1,1.9570237582684253e-05,0.02
brīvprātīgais,1,1.9570237582684253e-05,0.02
daļins,1,1.9570237582684253e-05,0.02
pastērs,1,1.9570237582684253e-05,0.02
austrumeirops,1,1.9570237582684253e-05,0.02
piekrite,1,1.9570237582684253e-05,0.02
aidā,1,1.9570237582684253e-05,0.02
galiņa,1,1.9570237582684253e-05,0.02
uzvedināt,1,1.9570237582684253e-05,0.02
cildināt,1,1.9570237582684253e-05,0.02
kreņķis,1,1.9570237582684253e-05,0.02
mazināties,1,1.9570237582684253e-05,0.02
masaliņas,1,1.9570237582684253e-05,0.02
epidēmisks,1,1.9570237582684253e-05,0.02
parotīt,1,1.9570237582684253e-05,0.02
cpv,1,1.9570237582684253e-05,0.02
vakcīnnovēršams,1,1.9570237582684253e-05,0.02
izpildvara,1,1.9570237582684253e-05,0.02
apmeklēšana,1,1.9570237582684253e-05,0.02
plānošana,1,1.9570237582684253e-05,0.02
digitalizēšanu,1,1.9570237582684253e-05,0.02
pieejamība,1,1.9570237582684253e-05,0.02
profilaktisks,1,1.9570237582684253e-05,0.02
rekomende,1,1.9570237582684253e-05,0.02
prioritizēt,1,1.9570237582684253e-05,0.02
imunizēties,1,1.9570237582684253e-05,0.02
alkstēt,1,1.9570237582684253e-05,0.02
gribētājs,1,1.9570237582684253e-05,0.02
deficīts,1,1.9570237582684253e-05,0.02
ekskluzīvs,1,1.9570237582684253e-05,0.02
sarūpēšana,1,1.9570237582684253e-05,0.02
pasteigties,1,1.9570237582684253e-05,0.02
nodrošināt,1,1.9570237582684253e-05,0.02
skart,1,1.9570237582684253e-05,0.02
pārzinis,1,1.9570237582684253e-05,0.02
agregēt,1,1.9570237582684253e-05,0.02
izlietojums,1,1.9570237582684253e-05,0.02
vaxinēšana,1,1.9570237582684253e-05,0.02
uzstādījums,1,1.9570237582684253e-05,0.02
gramatiski,1,1.9570237582684253e-05,0.02
mazliet,1,1.9570237582684253e-05,0.02
diskutabls,1,1.9570237582684253e-05,0.02
ierosinātājs,1,1.9570237582684253e-05,0.02
pārraudzaugāt,1,1.9570237582684253e-05,0.02
kaunināt,1,1.9570237582684253e-05,0.02
utml,1,1.9570237582684253e-05,0.02
tramdīt,1,1.9570237582684253e-05,0.02
savdabīgs,1,1.9570237582684253e-05,0.02
vadmotīvs,1,1.9570237582684253e-05,0.02
uzstājība,1,1.9570237582684253e-05,0.02
iepirkšana,1,1.9570237582684253e-05,0.02
rormulēt,1,1.9570237582684253e-05,0.02
atturēt,1,1.9570237582684253e-05,0.02
motivēšana,1,1.9570237582684253e-05,0.02
sasēdināt,1,1.9570237582684253e-05,0.02
autobuss,1,1.9570237582684253e-05,0.02
modelēšana,1,1.9570237582684253e-05,0.02
realizēšana,1,1.9570237582684253e-05,0.02
piemeklēt,1,1.9570237582684253e-05,0.02
ērce,1,1.9570237582684253e-05,0.02
encefalīta,1,1.9570237582684253e-05,0.02
pamatbudžeta,1,1.9570237582684253e-05,0.02
uzstājīgi,1,1.9570237582684253e-05,0.02
nopotēt,1,1.9570237582684253e-05,0.02
racionāls,1,1.9570237582684253e-05,0.02
izlietošana,1,1.9570237582684253e-05,0.02
aizbildnība,1,1.9570237582684253e-05,0.02
atkārot,1,1.9570237582684253e-05,0.02
uzsvars,1,1.9570237582684253e-05,0.02
meklētājs,1,1.9570237582684253e-05,0.02
manikīrs,1,1.9570237582684253e-05,0.02
pedikīrs,1,1.9570237582684253e-05,0.02
tetovēšana,1,1.9570237582684253e-05,0.02
caurduršana,1,1.9570237582684253e-05,0.02
pakāpenisks,1,1.9570237582684253e-05,0.02
monopolizēt,1,1.9570237582684253e-05,0.02
pārraudzība,1,1.9570237582684253e-05,0.02
iztapīgs,1,1.9570237582684253e-05,0.02
šaubīšanās,1,1.9570237582684253e-05,0.02
saregule,1,1.9570237582684253e-05,0.02
pieļause,1,1.9570237582684253e-05,0.02
divtik,1,1.9570237582684253e-05,0.02
dubults,1,1.9570237582684253e-05,0.02
ierosinātāja,1,1.9570237582684253e-05,0.02
atnest,1,1.9570237582684253e-05,0.02
kapeiciņa,1,1.9570237582684253e-05,0.02
margarets,1,1.9570237582684253e-05,0.02
tečere,1,1.9570237582684253e-05,0.02
politiķe,1,1.9570237582684253e-05,0.02
puzzlis,1,1.9570237582684253e-05,0.02
ciniski,1,1.9570237582684253e-05,0.02
ievest,1,1.9570237582684253e-05,0.02
beļģis,1,1.9570237582684253e-05,0.02
sajēga,1,1.9570237582684253e-05,0.02
pudele,1,1.9570237582684253e-05,0.02
korķis,1,1.9570237582684253e-05,0.02
dienēt,1,1.9570237582684253e-05,0.02
černobilis,1,1.9570237582684253e-05,0.02
mucēt,1,1.9570237582684253e-05,0.02
manipulēti,1,1.9570237582684253e-05,0.02
locīt,1,1.9570237582684253e-05,0.02
deep,1,1.9570237582684253e-05,0.02
state,1,1.9570237582684253e-05,0.02
antigloibālists,1,1.9570237582684253e-05,0.02
virsvaldība,1,1.9570237582684253e-05,0.02
regularitāte,1,1.9570237582684253e-05,0.02
precizējums,1,1.9570237582684253e-05,0.02
sibīrija,1,1.9570237582684253e-05,0.02
pašdarbība,1,1.9570237582684253e-05,0.02
priekšraksts,1,1.9570237582684253e-05,0.02
viesties,1,1.9570237582684253e-05,0.02
ursuls,1,1.9570237582684253e-05,0.02
kovipdšpice,1,1.9570237582684253e-05,0.02
funkcionārs,1,1.9570237582684253e-05,0.02
izbūt,1,1.9570237582684253e-05,0.02
pārsūt,1,1.9570237582684253e-05,0.02
urzuls,1,1.9570237582684253e-05,0.02
ek,1,1.9570237582684253e-05,0.02
ģeopolitika,1,1.9570237582684253e-05,0.02
fakultāte,1,1.9570237582684253e-05,0.02
starpdisciplinārs,1,1.9570237582684253e-05,0.02
komisārs,1,1.9570237582684253e-05,0.02
finanses,1,1.9570237582684253e-05,0.02
speciāli,1,1.9570237582684253e-05,0.02
grafika,1,1.9570237582684253e-05,0.02
homeopātisks,1,1.9570237582684253e-05,0.02
mikro,1,1.9570237582684253e-05,0.02
iestāšanās,1,1.9570237582684253e-05,0.02
kristīne,1,1.9570237582684253e-05,0.02
andersone,1,1.9570237582684253e-05,0.02
vienisprātis,1,1.9570237582684253e-05,0.02
viesnis,1,1.9570237582684253e-05,0.02
izvadāt,1,1.9570237582684253e-05,0.02
viešņa,1,1.9570237582684253e-05,0.02
atlēkt,1,1.9570237582684253e-05,0.02
cūciski,1,1.9570237582684253e-05,0.02
komandantstunda,1,1.9570237582684253e-05,0.02
viest,1,1.9570237582684253e-05,0.02
mākonis,1,1.9570237582684253e-05,0.02
apaugt,1,1.9570237582684253e-05,0.02
kataklizma,1,1.9570237582684253e-05,0.02
demonizēt,1,1.9570237582684253e-05,0.02
bērt,1,1.9570237582684253e-05,0.02
hermētisks,1,1.9570237582684253e-05,0.02
pašregulēt,1,1.9570237582684253e-05,0.02
kairinātājs,1,1.9570237582684253e-05,0.02
olimpiāde,1,1.9570237582684253e-05,0.02
psihiatrisks,1,1.9570237582684253e-05,0.02
fizkultūrietis,1,1.9570237582684253e-05,0.02
iecietība,1,1.9570237582684253e-05,0.02
marija,1,1.9570237582684253e-05,0.02
antuanete,1,1.9570237582684253e-05,0.02
ekspozīcija,1,1.9570237582684253e-05,0.02
apjūsmošana,1,1.9570237582684253e-05,0.02
vakarēdiena,1,1.9570237582684253e-05,0.02
zaimošana,1,1.9570237582684253e-05,0.02
pupains,1,1.9570237582684253e-05,0.02
latekss,1,1.9570237582684253e-05,0.02
izteiciens,1,1.9570237582684253e-05,0.02
olimpisks,1,1.9570237582684253e-05,0.02
lāpa,1,1.9570237582684253e-05,0.02
aizdegt,1,1.9570237582684253e-05,0.02
afro,1,1.9570237582684253e-05,0.02
ņirgāties,1,1.9570237582684253e-05,0.02
islāms,1,1.9570237582684253e-05,0.02
divējāds,1,1.9570237582684253e-05,0.02
šķebināt,1,1.9570237582684253e-05,0.02
malacis,1,1.9570237582684253e-05,0.02
uzņēmība,1,1.9570237582684253e-05,0.02
pieskaitīt,1,1.9570237582684253e-05,0.02
aprinda,1,1.9570237582684253e-05,0.02
vairošanās,1,1.9570237582684253e-05,0.02
pārveide,1,1.9570237582684253e-05,0.02
pārdzimšana,1,1.9570237582684253e-05,0.02
apvienošanās,1,1.9570237582684253e-05,0.02
groži,1,1.9570237582684253e-05,0.02
konvulsija,1,1.9570237582684253e-05,0.02
slepens,1,1.9570237582684253e-05,0.02
iejaukt,1,1.9570237582684253e-05,0.02
artjoms,1,1.9570237582684253e-05,0.02
tarasovs,1,1.9570237582684253e-05,0.02
miljonārs,1,1.9570237582684253e-05,0.02
faizergeita,1,1.9570237582684253e-05,0.02
mūslaiks,1,1.9570237582684253e-05,0.02
kartelītis,1,1.9570237582684253e-05,0.02
grandiozs,1,1.9570237582684253e-05,0.02
izdoms,1,1.9570237582684253e-05,0.02
ļooot,1,1.9570237582684253e-05,0.02
pretrunīgs,1,1.9570237582684253e-05,0.02
tt,1,1.9570237582684253e-05,0.02
spektrs,1,1.9570237582684253e-05,0.02
ētisks,1,1.9570237582684253e-05,0.02
pilotprojekts,1,1.9570237582684253e-05,0.02
klusums,1,1.9570237582684253e-05,0.02
patrāpīties,1,1.9570237582684253e-05,0.02
piezīmēt,1,1.9570237582684253e-05,0.02
meistarīgi,1,1.9570237582684253e-05,0.02
duļķis,1,1.9570237582684253e-05,0.02
pseidodemokrātija,1,1.9570237582684253e-05,0.02
filozofēšana,1,1.9570237582684253e-05,0.02
teoretizēšana,1,1.9570237582684253e-05,0.02
atrādīties,1,1.9570237582684253e-05,0.02
provaksers,1,1.9570237582684253e-05,0.02
eksistence,1,1.9570237582684253e-05,0.02
apiet,1,1.9570237582684253e-05,0.02
indoktrinēt,1,1.9570237582684253e-05,0.02
klišejisks,1,1.9570237582684253e-05,0.02
apgarot,1,1.9570237582684253e-05,0.02
uzdrošināties,1,1.9570237582684253e-05,0.02
špikers,1,1.9570237582684253e-05,0.02
suflieris,1,1.9570237582684253e-05,0.02
asistents,1,1.9570237582684253e-05,0.02
garantija,1,1.9570237582684253e-05,0.02
epiddrošība,1,1.9570237582684253e-05,0.02
precedente,1,1.9570237582684253e-05,0.02
ierēdnītis,1,1.9570237582684253e-05,0.02
pašapziņa,1,1.9570237582684253e-05,0.02
atskārsts,1,1.9570237582684253e-05,0.02
aprobežot,1,1.9570237582684253e-05,0.02
banāls,1,1.9570237582684253e-05,0.02
indoktrinācija,1,1.9570237582684253e-05,0.02
bezjēdzīgi,1,1.9570237582684253e-05,0.02
atjēgties,1,1.9570237582684253e-05,0.02
vērienīgs,1,1.9570237582684253e-05,0.02
reklāmkaņpaņa,1,1.9570237582684253e-05,0.02
laikietilpīgs,1,1.9570237582684253e-05,0.02
iebildums,1,1.9570237582684253e-05,0.02
sarasīties,1,1.9570237582684253e-05,0.02
arganizēt,1,1.9570237582684253e-05,0.02
dubultvērienīgs,1,1.9570237582684253e-05,0.02
pretkampaņa,1,1.9570237582684253e-05,0.02
atskaite,1,1.9570237582684253e-05,0.02
šgsākums,1,1.9570237582684253e-05,0.02
verbāli,1,1.9570237582684253e-05,0.02
izsmalcināti,1,1.9570237582684253e-05,0.02
smalki,1,1.9570237582684253e-05,0.02
sacelt,1,1.9570237582684253e-05,0.02
paslīdēt,1,1.9570237582684253e-05,0.02
ilgstoši,1,1.9570237582684253e-05,0.02
pulmonoloģija,1,1.9570237582684253e-05,0.02
afišēt,1,1.9570237582684253e-05,0.02
tracis,1,1.9570237582684253e-05,0.02
vakcīnregulēt,1,1.9570237582684253e-05,0.02
aktualizēt,1,1.9570237582684253e-05,0.02
atsacīt,1,1.9570237582684253e-05,0.02
faktečekers,1,1.9570237582684253e-05,0.02
tīšs,1,1.9570237582684253e-05,0.02
palūkoties,1,1.9570237582684253e-05,0.02
toksoīds,1,1.9570237582684253e-05,0.02
antimikrobiāls,1,1.9570237582684253e-05,0.02
mikrobs,1,1.9570237582684253e-05,0.02
co,1,1.9570237582684253e-05,0.02
delfs,1,1.9570237582684253e-05,0.02
kardināli,1,1.9570237582684253e-05,0.02
puspatiesības,1,1.9570237582684253e-05,0.02
vacs,1,1.9570237582684253e-05,0.02
gulties,1,1.9570237582684253e-05,0.02
vakcīncietušs,1,1.9570237582684253e-05,0.02
tautumeita,1,1.9570237582684253e-05,0.02
spārnis,1,1.9570237582684253e-05,0.02
pēcpusdiena,1,1.9570237582684253e-05,0.02
brālītis,1,1.9570237582684253e-05,0.02
steigt,1,1.9570237582684253e-05,0.02
troponīna,1,1.9570237582684253e-05,0.02
atvienot,1,1.9570237582684253e-05,0.02
plāksteris,1,1.9570237582684253e-05,0.02
saģērbs,1,1.9570237582684253e-05,0.02
acīmredzot,1,1.9570237582684253e-05,0.02
izvācīt,1,1.9570237582684253e-05,0.02
apciemojums,1,1.9570237582684253e-05,0.02
pagaidu,1,1.9570237582684253e-05,0.02
šorīt,1,1.9570237582684253e-05,0.02
privātīpašums,1,1.9570237582684253e-05,0.02
tiesībsargājošs,1,1.9570237582684253e-05,0.02
prokurore,1,1.9570237582684253e-05,0.02
atstāšana,1,1.9570237582684253e-05,0.02
mazgadība,1,1.9570237582684253e-05,0.02
traumēšana,1,1.9570237582684253e-05,0.02
tante,1,1.9570237582684253e-05,0.02
izdabāt,1,1.9570237582684253e-05,0.02
kaprīze,1,1.9570237582684253e-05,0.02
kundzīte,1,1.9570237582684253e-05,0.02
ikmēneša,1,1.9570237582684253e-05,0.02
cilvēcīgums,1,1.9570237582684253e-05,0.02
operatīvs,1,1.9570237582684253e-05,0.02
atsākt,1,1.9570237582684253e-05,0.02
pamatotība,1,1.9570237582684253e-05,0.02
prof zavadska,1,1.9570237582684253e-05,0.02
plebejs,1,1.9570237582684253e-05,0.02
rokudzelze,1,1.9570237582684253e-05,0.02
spodrināt,1,1.9570237582684253e-05,0.02
dehumanizācija,1,1.9570237582684253e-05,0.02
piemist,1,1.9570237582684253e-05,0.02
biomass,1,1.9570237582684253e-05,0.02
dehumanize,1,1.9570237582684253e-05,0.02
sadabūt,1,1.9570237582684253e-05,0.02
lai,1,1.9570237582684253e-05,0.02
dēliņš,1,1.9570237582684253e-05,0.02
attīrīt,1,1.9570237582684253e-05,0.02
dialīze,1,1.9570237582684253e-05,0.02
miokardīta,1,1.9570237582684253e-05,0.02
jaut,1,1.9570237582684253e-05,0.02
atgriezt,1,1.9570237582684253e-05,0.02
objektīvs,1,1.9570237582684253e-05,0.02
institucionāls,1,1.9570237582684253e-05,0.02
pamatīgs,1,1.9570237582684253e-05,0.02
ziedošana,1,1.9570237582684253e-05,0.02
piešķlr,1,1.9570237582684253e-05,0.02
teorētisks,1,1.9570237582684253e-05,0.02
asa,1,1.9570237582684253e-05,0.02
starts,1,1.9570237582684253e-05,0.02
apzīmēt,1,1.9570237582684253e-05,0.02
ambrāža,1,1.9570237582684253e-05,0.02
čekisite,1,1.9570237582684253e-05,0.02
spriņģis,1,1.9570237582684253e-05,0.02
ņemšanās,1,1.9570237582684253e-05,0.02
birt,1,1.9570237582684253e-05,0.02
papēdīti,1,1.9570237582684253e-05,0.02
bezspēcība,1,1.9570237582684253e-05,0.02
dieviņš,1,1.9570237582684253e-05,0.02
būvēt,1,1.9570237582684253e-05,0.02
pārspīlējums,1,1.9570237582684253e-05,0.02
kļūdaini,1,1.9570237582684253e-05,0.02
augstprātīgi,1,1.9570237582684253e-05,0.02
policejisks,1,1.9570237582684253e-05,0.02
iestrēgt,1,1.9570237582684253e-05,0.02
sēšana,1,1.9570237582684253e-05,0.02
bifurkācija,1,1.9570237582684253e-05,0.02
pediatrija,1,1.9570237582684253e-05,0.02
profa,1,1.9570237582684253e-05,0.02
smelt,1,1.9570237582684253e-05,0.02
labprāt,1,1.9570237582684253e-05,0.02
iedrošinājums,1,1.9570237582684253e-05,0.02
iesaistīšana,1,1.9570237582684253e-05,0.02
atgriešanās,1,1.9570237582684253e-05,0.02
vakcīnpropaganda,1,1.9570237582684253e-05,0.02
dažāsds,1,1.9570237582684253e-05,0.02
izķert,1,1.9570237582684253e-05,0.02
ats,1,1.9570237582684253e-05,0.02
jurijs,1,1.9570237582684253e-05,0.02
līrs,1,1.9570237582684253e-05,0.02
kalums,1,1.9570237582684253e-05,0.02
raksturojums,1,1.9570237582684253e-05,0.02
parodija,1,1.9570237582684253e-05,0.02
āķīgs,1,1.9570237582684253e-05,0.02
caurspīdīgs,1,1.9570237582684253e-05,0.02
komunicēt,1,1.9570237582684253e-05,0.02
izolators,1,1.9570237582684253e-05,0.02
dzinējspēks,1,1.9570237582684253e-05,0.02
klupšana,1,1.9570237582684253e-05,0.02
asiņot,1,1.9570237582684253e-05,0.02
salāpīt,1,1.9570237582684253e-05,0.02
brūce,1,1.9570237582684253e-05,0.02
apmierinājums,1,1.9570237582684253e-05,0.02
karalis,1,1.9570237582684253e-05,0.02
kails,1,1.9570237582684253e-05,0.02
kailums,1,1.9570237582684253e-05,0.02
onkoloģija,1,1.9570237582684253e-05,0.02
intuīcija,1,1.9570237582684253e-05,0.02
strīdēties,1,1.9570237582684253e-05,0.02
jušana,1,1.9570237582684253e-05,0.02
ibuprofēns,1,1.9570237582684253e-05,0.02
bīdīt,1,1.9570237582684253e-05,0.02
cilvēcīgs,1,1.9570237582684253e-05,0.02
apsekot,1,1.9570237582684253e-05,0.02
kārtīgs,1,1.9570237582684253e-05,0.02
bulvārprese,1,1.9570237582684253e-05,0.02
pakaļ,1,1.9570237582684253e-05,0.02
burtiski,1,1.9570237582684253e-05,0.02
sadrūzmēties,1,1.9570237582684253e-05,0.02
aizsegt,1,1.9570237582684253e-05,0.02
traucējs,1,1.9570237582684253e-05,0.02
traucēklis,1,1.9570237582684253e-05,0.02
pagrūst,1,1.9570237582684253e-05,0.02
sensācija,1,1.9570237582684253e-05,0.02
pāriet,1,1.9570237582684253e-05,0.02
pulciņš,1,1.9570237582684253e-05,0.02
kamera,1,1.9570237582684253e-05,0.02
skaņa,1,1.9570237582684253e-05,0.02
sijs,1,1.9570237582684253e-05,0.02
ltv,1,1.9570237582684253e-05,0.02
cilvēciskums,1,1.9570237582684253e-05,0.02
auditorija,1,1.9570237582684253e-05,0.02
daklteris,1,1.9570237582684253e-05,0.02
sincitiāls,1,1.9570237582684253e-05,0.02
sacerējums,1,1.9570237582684253e-05,0.02
pakavēties,1,1.9570237582684253e-05,0.02
izdzēsties,1,1.9570237582684253e-05,0.02
prominents,1,1.9570237582684253e-05,0.02
pārkāpējs,1,1.9570237582684253e-05,0.02
recidīvists,1,1.9570237582684253e-05,0.02
ķidāt,1,1.9570237582684253e-05,0.02
populisms,1,1.9570237582684253e-05,0.02
paretināt,1,1.9570237582684253e-05,0.02
klusiņas,1,1.9570237582684253e-05,0.02
dermatologs,1,1.9570237582684253e-05,0.02
pūšļotājs,1,1.9570237582684253e-05,0.02
ura,1,1.9570237582684253e-05,0.02
iekšēji,1,1.9570237582684253e-05,0.02
sēdi latvija,1,1.9570237582684253e-05,0.02
laboties,1,1.9570237582684253e-05,0.02
gultasdiena,1,1.9570237582684253e-05,0.02
terciārs,1,1.9570237582684253e-05,0.02
piepūle,1,1.9570237582684253e-05,0.02
dzīvesveids,1,1.9570237582684253e-05,0.02
sazins,1,1.9570237582684253e-05,0.02
pagrūti,1,1.9570237582684253e-05,0.02
izmasēt,1,1.9570237582684253e-05,0.02
izvingrināt,1,1.9570237582684253e-05,0.02
uzmest,1,1.9570237582684253e-05,0.02
ieguvējs,1,1.9570237582684253e-05,0.02
veselēties,1,1.9570237582684253e-05,0.02
pārpublicēt,1,1.9570237582684253e-05,0.02
telegrams,1,1.9570237582684253e-05,0.02
savīties,1,1.9570237582684253e-05,0.02
uzbrukt,1,1.9570237582684253e-05,0.02
zežēlīgs,1,1.9570237582684253e-05,0.02
sapūties,1,1.9570237582684253e-05,0.02
tēvzeme,1,1.9570237582684253e-05,0.02
trieciens,1,1.9570237582684253e-05,0.02
svētīt,1,1.9570237582684253e-05,0.02
incidents,1,1.9570237582684253e-05,0.02
knab,1,1.9570237582684253e-05,0.02
traģisks,1,1.9570237582684253e-05,0.02
sadot,1,1.9570237582684253e-05,0.02
rss,1,1.9570237582684253e-05,0.02
argumentēti,1,1.9570237582684253e-05,0.02
attaisnojami,1,1.9570237582684253e-05,0.02
abstrakts,1,1.9570237582684253e-05,0.02
finansiāls,1,1.9570237582684253e-05,0.02
varmācīgs,1,1.9570237582684253e-05,0.02
atgriešana,1,1.9570237582684253e-05,0.02
pārslodze,1,1.9570237582684253e-05,0.02
briedums,1,1.9570237582684253e-05,0.02
uzklausīšana,1,1.9570237582684253e-05,0.02
saskarsme,1,1.9570237582684253e-05,0.02
raudāt,1,1.9570237582684253e-05,0.02
atrašanās,1,1.9570237582684253e-05,0.02
stresains,1,1.9570237582684253e-05,0.02
kustēties,1,1.9570237582684253e-05,0.02
mazgadīgs,1,1.9570237582684253e-05,0.02
aprūpētājs,1,1.9570237582684253e-05,0.02
miesa,1,1.9570237582684253e-05,0.02
atbilstība,1,1.9570237582684253e-05,0.02
sistemātisks,1,1.9570237582684253e-05,0.02
manipulatīvs,1,1.9570237582684253e-05,0.02
feisbuks,1,1.9570237582684253e-05,0.02
proti,1,1.9570237582684253e-05,0.02
grūsts,1,1.9570237582684253e-05,0.02
slepus,1,1.9570237582684253e-05,0.02
tehniski,1,1.9570237582684253e-05,0.02
paskatities,1,1.9570237582684253e-05,0.02
pārskriet,1,1.9570237582684253e-05,0.02
tobrīd,1,1.9570237582684253e-05,0.02
priekšsēdētājs,1,1.9570237582684253e-05,0.02
vienķarši,1,1.9570237582684253e-05,0.02
rezonanse,1,1.9570237582684253e-05,0.02
izpelnīties,1,1.9570237582684253e-05,0.02
skandāls,1,1.9570237582684253e-05,0.02
izraidīšana,1,1.9570237582684253e-05,0.02
izraidīt,1,1.9570237582684253e-05,0.02
inovatīvs,1,1.9570237582684253e-05,0.02
ierosinājums,1,1.9570237582684253e-05,0.02
mītne,1,1.9570237582684253e-05,0.02
konsultante,1,1.9570237582684253e-05,0.02
kardioloģija,1,1.9570237582684253e-05,0.02
adresēt,1,1.9570237582684253e-05,0.02
rast,1,1.9570237582684253e-05,0.02
dr līcītis,1,1.9570237582684253e-05,0.02
laikus,1,1.9570237582684253e-05,0.02
izmainīties,1,1.9570237582684253e-05,0.02
ārēji,1,1.9570237582684253e-05,0.02
palīdzīgs,1,1.9570237582684253e-05,0.02
stagne,1,1.9570237582684253e-05,0.02
ieaicināt,1,1.9570237582684253e-05,0.02
pacienāt,1,1.9570237582684253e-05,0.02
noklausīties,1,1.9570237582684253e-05,0.02
performance,1,1.9570237582684253e-05,0.02
dusmīgs,1,1.9570237582684253e-05,0.02
koridors,1,1.9570237582684253e-05,0.02
ierašanās,1,1.9570237582684253e-05,0.02
uzvilkties,1,1.9570237582684253e-05,0.02
strikts,1,1.9570237582684253e-05,0.02
gaitenis,1,1.9570237582684253e-05,0.02
krēsls,1,1.9570237582684253e-05,0.02
lādzīgs,1,1.9570237582684253e-05,0.02
ambulatori,1,1.9570237582684253e-05,0.02
izvairīšanās,1,1.9570237582684253e-05,0.02
vakuums,1,1.9570237582684253e-05,0.02
minējums,1,1.9570237582684253e-05,0.02
izsacīt,1,1.9570237582684253e-05,0.02
iniciators,1,1.9570237582684253e-05,0.02
dzelzi,1,1.9570237582684253e-05,0.02
pulsa,1,1.9570237582684253e-05,0.02
četrpadsmit,1,1.9570237582684253e-05,0.02
nolemt,1,1.9570237582684253e-05,0.02
uztaisīt,1,1.9570237582684253e-05,0.02
kontrastviela,1,1.9570237582684253e-05,0.02
platība,1,1.9570237582684253e-05,0.02
pastaigāties,1,1.9570237582684253e-05,0.02
holteris,1,1.9570237582684253e-05,0.02
monitors,1,1.9570237582684253e-05,0.02
izīrēt,1,1.9570237582684253e-05,0.02
apskate,1,1.9570237582684253e-05,0.02
atjaunoties,1,1.9570237582684253e-05,0.02
stingumkrampe,1,1.9570237582684253e-05,0.02
toksoīde,1,1.9570237582684253e-05,0.02
miokards,1,1.9570237582684253e-05,0.02
vadīšana,1,1.9570237582684253e-05,0.02
izkopējums,1,1.9570237582684253e-05,0.02
et,1,1.9570237582684253e-05,0.02
al,1,1.9570237582684253e-05,0.02
bausle,1,1.9570237582684253e-05,0.02
etaps,1,1.9570237582684253e-05,0.02
sarakstīt,1,1.9570237582684253e-05,0.02
izņemšana,1,1.9570237582684253e-05,0.02
atveset,1,1.9570237582684253e-05,0.02
liet,1,1.9570237582684253e-05,0.02
samazgas,1,1.9570237582684253e-05,0.02
smalks,1,1.9570237582684253e-05,0.02
joms,1,1.9570237582684253e-05,0.02
perfekts,1,1.9570237582684253e-05,0.02
amatnieks,1,1.9570237582684253e-05,0.02
somiņa,1,1.9570237582684253e-05,0.02
skrūvgriežs,1,1.9570237582684253e-05,0.02
ieejiet,1,1.9570237582684253e-05,0.02
būvniecība,1,1.9570237582684253e-05,0.02
skrūvgriede,1,1.9570237582684253e-05,0.02
mehānika,1,1.9570237582684253e-05,0.02
žilbst,1,1.9570237582684253e-05,0.02
spārnot,1,1.9570237582684253e-05,0.02
standarts,1,1.9570237582684253e-05,0.02
muzejs,1,1.9570237582684253e-05,0.02
papētiet,1,1.9570237582684253e-05,0.02
glezna,1,1.9570237582684253e-05,0.02
statuja,1,1.9570237582684253e-05,0.02
keramika,1,1.9570237582684253e-05,0.02
dziedināties,1,1.9570237582684253e-05,0.02
kvantums,1,1.9570237582684253e-05,0.02
aizrakties,1,1.9570237582684253e-05,0.02
atvēlēt,1,1.9570237582684253e-05,0.02
uzskata vajadzīgs,1,1.9570237582684253e-05,0.02
pārdoties,1,1.9570237582684253e-05,0.02
atpelns,1,1.9570237582684253e-05,0.02
vains,1,1.9570237582684253e-05,0.02
pļaut,1,1.9570237582684253e-05,0.02
kopskaita,1,1.9570237582684253e-05,0.02
atgādināties,1,1.9570237582684253e-05,0.02
vērīgs,1,1.9570237582684253e-05,0.02
ņemties,1,1.9570237582684253e-05,0.02
padsmit,1,1.9570237582684253e-05,0.02
atļaušanās,1,1.9570237582684253e-05,0.02
trāpīt,1,1.9570237582684253e-05,0.02
apņemšanās,1,1.9570237582684253e-05,0.02
būšana,1,1.9570237582684253e-05,0.02
iecerēt,1,1.9570237582684253e-05,0.02
ārpuse,1,1.9570237582684253e-05,0.02
padevīgi,1,1.9570237582684253e-05,0.02
salīkt,1,1.9570237582684253e-05,0.02
izpildīties,1,1.9570237582684253e-05,0.02
artilērija,1,1.9570237582684253e-05,0.02
vids,1,1.9570237582684253e-05,0.02
pameklēt,1,1.9570237582684253e-05,0.02
auksts,1,1.9570237582684253e-05,0.02
luņķītis,1,1.9570237582684253e-05,0.02
suņuks,1,1.9570237582684253e-05,0.02
muļķot,1,1.9570237582684253e-05,0.02
krahs,1,1.9570237582684253e-05,0.02
aptvert,1,1.9570237582684253e-05,0.02
antiņi,1,1.9570237582684253e-05,0.02
iederīgs,1,1.9570237582684253e-05,0.02
izkustēties,1,1.9570237582684253e-05,0.02
komfortabls,1,1.9570237582684253e-05,0.02
sperti,1,1.9570237582684253e-05,0.02
skološanās,1,1.9570237582684253e-05,0.02
veselums,1,1.9570237582684253e-05,0.02
vasaļvalsts,1,1.9570237582684253e-05,0.02
vēstniecība,1,1.9570237582684253e-05,0.02
glauns,1,1.9570237582684253e-05,0.02
vecrīga,1,1.9570237582684253e-05,0.02
simons,1,1.9570237582684253e-05,0.02
kalniņš,1,1.9570237582684253e-05,0.02
veidojums,1,1.9570237582684253e-05,0.02
pasludināt,1,1.9570237582684253e-05,0.02
izsmelšana,1,1.9570237582684253e-05,0.02
spēlēšana,1,1.9570237582684253e-05,0.02
kurins,1,1.9570237582684253e-05,0.02
lepnība,1,1.9570237582684253e-05,0.02
komercstruktūra,1,1.9570237582684253e-05,0.02
sagrābt,1,1.9570237582684253e-05,0.02
lursofts,1,1.9570237582684253e-05,0.02
cikvēks,1,1.9570237582684253e-05,0.02
saskarties,1,1.9570237582684253e-05,0.02
ražotne,1,1.9570237582684253e-05,0.02
govs,1,1.9570237582684253e-05,0.02
oriģinals,1,1.9570237582684253e-05,0.02
proklamēšana,1,1.9570237582684253e-05,0.02
sapulce,1,1.9570237582684253e-05,0.02
piereģistrēt,1,1.9570237582684253e-05,0.02
korporacija,1,1.9570237582684253e-05,0.02
iemainīt,1,1.9570237582684253e-05,0.02
izzagt,1,1.9570237582684253e-05,0.02
ķīmijtrase,1,1.9570237582684253e-05,0.02
paka,1,1.9570237582684253e-05,0.02
surogāts,1,1.9570237582684253e-05,0.02
subprodukts,1,1.9570237582684253e-05,0.02
drukāšana,1,1.9570237582684253e-05,0.02
īpašumtiesības,1,1.9570237582684253e-05,0.02
vairt,1,1.9570237582684253e-05,0.02
izmirst,1,1.9570237582684253e-05,0.02
ģērbonis,1,1.9570237582684253e-05,0.02
himna,1,1.9570237582684253e-05,0.02
pirātisks,1,1.9570237582684253e-05,0.02
lepns,1,1.9570237582684253e-05,0.02
vicināt,1,1.9570237582684253e-05,0.02
žēlabains,1,1.9570237582684253e-05,0.02
gauda,1,1.9570237582684253e-05,0.02
izdarba,1,1.9570237582684253e-05,0.02
šits,1,1.9570237582684253e-05,0.02
aizmiršana,1,1.9570237582684253e-05,0.02
ļooooti,1,1.9570237582684253e-05,0.02
drašākt,1,1.9570237582684253e-05,0.02
elita,1,1.9570237582684253e-05,0.02
vīksns,1,1.9570237582684253e-05,0.02
politis,1,1.9570237582684253e-05,0.02
kā,1,1.9570237582684253e-05,0.02
singulais,1,1.9570237582684253e-05,0.02
analogs,1,1.9570237582684253e-05,0.02
blakus,1,1.9570237582684253e-05,0.02
milzīīīgs,1,1.9570237582684253e-05,0.02
varēšana,1,1.9570237582684253e-05,0.02
ideāls,1,1.9570237582684253e-05,0.02
lielus,1,1.9570237582684253e-05,0.02
mājaslapa,1,1.9570237582684253e-05,0.02
atskaitīties,1,1.9570237582684253e-05,0.02
mīlīgs,1,1.9570237582684253e-05,0.02
rindkops,1,1.9570237582684253e-05,0.02
lietā nformējs,1,1.9570237582684253e-05,0.02
rakstveida,1,1.9570237582684253e-05,0.02
gatavināšana,1,1.9570237582684253e-05,0.02
tizli,1,1.9570237582684253e-05,0.02
sabraukt,1,1.9570237582684253e-05,0.02
auza,1,1.9570237582684253e-05,0.02
piemērošana,1,1.9570237582684253e-05,0.02
atminēties,1,1.9570237582684253e-05,0.02
palīdze,1,1.9570237582684253e-05,0.02
izskatīt,1,1.9570237582684253e-05,0.02
definēt,1,1.9570237582684253e-05,0.02
transplantācija,1,1.9570237582684253e-05,0.02
svarīgums,1,1.9570237582684253e-05,0.02
draudīgi,1,1.9570237582684253e-05,0.02
sekme,1,1.9570237582684253e-05,0.02
koordinācija,1,1.9570237582684253e-05,0.02
zivsaimniecība,1,1.9570237582684253e-05,0.02
konsultatīvs,1,1.9570237582684253e-05,0.02
veterinārs,1,1.9570237582684253e-05,0.02
kvantitāte,1,1.9570237582684253e-05,0.02
iesniedzēja,1,1.9570237582684253e-05,0.02
pieminēšana,1,1.9570237582684253e-05,0.02
madīt,1,1.9570237582684253e-05,0.02
ambiciozs,1,1.9570237582684253e-05,0.02
pampālis,1,1.9570237582684253e-05,0.02
jāns,1,1.9570237582684253e-05,0.02
galējība,1,1.9570237582684253e-05,0.02
alise,1,1.9570237582684253e-05,0.02
brīnumzeme,1,1.9570237582684253e-05,0.02
tiesiski,1,1.9570237582684253e-05,0.02
verdikts,1,1.9570237582684253e-05,0.02
darbīgs,1,1.9570237582684253e-05,0.02
slīdēt,1,1.9570237582684253e-05,0.02
ņikita,1,1.9570237582684253e-05,0.02
sergejeviča,1,1.9570237582684253e-05,0.02
josifs,1,1.9570237582684253e-05,0.02
panākšana,1,1.9570237582684253e-05,0.02
legalizēties,1,1.9570237582684253e-05,0.02
konsultēt,1,1.9570237582684253e-05,0.02
apbēdināt,1,1.9570237582684253e-05,0.02
vasaļorganizācija,1,1.9570237582684253e-05,0.02
kristāls,1,1.9570237582684253e-05,0.02
ingaspringe,1,1.9570237582684253e-05,0.02
popularizēšana,1,1.9570237582684253e-05,0.02
balansēšana,1,1.9570237582684253e-05,0.02
reģistratūra,1,1.9570237582684253e-05,0.02
paziņošana,1,1.9570237582684253e-05,0.02
sūtījums,1,1.9570237582684253e-05,0.02
septītais,1,1.9570237582684253e-05,0.02
stāšanās,1,1.9570237582684253e-05,0.02
pārsūdzība,1,1.9570237582684253e-05,0.02
aizskriet,1,1.9570237582684253e-05,0.02
zirgs,1,1.9570237582684253e-05,0.02
darbavieta,1,1.9570237582684253e-05,0.02
dezinformēt,1,1.9570237582684253e-05,0.02
aptumšot,1,1.9570237582684253e-05,0.02
kognitīvs,1,1.9570237582684253e-05,0.02
zudums,1,1.9570237582684253e-05,0.02
pakļaušanās,1,1.9570237582684253e-05,0.02
vājprāts,1,1.9570237582684253e-05,0.02
masmēdeklis,1,1.9570237582684253e-05,0.02
gluds,1,1.9570237582684253e-05,0.02
apklāt,1,1.9570237582684253e-05,0.02
apkaunojoši,1,1.9570237582684253e-05,0.02
global,1,1.9570237582684253e-05,0.02
policy,1,1.9570237582684253e-05,0.02
pandemic,1,1.9570237582684253e-05,0.02
managment,1,1.9570237582684253e-05,0.02
bellevue,1,1.9570237582684253e-05,0.02
park,1,1.9570237582684253e-05,0.02
hotel,1,1.9570237582684253e-05,0.02
sloka,1,1.9570237582684253e-05,0.02
atslodze,1,1.9570237582684253e-05,0.02
kvēls,1,1.9570237582684253e-05,0.02
eventuāls,1,1.9570237582684253e-05,0.02
zaudēšana,1,1.9570237582684253e-05,0.02
cuks,1,1.9570237582684253e-05,0.02
izkropļot,1,1.9570237582684253e-05,0.02
puspatiesība,1,1.9570237582684253e-05,0.02
atspēkot,1,1.9570237582684253e-05,0.02
cukt,1,1.9570237582684253e-05,0.02
pārvilkt,1,1.9570237582684253e-05,0.02
čībiņa,1,1.9570237582684253e-05,0.02
maralago,1,1.9570237582684253e-05,0.02
jaunievēlēts,1,1.9570237582684253e-05,0.02
paradigma,1,1.9570237582684253e-05,0.02
izcirst,1,1.9570237582684253e-05,0.02
apbūve,1,1.9570237582684253e-05,0.02
kāpa,1,1.9570237582684253e-05,0.02
rajons,1,1.9570237582684253e-05,0.02
lielupe,1,1.9570237582684253e-05,0.02
iedziļina,1,1.9570237582684253e-05,0.02
izšķirība,1,1.9570237582684253e-05,0.02
malačs,1,1.9570237582684253e-05,0.02
distopija,1,1.9570237582684253e-05,0.02
pielemj,1,1.9570237582684253e-05,0.02
sakropļošana,1,1.9570237582684253e-05,0.02
sāls,1,1.9570237582684253e-05,0.02
lapaspuse,1,1.9570237582684253e-05,0.02
lūdzi,1,1.9570237582684253e-05,0.02
sastādītājs,1,1.9570237582684253e-05,0.02
iedvesmotājs,1,1.9570237582684253e-05,0.02
mmrēt,1,1.9570237582684253e-05,0.02
iepazīstināt,1,1.9570237582684253e-05,0.02
pilnvarot,1,1.9570237582684253e-05,0.02
apgādība,1,1.9570237582684253e-05,0.02
tiražēšana,1,1.9570237582684253e-05,0.02
priekšlikums,1,1.9570237582684253e-05,0.02
piedēklis,1,1.9570237582684253e-05,0.02
izpildorgāns,1,1.9570237582684253e-05,0.02
gigants,1,1.9570237582684253e-05,0.02
peškt,1,1.9570237582684253e-05,0.02
grase,1,1.9570237582684253e-05,0.02
kongress,1,1.9570237582684253e-05,0.02
imports,1,1.9570237582684253e-05,0.02
košļene,1,1.9570237582684253e-05,0.02
vads,1,1.9570237582684253e-05,0.02
kļast,1,1.9570237582684253e-05,0.02
trobolītisks,1,1.9570237582684253e-05,0.02
pretrombs,1,1.9570237582684253e-05,0.02
šķīdināt,1,1.9570237582684253e-05,0.02
pūtīt,1,1.9570237582684253e-05,0.02
degt,1,1.9570237582684253e-05,0.02
tabakijs,1,1.9570237582684253e-05,0.02
širhans,1,1.9570237582684253e-05,0.02
sāns,1,1.9570237582684253e-05,0.02
miņa,1,1.9570237582684253e-05,0.02
paklausība,1,1.9570237582684253e-05,0.02
uztraukt,1,1.9570237582684253e-05,0.02
potenciāli,1,1.9570237582684253e-05,0.02
sagatave,1,1.9570237582684253e-05,0.02
lappuse,1,1.9570237582684253e-05,0.02
tabuls,1,1.9570237582684253e-05,0.02
iedrukājs,1,1.9570237582684253e-05,0.02
piekļūt,1,1.9570237582684253e-05,0.02
tiems,1,1.9570237582684253e-05,0.02
sazvans,1,1.9570237582684253e-05,0.02
izlikties,1,1.9570237582684253e-05,0.02
krāties,1,1.9570237582684253e-05,0.02
aizraijoši,1,1.9570237582684253e-05,0.02
tūtas,1,1.9570237582684253e-05,0.02
izstāties,1,1.9570237582684253e-05,0.02
kartelis,1,1.9570237582684253e-05,0.02
zemūdens,1,1.9570237582684253e-05,0.02
spīdeklis,1,1.9570237582684253e-05,0.02
pavērēt,1,1.9570237582684253e-05,0.02
diži,1,1.9570237582684253e-05,0.02
pilntiesīgs,1,1.9570237582684253e-05,0.02
korumpēt,1,1.9570237582684253e-05,0.02
augstprāte,1,1.9570237582684253e-05,0.02
sarūpēt,1,1.9570237582684253e-05,0.02
darbonītis,1,1.9570237582684253e-05,0.02
ražīgs,1,1.9570237582684253e-05,0.02
pirmdiena,1,1.9570237582684253e-05,0.02
pārsūtīt,1,1.9570237582684253e-05,0.02
ask,1,1.9570237582684253e-05,0.02
sagatavoties,1,1.9570237582684253e-05,0.02
vaxmīlis,1,1.9570237582684253e-05,0.02
kenedija,1,1.9570237582684253e-05,0.02
ārprātīgs,1,1.9570237582684253e-05,0.02
apsēst,1,1.9570237582684253e-05,0.02
plosīšanās,1,1.9570237582684253e-05,0.02
izputināt,1,1.9570237582684253e-05,0.02
sadārdzināt,1,1.9570237582684253e-05,0.02
aizdzīt,1,1.9570237582684253e-05,0.02
trimda,1,1.9570237582684253e-05,0.02
puisis,1,1.9570237582684253e-05,0.02
ok,1,1.9570237582684253e-05,0.02
maziņš,1,1.9570237582684253e-05,0.02
izkalpošanās,1,1.9570237582684253e-05,0.02
vāks,1,1.9570237582684253e-05,0.02
rinkeviča,1,1.9570237582684253e-05,0.02
izbraukt,1,1.9570237582684253e-05,0.02
aborigēns,1,1.9570237582684253e-05,0.02
patriotiski,1,1.9570237582684253e-05,0.02
uzplaukums,1,1.9570237582684253e-05,0.02
socs,1,1.9570237582684253e-05,0.02
hot,1,1.9570237582684253e-05,0.02
faktisks,1,1.9570237582684253e-05,0.02
lūzums,1,1.9570237582684253e-05,0.02
vilties,1,1.9570237582684253e-05,0.02
aizskārums,1,1.9570237582684253e-05,0.02
piesaukšana,1,1.9570237582684253e-05,0.02
izrēķināšanās,1,1.9570237582684253e-05,0.02
kļūdo,1,1.9570237582684253e-05,0.02
pārspīlēt,1,1.9570237582684253e-05,0.02
adrese,1,1.9570237582684253e-05,0.02
darbiniece,1,1.9570237582684253e-05,0.02
konfidencialitāte,1,1.9570237582684253e-05,0.02
vēstule atnācs,1,1.9570237582684253e-05,0.02
līmējums,1,1.9570237582684253e-05,0.02
atlīmēties,1,1.9570237582684253e-05,0.02
pieslēgties,1,1.9570237582684253e-05,0.02
mazināt,1,1.9570237582684253e-05,0.02
boikot,1,1.9570237582684253e-05,0.02
pamatīgi,1,1.9570237582684253e-05,0.02
jons,1,1.9570237582684253e-05,0.02
grasīties,1,1.9570237582684253e-05,0.02
josta,1,1.9570237582684253e-05,0.02
stimuls,1,1.9570237582684253e-05,0.02
iesākties,1,1.9570237582684253e-05,0.02
masala,1,1.9570237582684253e-05,0.02
mikoplazms,1,1.9570237582684253e-05,0.02
sarežģītums,1,1.9570237582684253e-05,0.02
tanta,1,1.9570237582684253e-05,0.02
vēt,1,1.9570237582684253e-05,0.02
tālmācība,1,1.9570237582684253e-05,0.02
stučīt,1,1.9570237582684253e-05,0.02
vadzis,1,1.9570237582684253e-05,0.02
lūzt,1,1.9570237582684253e-05,0.02
tūt,1,1.9570237582684253e-05,0.02
ūsaini,1,1.9570237582684253e-05,0.02
samaitāt,1,1.9570237582684253e-05,0.02
gavs,1,1.9570237582684253e-05,0.02
labsirdība,1,1.9570237582684253e-05,0.02
apgāzt,1,1.9570237582684253e-05,0.02
daudzināt,1,1.9570237582684253e-05,0.02
mantrs,1,1.9570237582684253e-05,0.02
atbrīvoties,1,1.9570237582684253e-05,0.02
saīsināt,1,1.9570237582684253e-05,0.02
propagandēt,1,1.9570237582684253e-05,0.02
teju,1,1.9570237582684253e-05,0.02
džungls,1,1.9570237582684253e-05,0.02
praksa,1,1.9570237582684253e-05,0.02
zoom,1,1.9570237582684253e-05,0.02
paar,1,1.9570237582684253e-05,0.02
izbeigšana,1,1.9570237582684253e-05,0.02
uzpirkt,1,1.9570237582684253e-05,0.02
alumīnijs,1,1.9570237582684253e-05,0.02
abortēt,1,1.9570237582684253e-05,0.02
strebt,1,1.9570237582684253e-05,0.02
pievienjs,1,1.9570237582684253e-05,0.02
prevencija,1,1.9570237582684253e-05,0.02
anglis,1,1.9570237582684253e-05,0.02
izdevniecība,1,1.9570237582684253e-05,0.02
izteiksme,1,1.9570237582684253e-05,0.02
ratificēt,1,1.9570237582684253e-05,0.02
pamatbrīvība,1,1.9570237582684253e-05,0.02
parakstīšanās,1,1.9570237582684253e-05,0.02
pārkopēties,1,1.9570237582684253e-05,0.02
homeopāte,1,1.9570237582684253e-05,0.02
aizsilniece,1,1.9570237582684253e-05,0.02
sērs,1,1.9570237582684253e-05,0.02
aizgājēja,1,1.9570237582684253e-05,0.02
izteikšana,1,1.9570237582684253e-05,0.02
izlēciens,1,1.9570237582684253e-05,0.02
ievērība,1,1.9570237582684253e-05,0.02
valstspolicija,1,1.9570237582684253e-05,0.02
ierosināt,1,1.9570237582684253e-05,0.02
iemācīties,1,1.9570237582684253e-05,0.02
trīskāršoties,1,1.9570237582684253e-05,0.02
izaugt,1,1.9570237582684253e-05,0.02
šļirce,1,1.9570237582684253e-05,0.02
formaldehīds,1,1.9570237582684253e-05,0.02
atopisks,1,1.9570237582684253e-05,0.02
dermatīt,1,1.9570237582684253e-05,0.02
ņemami,1,1.9570237582684253e-05,0.02
pīkstiens,1,1.9570237582684253e-05,0.02
vajadīt,1,1.9570237582684253e-05,0.02
vēlēprincess,1,1.9570237582684253e-05,0.02
dūdass,1,1.9570237582684253e-05,0.02
dancis,1,1.9570237582684253e-05,0.02
bieds,1,1.9570237582684253e-05,0.02
atbalsis,1,1.9570237582684253e-05,0.02
epietns,1,1.9570237582684253e-05,0.02
gardasil,1,1.9570237582684253e-05,0.02
rašanās,1,1.9570237582684253e-05,0.02
līdzdalīgs,1,1.9570237582684253e-05,0.02
izraisīšana,1,1.9570237582684253e-05,0.02
farss,1,1.9570237582684253e-05,0.02
rūps,1,1.9570237582684253e-05,0.02
cien,1,1.9570237582684253e-05,0.02
dakte,1,1.9570237582684253e-05,0.02
dzirdīt,1,1.9570237582684253e-05,0.02
diagnoscēt,1,1.9570237582684253e-05,0.02
sakne,1,1.9570237582684253e-05,0.02
drausmīgi,1,1.9570237582684253e-05,0.02
perevosčikovs,1,1.9570237582684253e-05,0.02
paldiesdomāt,1,1.9570237582684253e-05,0.02
pamatsaslimšana,1,1.9570237582684253e-05,0.02
puisēns,1,1.9570237582684253e-05,0.02
terorizēšana,1,1.9570237582684253e-05,0.02
arests,1,1.9570237582684253e-05,0.02
piedēvēšana,1,1.9570237582684253e-05,0.02
piespriešana,1,1.9570237582684253e-05,0.02
dzelze,1,1.9570237582684253e-05,0.02
īstenošanās,1,1.9570237582684253e-05,0.02
pudnika,1,1.9570237582684253e-05,0.02
itālietis,1,1.9570237582684253e-05,0.02
prettiesiskums,1,1.9570237582684253e-05,0.02
bodycis,1,1.9570237582684253e-05,0.02
diktofons,1,1.9570237582684253e-05,0.02
aši,1,1.9570237582684253e-05,0.02
knaši,1,1.9570237582684253e-05,0.02
manējs,1,1.9570237582684253e-05,0.02
pārsūdzējs,1,1.9570237582684253e-05,0.02
sadalīt,1,1.9570237582684253e-05,0.02
vienošanās,1,1.9570237582684253e-05,0.02
dāvana,1,1.9570237582684253e-05,0.02
kaulēšanās,1,1.9570237582684253e-05,0.02
vēstulīte,1,1.9570237582684253e-05,0.02
strupa,1,1.9570237582684253e-05,0.02
izskatīšana,1,1.9570237582684253e-05,0.02
zvanīt,1,1.9570237582684253e-05,0.02
iecelšana,1,1.9570237582684253e-05,0.02
safabrice,1,1.9570237582684253e-05,0.02
rekets,1,1.9570237582684253e-05,0.02
izspiešana,1,1.9570237582684253e-05,0.02
trakulīgs,1,1.9570237582684253e-05,0.02
deviņdesmitais,1,1.9570237582684253e-05,0.02
klana,1,1.9570237582684253e-05,0.02
klans,1,1.9570237582684253e-05,0.02
cerot,1,1.9570237582684253e-05,0.02
mājot,1,1.9570237582684253e-05,0.02
spiegprogrammatūra,1,1.9570237582684253e-05,0.02
privātums,1,1.9570237582684253e-05,0.02
reguls,1,1.9570237582684253e-05,0.02
mirstīgs,1,1.9570237582684253e-05,0.02
rainis,1,1.9570237582684253e-05,0.02
spīdols,1,1.9570237582684253e-05,0.02
rakstiņš,1,1.9570237582684253e-05,0.02
dzīvošana,1,1.9570237582684253e-05,0.02
york,1,1.9570237582684253e-05,0.02
mujorka,1,1.9570237582684253e-05,0.02
ņujorka,1,1.9570237582684253e-05,0.02
džona,1,1.9570237582684253e-05,0.02
u,1,1.9570237582684253e-05,0.02
sirdsbalsis,1,1.9570237582684253e-05,0.02
lika,1,1.9570237582684253e-05,0.02
atskatīties,1,1.9570237582684253e-05,0.02
sociāli,1,1.9570237582684253e-05,0.02
kovidpaklausīgs,1,1.9570237582684253e-05,0.02
varoši,1,1.9570237582684253e-05,0.02
diedziņš,1,1.9570237582684253e-05,0.02
redze,1,1.9570237582684253e-05,0.02
klāsts,1,1.9570237582684253e-05,0.02
edža,1,1.9570237582684253e-05,0.02
mākties,1,1.9570237582684253e-05,0.02
fantastiski,1,1.9570237582684253e-05,0.02
ladapo,1,1.9570237582684253e-05,0.02
apoloģēti,1,1.9570237582684253e-05,0.02
eiforija,1,1.9570237582684253e-05,0.02
virzītājs,1,1.9570237582684253e-05,0.02
uzburt,1,1.9570237582684253e-05,0.02
tāliet,1,1.9570237582684253e-05,0.02
burla,1,1.9570237582684253e-05,0.02
klients,1,1.9570237582684253e-05,0.02
veicināšana,1,1.9570237582684253e-05,0.02
aizkrāsne,1,1.9570237582684253e-05,0.02
circenītis,1,1.9570237582684253e-05,0.02
tuksnesis,1,1.9570237582684253e-05,0.02
muļķi,1,1.9570237582684253e-05,0.02
asinsdonors,1,1.9570237582684253e-05,0.02
pārliet,1,1.9570237582684253e-05,0.02
ķēpāties,1,1.9570237582684253e-05,0.02
eliksīrs,1,1.9570237582684253e-05,0.02
šveice,1,1.9570237582684253e-05,0.02
prātīgi,1,1.9570237582684253e-05,0.02
saudzēt,1,1.9570237582684253e-05,0.02
ķermenīte,1,1.9570237582684253e-05,0.02
uzmanīgs,1,1.9570237582684253e-05,0.02
budžete,1,1.9570237582684253e-05,0.02
ekspertīze,1,1.9570237582684253e-05,0.02
reaktors,1,1.9570237582684253e-05,0.02
placenta,1,1.9570237582684253e-05,0.02
vpn,1,1.9570237582684253e-05,0.02
domēns,1,1.9570237582684253e-05,0.02
tallins,1,1.9570237582684253e-05,0.02
tiešraide,1,1.9570237582684253e-05,0.02
ilgdzīvošana,1,1.9570237582684253e-05,0.02
garša,1,1.9570237582684253e-05,0.02
ļauni,1,1.9570237582684253e-05,0.02
vāji,1,1.9570237582684253e-05,0.02
labsirdīgs,1,1.9570237582684253e-05,0.02
izpriece,1,1.9570237582684253e-05,0.02
leja,1,1.9570237582684253e-05,0.02
augšup,1,1.9570237582684253e-05,0.02
lejup,1,1.9570237582684253e-05,0.02
