message_id,timestamp,sender,fwd,reply,content
4,19.02.2021 00:01:13,Āgenskalna klīnika,,,"Sabiedrībā nepārtraukti cirkulē bažas par to kā izvairīties no vakcinācijas. bažas par to vai vakcinācija pret Covid būs piespiedu kārtā, jeb nē. Jeb būs, kā padomju laikā, piespiedu brīvprātīgi. Kā labi zināms, nav dūmu bez uguns. Un zināms pamats šīm bažām, protams ir. Paklausoties valdības lemtajā un dažādu amatpersonu izteikumos, nav īstas drošības sajūtas, ka nebūs mēģinājumi piespiest vakcinēties tos, kas to nevēlas darīt. Līdzīgi kā ir Izraēlā, kur nupat atvēra veikalus, bārus, restorānus un citas publiskas vietas, bet tikai tiem, kas ir vakcinējušies. Uz pārējiem attiecas visi stingrie ierobežojumi. Faktiski demokrātiskā valstī šāda situācija ir nepieļaujama. Nepieļaujama jau pati par sevi, kur nu vēl ņemot vērā, ka šī konkrētā ir eksperimentāla vakcīna, no kuras blaknēm ir norobežojušies pat tās ražotāji. Un par kuras sekām neviens neuzņemas atbildību. Iespējams, minēto iemeslu dēļ, Eiropas savienības parlamentāra asambleja, ir deklarējusi, ka nedrīkst uzspiest vakcināciju pret Covid 19, to nedrīkst darīt arī slēptā formā. Te lūk raksts: https://www.europereloaded.com/council-of-europe-decrees-vaccines-must-not-be-mandatory-and-the-non-vaccinated-must-not-be-discriminated-against/ Kopā mēs varam!!! /Dr. E. Mednis/"
5,19.02.2021 22:58:32,Āgenskalna klīnika,,,"Man nupat bija iespēja pārliecināties par cenzūru Facebook. manu iepriekšējo ierakstu par to, ka vakcinācija nedrīkst būt piespiedu Facebook bloķēja - šī informācija vienkārši neparādījās mūsu Facebook lapā un cilvēki to nevarēja redzēt.  Tā lūk. laipni lūgti demokrātiskajā pasaulē un tās jaunajā realitātē. Bet Kopā mēs varam!!! /Dr. E.Mednis/ #AgenskalnaKlinika #GribuSportot #KopaMesVaram #DziveBezBailem"
10,21.02.2021 12:19:21,Āgenskalna klīnika,,,"Šobrīd ļoti daudz šķēpu tiek lauzti saistībā ar kovid ārstēšanu, profilaksi, ierobežojumiem. Kā vienmēr, cik cilvēku, tik viedokļu. Manuprāt veiksmes atslēga vienmēr ir meklējama savstarpējā cieņā, mīlestībā un  viedokļu dažādībā. Manuprāt daudz veiksmīgāka būtu gan pacientu ārstēšana (ne tikai ar šo šobrīd populāro diagnozi), gan arī profilakses pasākumi, ja būtu savstarpēja komunikācija starp pusēm. Ja valdība varētu/gribētu dzirdēt arī alternatīvos viedokļus. Ja slimnīcu kolēģi, kas strādā vaiga sviedros, lai palīdzēt saviem pacientiem, aicinātu palīgā savus kolēģus, kas pārstāv alternatīvās medicīnas nozari un ne tikai. Bet tie laikam sapņi. Jo katram no mums ir savs skatījums uz problēmu un tikai diskusijās un savstarpējā cieņpilnā viedokļu apmaiņā mēs varam pakāpties kādu pakāpienu augstāk. Tā mēs varam apgūt līdz šim nezināmo. Par šo visu un vēl daudz ko citu, kā kovid pacientu ārstēšanu un vakcināciju runā Maskavas profesors Vorobjovs ar 40 gadu pieredzi medicīnā. Viņš ir gadu desmitiem ārstējis arī černobiliešus un citus smagus pacientus. Vērts paklausīties un aizdomāties. Kopā mēs varam!!! /Dr.E.Mednis/  #AgenskalnaKlinika #GribuSportot #KopaMesVaram #DziveBezBailem https://www.youtube.com/watch?v=oeAj_nTAsuI&feature=youtu.be"
35,09.03.2021 11:32:16,Āgenskalna klīnika,,,"Šeit ir blakņu apkopojums Apvienotajā Karalistē no Pfizer vakcīnas, kas ir populāra arī pie mums. Blakņu sarakstā, daudz vēdera problēmu virs 100 nāves gadījumu , aklums un citi jaukumi. Laipni lūgti uz vakcinācijas kabinetu, mīļie izmēģinājuma trusīši.  Kopā mēs varam!!! /Dr.E.Mednis/  #AgenskalnaKlinika #GribuSportot #KopaMesVaram #DziveBezBailem"
44,12.03.2021 15:44:24,Āgenskalna klīnika,,,"Šeit ir, manuprāt, ļoti lietderīga iniciatīva - portālā manabalss.lv ir iespēja parakstīties par jaunizveidotā Vakcinācijas biroja likvidāciju. Interesantākais ir fakts, ka vienas dienas laikā jau šī iniciatīva ir savākusi ap 10 000 balsu. Cilvēki nav vienaldzīgi un viņiem rūp tautas veselība un valsts labklājība. Parakstīties var šeit: https://manabalss.lv/par-vakcinacijas-biroja-likvidesanu/show  Kopā mēs varam!!! /Dr.E.Mednis/  #AgenskalnaKlinika #GribuSportot #KopaMesVaram #DziveBezBailem"
50,15.03.2021 12:10:34,Āgenskalna klīnika,,,"Vakcinācija pret Covid, laikam ejot, izraisa ar vien vairāk jautājumu. Ar vien vairāk šaubu par to patieso mērķi. Ar vien vairāk šaubu par to drošību un nepieciešamību. Šīs visas šaubas pastiprina valdības aktīvā (pārlieku aktīvā) rīcība minēto vakcīnu piedāvāšanai (uzspiešanai) sabiedrībai. Tas ir zināms fizikas likums, jo lielāks spēks darbojas uz virsmu, jo lielāks spēks darbojas pretim. Arī dzīvē šis likums darbojas perfekti. Jo vairāk mūs spiež vakcinēties, jo vairāk mēs mēģināsim no tā izvairīties un jo vairāk cilvēku mēģinās izvairīties - atrast tādus vai citādus ceļus, lai nesaņemtu sev pienākošās indes devu. Un nesauciet mani par antivakseri vai zinātnes noliedzēju. Šeit nav zinātnes. Šeit ir tukša propaganda un biznesa intereses un arī vara ambīcijas. Nekādas zinātnes šeit nav un nekad nav bijis. Ne saistībā ar pašu vīrusu, ne arī vakcīnām pret šo vīrusu. Tie, kas mēģina iebilst un rakstīt skarbos komentārus, varbūt izslēdziet uz nedēļu televizorus un radio, neskatieties un nelasiet ziņas. Neko svarīgu jūs garām nepalaidīsiet. Bet atveriet acis un paskatieties apkārt. Pasaule izskatīsies pavisam savādāka. Un mazāk baisa. Un arī nāvējošais vīruss, iespējams būs pazudis no jūsu mājas un pagalma. Šeit vēlējos padalīties ar savu kolēģu rakstīto - daudzi jautājumi par vakcīnām - Eiropas ārstu un zinātnieku atklāta vēstule Eiropas zāļu aģentūrai. Izlasiet. Ar visām atsaucēm. Nopietnām atsaucēm. Un zinātniski.🙂 Kopā mēs varam!!! /Dr.E.Mednis/  #AgenskalnaKlinika #GribuSportot #KopaMesVaram #DziveBezBailem https://doctors4covidethics.medium.com/urgent-open-letter-from-doctors-and-scientists-to-the-european-medicines-agency-regarding-covid-19-f6e17c311595"
74,31.03.2021 14:16:07,Āgenskalna klīnika,,,"Pieņemoties spēkā vakcinācijas propagandai mums katram ir jāspēj pieņemt savs un pamatots lēmums vakcinācijas sakarā. Mums ir jānoformulē sava attieksme - vai mēs katrs personīgi vēlamies piedalīties medicīniskā eksperimentā brīvprātīgi un bez samaksas. Un jāspēj sakārtot savas prioritātes - salikt savas vēlmes prioritārā secībā. man personīgi pirmajā vietā ir sava veselība. Jo, ja es nebūšu vesels, tad es nevarēšu palīdzēt citiem. Es nebūšu spējīgs dot citiem. Lai kā man gribētos ceļot un baudīt ārzemju jaukumus, kalnus, sauli, sniegu kalnos un citas burvīgas lietas, es esmu gatavs paciesties, līdz es varēšu ceļot brīvi, bez testiem, bez vakcīnām, bez kaut kādām koncentrācijas nometnes izziņām(zaļajām pasēm) un citām cilvēku brīvību ierobežojošām lietām. Un tas viss tādēļ, kas ES ESMU VESELS un VĒLOS BŪT VESELS.Šajā sakarā pievienoju ebreju rabīna  Chananya Weissman uzrakstīto 31 punktu kādēļ viņš nevakcinēsies. Es viņam pievienojos par visiem 100%:1. It’s not a vaccine. A vaccine by definition provides immunity to a disease. This does not provide immunity to anything. In a best-case scenario, it merely reduces the chance of getting a severe case of a virus if one catches it. Hence, it is a medical treatment, not a vaccine. I do not want to take a medical treatment for an illness I do not have.2. The drug companies, politicians, medical establishment, and media have joined forces to universally refer to this as a vaccine when it is not one, with the intention of manipulating people into feeling safer about undergoing a medical treatment. Because they are being deceitful, I do not trust them, and want nothing to do with their medical treatment.3. The presumed benefits of this medical treatment are minimal and would not last long in any case. The establishment acknowledges this, and is already talking about additional shots and ever-increasing numbers of new “vaccines” that would be required on a regular basis. I refuse to turn myself into a chronic patient who receives injections of new pharmaceutical products on a regular basis simply to reduce my chances of getting a severe case of a virus that these injections do not even prevent.4. I can reduce my chances of getting a severe case of a virus by strengthening my immune system naturally. In the event I catch a virus, there are vitamins and well-established drugs that have had wonderful results in warding off the illness, without the risks and unknowns of this medical treatment.5. The establishment insists that this medical treatment is safe. They cannot possibly know this because the long-term effects are entirely unknown, and will not be known for many years. They may speculate that it is safe, but it is disingenuous for them to make such a claim that cannot possibly be known. Because they are being disingenuous, I do not trust them, and I want no part of their treatment.6. The drug companies have zero liability if anything goes wrong, and cannot be sued. Same for the politicians who are pushing this treatment. I will not inject myself with a new, experimental medical device when the people behind it accept no liability or responsibility if something goes wrong. I will not risk my health and my life when they refuse to risk anything.7. Israel’s Prime Minister has openly admitted that the Israeli people are the world’s laboratory for this experimental treatment. I am not interested in being a guinea pig or donating my body to science.8. Israel agreed to share medical data of its citizens with a foreign drug company as a fundamental part of their agreement to receive this treatment.I never consented for my personal medical data to be shared with any such entity, nor was I even asked. I will not contribute to this sleazy enterprise."
87,04.04.2021 12:58:11,Āgenskalna klīnika,,,"Šeit ļoti ilustratīvs piemērs manis iepriekš rakstītajam. vakcīnas NAV drošas. Tās NAV izpētītas. Un cilvēki mirst no tām. Neatkarīgi no ticības tām, ādas krāsas, reliģiskās piederības un vecuma (šajā gadījumā jaunības). Padomājiet PIRMS vakcinācijas. Palūdziet savu ģimenes ārstu, vai jebkuru citu personu, kura Jums piedāvā vakcinēties, Jums izsniegt uz rokas vakcīnas anotāciju. Un pajautājiet vai pētījumi uz dzīvniekiem ir bijuši un kad beigsies trešās fāzes pētījumi konkrētajai vakcīnai. Domājiet PIRMS!!!Kopā mēs varam!!! /Dr.E.Mednis/  #AgenskalnaKlinika #GribuSportot #KopaMesVaram #DziveBezBailem"
92,08.04.2021 12:02:32,Āgenskalna klīnika,,,"Ļoti labu ierakstu FB un Telegram platformā ir ierakstījusi Marika Zelča Čerāne par Covid vakcīnu virzīšanu tirgū un mēģinājumiem uzspiest tās tautai. Informācijas telpa nav vēl slēgta, līdz ar to ziņas ātri izplatās visā pasaulē.  Arvien vairāk nākas dzirdēt gadījumus, kad kāds ir miris īsā laikā pēc vakcinācijas ar kādu no jaunajām mRNA vakcīnām. Visiem, kas vakcinējas būtu jāsaprot tas, ka viņi piedalās klīniskā eksperimentā ar cilvēkiem.  Un neviens nesegs iespējamos zaudējumus. Neviens negarantē vakcīnu drošību. Tā teikt slīcēju glābšana ir pašu slīcēju rokās - pats ej vakcinēties, pats arī atbildi par sekām. Un tādas ir. Un ir nopietnas. Tikko Latviju pāršalca ziņa, ka neilgi pēc vakcīnas ir miris Prof. Riževs, psihiatrs. Kurš izmeklē šo nāves gadījumu? Kurš ir ieinteresēts atklāt patiesību no kā viņš ir miris? Tuvinieki. Bet vai kāds vēl? Vai Zāļu Valsta aģentūrai tas interesē? Vai Veselības ministram tas interesē? Vai premjeram tas interesē? Un vai viņi ir ko darījuši vai dara, lai to noskaidrotu? Nē. Viņi ir aizņemti ar vakcinācijas mārketinga kampaņu. Un ""dažas nāves"", kas ir mazsvarīgākas kā lielais mērķis (utopija) - lai no šī nieka vīrusa nemirtu cilvēki. Absurds. Kā zinām 2020.gadā mirstība Latvijā nav pieaugusi salīdzinājumā ar pēdējo vairāku gadu vidējo. Tad par kādu mērķi ir runa? Veselība? Muļķības. Tās iespējams ir absolūti savtīgas intereses - nauda un vara, kas pilnībā aizmiglo skatienu. Tādēļ joprojām uzskatu, ka vakcinācijas pret Covid 19 ir pāragra, kāmēr nav pabeigti pilnībā visi testi visās fāzēs. Un uzskatu, ka tā var novest pie lielas katastrofas tieši komplikāciju dēļ. jautājums ir tikai par to kāpēc pirmkārt ir jāiznīdē ārsti, medmāsiņas, glābēji, policisti un karavīri? Kādēļ šīs kategorijas mums nav svarīgas? Par to padomājiet. Un izdariet savus secinājumus.Kopā mēs varam!!! /Dr.E.Mednis/  #AgenskalnaKlinika #GribuSportot #KopaMesVaram #DziveBezBailem"
104,14.04.2021 21:36:24,Āgenskalna klīnika,,,"Patiešām priecīga ziņa ir pienākusi no Austrijas - tur tiesa ir lēmusi, ka PCR testi, jeb tautā sauktie Kovid testi NAV derīgi šīs slimības diagnostikai un ierobežojumiem jeb lokdauniem nav nekāda juridiska pamatojuma. Re kā, taisnība tomēr uzvar. Jācer, ka arī mūsu valdībnieki ieklausīsies šajā vēstī un arī mums atcels visus nejēdzīgos ierobežojumus, kā masku obligāto nēsāšanu, piespiedu/ brīvprātīgo vakcināciju ar eksperimentālajām vakcīnām un citas iespējami noziedzīgas darbības, kam nav nekāda - ne medicīniska, ne juridiska pamatojuma. Pielikumā arī Vīnes tiesas spriedums uz 16 lapām. Angliski.Kopā mēs varam!!! /Dr.E.Mednis/  #AgenskalnaKlinika #GribuSportot #KopaMesVaram #DziveBezBailem https://greatgameindia.com/austria-court-pcr-test/"
108,15.04.2021 14:49:02,Āgenskalna klīnika,,,"Dzīve met interesantus lokus. Šeit ir atbilde un iemesls padomāt visiem, kas lielās ar savu vakcīnu un kas ""nevar vien sagaidīt"" savu vakcīnas devu. TV personība Midwin Charles, kas vienmēr lielījās ar savu vakcināciju pret Kovid 19 un pierunāja savu mammu potēties, mira 47 gadu vecumā 1 mēnesi pēc Pfizer pirmās devas saņemšanas. var jau protams domāt visu ko, bet, iespējams, šeit ir saistība.Kopā mēs varam!!! /Dr.E.Mednis/  #AgenskalnaKlinika #GribuSportot #KopaMesVaram #DziveBezBailemhttps://www.lifesitenews.com/news/tv-personality-who-boasted-of-being-vaccinated-pressuring-her-mom-to-do-the-same-dies-weeks-after-receiving-jab"
137,28.04.2021 11:16:45,Āgenskalna klīnika,,,"Mēs visi esam nomocījušies ar visiem šiem bezjēdzīgajiem ierobežojumiem - maskām, distancēšanos, mājsēdēm (stulbākais vārds, ko esmu dzirdējis) un citām muļķībām. Vai mēs uzdodam sev jautājumu - kāpēc tas viss? Vīruss? Diezin vai. Jo izdzīvošanas rādītājs saslimstot ar to ir 99,.... %. Tad kas? Tad kāpēc? Un ko mēs katrs darām, lai šis viss izbeigtos? Uzliekam masku ""tikai uz 5 minūtēm""? Pieciešam? Pasēžam mājās, jo ""tas taču nav ilgi""? Bet cik ilgi tas tā turpināsies? Cik ilgi mūs vēl mocīs? Tieši tik ilgi, cik mēs to ļausim. Tas ir sen zināms no psiholoģijas, ka ir varmāka un ir upuris. Un upuris vienmēr aizstāv  varmāku. Tas ir upura sindroms. Tad cik ilgi mēs būsim šajā upura lomā un mēģināsim saprast visas šīs muļķības? Cik ilgi mēs ļausim sevi spīdzināt? Cik ilgi mēs klausīsimies, ka vakcinācija ar eksperimentālām un nepārbaudītām vakcīnām ir mūsu vienīgais glābiņš? No kā mūs vēlas paglābt? No domāšanas. No saviem spriedumiem. No sapratnes par lietām. Jo bez tā nav iespējams realizēt globālu kontroli pār mums. Bez šīm sastāvdaļām nav iespējams mūs pakļaut. Tāds ir mērķis. Nevis pasaka par briesmīgo vīrusu, kuru neviens tā arī nav spējis pierādīt. Te vācu projekts - izcils monologs 18 minūšu garumā. par visu šo un vēl.Domājam. Mums jābūt vienotiem domās un rīcībā. Tad un tikai tad  mēs varēsi būt paši. tad mēs varēsim noteikt paši savu nākotni. Un, protams arī savu tagadni. Un beidzot dzīvot pilnu krūti, nevis maskās, pastāvīgā skābekļa badā un bailēs no kaut kā nezināma un netaustāma.Kopā mēs varam!!! /Dr.E.Mednis/  #AgenskalnaKlinika #GribuSportot #KopaMesVaram #DziveBezBailem"
164,20.05.2021 13:48:09,Āgenskalna klīnika,,,"Ļoti interesanta ziņa. Izrādās, ka donoru centri ASV, kas ir sarkanā krusta pakļautībā neņem vakcinētos. Kāpēc? Jo vakcīna ""noslaukot"" visas dabīgās antivielas. Tad jautājums: kāpēc mums vajadzīga tāda vakcīna?Kopā mēs varam!!!/Dr.E.Mednis/#AgenskalnaKlinika #GribuSportot #KopaMesVaram #DziveBezBailem #IzglabDraugu"
167,22.05.2021 08:24:01,Āgenskalna klīnika,,,"Atkal un atkal ne viens vien šajā pasaulē uzdod gan sev gan arī citiem jautājumu: kāpēc tas viss, jeb kā vārdā? Šobrīd ir diezgan skaidra bilde - šobrīd populārais vīruss nav bīstamāks par gripu. Jā nedaudz atšķirīgs klīniskajās izpausmēs, bet mirstības ziņā lielas atšķirības nav. Toties vakcinācija, gan, šķiet, nodara lielāku ļaunumu kā pats vīruss. Tik daudz blakņu no kādas vakcīnas nav īsti vēsturē vēl pieredzēts. Tāda izmēra un apjoma klīnisko eksperimentu ar nepārbaudītu un uz dzīvniekiem testus neizgājušu vakcīnu arī pasaule vēl nav pieredzējusi. Pie tam tas viss notiek piespiedu kārtā un ar milzu mārketinga budžetu. Tos, ko nevar piespiest mēģina nopirkt un tos, ko nevar nopirkt mēģina piespiest. Bezprecedenta gadījums mierlaika pasaules vēsturē. Nesenā vēsturē zināmie šāda veida zāļu izmēģinājumi ir notikuši tikai Nacistiskajā Vācijā un Staļiniskajā Padomju savienībā. Vienīgi viņu mērķis bija tiešām izmēģināt jaunas un bīstamas zāles un ārstēšanas metodes. Šobrīd, šķiet, ka pamata mērķis nav izmēģināt zāles, bet kaut kas vairāk un zāles ir tikai iegansts un arī ierocis. Līdz ar to medicīna tiek devalvēta pilnībā. Tā tiek pārvērsta no labestīgas metodes, kuras mērķis ir palīdzēt cilvēcei par masu iznīcināšanas ieroci.Un vēl viena interesanta detaļa - pagājušā pavasarī visi, kas atļāvās saukt lietas īstajos vārdos, tika nodēvēti par konspirācijas teoriju piekritējiem. Šobrīd redzam, ka ļoti daudzas no ""konspirācijas teorijām"" piepildās un jau ir piepildījušās.  Tad spriediet paši kas ir konspirācijas teorijas un kas ir to patiesie izplatītāji. Pieliek klāt vēl cenzūru- faktčekerus un citus darboņus un bilde paliek pavisam skaidra. Pievienoju (jau atkal) Maika Jīdona (Mike Yeadon) pārdomas šajā sakarā. Un piedevām vēl Paula Šreiera (Paul Schreyer) vēstures apskatu, jeb atskatu vēsturē no Padomju Savienības sabrukuma līdz mūsu dienām.  Ir interesanti.Kopā mēs varam!!!/Dr.E.Mednis/#AgenskalnaKlinika #GribuSportot #KopaMesVaram #DziveBezBailem #IzglabDraugu"
174,22.05.2021 20:31:43,Āgenskalna klīnika,,,"Pēc oficiāli neapstiprinātām ziņām šodien Vakcinācijas centrā pēc potes esot miris ap 30 gadus jauns vīrietis. Viņa draudzene esot reanimācijas nodaļā. Tā lūk. Vakcinējieties droši, jo tās ir pārbaudītas un atzītas par drošām esam. Tikai nav veikts pilns pētījumu cikls. Un šis vīrietis neizturēja eksperimentu. Bet viņš esot izglābis vairākus cilvēkus, kas tūdaļ pēc notikušā esot atstājuši vakcinācijas centru nesaņēmuši savu eksperimentālās gēnu terapijas devu.Līdzjūtība tuviniekiem.Kopā mēs varam!!!/Dr.E.Mednis/#AgenskalnaKlinika #GribuSportot #KopaMesVaram #DziveBezBailem #IzglabDraugu"
176,22.05.2021 22:38:35,Āgenskalna klīnika,,,"Cik saprotu informācija par šodien, iespējams, pēc vakcinācijas mirušo vīrieti tika atsaukta un tiks precizēta. Ja kādam ir kāda informācija šī iespējamā negadījuma sakarā, lūdzu dalieties. Palīdzēsim noskaidrot patiesību.Kopā mēs varam!!!/Dr.E.Mednis/#AgenskalnaKlinika #GribuSportot #KopaMesVaram #DziveBezBailem #IzglabDraugu"
205,05.06.2021 21:12:12,Āgenskalna klīnika,,,"šajā laikā viens no vārdiem, kas strauji nāk dienas kārtībā ir ""Diskriminācija"". Tā notiek ik uz soļa. Un mūsu valdībnieki to sola ar vien vairāk. lai gan Veselības ministrija solīja, ka vakcinācija nebūs obligāta, solījums, iespējams, ir piemirsies. Vai arī labā roka nezina ko dara kreisā. Klajš diskriminācijas piemērs ir RSU. Tā ir universitāte, kas apmāca jaunos ārstus. Un rektors ir Aigars Pētersons. Arī ārsts. Un labs bērnu ārsts. Pats esmu pie viņa mācījies bērnu ķirurģiju. Kas pēkšņi ir noticis ar mūsu vadošajiem ārstiem? Kāpēc tie nevēlas vai negrib saprast, ka vakcinācija pret kovidu ir medicīnisks eksperiments. Un skaitļi liecina, ka mirstība no šīs ligas ir 0,15% pēc jaunākajiem datiem. Līdz ar to tā neatšķiras no gripas. tad kādēļ jaunie ārsti ir jāspiež vakcinēties? kādēļ tiem ir jārada situācija, ka mācīties bez kovidšprices ir faktiski neiespējami? Šī ir vistiešākā veidā diskriminācija. Un arī mobings. Tas attiecas arī uz citām iestādēm un darba vietām, kas pieprasa šīs injekcijas. Absolūti nelikumīgi pieprasa. Jo neviens iestādes vadītājs neuzņemas nekādu atbildību par sekām, kas var rasties no šīs eksperimentālās gēnu terapijas. Man ir paciente kas sašpricējusies pēc darba devēja pieprasījuma un tagad viņai ir jāārstējas. Kurš personīgi ir par to atbildīgs? Faktiski tas, kurš pieprasīja šo injekciju. Līdz ar to droši var sūdzēt tiesā un uzvarēt. Un piedzīt kompensāciju par morālu un materiālu kaitējumu. Tas viss IR iespējams. Un tas IR JĀDARA. Faktiski jau pie pirmā kovidšprices pieprasījuma ir jāpalūdz, lai darba devējs uzraksta to rakstiski un tad ar šo dokumentu jādodas pie Tiesībsarga, uz prokuratūru un daba inspekciju. RSU gadījumā tas noteikti ir jāapstrīd un ceļš tāds pats - Tiesībsargs, prokuratūra un vē, cik dzirdēju, tad Saeimas deputāte Jūlija Stepaņenko organizē juridisku palīdzību šajā gadījumā. Tad rakstiet arī viņai: julija.stepanenko@saeima.lv . Jo vairāk būs šādu iesniegumu, jo labāk. Jo skaidrāk mēs pateiksim valdībniekiem, ka mēs šim šovam nepiekrītam. ka mēs nepiedalāmies. Un šī IR DISKRIMINĀCJA. Un tā IR JĀSODA. Tas ir noziegums. Cīnāmies, darām un uzvarām. Mēs uzvarēsim.Klāt pievienoju iesniegumu par diskrimināciju. Aizpildiet un nosūtiet attiecīgajiem adresātiem. Šo iesniegumu var lietot plašāk, kā mēs varam iedomāties.Kopā mēs varam!!!/Dr.E.Mednis/#AgenskalnaKlinika #GribuSportot #KopaMesVaram #DziveBezBailem #IzglabDraugu"
226,22.06.2021 17:15:14,Āgenskalna klīnika,,,"Kāmēr mūsu hunta ar dižo vadoni priekšgalā domā ko darīt, izrādās Indijā jau rīkojas - tur jau notiek vardarbīga piespiedu vakcinācija ar armijas palīdzību. Cerams, ka līdz mums šis ārprāts nenonāks, kaut gan ne par ko  nevaram šai pasaulē būt droši. Diemžēl.Atkārtošos, bet šī nav vakcīna, tā ir nepārbaudīta, eksperimentāla gēnu injekcija, ko mums mēģina pasniegt kā izeju no valdības un mediju radītās krīzes un kā vienīgo izdzīvošanas garantu. Lai gan nu jau pasaulē tiek minēti dažnedažādi slavenā vīrusa mutāciju varianti un tāpat pienāk ziņas, ko no vairākiem, kā izrādās šīs šprices nemaz nepasargā. Un tādēļ tomēr ierobežojumus nedrīkst atcelt. Nerunāsim par to, vai šīs injekcijas vispār no ka pasargā un kam tās patiesībā ir domātas, bet, ja jau nepasargā no variantiem, tad kādēļ tās mums vajadzīgas? Un, ja vadonis uzskata, ka vajadzīgas, tad lūdzu nejauciet šeit iekšā medicīnu. Tās šeit nav. Ne kripatiņas. Medicīna sākas tur, kur ir sašpricētie. Liela daļa no viņiem piedzīvo lielākas, jeb mazākas blaknes. Tikko runāju ar vienu savu paziņu - vakar dabūjis otro injekcijas devu. Vakar un šodien esot ""nekāds"". ""Grūti saņemties darbiem un saprast kas jādara"". Tad kādēļ mums tāda iela, kas neved uz baznīcu - kā vienā vecā padomju laika filmā jautāja personāžs? Domājam. Un pieņemam paši savus lēmumus.Kopā mēs varam!!!/Dr.E.Mednis/#AgenskalnaKlinika #GribuSportot #KopaMesVaram #DziveBezBailem #IzglabDraugu"
229,01.07.2021 10:21:03,Āgenskalna klīnika,,,"Britu ārsts un pētnieks Vernons Kolemans (Vernon Coleman) ir ierakstījis video, kurā viņš skaidro kāpēc vakcinācija ir bīstama. Bez tam izrādās, ka tā ir bīstama ne tikai pašiem špricētajiem, bet bīstama arī apkārtējiem. Tas notiekot tāpēc, ka špricētie palīdz vīrusam mutēt (mainīties) un, jo vairāk špricēto, jo vairāk būs mutāciju - jaunu vīrusa variantu. Un, kas ir sliktais šai stāstā, vīruss kļūs ar vien spēcīgāks un bīstamāks. Bez tam jaunās vakcīnas, kas tiks tuvākajā nākotnē saražotas, nepasargās, jo, kā tas zināms, no gripas vakcīnu pieredzes, zinātnieki un rūpniecība nespēj būt ātrāki par vīrusa spēju mutēt. Līdz ar to, tāpat kā gripas gadījumā, arī šajā tā ir cīņa ar vējdzirnavām. Tas ir mēģinājums noķert vēju. Bet vai tas ir mērķis? Dr.Kolemans domā, ka nē. Mērķis ir pavisam cits un tik šausmīgs, ka prāts atsakās to pieņemt. Un tas ir depopulācija. Faktiski visa šī jezga ir nekas cits kā cilvēku populācijas masveida samazināšana. Jo Bills Geits (Bill Gates) jau savulaik bija teicis, ka planēta ir pārapdzīvota. Briesmīgi. Bet patieso ainu parādīs rudens un ziemas periods. Tad būs redzams kas notiks. Tas, ko varu ieteikt visiem - gan špricētajiem, gan nešpricētajiem ir stiprināt savu imunitāti - ēst veselīgi un sabalansēti, sportot regulāri, meklēt un sameklēt pozitīvas emocijas ikdienā, katru dienu. Uzturēt sevī možu garu, izslēgt televizoru, nelasīt ziņas. Vismaz meinstrīmu nelasiet. Tas uzdzen depresiju un samazina jūsu imunitāti. Turamies. 🙂Kopā mēs varam!!!/Dr.E.Mednis/#AgenskalnaKlinika #GribuSportot #KopaMesVaram #DziveBezBailem #IzglabDraugu"
234,01.07.2021 22:13:02,Āgenskalna klīnika,,,"Te arī vakcinācijas sekas: Izraēlā cilvēki slimo vasarā ar tiem vīrusiem, ar kuriem tie parasti slimo ziemā. Tad iznāk tā, ka pirmkārt vīrusi nezināmu iemeslu dēļ cirkulē sabiedrībā ārpus gadalaika un otrs, ka vienā no visašpricētākajām valstīm pasaulē cilvēki nav spējīgi nostāvēt pretim parastiem vīrusiem vasaras laikā. Jautājums: kas notiks ziemā? Ziemā, iespējams būs respiratoro (elpceļu) vīrusu uzliesmojums, ko mums pasniegs kā kārtējo kovidvilni un testi būs pozitīvi un tad sāksies jautrība ar visiem iespējamiem jaunvārdiem - mājsēdēm un citām jautrām lietām. Tas jau scenārijā ir rakstīts droši vien. Bet par patieso saslimstības iemeslu neviens nerunās, izņemot dažus atkritējus. Un neviens nemēģinās saistīt šos elpceļu saslimstības uzliesmojumu ar ilgstošu un nemotivētu masku valkāšanu un arī protams jaunajām špricēm. Vainīgs būs kovic un arī nešpricētie, kas ir tik neapzinīgi, ka nerūpējas par sabiedrības veselību - lasi globālistu un viņu pakalpiņu plāniem, bt gan patiesi rūpējas, lai būtu veseli un spēcīgi cilvēki gan fiziski, gan arī garīgi.Bet viena lieta ir skaidra - šī ir viņu plāna agonija. Un mēs uzvarēsim. Visai drīz.Kopā mēs varam!!!/Dr.E.Mednis/#AgenskalnaKlinika #GribuSportot #KopaMesVaram #DziveBezBailem #IzglabDrauguhttps://www.jpost.com/health-science/covid-19-might-be-over-but-viral-infections-in-israel-are-surging-671354"
251,20.07.2021 11:23:00,Āgenskalna klīnika,,,"Latvijas valdība ir uzņēmusi bīstamu kursu un tādēļ cilvēkiem pamatoti rodas jautājumi. Veselības ministrija spītīgi atgaiņājas no tai uzdotajiem jautājumiem. Atbild ļoti formāli un izvairīgi. Ir nodibināta jauna biedrība ""Par izvēles brīvību"", kas iestājas par cilvēktiesību saglabāšanu Latvijā un cilvēka, kā indivīda izvēles brīvību. Arī vakcinācijas sakarā. Minētā biedrība ir sagatavojusi vēstuli Latvijas valdībai, Tiesībsargam un citām oficiālām iestādēm ar lūgumu skaidrot ar piespiedu vakcināciju neskaidros jautājumus. tai skaitā šīs jaunās gēnu injekcijas ietekmi ilgtermiņā uz cilvēk organismu. Tai skaitā uz grūtniecēm un bērniem. Visi esam aicināti parakstīties. Ir arī saites uz viņu iepriekšējo sagatavoto vēstuli un Veselības ministrijas un Tiesībsarga atbildēm uz to.Esam aktīvi. Neļaujam sevi nošpricēt. /Dr.E.Mednis/Kopā mēs varam!!!/Dr.E.Mednis/#AgenskalnaKlinika #GribuSportot #KopaMesVaram #DziveBezBailem #IzglabDrauguhttps://www.facebook.com/groups/2066288046850116/permalink/2513665638779019/"
254,26.07.2021 21:54:36,Āgenskalna klīnika,,,"Pateicoties Brīvvalsts.TV mums ir iespēja nobalsot vai esam par piespiedu vakcināciju. Piespiedu ir dažādās nozīmēs sākot ar šantāžu un beidzot ar atlaišanu no darba un vardarbīgu saduršanu. balsojiet. Šim balsojumam nav juridiska spēka, bet tas norāda cilvēku - tautas viedokli.Es savu viedokli jau paudu.Kopā mēs varam!!!/Dr.E.Mednis/#AgenskalnaKlinika #GribuSportot #KopaMesVaram #DziveBezBailem #IzglabDraugu"
266,13.08.2021 11:00:07,Āgenskalna klīnika,,,"Maskas krīt. Mūsu valstī, kā zināms, darbojas Valsts Imunizācijas padome, kurā ir speciālisti no dažādām institūcijām un tā lemj par to ko vakcinēt, ar ko to darīt un kā to darīt. Šeit ir interesants Imunizācijas valsts padomes sēdes protokols, gan īsā versija Saeimas deputātes Jūlijas Stepaņenko pārstāstā, gan variet arī iepazīties ar protokola pilno versiju. Savādāk kā par neizmērojamu cinismu to, kas notiek šajā padomē nevar nosaukt. Bet nu vērtējiet paši:📍 Jūlija Stepaņenko:🔴 Imunizācijas valsts padome- iestāde, kurā sarunājas par vakcināciju. Izlasiet saitē zemākpievienoto protokolu, kuru pārstāstu jums vienkāršā sarunvalodā.No 31.maija protokola (Kā es to lasu): - jā, bērnus no 12 gadiem vakcinēt drīkst, taču jāņem vērā, ka nekas līdz galam nav izpētīts, tā grupa, ko pētīja, bija par mazu, lai vispār kaut ko saprastu, tāpēc svarīgi ir novērot bērnus pēc vakcinācijas. (Nu tāpec, ka nav taču viss līdz galam izpētīts! Vai man vienai izskatās, ka šādi tiek ievīstīts un pasniegts tas, ka mūsu bērni vienkārši tagad būs tā lielākā grupa, kura jau varēs atainot kaut kādus rezultātus un atsķirību?.) Varot būt miokardīti un perikardīti jaunajiem cilvēkiem, kā pētījumos citviet novērots. Tikai divus mēnešus (!!!) esam pētījuši. Jāpēta vēl. Perevoščikovs (kā es to lasu): a varbūt viņi bija paši vainīgi, jo enterovīruss organismā! Tie, kas tur ar tiem miokardītiem. Lai nebojā pozitīvo vakcīnas tēlu! Dumpis(kā es to lasu): nevajag šķiest vakcīnas uz bērniem, jādod sirmgalvjiem, ar bērniem nav tik liels risks! Gardovska (pediatre) (kā es to lasu): bērni jāvakcinē tikai pie ģimenes ārsta, jo tomēr bailīgi un jānovēro pēc vakcinācijas. Dumpis (kā es to lasu): Nevajag tur neko uzraudzīt! Rullējam tālāk! Ir taču jautri! Dzalbs (ģimenes ārsts) (kā es to lasu): nē, nē, nu kāpēc tikai ģimenes ārsti? bērnus jau tā vakcinē arī vakcinācijas centros. Priekš kam lieki sarežģīt!?Savrasova (SPKC) (kā es to lasu): es vispār dzirdēju, ka jauniešiem ievada nepareizās vakcīnasDumpis (kā es to lasu): Ai, nu kas par muļķībām!? Bērniem der tikai Comirnaty! Un tad viņi nolemj: Vakcinējam un novērojam, jo ei nu sazin, kas tur beigās būs. Jo tā pētāmo grupa tomēr bija par mazu. Nu tagad būs tieši laikā. Sumpurņi. Es gaidu jaunu protokolu no sēdes, kurā viņi lēma par piecgadnieku potēšanu. Oriģinālais protokols no 31.05.21.https://www.vm.gov.lv/lv/media/6318/downloadKopā mēs varam!!!/Dr.E.Mednis/#AgenskalnaKlinika #GribuSportot #KopaMesVaram #DziveBezBailem #IzglabDraugu"
271,18.08.2021 23:39:30,Āgenskalna klīnika,,,"Tikko atgriezos mājās no protesta pret piespiedu vakcināciju pie prezidenta pils. Liels bija prieks, ka tik daudz sanākušo bija. Esot bijis virs 10 tūkstošiem cilvēku. pats gan nemāku saskaitīt, bet zinātāji tā teica. Bet nu katrā ziņā ļoti daudz. Tas nozīmē, ka kopā mēs varam. Mūsu tautas prezidents, kam rūp visa Latvijas tauta, gan neiznāca parunāt. Laikam bija ļoti aizņemts kādos svarīgos valstiskos darbos. Bet, liela tautas daļa viņu gaidīja pie pils. Žēl. varbūt nākošreiz. Varbūt šo pirmdien Baltijas ceļā viņš būs. Ja negadīsies atkal kas ļoti valstiski svarīgs.Bet Latvijā tauta mostas. Ar vien vairāk cilvēku saprot kas īsti notiek. Un ar vien vairāk vara baidās no šīs atmošanās. Tas nozīmē, ka viņu kāršu namiņš brūk. Un tas sabruks. Par to nav šaubu. Mums jābūt vienotiem. Mēs arī esam vienoti. Un mēs būsim vienoti. Mēs uzvarēsim!!!Kopā mēs varam!!!/Dr.E.Mednis/#AgenskalnaKlinika #GribuSportot #KopaMesVaram #DziveBezBailem #IzglabDraugu"
275,20.08.2021 13:58:19,Āgenskalna klīnika,,,"Vēsture atkārtojas. Atkal mums jāiziet ielās un ceļos cīnīties par savu brīvību tāpat kā pirms vairāk kā 30 gadiem. Tāpat kā toreiz stāvēsim uz Baltijas ceļa, sadevušies rokās, ar gaišu skatu nākotnē un uguni sirdī. Ar domu par brīvību. Par brīvību no vergturiem, par brīvību no karantīnām, par brīvību no eksperimentiem ar mums ar cilvēkiem laboratorijas žurciņu vietā, par brīvību brīvi paust savu viedokli bez cenzūras, par brīvību domāt un rīkoties. Mēs jau rīkojamies. To mēs parādījām 18.augustā un to mēs parādīsim arī tagad. Un vara baidās. Jo jau tagad godājamais Skrides kungs ir nācis klajā ar domu, ka vakcinācija tomēr varētu nebūt vienīgais veids kā saglabāt darbu. Kolosāli. To mēs esam panākuši. Protams tam vēl jāmaterializējas konkrētos valdības lēmumos, bet jau pati diskusija no valdoņu puses ir tā vērta. Tas nozīmē, ka ĶOPĀ MĒS VARAM!!!!!! Un KOPĀ MĒS ESAM SPĒKS!!!!!!Kopā mēs varam!!!/Dr.E.Mednis/#AgenskalnaKlinika #GribuSportot #KopaMesVaram #DziveBezBailem #IzglabDraugu"
287,25.08.2021 22:12:32,Āgenskalna klīnika,,,"Vakcīnrealitāte Latvijā sadarbībā ar juristiem ir sagatavojusi iesniegumu paraugus iesniegšanai skolā. Kā labi zināms, skolās bērnus laidīs tikai testējot. jautājums - kur paliek DNS materiāls, kas tiek paņemts testa laikā? Kā tas tiks apstrādāts? Jautājums arī  - kas ņems paraugus? Vai skolā ir kvalificēts medicīnas personāls? Un vai skola ir klasificēta un likumā noteiktajā kārtībā reģistrēta kā medicīnas iestāde? Bez tam, kā zināms no Somijas piemēra, konkrēti Tamperes pilsētas - skolotājs mācību laikā klasi aizveda uz sporta zāli, kurā notika bērnu vakcinācijas pret Covid. Vairāki bērni esot tikuši hospitalizēti. Kopumā uzreiz cieta ap 20 bērniem. Tas ir krimināli sodāms. Jo neviens Jūsu un manam nepilngadīgajam bērnam neko nedrīkst darīt bez vecāku atļaujas. Par jebkuru medicīnisku manipulāciju ir jālūdz vecāku piekrišana. Jo, ja gadījumā, kaut kas notiek ar bērnu - kurš būs atbildīgs? Kurš iznesīs visu smagumu uz saviem pleciem? Skolotājs, kurš aizveda, jeb māsiņa, ka špricēja? Jeb skolas direktors, kas to pieļāva? Neviens izņemot vecākus. Tad varēsiet gadiem tiesāties [ar savu taisnību. Bet Jūsu bērna veselība būs neatgriezeniski sabojāta.Tādēļ, pirms laist savu bērnu skolā, iesniedziet skolai iesniegumu - kādu no variantiem, ko izvēlaties. Dariet to 2 eksemplāros - viens paliek skolai, otru palūdziet apzīmogot un parakstīt kā saņemtu. Un paglabājiet pie sevis. Otrais eksemplārs Jums noderēs, ja gadījumā skola pārkāps Jūsu doto pilnvarojumu.Sargiet savus bērnus un neļaujiet viņus noindēt.Kopā mēs varam!!!/Dr.E.Mednis/#AgenskalnaKlinika #GribuSportot #KopaMesVaram #DziveBezBailem #IzglabDraugu"
293,29.08.2021 16:57:46,Āgenskalna klīnika,,,"Kabalas tiesā Izraēlā uzklausīja Dr. Zelenko. Ļoti interesanta saruna, kurā Dr.Zelenko pamato gēnu injekciju kaitīgumu un skaidro kādēļ tās nedrīkst lietot. Ne tikai nevajadzētu, bet nedrīkst. Iemesls ir ļoti vienkāršs - tās nogalina. Jau tagad visā pasaulē palielinās gan saslimstība ar delta variantu, gan mirstība. Dr. Zelenko min 2020.gada decembri Izraēlā, kad tur strauji pieauga mirstība. Kas tajā laikā notika? Tikai viens svarīgs notikums - tika uzsākta vakcinācija pret Covid 19.  Viņš savā runā arī pamato kāpēc tas tā notiek. Min arī ārstēšanu, kas lēta un ļoti efektīva. Viņš or izstrādājis savu protokolu Covid 19 ārstēšanai ar kura palīdzību ir izglābis neskaitāmus pacientus. Varbūt mūsu dižie arī vēlētos ieklausīties?Sargājam sevi un savus tuvos. Īpaši bērnus.Izglāb draugu - neļauj vakcinēties!!!https://rumble.com/vlgoai-36049914.htmlKopā mēs varam!!!/Dr.E.Mednis/#AgenskalnaKlinika #GribuSportot #KopaMesVaram #DziveBezBailem #IzglabDraugu"
296,30.08.2021 10:47:08,Āgenskalna klīnika,,,"Austrālijā no trijām sastāvdaļām ""siltas drēbes, malka un smagā tehnika"" ir vajadzīga tikai viena - pēdējā. tā ir valsts, kurā genocīds sit augstu vilni - ir ieviesta obligātā vakcinācija. Bet, kā zināms, visā pasaulē uzsākot vakcināciju pret covid 19 ir palielinājusies iedzīvotāju mirstība. Un arī parādījies Delta variants, pret ko vakcīna nestrādā. jautājums ir - vai tā tiešām ir vakcīna, jeb tomēr gēnu inženierijas produkts, kas domāts depopulācijai nevis cilvēku dzīvību glābšanai? Jo līdz šīs injekcijas uzspiešanai, iemānīšanai ar viltu, piekukuļošanai ar bonusiem un loterijām un citām neģēlībām, mirstība bija tāda pat, kā caurmērā visus gadus - nekas īpašs.Līdz ar to mums ir stingri jāiestājas pret obligātu špricēšanu, pret obligātu depopulāciju, pret obligātu un masveida cilvēku nonāvēšanu. Tas vienkārši ir zemiski, kas tiek darīts visā pasaulē. Bet tam drīz pienāks gals un šie ļautiņi tiks tiesāti par noziegumiem pret cilvēci. Mēs uzvarēsim.Un tiekamies 18.09.2021 Krastmalā.Kopā mēs varam!!!/Dr.E.Mednis/#AgenskalnaKlinika #GribuSportot #KopaMesVaram #DziveBezBailem #IzglabDraugu"
304,03.09.2021 22:11:39,Āgenskalna klīnika,,,"Tas nu ir noticis. Beidzot kāds runā. Un runā skaļi. Pirms neilga laiciņa ir mirusi 3 bērnu mamma, jauna sieviete (nedaudz virs 30 gadiem) pēc pilna kursa vakcinācijas ar vakcīnu Comirnaty (Phiser). Zāļu valsts aģentūra gan noliedz minētās sievietes nāves saistību ar vakcināciju, bet kā gan savādāk izskaidrot, ja jauna sieviete, kam nav hronisku saslimšanu vienā dienā mirst no plaušu trombembolijas. Jā, protams, tiek minēta saistība ar pretapaugļošanās tablešu lietošanu. Bet vai tas ir ticami? varbūt, ka tomēr saistība ir, ja cilvēks otrajā vai trešajā dienā pēc vakcīnas ievades sāk sūdzēties par aizdusu? vai arī liktenīga bija kombinācija - kontracepcijas tabletes + vakcīna? Abas substances izraisa trombozes. Katrā ziņā ir vērts padomāt un ir vērts ieklausīties šajā stāstā, lai, varbūt, ietaupītu vēl kādas sievietes aiziešanu mūžībā. Nemaz jau nerunājot par grūtnieču vakcināciju, kas, manuprāt, ir noziegums. Tāpat kā bērnu špricēšanas ar minēto substanci. Ieklausāmies un padomājam. Izglāb draugu - neļauj viņa špricēties!!!Kopā mēs varam!!!/Dr.E.Mednis/#AgenskalnaKlinika #GribuSportot #KopaMesVaram #DziveBezBailem #IzglabDraugu"
306,03.09.2021 22:22:23,Āgenskalna klīnika,,,"Un vēl. Bērnu iknedēļas testēšana ir nonsenss. Gan morāli, gan ētiski, gan arī ne īpaši likumīgi, jo, iespējams, nav atrisināta sensitīvo datu aizsardzība attiecībā pret bērniem. Nemaz jau nerunājot par nevakcinēto skolnieku mobingu skolās, ko īsteno valdošā hunta. Bet šeit, Ogres novada pašvaldības vadītājs Egīls Helmanis ir uzrakstījis vēstuli mūsu godājamajam veselības ministram Danielam Pavļutam, kurā pauž savu neizpratni par notiekošo valstī sakarā ar bērnu testēšanu un skolas darbinieku papildus darbu un papildus darba stundām. Interesanti.https://www.ogresnovads.lv/lv/jaunums/ogres-novada-pasvaldibas-domes-priekssedetaja-atklata-vestule-danielam-pavlutamKopā mēs varam!!!/Dr.E.Mednis/#AgenskalnaKlinika #GribuSportot #KopaMesVaram #DziveBezBailem #IzglabDraugu"
334,04.10.2021 22:59:49,Āgenskalna klīnika,,,"Kariņa kungs ar savu huntu šodien atkal izcēlās. Dienas gaismu ieraudzīja nu jau atjauninātie MK noteikumi Covid infekcijas apkarošanā. Tādu tiesisko nihilismu pasaule sen nav pieredzējusi. Ar šiem noteikumiem faktiski cilvēki tiek piespiesti piedalīties medicīniskā eksperimentā. Un tas viss neskatoties uz Kariņa un Pavļuta kungu liekulīgajiem solījumiem, ka, tā sauktā, vakcinācija būs brīvprātīga. Brīvprātīguma princips tiek ievērots ar pistoli pie deniņiem - nestrādā un mirsti badu, vai špricējies. Bet, jācer, tauta būs attapīga un izdomās veidu kā izvairīties. Jo faktiski šis ir masu slepkavības mēģinājums, ja var ticēt kaut daļai no pieejamās informācijas par šo injekciju darbību. Protams, ka atbildība būs jāuzņemas jau minētajiem kungiem. Tikai, šķiet, ka viņi to negrib zināt. Bet tas nemazina atbildību.Es pats savu lēmumu esmu jau pieņēmis. Es nepiedalos šajā medicīniskajā eksperimentā. Un neviens mani nevar piespiest to darīt. Šobrīd risinu sarunas ar juristiem un meklējam izeju no situācijas. Izejas noteikti ir vairākas. Tādēļ izvēlēsimies labāko. Un gribu teikt saviem kolēģiem un līdzcilvēkiem - nebaidieties. Šī visa ir iebaidīšanas kampaņa. tajā brīdī, kad tu nebaidies, tu kļūsti patiesi brīvs. Jā, iespējams būs kādas neērtības, jā iespējams nevarēsi darīt to ko vēlies. Bet to visu atsver iegūtā brīvības sajūta, kad sistēmai nav varas pār tevi. Tā neko nevar tev izdarīt. Jo TU ESI BRĪVS. Un ārpus sistēmas. Tādēļ nebaidāmies. darām savu darāmo. Sakām savu sakāmo. Un esam brīvi.Kopā mēs varam!!!/Dr.E.Mednis/#AgenskalnaKlinika #GribuSportot #KopaMesVaram #DziveBezBailem #IzglabDraugu"
337,05.10.2021 14:39:01,Āgenskalna klīnika,,,"Te burvīgs piemērs no Ukrainas, kur skolas direktors iesūdzējis tiesā valdību par piespiedu vakcināciju. Kad mums būs šādi drosmīgi cilvēki, kas nebaidīsies no valdošās huntas un cīnīsies par savu brīvību? Kur ir drosmīgie skolotāji, ārsti, juristi? Kad jūs rīkosieties? Vai tomēr bailes pāri visam?Vakar runāju ar vienu it kā progresīvu ārstu. Kolēģi. Nešpricētu un tādu, kas ir pret šo tautas indēšanu un, kas saprot procesus. Aicināju viņu runāt. Kā jūs domājiet kāds bija rezultāts? Bailes. Saprot, bet nerunās, jo trīc par savu vietu, savu darbu, Uz jautājumu ko tad darīs tagad? Atbilde bija, ka nu pēdējais, ko varētu darīt ir nošpricēties. Bet nu padoma neesot. Bet reāli neko nedarīs, jo baidās. Tad kāda ir izeja? sagaidīt ""galējo variantu""? Vai tomēr aktīvi rīkoties? Saņemieties, nākiet ārā no savām guļamistabām un virtuvēm. Runājiet. Dariet. Sūdziet tiesā. Ejiet ielās. Kopā mums ir jāuzvar šī hunta. Citādi mums tāpat dzīves nebūs. Un mēs uzvarēsim. Jautājums tikai cik mēs paliksim, kas iznāks no šī kara veseli? Bet mēs uzvarēsim.Kopā mēs varam!!!/Dr.E.Mednis/#AgenskalnaKlinika #GribuSportot #KopaMesVaram #DziveBezBailem #IzglabDraugu"
350,07.10.2021 22:38:50,Āgenskalna klīnika,,,Francijā jau nevakcinētas medicīnas māsas vinnējušas tiesu un viņām tiesa sprieda arī samaksāt par visu nestrādāto laiku. Tā lūk. Tā būs arī pie mums. Viņiem nav nekādu variantu. Taisnība un likums ir mūsu pusē. Turamies.Kopā mēs varam!!!/Dr.E.Mednis/#AgenskalnaKlinika #GribuSportot #KopaMesVaram #DziveBezBailem #IzglabDraugu
356,08.10.2021 21:53:49,Āgenskalna klīnika,,,"Nu re, Pavļuta kungs pateica visu kā ir: vakcinēto cilvēku atnestais vīruss ir bīstams nevakcinētajiem. Interesanti gan, kāpēc mūs tagad spiež vakcinēties????https://www.facebook.com/Eva3oo8/videos/233216262158463/Kopā mēs varam!!!/Dr.E.Mednis/#AgenskalnaKlinika #GribuSportot #KopaMesVaram #DziveBezBailem #IzglabDraugu"
385,22.10.2021 10:59:55,Āgenskalna klīnika,,,"Šeit ir ļoti interesants Vijas Beinertes raksts par situāciju mums apkārt.Un viens no pamata jautājumiem ir vēstījuma beigās: kāpēc pagājušā gadā, kad neviens vēl nebija potēts saslimstība (reālā, nevis uz papīra) bija krietni zemāka, kā tagad? Varbūt, ka ir kādas likumsakarības? Līdzīgi ir ar BCG jeb tuberkulozes vakcīnu. Valstīs, kurās vakcinē visus vai gandrīz visus problēma ir lielāka, nekā valstīs, kurās vakcinē tikai riska grupas. Un BCG vakcīna ir ""vecā tradicionālā"".  Bet arī tajā gadījumā ir zināmas likumsakarības kāpēc tā notiek un tas bija rakstīts agrākajās anotācijā, kas veiksmīgi tika izdzēstas.Lasām un domājam:Vija BeinerteVakar draugam, ar kuru mums ir atšķirīgi viedokļi vakcinācijas jautājumos, atbildēju uz komentāru. Šodien redzu, ka viņa komentārs ir pazudis un līdz ar to ir pazudusi arī mana atbilde.Bet tā kā šajā atbildē bija vairākas atziņas, kas varētu noderēt tiem, kam situācija nešķiet pilnīgi skaidra, dažas pamata lietas noformulēšu vēlreiz.Esmu vakcinējusies pret stabilām infekcijām, kur viena pote sniedz mūža imunitāti, bet nekad neesmu vakcinējusies pret mainīgiem vīrusiem, kam nepieciešama daudzkārtēja vakcinācija.Es no sirds priecājos par katru, kam pēc vakcinācijas pret Covid nav bijis blakņu. Bet vai tie, kam blaknes ir, dažkārt ļoti smagas, kā piemēram, profesorei Ausmai Cimdiņai, kuras vārdu pieminu ar viņas atļauju, nebūtu pelnījuši sabiedrības uzmanību? Un vai cilvēki nebūtu par tādām blaknēm jābrīdina?Nākamais jautājums: Kāpēc Latvijas medijos gandrīz nerunā par to, ka Covid ir ārstējams, turklāt ārstēšana ir jāsāk jau agrīnā stadijā? Jo no neārstēšanas vai nepareizas ārstēšanas rodas blaknes un nepieciešamība slimniekus hospitalizēt.Par ekspertiem: kad LZA prezidents Ivars Kalviņš, kas pats ir vakcinēts un atbalsta riska grupu pacientu vakcināciju, bija uzaicināts uz Covid-19 ierobežošanas stratēģiskās vadības grupas sēdi, kur pauda ne vien savu, bet arī piecu nopietnu organizāciju kopīgu pozīciju šajā jautājumā, un starp citu paskaidroja arī to, kāpēc tie, kas ir pārslimojuši Covid-19 un ieguvuši dabisku imunitāti, nebūtu jāvakcinē, kā arī uzsvēra, ka vakcinācijai jābūt brīvprātīgai, šis viedoklis netika ņemts vērā. Un netika atskaņots platstraumes medijos.Vēl par ekspertiem: dr. Roberts Melouns, sertificēts ārsts un infekcijas slimību pētnieks, RNS transfekcijas atklājējs ""in vitro"" un ""in vivo"", mRNS vakcīnu tehnoloģiju izgudrotājs, analizējot pašreizējo situāciju, atzīst, ka diemžēl notiek tas, ko var saukt par ""virusologa ļaunāko murgu"" (citēju): ""This is precisely what one would see if antibody-dependent enhancement was happening. What is antibody-dependent enhancement? Briefly, it’s that the vaccine causes the virus to become more infectious than would happen in the absence of vaccination, would cause the virus to replicate at higher levels than in the absence of infection.""Ja pavisam īsi: virusoloģijas milži dr. Melons, dr. Montanjē (Nobela prēmijas laureāts), dr. Martins Kuldorfs, dr. Gērts vanden Bose brīdina, ka šī vakcīna nevis aptur sērgu, bet padara vīrusu agresīvāku. Tā saukto ""ganāmpulka imunitāti"" var nodrošināt tie, kas, būdami nevakcinēti, būs pārslimojuši Covid un ieguvuši dabisko imunitāti.Tāpēc virkne augsti kvalificētu speciālistu, riskējot ar karjeru un reputāciju, uzdrošinās celt trauksmi sakarā ar neveiksmīgajām globālā biomedicīnas kompleksa Covid stratēģijām. Korporatīvie platstraumes mediji ir darījuši visu, lai šos cilvēkus diskreditētu un lai noklusētu viņu alternatīvo vēstījumu. Apzinoties, ka par šām lietām vērā ņemamu viedokli var paust tikai augstas raudzes speciālisti, esmu centusies darīt viņu viedokli zināmu plašākai sabiedrībai, jo citādi cilvēkiem ir jāpārtiek no tās informācijas, ko sniedz filologs Kariņš un pianists Pavļuts. Un no reklāmām, kurās par vakcinācijas vajadzību izsakās dziedoņi, aktieri un sportisti."
386,22.10.2021 10:59:55,Āgenskalna klīnika,,,"Un visbeidzot: pirms gada, kad vakcinēts vēl nebija neviens, saslimušo skaits bija daudz mazāks nekā tagad, kad liela daļa populācijas ir vakcinēta – vismaz Izraēlā, ASV un Apvienotajā Karalistē. Lai gan solīts tika, ka vakcīna sērgu apturēs. Vai tas nešķiet dīvaini?Kopā mēs varam!!!/Dr.E.Mednis/#AgenskalnaKlinika #GribuSportot #KopaMesVaram #DziveBezBailem #IzglabDraugu"
387,24.10.2021 21:02:52,Āgenskalna klīnika,,,"Noskatieties manu sarunu ar klīnisko imunologu Lauri Līcīti. Tajā vairākas interesantas tēmas, viena no kurām ir kāpēc pieaugot vakcinācijas aptverei pieaug arī saslimstība.Kopā mēs varam!!!/Dr.E.Mednis/#AgenskalnaKlinika #GribuSportot #KopaMesVaram #DziveBezBailem #IzglabDraugu"
392,04.11.2021 12:15:42,Āgenskalna klīnika,,,"Turpinot tēmu par mirstību, ļoti labu rakstu ar visām atsaucēm ir uzrakstījis bērnu ārsts Artis Žeigurs. Izlasiet. Secinājums ir viens: vakcinācijas pret Covid 19 ir nekavējoši jāpārtrauc, jo tā veicina mirstības palielināšanos.  Un līdz ar to prasība obligāti vakcinēties ir noziegums. Un par to tiesās. Arī šīs teritorijas koloniālās pārvaldes darboņus. Starptautiskā tribunālā. Un aizbēgt viņiem neizdosies, ne viesstrādniekiem, ne muzikantiem. http://www.bernuarsts.lv/plasaks-skaidrojums-kapec-prasiba-obligati-vakcineties-ir-noziegums/Kopā mēs varam!!!/Dr.E.Mednis/#AgenskalnaKlinika #GribuSportot #KopaMesVaram #DziveBezBailem #IzglabDraugu"
395,10.11.2021 00:14:21,Āgenskalna klīnika,,,"Latvijas mediķu alianse ir saņēmusi atbildes vēstuli no Veselības ministrijas. Faktiski tā arī ir vienīgā Valsts institūcijas, kas noreaģēja uz mūsu trauksmes zvanu. Ne Tiesībsargs, ne Saeima, neviens. Arī Veselības ministrija, protams atbildi sniedza jau paredzamu - vakcinēties ir veselīgi un nekādus riskus tas nerada. Protams, tas tā apkopojot uz vairākām lapas pusēm izklāstīto Veselības ministrijas traktātu par tēmu vakcinācija. Neko citu jau arī gaidīt nebija vērts. Bet tas ir tikai sākums. Cik zinu, tad Latvijas republikas tiesās ir iesniegti neskaitāmi pieteikumi par cilvēktiesību pārkāpumiem. Tādēļ nepadodamies. Noturam taisnu muguru. Neejam špricēties. Sistēma agonē. Un ap Ziemassvētkiem būs pagrieziens uz gaišo pusi. Paliks vieglāk. Mums ir jāiztur vēl šie pusotra mēneša. Neļaujam sevi salauzt. Un mēs uzvarēsim. Kopā mēs varam!!!/Dr.E.Mednis/#AgenskalnaKlinika #GribuSportot #KopaMesVaram #DziveBezBailem #IzglabDraugu"
401,15.11.2021 10:57:06,Āgenskalna klīnika,,,Šodien dzirdēju kolosālu ziņu: turpmāk 15. novembris būs svinamā diena - nevakcinēto brīvības diena. ❤️❤️❤️ To sāks atzīmēt jau šodien visā Latvijā brīvdabas pasākumos. Sekojiet līdzi savām reģionu grupām. Kopā mēs varam!!!/Dr.E.Mednis/#AgenskalnaKlinika #GribuSportot #KopaMesVaram #DziveBezBailem #IzglabDraugu
402,16.11.2021 22:03:31,Āgenskalna klīnika,,,"Interesantas ziņas no Beļģijas - intensīvās terapijas nodaļā visi ir pilnībā vakcinētie. Tāda ir arī mūsu nākotne, ja ne jau tagadne. Ziniet to joku: kāda starpība starp konspirācijas teoriju un īstenību? 6-12 mēneši.  Izrādās, ka katrā jokā ir daļa joka. lai cik tas skarbi arī nebūtu. Visas konspirācijas teorijas, par ko pirms gada šausminājāmies un neticējām ar matemātisku precizitāti ir piepildījušās. Un pavērojiet tagad kas notiek - ja rebalitika vai delfi kaut ko ļoti aktīvi noliedz, ziniet, pēc kāda laika tā būs īstenība. Lai gan tagad jau arī meinstrīma mediji sāk radīt brīnumainus sižetus. pavērojiet ar padomju pilsoņa acīm. daudz ko var saskatīt starp rindām. Ļoti interesantā laikā dzīvojam. Tāpat arī, kad Pavļuta kungs aizgūtnēm stāstīja, ka šī nevakcinēto pandēmija, zināju, ka drīz sāksies interesantākais. Te rai ir - Beļģijā jau tas ir noticis. Pie mums, šķiet, arī. Protams pēc neoficiālām ziņām. Lai gan oficiozi to noliedz. Bet ........ Kopā mēs varam!!!/Dr.E.Mednis/#AgenskalnaKlinika #GribuSportot #KopaMesVaram #DziveBezBailem #IzglabDraugu"
465,05.01.2022 00:01:23,Āgenskalna klīnika,,,"Špricēt bērnus ar eksperimentālajām gēnu injekcijām maigākajā gadījumā ir amorāli, smagākajā gadījumā tas ir noziegums. Par šo noziegumu tiks tiesāti ārsti. Tā teica vācu ārsts jautāts vai viņš vakcinētu bērnus, ja viņam to liktu.Es domāju, ka šo saprot gan valdības ierēdņi, gan Pavļuta kungs, gan arī tā saucamie valdības eksperti. Ne velti profesore Zavadska esot teikusi, ka bērnus nevajag vakcinēt pret moderno kaiti. Tikai  valdība cer, ka tiesās ārstus nevis viņus. Bet, kā zināms, pavēļu došana arī ir noziegums.Sargājam savus bērnus. Neļaujam viņus nošpricēt.Kopā mēs varam!!!/Dr.E.Mednis/#AgenskalnaKlinika #GribuSportot #KopaMesVaram #DziveBezBailem #IzglabDraugu #SargiBernus"
481,24.01.2022 21:44:05,Āgenskalna klīnika,,,"🔥Aicinājums pievienoties kolektīvajai vēstulei par vakcinācijas problemātiku!🔥Vēstule tiks nosūtīta rīt plkst.10:00, jo trešdien sociālo lietu komisijā tiks skatīts jautājums par pretstraumes ārstu sodīšanu par viedokļu paušanu, kas ir pretrunā varas ieviestajai vakcinācijas politikai.Kopā mēs varam!!!/Dr.E.Mednis/#AgenskalnaKlinika #GribuSportot #KopaMesVaram #DziveBezBailem #IzglabDraugu #SargiBernushttps://forms.gle/LoJUUb7rc9CmDrde9"
576,31.03.2022 19:01:26,Āgenskalna klīnika,,,"Ļoti interesanta Lielbritānijas statistika. Pie mums jau ir līdzīgi. Tikai pagaidām mums mālē acis ar terminu jaukšanu - nevakcinēts ir gan pilnībā nevakcinēts, gan tie, kas saņēmuši pa devai līdz 14 dienai pēc otrā prieciņa. Līdz ar to liela daļa saslimstības un nāvju ""iekrīt"" sadaļā nevakcinētie, lai gan tas tā nav korekti. Bet papīrs jau pacieš visu.Domājam, ko darām. kaut gan nevienam jau nevar liegt izklaides. Lai arī tās ir injekciju veidā. Bet tomēr piedomājam par savu darbību sekām.Un sevišķi jau par bērniem. Gan saviem, gan svešiem. Viņi bieži vien neapzinās ko dara. Sevišķi, ja vēl ir skolotāju, skolu un vienaudžu spiediens.Kopā mēs varam!!!/Dr.E.Mednis/#AgenskalnaKlinika #KopaMesVaram #DziveBezBailem #IzglabDraugu #SargiBernus"
677,04.08.2022 22:23:22,Āgenskalna klīnika,,,"Ārsti runā. Te Dr. stāsta par Pfizer bērnu vakcinācijas izmēģinājumu un tā rezultātiem. Slēdziens - vakcīnas ir drošas un efektīvas. Ja papēta viņu pašu dotos skaitļus, tad tā vis nesanāk. Neļaujiet sašpricēt savus bērnus ar šo indi.Kopā mēs varam!!!/Dr.E.Mednis/#AgenskalnaKlinika #KopaMesVaram #DziveBezBailem #IzglabDraugu #SargiBernus"
694,22.08.2022 10:59:56,Āgenskalna klīnika,,,"Ienākušas diezgan satraucošas ziņas. Nezinu gan cik taisnība vai dezinformācija. Bet ņemot vērā, ka katrā jokā ir daļa joka, tāpat katrā dezinformācijā ir savs patiesības grauds, nolēmu par to tomēr runāt. Tātad ziņa:Ļoti svarīgi VISIEM SKOLĒNU VECĀKIEM❗️❗️❗️Izglītības ministrija jau ir nodevusi instrukcijas par to, ka skolēni bez vecāku piekrišanas tiks “potēti” šoruden (pote būs orāli uzņemama, ne adatas veidā). Ļoti precīzi jālasa jaunie noteiktumi, ko vecāki parakstīs ar jauno mācību gadu, jo tur šis ir viltīgi noslēpts. Par šo nekaunību privāti ziņoja kāds pedagogs no Rīgas skolas, kas to savām acīm lasījis. Līdz ar to esam īpaši uzmanīgi un neļaujamiem manipulācijām ar saviem bērniem! ❗️❤️❗️Vērtējam paši un domājam paši. Lasām dokumentus, ko mums liek parakstīt. Un sargājam savus bērnus. Un, protams, ziņojam par jebkādiem mēģinājumiem bērnus saindēt pēc iespējas plašāk.Kopā mēs varam!!!/Dr.E.Mednis/#AgenskalnaKlinika #KopaMesVaram #DziveBezBailem #IzglabDraugu #SargiBernus"
696,26.08.2022 22:20:02,Āgenskalna klīnika,,,"Dīvainas darbības norisinājās Pārdaugavā. Esot viens cilvēks visu paveicis. Tā teikt mazs cinītis gāž lielu vezumu. Tā dēvēto Uzvaras pieminekli beidzot, kā solīts nojauca. Bet..... Dīvaini ir tas, ka 30 gadus tas nevienam īsti netraucēja, bet tagad..... Tagad sasparojās ļautiņi un to izdarīja. Varam minēt tikai kas tam bija par iemeslu. Zinām, ka nejaušību nav. Zinām to, ka šādas darbības nenotiek tāpat vien. Zinām to, ka brīdis nojaukšanai ir izvēlēts apzināti - karš Ukrainā, vēlēšanas un vēl, noteikti citi faktori, par kuriem es nezinu. Es neatbalstu karu Ukrainā. Es neatbalstu agresiju kā tādu. Bet, es neatbalstu arī savu spalvu spodrināšanu uz citu rēķina un otram acīs spļaušanu, lai arī viņš būtu izdarījis ko aplamu.Viss notiek pēc scenārija -  sākumā rīdīja potētos pret nepotētajiem, tad turpināja ar Ukrainas un Krievijas atbalstītājiem, tagad nācis klajā nacionālais jautājums - latvieši pret krieviem. Nelietīgi, manuprāt. Un jebkura šāda manipulācija tiek veikta tikai un vienīgi, lai sanaidotu cilvēkus savā starpā, jo tad viņi ir viegli vadāmi. Interesanti ko vēl izdomās, lai šķeltu? Būtu labāk apvienojuši tautu. Bet tas, redz, nav izdevīgi.Skumji. Vienkārši skumji. Mūsu uzdevums šajā laikā, kā izskatās ir neļauties provokācijām, neatbalstīt esošo režīmu. Mums pat tika izsūtītas instrukcijas kādu laiciņu atpakaļ ar rīcības plānu okupācijas gadījumā. Iespējams, šis ir tas gadījums. Jo jebkura okupācijas vara darbojas pretēji tautas interesēm. Ja esošā vara darbojas pretēji šeit dzīvojošo tautu interesēm, tad iespējams tā ir okupācijas vara. Sevišķi, ja to vada ārzemju pilsoņi. Vai tad ne? Kopā mēs varam!!!/Dr.E.Mednis/#AgenskalnaKlinika #KopaMesVaram #DziveBezBailem #IzglabDraugu #SargiBernus"
711,14.09.2022 10:57:15,Āgenskalna klīnika,,,"Interesanti. Astra Zeneca Viceprezidente nespēj atbildēt uz vienkāršiem jautājumiem. Tātad vai nu viņi nezina atbildes vai vienkārši melo, jo īstā bilde nemaz nav tik saulaina. Vai arī īstais, tā saucamās, vakcinācijas iemesls ir pavisam cits.Kopā mēs varam!!!/Dr.E.Mednis/#AgenskalnaKlinika #KopaMesVaram #DziveBezBailem #IzglabDraugu #SargiBernus"
765,27.10.2022 23:05:36,Āgenskalna klīnika,,,"Vakcīnas ir drošas un efektīvas. Tās ir nepieciešamas, lai samazinātu saslimstību. Ja vakcinēsieties, slimosiet vieglāk jeb neslimosiet nemaz. Tādus un līdzīgus saukļus, noteikti, ir dzirdējis ikkatrs. Daudzi arī ir ""uzķērušies"" uz šīs makšķeres un ļāvušies pierunāties. tas attiecas gan uz konvencionālajām vakcīnām kā bērnu kalendārā paredzētās, gan arī to indes devu pret moderno vīrusu, kuru nezin kāpēc sauc par vakcīnu. Šobrīd vairāk kā jebkad šī tēma ir aktuāla. Ir ļoti daudz blakņu. Gan no tām indes devām, jeb grafēna injekcijām, gan arī no gripas potēm. Šeit ir viens skaudrs stāsts. Māmiņa ir zaudējusi mazuli 23. grūtniecības nedēļā. Zaudējusi, iespējams, tāpēc, ka ļāvusies ginekoloģei pierunāties uz gripas vakcīnu, jo ""dažas grūtnieces nomirst"" no gripas.Es kādreiz biju diezgan lojāls pret konvencionālo vakcināciju. Bet redzot, kas notiek pēdējo divu gadu laikā, redzot un dzirdot tos melu kalnus, kas tiek stāstīti gan masu medijos, gan citur, klausoties kolēģu teiktajā vispār reizēm pārņem šausmas - vai tiešām, Jūs, kolēģi, tā domājiet? Jā, pēc pēdējo divu gadu melu kalniem, man nācās pārskatīt savu ļoti lojālo attieksmi šajā jautājumā. Tik skaidri uzzīmējās iespējamā korupcija ne tikai Latvijas līmenī, bet Eiropas un pasaules, tik skaidri parādījās visas ""biznesa"" shēmas, farma lobijs politikā, likumu pieņemšanā un valstu politikas noteikšanā. Brrrr. Šermuļi skrien pār kauliem par to visu domājot. Dīvaina pasaule.Bet atceramies, ka savu realitāti veidojam mēs paši. Par savu dzīvi atbildīgi esam mēs katrs pats. Un nav labu vai sliktu lietu, kas ar mums notiek. Tā visa ir pieredze. Tā visa ir laba. lai gan reizēm skaudra. Bet, acīm redzot, tā kādu iemeslu dēļ, mums ir bijusi nepieciešama. Tas, protams, neattaisno ārstus, kas pilnīgi neiedziļinoties jautājumā, nezinot un neizskaidrojot iespējamās blaknes, nozīmē tādu nopietnus medikamentu kā vakcīna. Arī viņiem ir jāatbild, ja ne likuma, tad savas sirdsapziņas un dieva priekšā. Kā mums visiem par saviem labajiem un ne tik labajiem darbiem.Un šis stāsts ir vērtīgs ar to, ka, iespējams, liks ļoti daudziem padomāt, un pārvērtēt savu nostāju un rīcību.Katrā ziņā, lai kā mūs kāds censtos par kaut ko pārliecināt, mums vienmēr ir izvēle. Domājam līdzi un neļaujamies lozungiem mūs apmānīt. Domājam.https://www.vakcinrealitate.org/aktualitates/partraukta-grutnieciba-pec-gripas-vakcinas/Kopā mēs varam!!!/Dr.E.Mednis/#AgenskalnaKlinika #KopaMesVaram #DziveBezBailem #IzglabDraugu #SargiBernus"
799,15.11.2022 10:21:01,Āgenskalna klīnika,,,"Kaut ka dīvaini - vairākas, tā saucamās, vakcinācijas sejas, jau ir beigušas savas šīs dzīves gaitas. tā bija Indijā, tā arī ASV, tagad Argentīnā. Šī, laikam, pagaidām ir visjaunākā ""seja"". Vakcīnas ir drošas un efektīvas? Patiešām?Kopā mēs varam!!!/Dr.E.Mednis/#AgenskalnaKlinika #KopaMesVaram #DziveBezBailem #IzglabDraugu #SargiBernus"
809,27.11.2022 20:19:58,Āgenskalna klīnika,,,"Interesantas ziņas nāk gaismā. paturēsim prātā vienu lietu - farma neko par velti nedod. Daudzas vakcīnas tā ir ienākušas. 1993. gadā valstij esot uzdāvināts ap 200 tūkstošiem devu Hemofilus influencae, jeb viena no mengītu paveidiem vakcīna. Tajā laikā, ģimenes ārsti, kā vienmēr, neko daudz nepaskaidrojot, bet tomēr piedāvāja nevis vienkārši iedūra šo jauno vakcīnu. 1995. gadā es sāku strādāt kā iecirkņa pediatrs Purvciemā un pats savām acīm redzēju šīs vakcīnas blaknes - to bija uzkrītoši daudz. gandrīz katram otrajam. Neskatoties uz to, Profesore Rozentāle tomēr publiski paziņoja, ka šī vakcīna esot ""droša un efektīva"" un līdz ar to iekļaujama obligātajā vakcinācijas kalendārā. tas jau nekas, ja vien ne sīkums, ka tajā laikā mums nebija pieejama hemofilus influenae diagnostika. Interesanti kā tika noteikta efektivitāte?Kopā mēs varam!!!/Dr.E.Mednis/#AgenskalnaKlinika #KopaMesVaram #DziveBezBailem #IzglabDraugu #SargiBernus"
825,07.12.2022 10:22:55,Āgenskalna klīnika,,,"Pirms dažām dienām runāju ar cilvēku no UK, kurš man satraukti stāstīja, ka tajā valstī daudz bērnu mirstot no skarlatīnas. Skarlatīna ir streptokoku izraisīta saslimšana, kam nevajadzētu būt dzīvībai bīstamai, ja vien to daudz maz adekvāti ārstē. Tādēļ izklausījās dīvaini, ka bērni no tās mirst. Bez tam bērniem ir ļoti labi attīstīti dažādi kompensācijas mehānismi, kas spēj darīt brīnumus. Un bērniem attīstītā valstī nebūtu jāmirst no streptokoka izraisītas saslimšanas. Un tad šodien ieraudzīju šādu ziņu (pielikumā). Tad uzreiz rodas jautājums - kas tas ir, ko tagad dažādos veidos cilvēkiem mēģina dabūt iekšā un, šķiet, ka ideja par zelta miljardu nav tikai dažu galīgu plānprātiņu iztēles auglis, bet politika, kas tiek sistemātiski īstenota visā pasaulē. Acīmredzamais neticamais. Bet nekas cits neatliek kā noticēt. Par kovidindēm nemaz nerunājot. Jo sarunājoties ar cietušajiem pēc tām, mati ceļas stāvus no šiem stāstiem. Un tālāk rodas pamatots jautājums - cik vispār mēs un mūsu bērni varam būt droši un pasargāti veicot jebkuru medicīnisku manipulāciju, iestājoties slimnīcā akūtā vai plānveida kārtā, aizejot pie ģimenes ārsta, saņemot ""obligāto"" bērnu vakcināciju u.t.t.. Izskatās, ka tagad ir izmēģināts ar kovidindi, tagad visu to labo, kas bija tajā, mēģina pievienot gan gripas potēs, gan, nav izslēgts, arī pārējās. Tādēļ sargājam sevi, savus bērnus un savus vecākus. Neļaujiet neko sev darīt, nevienu medicīnisku manipulāciju, kāmēr neesiet saņēmuši loģisku un skaidru izskaidrojumu kas tas ir ko kādi ir riski. Ja redziet, ka ārsts mēģina tikai iebiedēt vai atrunāties un izpratnes viņam nav par šo tēmu, mūciet.  Un jo ātrāk, jo labāk. Tā, iespējams, jūs izglābsiet veselību un arī dzīvību.Vēl nedaudz ir jāiztur sistēmas agonija, bet būs labi. Acīm redzot mums ir jāmaina skatījums uz lietām un notikumiem. Nekas vairs nav un nebūs pa vecam. Kopā mēs varam!!!/Dr.E.Mednis/#AgenskalnaKlinika #KopaMesVaram #DziveBezBailem #IzglabDraugu #SargiBernus #Spekavots"
844,28.12.2022 00:14:55,Āgenskalna klīnika,,,"Šai pasaulē dzīvojot ar katru dienu paliek ar vien jautrāk. Šī brīža ""jautrību"" izraisīja sekojoša ziņa - iespējams, ka stinguma krampju vakcīnai tiek pievienotas neauglību izraisošas zāles. Prijehaļi. Kur vēl tālāk? Tā sanāk, ka šobrīd ticība farmācijas industrijai un medicīnai kā tādai ir līdzvērtīga nullei. Lai šobrīd ietu pie ārsta un lietotu jebkādas klasiskās zāles jābūt ļoti stingrai pārliecībai par ārsta goda prātu un to, ka viņš/viņa zina, kādas izraksta. Katrā ziņā ar vakcīnām paliek ar vien bīstamāk. Un nevilšus nāk prātā Bila Geitsa teiktais: ja mēs ar vakcīnām labi pastrādāsim, tad populāciju ir iespējams samazināt par 10-15%. Diezgan skarbi. Bet pēdējo divu gadu pieredze rāda, ka ļoti reāli. Jau šobrīd pilni kapi ar svaigām kapu kopiņām, kura apglabāti jauni, spēcīgi cilvēki, kas ""ticēja zinātnei"". Sanāk, ka ar konvencionālajām vakcīnām grib piebeigt tos, kas netic zinātnei, bet tomēr ir par vāju jeb bailīgu, lai atteiktos no vakcinācijas vispār. Un arī mūsu bērnus un mazbērnus padarītu nespējīgus radīt pēcnācējus. Tad lūdzu, šeit jums ir arguments.Kopā mēs varam!!!/Dr.E.Mednis/#AgenskalnaKlinika #KopaMesVaram #DziveBezBailem #IzglabDraugu #SargiBernus"
860,12.01.2023 11:50:09,Āgenskalna klīnika,,,"Un te vēl - japāņu pētījums Singapūrā, kas ir viena no visvairāk ""vakcinētajām"" valstīm - 90% iedzīvotāju. Interesanti ir secinājumi - ka vakcinētie slimo biežāk, smagāk un maskās aug tāda flora un fauna....... Labāk to nezināt. Sevišķi jau tiem, kas izvelk no kabatas jau pelēku kļuvušu masku un uzstūķē uz deguna, lai ""drošāk"". Par to jau esmu neskaitāmas reizes rakstījis. Bet nu tikai atgādinājumam ar pētījumiem. Jo mums taču ir ""uz pierādījumiem balstīta medicīna"". https://jamescintolo.substack.com/p/brand-new-japanese-study-shows-maskingKopā mēs varam!!!/Dr.E.Mednis/#AgenskalnaKlinika #KopaMesVaram #DziveBezBailem #IzglabDraugu #SargiBernus"
873,28.01.2023 13:21:46,Āgenskalna klīnika,,,"Uzticība farma industrijai sarūk ar katru dienu. Personīgi es, tai neticu vispār. Visi jau zina par kovidinjekciju ietekmi uz veselību, kā arī daudziem tuvu draugu vai paziņu lokā ir kāds, kas ir cietis no tām. Tad nāk Bilonkuļa sacītais par vakcīnām spray veidā, kam seko, nu jau arī Latviju sasniegušais deguna aerosols, kas neesot ne zāles, ne vakcīna, bet, kas pasargājot deguna gļotādu no vīrusa iekļūšanas. Ticam? Laikam jau nē. Un tad, protams, ir arī tā sauktais obligātais vakcinācijas kalendārs bērniem. Kas notiek ar to? Vai tam var uzticēties, ka tās vakcīnas paliek tādas pašas, kādas tās bija? Iespējams ka nē. Jo kas var garantēt, ka pēc visām tām cūcībām, ko pēdējo divu gadu laikā izpildīja gan valstu valdības (ar retiem izņēmumiem) un farmācijas uzņēmumi, kas te viss ir tīrs? Laikam neviens. Jau kādu laiku gaisā virmo ziņa, ka stinguma krampju vakcīnas sastāvā ir viela sterilizācijai. Cik tur tās taisnības, nav  zināms, bet pieļaut tādu domu var. Un te vē ziņa par to, ka arī ""parastās"" vakcīnas tiek pārtaisītas uz mRNS. Tas nozīmē, ka tās nodarīs ne mazāku ļaunumu kā kovidšprices. vai mums to kāds pateiks, ka tās ir pārveidotas? Laikam jau, ka nē. Špricēs tik nost. Un pieliekam klāt arī globālās elites ideju par zelta miljardu. Jautājums - kur paliks atlikušie 6 miljardi? Nu tur arī paliks. tādēļ jau tiek laistas apgrozībā arvien jaunas mRNS injekcijas. Kaut kā jau jātiek vaļā no liekajiem. Turamies. Un turam acis vaļā. Neļaujamies apmuļķoties un piekrāpties. Kopā mēs varam!!!/Dr.E.Mednis/#AgenskalnaKlinika #KopaMesVaram #DziveBezBailem #IzglabDraugu #SargiBernus"
919,20.04.2023 00:02:53,Āgenskalna klīnika,,,"Sestdien Rīgā, pie Brīvības pieminekļa no  plkst. 12:00- 13:00  notiks PIKETS par starptautiskās konvencijās ietvertām tiesībām pa šam noteikt pār savu ķermeni un bez nelabvēlīgām sekām atteikties no jebkuras medicīniskas manipulācijas. Par veselu cilvēku tiesībām strādāt un saņemt medicīnisko palīdzību, nemodificējot savu ķermeni ar vakcīnu, vai citādi. Par godprātīgu informēšanu par ieguvumiem un riskiem pirms parakstīt piekrišanu jebkurai medicīniskai procedūrai. Ja cilvēku informē tikai par ieguvumiem un neinformē par riskiem, tad cilvēks netiek informēts atbilstoši likuma prasībām un parakstam un piekrišanai nav juridiska spēka. Ja likums par nevakcinēšanos paredz nelabvēlīgas sekas, tad piekrišana vakcinācijai nav brīvprātīga. Par godprātīgu informēšanu par zāļu un vakcīnu absolūto efektivitāti un izmaksu efektivitāti. Par atbalstu īsi pēc vakcinācijas mirušo ģimenēm un cilvēkiem, kam pēc pienākuma pēc veiktas vakcinācijas ir pasliktinājusies veselība. Par brīvu piekļuvi oficiālajiem dokumentiem, par informācijas brīvību. Par kārtību, ka cilvēks pirms vakcinācijas piesakās vakcīnai e- veselībā un valsts iepērk tikai tik vakcīnas, cik cilvēki vēlas vakcinēties, lai 100 miljoni mūsu, nodokļu maksātāju nauda nebūtu jāšķiež velti!Par Satversmes 93 pantā uzliktā pienākuma aizstāvēt ikviena cilvēka dzīvību ievērošanu tiesvedībās par pienākuma vakcinēties atzīšanu par prettiesisku, jo vakcīna var bojāt veselību un nogalināt. Vakcinācijai, bija jāpaliek brīvprātīgai, kā to ieteica Eiropas vadlīnijas.Ja piekrītat ka vienīgi jums ir tiesības noteikt pār savu ķermeni un nodokļu nauda ir jālieto jūsu interesēs,  NĀCIET, emocionāli atbalstiet cietušos un palīdziet atjaunot savas pārkāptās tiesības, jo šobrīd darba devējs drīkst izlemt vai prasīt jums vakcinēties, pirms atļaut strādāt, vai nē un valdība par covid vakcīnām plāno tērēt 63 miljonus. Sabiedriskie mediji par šo oficiāli pieteikto piketu stāsta īsi, tāpēc, lūdzu DALIETIES ar šo ziņu, lai cilvēki uzzina!"
952,05.08.2023 21:54:51,Āgenskalna klīnika,,,"Savulaik Orvels rakstīja, ka  visi dzīvnieki ir vienlīdzīgi, bet daži ir vienlīdzīgāki par pārējiem. Te ir skaidrs apliecinājums dzīvē. Izrādās, ka Faizers saviem darbiniekiem ir nodrošinājis pavisam citas injekcijas nekā pārējiem, kas devās uz tā sauktajiem, vakcinācijas punktiem. Interesanti gan. Kas tajās ir bijis savādāks? Iespējams, ka blakņu sarakstiņš nav tik garš un nopietns. To rādīs dzīve.Kopā mēs varam!!!/Dr.E.Mednis/#AgenskalnaKlinika #KopaMesVaram #DziveBezBailem #IzglabDraugu #SargiBernus"
1008,30.11.2023 22:34:27,Āgenskalna klīnika,,,"Viena no ""sviestainākajām"" potēm ir HPV vakcīna, jeb vakcīna pret dzemdes kakla vēzi. Jau pati ideja - vakcīna pret vēzi. Nav jau pat īsti p[ierādīts, ka vēzi izraisa kāds no papillomas vīrusiem. Un bez tam, ja mēs vēzi skatām enerģētiskā plānā, tad vēzis ir sastrēgums kādā no enerģijas kanāliem. Kā var vakcinēt pret enerģijas sastrēgumu.? Bez tam pret dzemdes kakla vēzi vakcinē arī puikas. Pavisam dīvaini. Lai nu kā būtu, pašiem vien ir jādomā ko ņemt pretim un ko nē. No savas puses es nevaru nevienam ieteikt šo dīvainību. Bet lemiet katrs pats par saviem bērniem.Kopā mēs varam!!!/Dr.E.Mednis/#AgenskalnaKlinika #KopaMesVaram #DziveBezBailem #IzglabDraugu #SargiBernus"
1037,19.01.2024 23:44:56,Āgenskalna klīnika,,,"Šo filmu būtu vērts noskatīties katram maza bērna vecākam pirms pirmās vakcinācijas. Tā ir 1982. gada filma par Difterijas, stinguma krampju un garā klepus vakcinācijas sekām. Vērtīgi. Bet jāpatur prātā, ka tā ir ""vecā labā"" vakcīna. Kas tajā nācis klāt vēl pēdējos pāris gados, īsti nav zināms. Bet ļaunas mēles runā daudzas interesantas lietas. https://rumble.com/v2bs3nw-dpt-vaccine-roulette-1982-full-documentary.htmlKopā mēs varam!!!/Dr.E.Mednis/#AgenskalnaKlinika #KopaMesVaram #DziveBezBailem #IzglabDraugu #SargiBernus"
1049,07.02.2024 13:40:36,Āgenskalna klīnika,,,"Šī ir interesanta ziņa. Ir patiesība vai nav, tā arī, šķiet, nekad neuzzināsim. Bet šī ziņa man sasaucas ar gadījumu no mūsu zemes vēstures. Tā, šķiet, bija 1993. gads. man tikko bija piedzimis dēls. Biju klasiskās medicīnas absolūts piekritējs. tai skaitā vakcinācijas piekritējs. Mācījos vēl toreiz LMA (Latvijas Medicīnas akadēmija, tagad RSU). Vedu savu puiku pie iecirkņa pediatra (toreiz bija tādi ģimenes ārstu vietā). Vienā tādā vizītē, pediatre piedāvāja poti pret meningītu. Teica, ka esot laba un droša, bet šobrīd pēc vecāku vēlēšanās. nezin kāpēc paņēmu pauzi ar domu pajautāt pasniedzējiem LMA. Kad jautāju - saņēmu atbildi, ka Latvijas valstij ir  ""uzdāvināts"" paliels apjoms šo  vakcīnu un tādēļ tās ir brīvprātīgas. Bez tam tajā laikā mums nebija šīs slimības diagnostikas - nevarējām to noteikt laboratorijā. Tādēļ tomēr neieteica potēt šo bērnam. Tā bija Hemofilus influencae vakcīna. Tā arī puikam to neiepotēju. Tad Rīgā bija atbraukusi Profesore Gaļina Červonska ar lekciju tieši par potēm. Viņa stāstīja, ka apmeklējot kādu semināru ārzemēs satiek Pastēra institūta vienu no bosiem, kas saka: kā man patīk Austrumeiropa. Viņa jautā: kāpēc? Uz ko viņš atbild: saproti, es atbraucu uz klīniskajiem izmēģinājumiem un visi līgumi jau ir saslēgti. Tā lūk. Toreiz ""visi līgumi jau bija saslēgti"" pat šīs vakcīnas klīnisko izmēģinājumu. Tad sāku strādāt iecirknī par pediatru un redzēju, ka ir uzkrītoši daudz blakņu. Pēc kāda laika radio dzirdēju interviju ar vienu no tā laika mūsu Valsts vadošajām infektoloģēm, kas teica, ka šī vakcīna esot droša (daudz blakņu), efektīva (mums nebija diagnostikas) un labi panesama (daudz blakņu) un tādēļ tā tiek ieviesta vakcinācijas kalendārā. Tagad šī vakcīna ir kopā ar difteriju un stinguma krampjiem kombinētās vakcīnas sastāvā.Tā tas, diemžēl, notiek. Lieki, protams, piebilst, ka neviens nekādu līgumu nevienam nepiedāvāja parakstīt. Mutiski piekriti un aidā. Tādēļ neizslēdzu, ka šī varētu būt patiesa informācija. Ļoti daudz ko mēs nezinām no farmācijas aizkulisēm.Kopā mēs varam!!!/Dr.E.Mednis/#AgenskalnaKlinika #KopaMesVaram #DziveBezBailem #IzglabDraugu #SargiBernus"
1055,15.02.2024 23:38:00,Āgenskalna klīnika,,,"Kā labi zināms, no šī  gada pirmā janvāra ir grozīti Ministru kabineta Vakcinācijas noteikumi Nr. 330. Juriste Agita Galiņa ir sniegusi savu komentāru par to, kas mainījies un arī uz ko tas viss ved.Tālāk Agitas Galiņas sagatavotais materiāls. Lasām, domājam, rīkojamies.2024.gada 11.janvārī spēkā stājās grozījumi Ministru kabineta 2000.gada 26.septembra noteikumos Nr.330 “Vakcinācijas noteikumi”. Šeit daži juridiski apsvērumi un uzvedinošas “spekulācijas” par to, kas ar šiem grozījumiem tiek ieviests, jeb valdības ieskatā – uzlabots. Grozījumu anotācijā, kā ierasts, tiek pamatota un cildināta tiesiskā regulējuma izmaiņu nepieciešamība. Pamatā ir divi kreņķi. Pirmais – sabiedrībā mazinājušās vaxināciju aptveres pret tuberkulozi, B hepatītu, masaliņām un epidēmisko parotītu difteriju, stingumkrampjiem un poliomielītu, meitenēm pret CPV, un tas liecinot par sabiedrības neinformētību, tāpēc esot jāturpina veicināt iedzīvotāju vakcinācija pret vakcīnnovēršamajām infekcijas slimībām. Un otrs – nepieciešama vaxinācijas procesa digitalizācija, un šim procesam ir pavisam progresīvs nolūks, jeb izpildvaras vārdiem “Vakcinācijas pārvaldības procesa digitalizācija ir nozīmīga arī sabiedrībai, jo dos iespēju tiešsaistē veselības informācijas sistēmas platformā iegūt informāciju par savu vakcinācijas statusu un nepieciešamo nākamo vakcināciju, tādējādi ļaujot savlaicīgi ieplānot vizīti uz vakcinācijas iestādi vai arī iegūt izziņu par vakcinācijas statusu, kas varētu būt nepieciešama, piemēram, bērnam izglītības iestādes apmeklēšanai vai arī personai tādu darba pienākumu veikšanai, kas saistīti ar inficēšanās vai infekcijas slimību izplatības risku, vai arī nepieciešama ceļošanai un citām līdzīgām dzīves situācijām.”.  Īsāk sakot - nepieciešams precizēt normatīvo regulējumu un uzlabot vakcinācijas procesa plānošanu, organizēšanu un digitalizēšanu.Uzreiz jānorāda, ka jēdziens “obligātā vakcinācija” ietver valsts pienākumu nodrošināt pietiekamu vaxīnu daudzumu un pieejamību, nevis obligātu pienākumu pakļauties profilaktiskai ārstniecībai ar organismā ievadāmām zālēm. Grozījumu anotācijā pat veselas divas reizes ir uzsvērts, ka vakcinācija ir un paliek jebkura cilvēka brīva izvēle. Ar  šiem grozījumiem vaxinācijas kalendārā tiek ierakstītas valsts apmaksātas vaxīnas pret C19 un gripu kā pieaugušajiem, tā bērniem. Tas nozīmē, ka ārstniecības personas regulāri “rekomendēs” saviem pacientiem vaxinēties pret šīm divām infekcijas slimībām. Lai uzsvērtu valsts “nesavtīgumu un rūpes par saviem iedzīvotājiem”, tiek prioritizētas riska grupas ar īpašu nepieciešamību vaxinēties, un tikai tad arī pārējie imunizēties alkstošie varēs saņemt savas devas, jo valsts tās dāsni būs nodrošinājusi visiem gribētājiem. Riska grupu uzskaitījums ir garš (skat. grozīto noteikumu 44.1 punktu), vien jāpiebilst, ka starp tām ir visi bērni no 6 mēnešu līdz divu gadu vecumam, grūtnieces, personas vecumā no 60 gadiem, hronisko slimību pacienti u.c. Tas nozīmē, ka šīm grupām tiks pievērsta īpaša uzmanība uz mērķtiecīgu novaxinēšanu… Anotāciju lasot nepamet sajūta, ka tiek radīta deficīta ilūzija – vaxīnas ir ekskluzīva prece, kuras sarūpēšanā valsts iegulda milzīgus resursus, tāpēc novērtējiet un pasteidzieties – nāciet potēties, jo visiem tās mantas var nepietikt! Uzmanības vērti ir grozījumi attiecībā uz ārstniecības iestādēm, kuras veiks vaxināciju pret C19. Tiek noteikts, ka vakcināciju pret C19 arī turpmāk veiks tās ārstniecības iestādes, kas būs noslēgušas līgumu ar Nacionālo veselības dienestu (NVD). Vienlaikus esot svarīgi saglabāt iespēju vakcinēties Nacionālo bruņoto spēku ārstniecības iestādēs, Valsts robežsardzes ārstniecības iestādēs un ieslodzījuma vietu ārstniecības iestādēs. Papildus tiek noteikts, ka vaxināciju var veikt arī ārpus ārstniecības iestādes, faktiski izbraukuma vakcināciju, tikai tad ir jānodrošina iespēja organizēt vakcinējamo personu plūsmu un personas novērošanu pēc vakcinācijas veikšanas."
1056,15.02.2024 23:38:01,Āgenskalna klīnika,,,"Tālāk grozījumi nosaka to, kā visa informācija par vakcīnām un vakcinācijas procesu tiks digitalizēta. Lai neieslīgtu detaļās, akcentēsim vien to, kas skars ikvienu, un tā ir mūsu datu apstrāde un izmantošana. Lai saprastu shēmu, šeit citāts no grozījumu anotācijas: “..vakcinācijas faktu ievade veselības informācijas sistēmā tiek uzsākta ar 2024.gada 1.janvāri. Šie dati informācijas sistēmā tiek uzkrāti un NVD, kas ir šīs sistēmas pārzinis, tos agregētā veidā nodos SPKC datu analīzei. Minētā informācija, lai novērtētu vakcinācijas rezultātus un sabiedrības vakcinācijas aptveri, tiks analizēta, uzkrājot informāciju par vakcīnu izlietojumu. Vakcinācijas iestāde, ievadot informāciju par vakcinācijas faktu, norādīs arī rekomendēto nākamās vakcinācijas laiku. Tādējādi tiešsaistē tiks nodrošināta informācija gan vakcinācijas iestādei un ģimenes ārstam, gan personai par veikto vakcināciju un rekomendējamo nākamo vakcinācijas laiku..”.  Skatāmies tālāk: izmantojot veselības informācijas sistēmā pieejamos datus, ģimenes ārsts var identificēt pacientus, kam vakcinācija, piemēram, pret sezonālo gripu vai C19 ir īpaši rekomendēta. Pamatojoties uz minēto informāciju, ģimenes ārsts var rekomendēt savā aprūpē esošajiem pacientiem vakcināciju pret C19. Šajā brīdī atceramies par minēto “izbraukuma vaxināciju” vai vaxinēšanu ārpus ārstniecības iestādēm, jo situācijā, ja ģimenes ārsta prakse vakcinācijas procesu nenodrošina vai nevakcinē mājās, tad ģimenes ārsts sagatavo apzināto pacientu sarakstu tālākai procesa organizēšanai un novirza ģimenes ārsta prakses vakcinācijas sadarbības iestādei, kas nodrošina izbraukuma vakcināciju personas dzīvesvietā. Tā kā šie grozījumi esot svarīgi arī veicot citas izbraukuma vakcinācijas, grozījumi tiek attiecināti uz vispārējiem vakcinācijas veikšanas nosacījumiem, nevis tikai uz vakcināciju pret C19. Tas nozīmē, ka NVD identificēs novaxinējamās personas un nodos sarakstus vaxinācijas iestādēm. Versijas, par ko tas liecina, formulētas raksta nobeigumā. Bez tam, tagad epidemioloģisko draudu gadījumā veselības ministrs ir tiesīgs izdot rīkojumu par atsevišķu iedzīvotāju grupu obligātu vaxināciju neparedzētos gadījumos. Nākamais uzstādījums ir nopotēt visas ārstniecības personas un to atbalsta personas, kas nonāk saskarē ar pacientiem. Tāpat arī ilgstošas sociālās aprūpes un sociālās rehabilitācijas institūciju pacientus un darbiniekus. Šādam nosacījumam, protams, ir kārtējā cēlā atruna - iestādei ir jārūpējas par savu darbinieku aizsardzību no saslimšanas ar C19 un sezonālo gripu, nevis darbiniekiem pašiem jāmeklē iespēja, kur vakcinēties. Tāds ir iestādes vadības pienākums. Gramatiski tulkojot šo nosacījumu, nav noteikts darbinieka pienākums obligāti vaxinēties, taču šeit jāatceras pieredzētais ar C19 afēras ietvaros izdotajiem rīkojumiem-noteikumiem. Ja, piemēram, ārstniecības vai aprūpes iestādes vadība izdos iekšēju rīkojumu, ierakstīs amata aprakstā vai veselības ministrs izsludinās obligāto vakcināciju šīm mērķa grupām, tad atteikšanās no vaxinācijas radīs konkrētas sekas – pildīt darba pienākumus, iespējams, tiks liegts."
1057,15.02.2024 23:38:01,Āgenskalna klīnika,,,"Tagad mazliet par to, kāda ir paredzēta kārtība, lai atteiktos no vaxinācijas. Izvēloties neievadīt savā ķermenī konkrētu vaxīnu, ārstniecības persona prasīs, lai tiek noformēts “informētais atteikums”. Tas, kura puse šādā atteikumā ir informētāka, protams ir diskutabls jautājums. Lai vai kā, tomēr rakstiskam atteikumam jābūt, tādēļ grozījumu ierosinātāji ir izstrādājuši atteikuma veidlapu (noteikumu 9.pielikums). Ir arī atruna - ja ārstniecības persona nevēlās izmantot šādu veidlapu, tad ārstniecības persona atteikumu noformē rakstiski brīvā formā (tāpat kā līdz šim), iekļaujot brīvajā atteikuma formā informāciju no noteikumu 9.pielikuma. Šeit var nefokusēties uz frāzi “ārstniecības persona noformē”, jo tik pat labi savu atteikumu no vaxinācijas katrs var noformēt pats. Ārstniecības personai tikai ir svarīgi, lai būtu ko uzrādīt pārraugošajām institūcijām par to, ka viņš ir darījis visu (skaidrojis, informējis, kauninājis, šantažējis utml.), lai pacients piekristu potēties, tāpēc ieteicams tomēr ar ārstniecības personu sadarboties un situācijā, ja paši formulējat savu atteikumu, tā tekstā iekļaut tos pāris teikumus par ārsta centieniem – lai novērstu iespējamās sankcijas no uzraugošajām institūcijām, kuras varētu ārstniecības personu sodīt par nespēju visus novakcinēt. Taču tālāk ir pavisam interesanti – ar grozījumiem tiek noteikts, ka, neraugoties uz noformēto atteikumu no vakcinācijas, ārstniecības persona turpina skaidrot vakcinācijas nepieciešamību turpmākajā komunikācijā ar pacientu. Tas nozīmē, ka pat tad, ja no kādas konkrētas vaxīnas vai vaxinācijas kā tādas atteiksieties, ārstam jāturpina jūs tramdīt, citādi viņam par to var piemērot soda sankcijas. Visai savdabīgs mehānisms, kā iedzīt stūrī abas iesaistītās puses. Jārēķinās, ka tieši bailes no iespējamā soda būs viens no galvenajiem vadmotīviem, kāpēc ārstniecības personas jūs mierā neliks – tas ir viņu pienākums. Ja to saprot, tad diezgan veiksmīgi var izvairīties no nevajadzīgu un negatīvu emociju uzturēšanas, tā vietā pieņemt situāciju un censties uztvert ārstniecības personu uzstājību tikai un vienīgi kā viņa profesijas neizbēgamu sastāvdaļu.  Īsumā aktuālais regulējuma formulējums uzrāda šādu ainu:1.  Informācija par ikviena indivīda vakcinācijas statusu tiek digitalizēta un regulāri uzraudzīta. Digitālie ieraksti tiek regulāri pārskatīti, lai uzskaitītu izlietotās devas un plānotu nākamo devu pasūtīšanu/iepirkšanu. Mērķis – vaxinācijas aptveres uzlabošana, un šeit ir runa par visām vakcīnām, kādas vien valsts iepērk un piedāvā. 2.  Vakcīnas pret gripu un C19 iekļautas vaxinācijas kalendārā un ģimenes ārsts ir atbildīgs par to, lai pacienti regulāri vaxinētos, tostarp bērni no 6 mēnešu vecuma. Atteikums no vaxinācijas jāformulē rakstiski, taču šāds atteikums nedrīkst atturēt ģimenes ārstu no pacienta motivēšanas vaxinēties.3.  Informācija par plānoto vaxināciju vai atteikumu no tās tiek digitalizēta un nenovaxinēto personu sarakstus apstrādā NVD, kurš identificēs novaxinējamās personas un nodos sarakstus vaxinācijas iestādēm. 4.  Vaxinēt drīkst arī ārpus ārstniecības iestādes. (Atceramies “potēšanas centrus” tirdzniecības vietās,  kapos u.c.) Faktiski iepriekšējā punktā minētās personas var sasēdināt autobusā un nogādāt kaut stadionā, kur tos “izbraukuma vaxinācijā” vaxinēs nacionālo bruņoto spēku vai robežsardzes ārstniecības iestādes (šis nav apgalvojums, bet iespējamo scenāriju modelēšana, jo to realizēšanu šis regulējums pieļauj).5.  Veselības ministrs var izdot rīkojumu par atsevišķu mērķa grupu obligāto vakcināciju (ar jebkādu – gan esošu, gan nākotnes vaxīnu). Pamatojumu tam gan jau piemeklēs (skat. kovidafēras pieredzi), un tad var sekot arī iepriekšējā punktā minētā rīcība. 6.  Senioriem 60+ vakcinācija pret gripu un bērniem (1 – 18 g.) pret ērču encefalītu tiks nodrošināta no valsts pamatbudžeta. Vajag/nevajag – katra paša lēmums, bet vaxinācijas aptvere jāuzlabo un ārsta pienākums ir pacientiem to uzstājīgi rekomendēt."
1058,15.02.2024 23:38:01,Āgenskalna klīnika,,,"7.  Pret gripu un C19 jānopotē visas ārstniecības personas un to atbalsta personas, kas nonāk saskarē ar pacientiem, kā arī ilgstošas sociālās aprūpes un sociālās rehabilitācijas institūciju pacientus un darbiniekus. Nodrošināt šo procesu ir iestādes vadības pienākums. Atteikties var, taču jārēķinās ar iespējamām negatīvām sekām.  8.  Ārsts ir atbildīgs, lai pacientam veiktu visas vaxinācijas kalendārā paredzētās vaxinācijas (atbilstoši veselības stāvoklim). Neraugoties uz rakstisku pacienta atteikumu – ārstam jāturpina sniegt informāciju par “vaxīnu drošību un nozīmi”. Papildus tam ārstniecības personas ir atbildīgas par racionālu vakcīnu pasūtīšanu, izlietošanu un savlaicīgu vakcinācijas faktu reģistrāciju veselības informācijas sistēmā. Par minēto prasību pārkāpumiem ārstu var sodīt.9.  Vaxinējamai personai (pamatojoties uz Pacientu tiesību likumu un Vakcinācijas noteikumu 28.punktu) ir tiesības izvēlēties vakcinācijas iestādi vai ārstniecības personu, kura veiks vakcināciju, kā arī atteikties no vakcinācijas, arī no aizbildnībā esošas personas vakcinācijas. Atkārots uzsvars - neraugoties uz noformēto atteikumu no vakcinācijas, ārstniecības personai jāturpina skaidrot vakcinācijas nepieciešamību turpmākajā komunikācijā ar pacientu.10.  Noteikumi neparedz to, ka ģimenes ārstam pašam obligāti ir jāveic savu pacientu vakcinācija mājās; ja ģimenes ārsta prakse nevakcinē mājās, tad ģimenes ārsts sagatavo apzināto pacientu sarakstu tālākai procesa organizēšanai un novirza ģimenes ārsta prakses vakcinācijas sadarbības iestādei, kas nodrošina izbraukuma vakcināciju personas dzīvesvietā. Šeit paturam prātā arī 4. punktā minēto, tikai vairs ne stadions, bet gan “vakcinācijas brigāde” dzīvesvietā… 11.  Akcentēts periods, kāds jāievēro pieaugušo balstvakcinācijai pret difteriju un stingumkrampjiem (ik 10 gadi), ar norādi, ka nokavēta vakcinācijas termiņa rezultātā nav jāatkārto pilns vakcinācijas kurss (pietiekot ar vienu balstvakcinācijas devu), kā arī tiek norādīta vakcinācijas shēma iepriekš nevakcinētiem pieaugušajiem (piemēram, tiem, kurus bērnībā vecāki nav vakcinējuši, patvēruma meklētājiem).12.  Personām, kuras sniedz manikīra un pedikīra pakalpojumus, tetovēšanas un ādas caurduršanas procedūras, ir jāvakcinējas pret B hepatītu. Arī pašnodarbinātajām personām ir nepieciešams vakcinēties pret B hepatītu, jo arī pašnodarbināto personu sniegtie pakalpojumi esot saistīti ar paaugstinātu infekcijas slimību izplatīšanas risku.Visbeidzot, grozījumu anotācijā lasāma šāda piebilde: Saskaņā ar šobrīd noslēgtajiem līgumiem, vakcīnas pret Covid-19 ir iepirktas un tāpat kā līdz šim tiks nodrošinātas iedzīvotājiem līdz 2026.gada beigām. Covid-19 slimības izraisītājs un izplatības tendences mainās, tādēļ 2026.gadā tiks vērtēta Covid-19 ietekme uz sabiedrības veselību un nepieciešamības gadījumā no 2027.gada tiks plānots jauns vakcīnu iepirkums.Ar šiem grozījumiem mēs nepārprotami redzam pakāpenisku, bet mērķtiecīgu virzību uz digitalizāciju, kas veicina globālu un monopolizētu veselības aprūpes pārraudzību. Mums tiks noteikts, ar ko cilvēce slimos, no kā jābaidās, kad un kādas “ārstniecības” metodes jāpielieto. Nekā pārsteidzoša – LV ir ļoti iztapīgs un paklausīgs ierēdņu aparāts, kurš bez mazākās šaubīšanās, kur nu vēl domāšanas, saregulēs visu, ko globālie psihopāti pieprasa. Vai Tu to pieļausi?  Vai atbalstīsi klusējot un pakļaujoties? Domā līdzi, zini savas tiesības un izmanto tās!"
1060,19.02.2024 20:49:23,Āgenskalna klīnika,,,"Klausos vienas no LV infektoloģēm lekciju par pneimokoku. Gauži interesanti. Latvijā vakcīna pret pneimokoku ieviesta, kā viņa apgalvo, 2010. gadā. Un tad nāk interesantākais - SPKC dati par saslimstību. Protams, var jautāt, kāpēc dati ir tikai par pēdējiem 10 gadiem, nevis par pēdējiem 20. Tad, iespējams, būtu vēl interesantāk. Bet skatieties tabuliņā. Vakcīna, kā vienmēr, droša un efektīva. Bet saslimstība pat iet nedaudz uz augšu. Jautājums - kāpēc? Varbūt jāvakcinē divtik cītīgi? Ar dubultām devām? Jeb tomēr kaut kas te nav īsti kārtībā. Jo vakcinācija esot vienīgais veids kā pasargāt cilvēkus.Un vēl viens interesants apgalvojums šajā lekcijā - slimības ierosinātāja nēsātāji. paši var nesaslimt, jo laba imunitāte, bet var atnest mājās kādam, kam nav tik laba. Tad varbūt rūpējamies par sevi un saviem tuvākajiem un stiprinām viņu imunitāti dabīgiem līdzekļiem? Ietaupīsim valsts budžetā kādu kapeiciņu. Un cilvēkiem būs vairāk veselības.Domājam līdzi.Kopā mēs varam!!!/Dr.E.Mednis/#AgenskalnaKlinika #KopaMesVaram #DziveBezBailem #IzglabDraugu #SargiBernus"
1066,28.02.2024 23:27:38,Āgenskalna klīnika,,,"Labs materiāls par drošo un efektīvo cilvēka papillomas vīrusa jeb HPV vakcīnu. Diezgan interesanti fakti. Izrādās, kopš sāka vakcinēt meitenes 2006. gadā saslimstība ar cilvēka papillomas vīrusu nevis samazinās, bet pieaug. jautājums: kas ir kritērijs drošībai un efektivitātei?Kopā mēs varam!!!/Dr.E.Mednis/#AgenskalnaKlinika #KopaMesVaram #DziveBezBailem #IzglabDraugu #SargiBernus"
1103,17.09.2024 12:38:02,Āgenskalna klīnika,,,"Nebiju domājis rakstīt, bet skatos, ka tas ir jāizdara.Pēdējo notikumu sakarā ar it kā no difterijas mirušo bērniņu. Un visu tam sekojošo baiļu un baidīšanas kampaņu.  Kovic ir pagājis, visi ar to melu un krāpšanas notikumi ir piemirsušies. Un te re kā, difterija tiek izrakta. Gaidījām atkārtotu kovidu, gaidījām mērkaķbakas, bet nē, kungi un kundzes nosvērās par labu vecajai labajai difterijai. marketings jau tiek izvērsts grandiozs. Žetons par izdomu un realizāciju šīs kampaņas organizatoriem. Žēl tikai, ka cieš bērni. Informācija, kas nāk, ir ļoooooti pretrunīga. Bija, difterija, nebija difterija, pozitīvs tests, negatīvs tests. Sākumā negatīvs, kas vēlāk pārtapa par pozitīvu...... U.t.t.  Skarbi. Un vēl dažādi fakti, kas ap to visu saistībā - attieksme, karantīnas, cilvēcība ....... Plašs spektrs.Bet, ja mēs tā abstrahējamies no emocijām. Kāds ir sausais atlikums? Difterijas slimnieku šogad nav vairāk kā bija iepriekšējos gados. Tāpat ir vakcinēti un nevakcinēti. Kā zināms, difterijas vakcīna NEPASARGĀ no saslimšanas. Tā veido antitoksisko imunitāti. tas ir tā strādā pret difterijas toksīnu. Tātad tā var pasargāt pret toksiskām reakcijām, kas ir viena no sastāvdaļām difterijai kā slimībai. Bez tam pēc imunologu teiktā 10% populācijas vakcīnas neiedarbojas. Tas nozīmē, ka 100% vakcinēto tāpat ir iespēja saslimt un 10% vakcinēto tāpat ir iespēja smagi slimot ar visām toksiskajām reakcijām. Līdz ar to, manuprāt ažiotāžai, kāda tā ir patreiz, nav īsti pamata un tā, maigi sakot, nav ētiska. Ja vien neņem vērā biznesu. Pārsteidz cilvēku atmiņa. Un arī reakcijas. Un nespēja salikt informāciju kopā. Ar šī gada 1. septembri Latvijas tautas republika kopā ar vēl četrām ES dalībvalstīm piedalās pilotprojektā par digitālajām vakcīnpasēm un to ieviešanu. Un re, pēc nedēļas klusuma pēkšņi difterija...... Vai tad tas ir pirmais difterijas gadījums LV pēdējā gadsimta laikā? Nē. katru gadu mums ir 8-10 tādu gadījumu. Kas tad mainījies? Kāpēc tāda jezga? Vakcīnpases. Nezolīdi jau būtu palaist šādu jezgu no pirmā septembra. vai nu arī nebija pacientu. Un te re, patrāpījās. vai arī tika piezīmēta viņam difterija. kas to, lai zina. Bet nu kārti izspēlēja gana meistarīgi. Un trāpīgi. Bingo! Tauta skrien potēties. Esot gandrīz jau rindās jāstāv. :) Rezumē - elpojam dziļi. Saglabājam vēsu prātu. Un atceramies, ka jebkuras turbulences apstākļos vissvarīgākais ir nogaidīt līdz visi duļķi nosēžas un tad var skaidrāk redzēt kas ir kas un kas vispār notiek.Mīlam sevi un savus apkārtējos. ❤️Kopā mēs varam!!!/Dr.E.Mednis/#AgenskalnaKlinika #KopaMesVaram #DziveBezBailem #IzglabDraugu #SargiBernus"
1104,17.09.2024 21:00:59,Āgenskalna klīnika,,,"Šodien arī Tiesībsargs esot izpaudies, ka gadījumā, ja vecāki atsakās potēt bērnus, ārsts varēs nodot lietu Bāriņtiesā. Ar domu, ka ""sabiedrības interesēs""  upurēsim gan izvēles brīvību, gan arī bērnus. Skaisti. Esmu jau teicis, ka šī pseidodemokrātija man atgādina PSRS laikus. PSRS2. Tā nav iekārtas slavināšana, bet gan sajūtas un paralēles, kas nevilšus nāk prātā.Bet Tiesībsarga izteikumu sakarā palūdzu Jurista viedokli, ko publicēju zemāk:Par tiesībsarga “aktuālo viedokli”:Tā ir filozofēšana-teoretizēšana, bla bla bla stilā. Atrādīties publikai, aplaimot provakserus, attaisnot savu eksistenci. Realitātē ir un būs pavisam savādāk. Lai vecāka vietā (jeb apejot vecāku kā bērna likumisko pārstāvi) pieņemtu lēmumu attiecībā uz bērna veselības aprūpi, ir vismaz daļēji jāierobežo vecāka tiesības. Ar indoktrinēta un klišejiskai domāšanai pakļauta ārsta “motivētu iesniegumu” vien nepietiks. Gribēšu paskatīties tāda apgarota ārsta profesionālajās acīs, kurš uzdrošināsies rakstiski apgalvot, ka bērna novakcinēšana katrā konkrētā situācijā ir bērna vislabākajās interesēs – tad apsēdīsimies pie apaļā galda un skaidri izrunāsim visus par/pret. Bez špikeriem, suflieriem vai asistentiem, tikai zināšanas, loģika un veselais saprāts. Ar garantiju varu teikt – tāds ārsts zaudēs ar kaunu! Lai Bāriņtiesas amatpersonas mēģinātu pieņemt lēmumu par bērna novakcinēšanu “pēc ārsta motivēta ieteikuma”, būtu jāmaina virkne likumi, MK noteikumi un visbeidzot /neeksistējošā/ Satversme. Jāsāk jau ar vakcinācijas termina skaidrojumu Epid.drošības likumā - tas nu nekādi neatbilst tam, ko spēj/nespēj ""nodrošināt"" apritē esošie preparāti. Izskatās, ka būs nepieciešami vismaz pāris precedenti, lai valsts pārvaldes ierēdnīši un ar neadekvātu pašapziņu apveltītās amatpersonas atskārstu, cik patiesībā ir aprobežoti, banālas indoktrinācijas pavadā gājuši, un cik bezjēdzīgi aplams bijis amatam veltītais dzīves posms. Dod Dievs tādiem savlaicīgi atjēgties! Pretējā gadījumā nāksies piedzīvot nežēlīgu un pazemojošu kaunu…Vispār izskatās, ka valdība centīsies organizēt vērienīgu vaxinācijas reklāmkampaņu, jo grozīt tiesisko regulējumu būs ļoti laikietilpīgs un sarežģīts pasākums. Juristi negulēs, būs nopietni iebildumi.  Tas nozīmē, ka mums jāsarosās un jāorganizē vismaz dubultvērienīga pret-kampaņa. Vēl viens aspekts - ar šo visu zem tanka tiek pamesti ģimenes ārsti: no viņiem pieprasīs kā bērnu tā visu pārējo pacientu  regulāru novaxinēšanu, detalizētas atskaites un skaidrojumus, ja tas neīstenosies prasītajā apjomā, kam sekos sankcijas (skat. FB izvērstos apsvērumus par grozījumiem MK Vaxinācijas noteikumos Nr.330 š.g.sākumā). Tas rada bažas, ka var parādīties ārstniecības personu apdraudējums - kāds noteikti neizturēs un būs nopietni verbāli vai pat fiziski uzbrukumi, kas atkal var novest pie nākamās paraugprāvas. Valsts pārvaldes ierēdņi ļoti izsmalcināti cenšas izvairīties no atbildības. Jebkurā gadījumā vainīgi būs ārsti - sodīs, ja nevakcinēs, un pēc tam sodīs, ka pakļāvās un vakcinēja  (jo viņiem taču vajadzēja zināt!). Smalki!Tā lūk. Ar interesi gaidām notikumu tālāku attīstību.Vēl cīņa nav galā un nebeigsies......Kopā mēs varam!!!/Dr.E.Mednis/#AgenskalnaKlinika #KopaMesVaram #DziveBezBailem #IzglabDraugu #SargiBernus"
1105,19.09.2024 21:49:48,Āgenskalna klīnika,,,"Patreiz ir sacelta milzu ažiotāža ap to itkā difterijas bērniņu, kas pirms dažām dienām nomira. Bet ir viens gadījums, kas tā klusām paslīdējis garām. Tie ir faktiski divi gadījumi 2022. gadā, kad pilnībā vakcinēts bērns pret pneimokoku zaudēja dzīvību un otrs bērniņš ilgstoši ārstējās intensīvās terapijas nodaļā un vēlāk arī pulmonoloģijas nodaļā. Kā tad tā? Drošas un efektīvas. Vai tiešām? Par minētajiem faktiem var izlasīt Imunizācijas valsts padomes sēdes protokolā. Pievienoju. Kāpēc tad profesore Zavadska necēla trauksmi medijos? Kāpēc tad mediji un aktīvākā sabiedrības daļa nevainoja neizdarībās atbildīgos? Kāpēc tas netika afišēts tik pat plaši? Iespējams, ka tas nebija izdevīgi. vai varbūt ir kāds cits iemesls? vai varbūt tāpēc, ka vakcinācija NAV panaceja. Tai, kā jebkurai metodei, ir savi ierobežojumi. savas nepilnības. Un tie, kas ir saistīti ciešām saitēm ar vakcinācijas procesu - tai skaitā iepirkumiem, nevēlas stāstīt par ""savu"" produktu nepilnībām. Jo tas vēl vairāk graus to prestižu. Toties tam tikko saslimst nevakcinēts, tā tracis. Atceros kā vienā no konferencēm profesore Zavadska teica, ka pēc viņas uzskata no vakcīnregulējamām slimībām nav nevienam jāmirst.  Un te re kā. Bez tam atgādināšu imunologu teikto, ka 10% vakcinēto cilvēku vakcīnas neiedarbojas - tie neveido nekādu aizsardzību. Bez tam tagad tiek aktualizēts jautājums par piespiedu vakcināciju pret atsevišķām slimībām. Mani interesē tiesiskais regulējums blakņu gadījumā. Vai tas būs tāpat kā ar tā sauktajām kovid vakcīnām, kad ZVA atsaka jebkādas kompensācijas saņemšanu blakņu gadījumā, jo neesot pierādīts. Un arī ārstiem, acīm redzot, bija dots rīkojums neatzīt blaknes. Līdz ar to cilvēki, kam patiešām bija blaknes no šīs indes, netika pat pie kompensācijas par veselības bojājumu. Vai tas pats tiks paredzēts arī šoreiz? Dzīvosim, redzēsim.Bet sekojam līdzi informācijai Veselības ministrijas mājas lapā, jo tajā ik pa laikam parādās uzaicinājums tautas apspriešanai par dažādiem grozījumiem Vakcinācijas noteikumos. Nepalaižam garām iespēju izteikties. Kopā mēs varam!!!Kopā mēs darām!!!/Dr.E.Mednis/#AgenskalnaKlinika #KopaMesVaram #DziveBezBailem #IzglabDraugu #SargiBernus #KopaMesDaram"
1108,20.09.2024 11:09:19,Āgenskalna klīnika,,,"Tikko palasījos savā klīnikas FB, ko raksta faktečekeri. Interesanti. Viņi apgalvo, ka vakcinācija pret difteriju pasargā no saslimšanas. Tā ir vai nu tīša dezinformācija, vai arī klaja nezināšana. Jo, palūkojoties vakcīnas anotācijā https://zalulietosanasinstrukcija.lv/hexacima-eu113828004  kurā ir rakstīts, ka šī vakcīna satur difterijas toksoīdu. Tas, savukārt, nozīmē, ka ievadot šo vakcīnu veidojas antitoksiskā imunitāte, nevis antimikrobiālā. Respektīvi antivielas tiek veidotas pret toksīnu nevis pret mikrobu. Un tas, savukārt, nozīmē to, ka pret saslimšanu vakcīna nepasargā. pasargā tikai no toksīna iedarbības. lai gan ar vienu noteikumu - ja tā iedarbojas. Tādēļ es ieteiktu cienījamai Ingai Spriņģes kundzei ar Co painteresēties vairāk par to, ko viņa publiski pauž un cik tas atbilst patiesībai no zinātnes viedokļa. Mēs taču ticam un uzticamies zinātnei. Vai ne tā?Kopā mēs varam!!!Kopā mēs darām!!!/Dr.E.Mednis/#AgenskalnaKlinika #KopaMesVaram #DziveBezBailem #IzglabDraugu #SargiBernus #KopaMesDaram"
1109,20.09.2024 13:55:06,Āgenskalna klīnika,,,"Šodien Delfos bija raidījums par un par vakcinēšanu. Latvijā redzami kolēģi sprieda par to, ka vajadzētu uzlikt par obligātu potēšanos, pretējā gadījumā liedzot piekļuvi valsts nodrošinātiem pakalpojumiem, salīdzinot to ar satiksmes noteikumu ievērošanu. Manuprāt, tā ir klaja demagoģija. Jo tās ir divas kardināli atšķirīgas sfēras un situācijas. lai arī Latvija ir laimes zeme, kurā nav komplikāciju no vakcīnām, tomēr tās ir. Ar konkrētiem vārdiem uz uzvārdiem. Tāpat ir arī konkrēti kolēģi, kas ar puspatiesībām un iebiedēšanu jau tagad piespiež vacākus savus bērnus savakcinēt. Mans jautājums ir: KURŠ UZŅEMSIES ATBILDĪBU PAR SAKROPĻOTĀM BĒRNU DZĪVĒM NO VAKCĪNĀM?  Kurš personīgi? Kāds no kolēģiem, kurš tā vai citādi ""veicina vakcinācijas aptveri""? Nē, neviens. Atbildība un viss situācijas smagums tāpat  gulsies uz vecākiem. pat valsts, ļoti iesējams, neko nekompensēs. Jo atkal kāds no kolēģiem baidīsies to atzīt par vakcīnas blakni.Šī brīža situācijā, ko visi zinām, mamma uzņēmās pilnu atbildību pieņemot lēmumu par bērna nevakcinēšanu. Un šobrīd arī bauda sava lēmuma augļus. Tāpat kā to nevakcinēto, bet pie ļoti labas veselības esošo nevakcinēto bērnu mammas. Jo Viņas un viņu vīri IR uzņēmušies pilnu atbildību par savu lēmumu. Turpretim situācijā, kad piespiedīs vakcinēt, neviens atbildību neuzņemsies. Diemžēl, tāda ir realitāte.Tādēļ darām visu iespējamo, lai saglabātu savas tiesības izvēlēties vakcinēt savus bērnu vai nē.Klāt pievienoju vienu bēdu stāstu, kurā laipni dalījusies vakcīncietuša bērniņa mamma.Kopā mēs varam!!!Kopā mēs darām!!!/Dr.E.Mednis/#AgenskalnaKlinika #KopaMesVaram #DziveBezBailem #IzglabDraugu #SargiBernus #KopaMesDaram"
1124,25.09.2024 17:01:18,Āgenskalna klīnika,,,"Uzmanību ...... gatavību ........ starts! Raganu medības ir sākušās. Vakar Latvijas Ārstu biedrība savā valdes sēdē esot nosodījusi manus izteikumus un manu viedokli. Kā arī apzīmējusi to par ""naida runu"". Lieki piebilst, ka visu šo ambrāžu rosina BKUS  un vēl, protams, arī re: čekisiti ar godājamo Ingu Spriņģi priekšgalā, kas lepojās ar savu iesniegumu mana viedokļa sakarā.  Protams, ir jau vēl personāži, kuri jūtas aizskarti un visu šo melu kampaņu, kas veļas pār mani, rīko no aizkulisēm.Katrā ziņā šī ņemšanās vairāk atgādina aizvainotas mazas meitenītes niķi, kad asaras birst, ego ir aizskarts un papēdīti tik ļoti sit pie grīdas, kliedz, bet to dara aiz savas bezspēcības sajūtas un nepiepildītām ambīcijām. Mums joprojām valstī nav atcelta runas un viedokļu brīvība. Katrs drīkst paust tādu viedokli, kāds nu viņam ir. Katrs izpaužas tā, ka nu dieviņš viņu būvējis. Un nav neviena spēkos to aizliegt. Vismaz pagaidām. Arī man ir tiesības uz savu viedokli. Un to es arī aktīvi paužu.Pārsteidz kas cits - no valsts mutes skan, ka vakcinācija ir ""vienīgā"" drošā un efektīvā metode veselības iegūšanai. Tie nu, maigi sakot, būtu pārspīlējumi. Metožu ir daudz. Gan inženierijā, gan ārstniecībā un dziedniecībā (starp citu ļoti interesanti termini ar milzīgu atšķirību), gan citās dzīves jomās. Manuprāt, būtu kļūdaini apgalvot, ka kāda metode ir pārāka par citu. Un arī diezgan augstprātīgi. Tāpat kā fakts, ka BKUS uzņemas soģa lomu un faktiski izvērš represijas pret vecākiem tikai tā iemesla dēļ, ka tie nepieturas pie vienas metodes. Interesanti zināt, kāpēc viņiem tas būtu jādara? Kas viņiem var un ir tiesīgs aizliegt izvēlēties citu metodi? Vai mēs šobrīd esam apcietinājumā, jeb dzīvojam totalitārā policejiskā valstī, kurā pieļaujama medicīniska diktatūra? Cik man zināms, vēl ne. Bet pēc visa notiekošā tas tā sāk izskatīties.Cienījamās dāmas un godātie kungi, jūs esat iestrēguši vēsturē! Vēsturē, kas tika rakstīta pirms 4 gadiem, kad pietika ar baiļu sēšanu sabiedrībā un visi pakļāvās. Laiki mainījušies. To var redzēt pēc sabiedrības reakcijas un šo it kā difterijas gadījumu. Tauta nav vienaldzīga -  iesaistās gan emocionāli, gan praktiski - izplatot ziņas, runājot, aizstāvot, ziedojot līdzekļus bērniņa vecākiem, rakstot atbalsta vēstules man. Paldies visiem labajiem cilvēkiem, kas nepaliek malā un palīdz! Katrs kā māk un var. Mēs esam spēks. Jo šis ir bifurkācijas laiks, kad ļoti daudz kas izšķiras mūsu dzīvēs. Ja padosimies, nokļūsim tajā realitātē, ko mums piedāvā ar lozungu ""10 tūkstošu vakcīnu vienā reizē"" un faktiski medicīniskā un politiskā verdzībā.  Ir arī otrs variants - turpināt nepalikt vienaldzīgiem, aktīvi runāt, diskutēt, aizstāvēt savējos, pastāvēt par savām vērtībām un pārliecību. Šobrīd mums ir iespēja izveidot citu realitāti - savējo, un mēs to veidojam. Kopā. Lai top!Kopā mēs varam!!!Kopā mēs darām!!!/Dr.E.Mednis/#AgenskalnaKlinika #KopaMesVaram #DziveBezBailem #IzglabDraugu #SargiBernus #KopaMesDaram"
1143,10.10.2024 09:58:51,Āgenskalna klīnika,,,"Sēžu konferencē par Imunizāciju (vakcināciju) RSU aulā. Interesanti notikumi risinās. Dr. Žeigurs pēc vienas no prezentācijām gribēja iebilst, bet viņam nedeva vārdu, tad viņš mēģināja zālē runāt bez mikrofona, bet pieskrēja klāt, iespējams, zāļu ražotāja pārstāvis un ar varu novilka nost no auditorijas priekšas. Tika izsaukta apsardze un daklteris izraisīts no zāles uz pārrunām. Pēc brīža gan saņēma atļauju atgriezties zālē.Lieki pieminēt, ka sēdi vada godājamā prof. Dace Zavadska. Interesanti. laikam ar vakcināciju neiet nemaz tik labi, ja jau šādi tiek apklusināti alternatīvie viedokļi. Piebildīšu, ka prezentācija bija par jaunu respiratori sincitiālā vīrusa vakcīnu, par kuru jau labu laiku runā. Iespējams gatavojas ieviest obligātajā kalendārā.Un vēl viens interesants trends - vakcinēt grūtnieces, lai it kā pasargātu bērnu. Kas tur notiek patiesībā un kāds ir patiesais mērķis, paliek noslēpums.Kopā mēs varam!!!Kopā mēs darām!!!/Dr.E.Mednis/#AgenskalnaKlinika #KopaMesVaram #DziveBezBailem #IzglabDraugu #SargiBernus #KopaMesDaram"
1152,11.10.2024 21:16:29,Āgenskalna klīnika,,,"Jau rakstīju par incidentu RSU seminārā, kur Dr. Žeigurs uzdeva jautājumu un tika rupji grūstīts. Te arī viņš ir uzrakstījis savas pārdomas šajā sakarā. Turpmāk Dr. Žeigura rakstītais. kā arī video ieraksts ar minēto notikumu. Iespējams, ka LĀB Ētikas komisijai, KNAB un Valsts Policijai būtu kas sakāms šajā sakarā. Bet tas tad būtu tuvas nākotnes jautājums. Turpinājumā Dr. Žeigura rakstītais:Es tomēr izvēlos neklusēt par piedzīvoto vardarbību ārstu mūžizglītības pasākumā, kā arī par nesaprātīgo ierobežojumu, vakcinācijas pienākuma un pacientu tiesību pārkāpumu traģiskajām sekām veselības aprūpē.Vakar, RSU mūžizglītības kursos par vakcināciju, mans publiskais aicinājums kursu organizatoriem ārstus izglītot korekti un ētiski, kādu nepazīstamu vīrieti tā satrauca, ka viņš pieskrēja man klāt, sāka mani fiziski aizskart un grūstīt, draudot sadot pa galvu.Vardarbība nav pieņemama. Latvijā visi visus atpazīst. Lūdzu, palīdziet noskaidrot šī emocionāli nestabilā, vardarbīgā vīrieša personību!Vai viņš ir RSU darbinieks, zāļu firmas seja vai vardarbīgs ārsts, kurš uzskata, ka par vakcīnu blaknēm un absolūto efektivitāti nedrīkst jautāt un domā, ka argumentu trūkuma gadījumā ir pieļaujama vardarbība? Es apsveru iespēju par šo uzbrukumu vērsties ar iesniegumu policijā, brīdināt viņa darba devēju vai ārstu ētikas komisiju.Imunizācijas valsts padomes vadītāja - augstākā par vakcinācijas drošību atbildīgā amatpersona Latvijā - nerīkojas ētiski, ja liedz iespēju argumentēti iebilst un pamatot savu viedokli ārstiem, kuri uzskata, ka ārstniecībā pacienta interesēm, kuras vislabāk pārzina viņš pats, ir jābūt pirmajā vietā.  Ārstiem ir jāpārzina informācija par zāļu blaknēm un zāļu absolūto efektivitāti. Nekādos apstākļos nedrīkst ierobežot cilvēka tiesības un pacientu tiesības aizsargāt savu dzīvību, ja tie atsakās no ārstniecības, kuras sekas ir neparedzamas. Starptautiskās cilvēktiesību normas tomēr ir jāievēro, jo tās arī Latvijai ir saistošas.  Pacienta tiesību ierobežojumi nav attaisnojami ar abstraktām visas sabiedrības interesēm vai iluzorām bērna interesēm, kur nu vēl finansiālu izdevīgumu.Bērnu vakcinēšanas atteikuma gadījumā Imunizācijas valsts padomes vadītāja atbalsta veselības ministra un Tiesībsarga ieteikto iespēju iesaistīt Bāriņtiesu. Ja Bāriņtiesa, nesaprātīgu un nesamērīgu motīvu vadīta, atņem vecākiem tiesības uz bērna interesēm neatbilstoša ārstu iesnieguma pamata, tad šāda rīcība jau pēc noklusējuma ir kaitējusi kāda bērna interesēm. No šobrīd pieejamās informācijas ir redzams, ka pēc varmācīgas bērnu atgriešanas “obligātai ārstēšanai stacionārā”, izmisuma, stresa un šoka par vardarbīgu vecāku atņemšanu radītās ilgstošās pārslodzes dēļ bērna sirds bojājuma rādītāji pasliktinājās. Bērns, kura brieduma pakāpe pieļāva viņa viedokļa uzklausīšanu, Bāriņtiesas pārstāvei teica, ka grib mājās pie vecākiem. Bāriņtiesa neierobežoja vecāku saskarsmes tiesības ar bērniem laikā, kamēr vecāku aizgādības tiesības bija pārtrauktas. Pretēji bērna interesēm būt kopā ar vecākiem, tikšanos ierobežojumu - vienu stundu dienā - noteica slimnīca. Kad mammai atļautais īsais tikšanās laiks beidzās un bija jādodas prom, bērns smagi pārdzīvoja un katru dienu teica, ka grib uz mājām, raudāja... Tāpat bērns pārdzīvoja ilgstošus kustību ierobežojumus, atrašanos stresainā vidē. Periodā no 21.septembra līdz 7.oktobrim bērnam bija noteikts stingrs aizliegums kustēties un atstāt gultu. Režīms un izmeklējumi nedrīkst kaitēt bērna veselībai. Nepieciešamais miers un emocionālā drošība tā netiek nodrošināti. Apstākļi bērna emocionālajai labklājībai un drošībai, kas tiešā veidā ietekmē atveseļošanos, nebija bērnam piemēroti."
1153,11.10.2024 21:16:29,Āgenskalna klīnika,,,"Uzskatu, ka nav pieļaujams vispārējs, obligāts pienākums vakcinēties un nav pieļaujama vecāku tiesību ierobežošana uz nevakcinēšanās pamata. Katram cilvēkam veselības aprūpē ir jābūt tiesībām uzzināt par piemērojamās ārstniecības riskiem un brīvi, bez nelabvēlīgām sekām lemt, kas viņam vai viņa bērnam ir labāk. Vēl jo vairāk tāpēc, ka ārstniecībai, tostarp vakcinācijai, ir riski. Neviens ārsts nespēj paredzēt vai garantēt ārstniecības iznākumu, tāpēc ārstam ir pienākums skaidrot ieguvumus un riskus, iegūt pacienta informētu piekrišanu. Gala lēmumu drīkst pieņemt tikai cilvēks pats vai mazgadīga bērna aprūpētājs. Ārsts nedrīkst ārstniecību uzspiest. Piespiedu ārstniecība atbilstoši starptautiskām tiesību normām ir pielīdzināma miesas bojājumu nodarīšanai, faktiski spīdzināšanai. Jāpiebilst, ka neviens normatīvais akts neparedz nozīmēt bērniem obligātu ārstēšanu konkrētā slimnīcā. Valsts vakcinācijas programmas vadītāja rīkojas ļaunprātīgi un neētiski, uzstājot, ka aicinājums ārstus izglītot ētiski nav pieļaujams, jo tas traucējot vakcīnu reklāmas pasākumu. Ja augstākā par vakcināciju atbildīgā amatpersona pretlikumīgi neuzrāda savu iespējamu interešu konfliktu (nesniedz atrunu), tad ārstiem, kuriem rūp ārstu mūžizglītības pasākumu kvalitāte un atbilstība likumam, un kuriem rūp pacientu tiesības, nav citas iespējas, kā vien izteikties publiski un darīt to zināmu plašai sabiedrībai. Vai arī klusēt, tādējādi pasīvi atbalstot ārstu ētikas un pacientu tiesību sistemātisku iznīcināšanu Latvijā...Saistībā ar vārda brīvības ierobežojumiem, kuri sākās kovidvakcinācijas kampaņas laikā kā manipulatīvs aicinājums aizliegt “viltus ziņas”, ir izveidojusies absurda situācija - ārstiem ar ārstiem par veselības aprūpes svarīgiem jautājumiem ir jādiskutē feisbukā, jo klātienē ir sirreāla pieredze, un proti, uz pierādījumiem balstītas diskusijas vietā man neļauj runāt, neatbild arī uz rakstiski iesniegtiem jautājumiem, grūsta, draud sist pa seju vai, iespējams, slēgtā sēdē, slepus atņemt man ārsta sertifikātu.Ārstu ētikas komisijas vairākuma balsojumi ne vienmēr ir ētiski.http://www.bernuarsts.lv/kapec-nedrikst-but-diskriminejoss-pacientu-skirosanas-plans/http://www.bernuarsts.lv/tiem-kurus-gatavojas-nearstet-ir-tiesibas-to-zinat/Cilvēka dzīvību apdraudoši lēmumi par cilvēktiesību ierobežojumiem, veselību un dzīvību apdraudošiem pienākumiem ir brīvi jādiskutē publiski.Ir izveidojusies absurda situācija - vārda brīvība Latvijā tehniski ir atcelta, jo par to, kas ir vai nav viltus ziņas, lemj valsts pārvaldes (vai arī lielo farmācijas kompāniju?) apmaksāti cilvēki ar nepārprotamu interešu konfliktu, kamēr sabiedriskie mediji klusē, vai arī atspoguļo tikai valsts pārvaldes viedokli.Ārstu izglītība un cilvēktiesību, tostarp pacientu tiesību ievērošana Latvijā šobrīd ir savā zemākajā punktā. Pacientu veselības aprūpes drošību var uzlabot vienīgi uzklausot un publiskojot ārstu un pacientu brīvi izteiktus, argumentētus viedokļus. Veselības aprūpes un ārstu izglītības organizatori, kas to nesaprot, nav piemēroti savam amatam.Kā rāda kovidvakcinācijas pieredze Latvijā, ja politiķu ieceltie veselības aprūpes organizatori pieņems jaunus ierobežojumus vai atkal noteiks obligātu pienākumu vakcinēties, būs tikai sliktāk. Cilvēku mirstība Latvijā atkal pieaugs.http://www.bernuarsts.lv/jautajumi-un-atbildes-par-vakcinaciju-pret-covid-latvija/http://www.bernuarsts.lv/vakcinas-izraisiti-veselibas-traucejumi/Kopā mēs varam!!!Kopā mēs darām!!!/Dr.E.Mednis/#AgenskalnaKlinika #KopaMesVaram #DziveBezBailem #IzglabDraugu #SargiBernus #KopaMesDaram"
1161,14.10.2024 22:55:10,Āgenskalna klīnika,,,"Nu jau plašu rezonansi arī lielajos medijos ir izpelnījies skandāls RSU vakcinācijas konferencē ar Dr. A. Žeigura izraidīšanu no zāles par neērtiem jautājumiem konferences vadībai. Konkrēti Prof Zavadskai. Viens no jautājumiem bija par interešu konflikta neesamību. Par to Dr. Žeigurs tika rupji izraidīts no zāles. To darīja, iespējams, zāļu ražotāja MSD Latvijas biroja vadītājs Imants Sinka, kas ir arī Starptautisko inovatīvo farmaceitisko firmu asociācijas SIFFA valdes loceklis. Viņiem ir arī ētikas kodekss un Ētikas komisija, kurai var iesniegt iesniegumus un ierosinājumus. Piedāvāju visiem, kas vēlas uzrakstīt SIFFA Ētikas komisijai iesniegumu un lūgt izvērtēt vai tas bija Imants Sinka un, ja jā, tad viņa rīcību atbilstoši ētikas normām. Te arī SIFFA mājas lapa: https://siffa.lv/lv/etika-un-atklatiba/To pašu varam rakstīt arī uz MSD galveno mītni: https://www.msd.com/contact-us/worldwide-locations/Pievienošu zemāk arī video notikuma atgādinājumamKopā mēs varam!!!Kopā mēs darām!!!/Dr.E.Mednis/#AgenskalnaKlinika #KopaMesVaram #DziveBezBailem #IzglabDraugu #SargiBernus #KopaMesDaram"
1166,18.10.2024 22:46:23,Āgenskalna klīnika,,,"Šodien meitenēm esot bijis 14 (četrpadsmit) ārstu konsīlijs. Jaudīgi. Ko nolēma? Nolēma, ka kaut kas jānolemj. Tas tā vienā vārdā. Ja sīkāk - novērot, uztaisīt pāris izmeklējumus, no kuriem viens ar kontrastvielu. Neviens jau nerunā par to, ka tā var nelabvēlīgi ietekmēt sirds muskuli. Bet nu jātaisa. Un jānovēro abas. Lieki piebilst, ka novērošanas laiks netiek minēts. Un jautājums joprojām paliek atklāts: kādēļ nevar novērot mājās? Ja vecāki noīrē dzīvojamo platību Rīgā vai pie Rīgas, tad gulēt var taču arī tur. Pastaigāties var arī tur. Holtera monitoru var izīrēt un lietot mājās. Līdz BKUS, ja gadījumā sirds ritma traucējumi ir dažas minūtes. Tad kāpēc nevar novēroties mājās? Un ārsta apskati reizi dienā arī var mājās nodrošināt.Bet...... noslēgumā pats interesantākais. Kā jūs domājat, kāds ieteikums vecākiem? Faktiski nevis ieteikums, bet maigs uzspiediens.  Jā, pareizi! - Vakcinācija. Vecākiem esot jāsniedz atbilde vakcinācijas jautājumā. Mamma esot jautājusi - kad plānots uzsākt vakcināciju. Atbilde bija - nekavējoši. Un tagad es īsti nesaprotu. Vai man kaut kas ar zināšanām, jeb kā. Ja pareizi izprotu medicīnu, tad cilvēkam, kas ir pārslimojis konkrētu infekcijas slimību, ir jābūt antivielām pret šo slimību.  Tad ko godājamie BKUS kolēģi grib panākt savakcinējot šos bērnus? Un vēl - manuprāt cilvēkam, kas pārslimojis, kā BKUS paši raksta, smagu difteriju (infekcijas slimību), būtu jādod laiks, lai organisms atjaunotos. Vai ne tā? Un nākamais - bērniem ir miokardīts joprojām. Viņi tiek turēti stacionārā, jo stāvoklis esot nopietns. Tad jautājums - vai vakcinācija ar 6 komponentu vakcīnu, kāda ir difterijas vakcīna, kuras sastāvā ir gan difterijas un stingumkrampju toksoīdi, gan alumīnija sāļi, gan 3 antibiotikas un kas pēc savas būtības ir neirotoksiska, neradīs vēl tālāku un dziļāku miokarda bojājumu? Ja BKUS kolēģi domā par sirds vadīšanas traucējumiem, tad šeit pielieku klāt izkopējumu no kombinētās difterijas et al vakcīnas, kurā aprakstītas neirotoksiskas blaknes. Vai tiešām meitenēm vēl tas ir vajadzīgs? Tas jau izklausās pēc mēģinājuma nodarīt apzinātu kaitējumu bērniem. Kā vārdā? Kas vada šos cilvēkus? Kāds mērķis ir šīm darbībām? Patiesais mērķis, lai vai kāds tas būtu, nav par labu bērniem. Un tas, kā izskatās, pārkāpj galveno jebkura ārsta bausli - nekaitēt pacientam. Diezgan baisi to visu redzēt. Bet turpinām darīt visu iespējamo, lai meitenes pēc iespējas ātrāk tiktu brīvībā un spētu atgūt veselību.Kopā mēs varam!!!Kopā mēs darām!!!/Dr.E.Mednis/#AgenskalnaKlinika #KopaMesVaram #DziveBezBailem #IzglabDraugu #SargiBernus #KopaMesDaram"
1200,09.12.2024 13:20:10,Āgenskalna klīnika,,,"Visi, kas vēlas, laipni lūgti reģistrēties starptautiskai konferencei.Starptautiska konference latviešu valodā. ""PACIENTU TIESĪBAS GLOBĀLĀS VESELĪBAS POLITIKĀ: VAKCINĀCIJA UN PANDĒMIJU PĀRVALDĪBA""""PATIENT’S RIGHTS IN GLOBAL HEALTH POLICY: Vaccination and Pandemic Managment"".Konferencē piedalīsies drosmīgākie Latvijas ārsti un juristi.✅2024. gada 17. Decembrī ✅Plkst 18:30 ✅Konference notiks: Bellevue Park Hotel Rīga, Slokas iela 1-1.REĢISTRĀCIJA DALĪBAI KONFERENCĒ IR OBLIGĀTA. Vietu skaits ir ierobežots.Reģistrējies te līdz 10.12.24.⬇️⬇️⬇️✅Links uz reģistrāciju. https://forms.gle/x3HrRo1oDVSTgNRg8Ja rodas problēmas ar reģistrāciju, rakstat uz e-pastu konferencesv@gmail.com"
1215,10.01.2025 21:24:02,Āgenskalna klīnika,,,"Es pie grozījumu Vakcinācijas noteikumos projekta ierakstīju šādi:Esmu pret grozījumiem MK noteikumos Nr 330. Sevišķi jau pret vecāku kriminalizēšanu pie atteikšanās vakcinēt. Būsim godīgi, vakcīnām ir blaknes. Un tās nevar noliegt. Ja kriminalizējam šo grupu, kas atsakās, tad lūdzi kriminalizējam arī tos, kam viss vienalga, kas nelasa literatūru, kas nelasa vakcīnu anotācijas un kas paļaujoties tikai uz ārsta teikto vakcinē. Tāpat tad būtu jākriminalizē arī šo MK noteikumu veidotāji, sastādītāji un iedvesmotāji, jo, kā jau minēju visām vakcīnām ir blaknes. Un šo kategoriju lūdzu kriminalizēt par apzinātu kaitējuma nodarīšanu citiem cilvēkiem un jo sevišķi bērniem. Kā arī izņemiet no šiem MK noteikumiem bērnu atkārtotu vakcināciju ar MMR vakcīnu 4 gadu vecumā. Tam īsti nav pamatojuma.Un lūdzu ieviesiet šajos MK noteikumos obligātu prasību pirms katras vakcinācijas pēc 1 gada vecuma noteikt antivielas uz vakcinējamo slimību. lai ir skaidrs kāpēc tas tiek darīts.Kā arī noteikt par obligātu prasību personai kas vakcinē iepazīstināt ar VISĀM blaknēm to, kuru vakcinē vai viņa pilnvaroto personu vai aizbildni UN laicīgi iedot izlasīt zāļu lietošanas instrukciju valsts valodā. Kā arī paņemt parakstu no minētās personas, ka tā ir iepazinusies ar VISĀM vakcīnas blaknēm un piekrīt, ka viņa vai tās apgādībā esošs bērns tiek savakcinēts un uzņemas pilnu atbildību par visām sekām blakņu gadījumā.Kopā mēs varam!!!Kopā mēs darām!!!/Dr.E.Mednis/#AgenskalnaKlinika #KopaMesVaram #DziveBezBailem #IzglabDraugu #SargiBernus #KopaMesDaram"
1218,13.01.2025 10:59:27,Āgenskalna klīnika,,,"Lēnām viss nāk gaismā. Cik tas droši un efektīvi. Protams, jautājums ir par to kas ir mērķis. Kāds ir uzstādītais mērķis drošumam un efektivitātei? Cilvēku veselība, jeb depopulācija un pacientu tiražēšana, lai var pārdot vairāk medikamentu? Pēc pēdējo gadu notikumiem un kā tas tagad virzās¸ izskatās, ka otrais. Vakcīnas ir tikai viena no metodēm.  Viena no daudzām. Un mums katram ir tiesības izvēlēties ar kādu metodi un pie kura speciālista ārstēties. Tad kāpēc vakcinācija ir kļuvusi prioritāra? Tad varbūt varam iesniegt Veselības ministrijai priekšlikumu akupunktūru padarīt par obligātu visiem Latvijas tautas republikas iedzīvotājiem. Jeb varbūt labāk homeopātiju. Kolosāli skan: Homeopātija kā vienīgā ārstniecības metode LV. Vai ne? Obligāti visiem ir jāārstējas pie homeopāta. kas tur neārstēsies, tiks kriminalizēts un likts cietumā par nerūpēšanos par sevi. ja bērnus nevedīs pie homeopāta, tad kriminālatbildība par nolaidību pret bērna veselību un dzīvību. Kolosāli. Bet....... homeopātijai nav blakņu. Turpretim visām vakcīnām ir. Un, kā vienmēr, jautājums ir: kam tas ir izdevīgi? Vakcīnu gadījumā valdībai un farmācijai. Pamatā farmācijai. Un valdība tikai kā piedēklis jeb izpildorgāns farmācijas gigantu rokās. Peška. Ka teiks  lielie onkuļi, tā būs. Iespējams atmetīs kādu grasi. Aizsūtīs lēmēju uz kādu kongresu ārzemēs. Nopirks importa košļenes. Un varēs saviem bērniem tās atvest. Skaisti. Bet tie lēmēji, iespējams, nesaprot, ka viņi ir tikai marionetes. Un danco pēc stabules par nožēlojamiem Jūdas grašiem. Ņemot vērā, ka visām vakcīnām ir blaknes, tās var radīt gan īslaicīgus, gan arī ilglaicīgus veselības traucējumus. Izdevīgāki ir ilglaicīgie. Jo tie tak ir jāārstē. Un  ārstē ar ko? Ar medikamentiem, ko ražo tas pats vakcīnu ražotājs. Spilgts piemērs ir faizers ar savu kovidindi, kura rada trombus cilvēka asins vados. Protams, viņu kļastā ir arī trobolītiskie (pretrombu jeb trombus šķīdinošie) medikamenti. Bingo. Loks noslēdzas. Paši radām problēmu, paši risinām. Paši pūta, paši dega.  Un valdība kā Tabakijs Širhanam pie sāniem arī savu labu`miņu nokampj - paklausību. Pieņem likumu vai MK noteikumus un visiem tagad jāklausa. Laiki mainās, kungi un dāmas. Nekas vairs nebūs kā bija. Interesanti būs tuvāko gadu laikā. Kopā mēs varam!!!Kopā mēs darām!!!/Dr.E.Mednis/#AgenskalnaKlinika #KopaMesVaram #DziveBezBailem #IzglabDraugu #SargiBernus #KopaMesDaram"
1220,13.01.2025 21:22:23,Āgenskalna klīnika,,,"Sakarā ar to, ka Veselības ministrija ir publicējusi uz iebiedēšanu balstītu MK Vakcinācijas noteikumu projektu, kas nodots sabiedrības apspriešanai un lielu sabiedrības daļu patiesi uztrauc šī kārtējā iebiedēšanas kampaņa, publicēju jurista sagatavotu atteikuma no vakcinācijas veidlapu (MK noteikumu Nr. 330 9. pielikums), ko katrs var izmantot pasargājot savu bērnu no potenciāli indīgas un kaitīgas substances ievadīšanas bērna ķermenī. Tālāk jurista rakstītais un viedoklis, kam 100% pievienojos:Sagatavoju atteikumu no vakcinācijas bērnam. Par pamatu ņemta sagatave no Ministru kabineta noteikumu Nr.330 ""Vakcinācijas noteikumi"" 9.pielikuma. Veidlapa ir uz divām lappusēm, to jāizdrukā, vēlams uz abām pusēm, lai sanāk viena lapa. Par katru bērnu jāpilda atsevišķs iesniegums. Tur ir ailītes, kuras pašam jāaizpilda ar roku - bērna vārds, dzimšanas dati, vecāka dati. Tabulā ar uzskaitītajām slimībām jāieliek ķeksīši, no kurām vakcīnām atsakās. Iesniegumu paraksta arī ārstniecības persona. Pamatojumu, kāpēc vecāks atsakās no bērna vakcinācijas, jau iedrukāju, tur neko pat nevajag papildināt. Ja nav skaidrs, no kurām vakcīnām atteikties, iesaku ķeksīšus likt visās, jo patiesībā tos draņķus nevajag nevienam bērnam un vakcinēšana ar nezināma sastāva un tehnoloģiju substancēm tiešām ir reāls drauds bērna veselībai un dzīvībai.Kopā mēs varam!!!Kopā mēs darām!!!/Dr.E.Mednis/#AgenskalnaKlinika #KopaMesVaram #DziveBezBailem #IzglabDraugu #SargiBernus #KopaMesDaram"
1245,15.03.2025 00:19:52,Āgenskalna klīnika,,,"Bravo Aināram Kadišam! Dienās grasījos uzrakstīt kādu vārdu par vakcināciju un tās ietekmi uz cilvēku, bet Ainārs bija ātrāks. Pievienojos viņa viedoklim, jo vakcinācijas nepieciešamība šobrīd atkal tiek mākslīgi radīta un stimulēta. vairāk gan nevis skaidrojot, bet, kā vienmēr, baidot. Jo, kā zināms, bailes un zem jostas vietas, ir stiprākie marketinga stimuli. Šī kampaņa jau iesākās pagājušā gada septembrī ar, tā saukto, difterijas gadījumu, tad pa vidu masalas, mikoplazma, garais klepus. Vai nav vienalga kas, ka tik bailes. Un pēc iespējas sarežģītāks (gudrāks) slimības nosaukums.  sarežģītums piedod svaru. Jo skaidrot, jau nav īpaši izdevīgi un ērti. kādēļ? tādēļ, ka atbilžu jau nav. tādu atbilžu, kas balstītas loģikā un zināšanās.  Diemžēl medicīna degradējas līdz tirgus tantu līmenim, kad paskaidrot nav iespējams, ir tikai demagoģija. Un tad vē, protams, slavenie likumprojekta grozījumi, kuros plāno atcelt tālmācību un skolām uzdot stučīt ziņot par bērnu vakcinācijas veselības stāvokli atbildīgajām instancēm.   Redzēsim pie kā tas novedīs. Bet man tomēr izskatās, ka šī hunta dabūs mukt, jo vadzis jau nav bezizmēra, tas reizēm lūzt. Bet nu turpinām vērot ar papkorna tūtu rokās.Kopā mēs varam!!!Kopā mēs darām!!!/Dr.E.Mednis/#AgenskalnaKlinika #KopaMesVaram #DziveBezBailem #IzglabDraugu #SargiBernus #KopaMesDaram"
1250,18.03.2025 22:11:02,Āgenskalna klīnika,,,"Atkal vakcinācijas tēma. ASV veselības  ministrs Kenedijs nācis klajā ar paziņojumu, kas pamatos apgāž mums gadiem daudzināto mantru, ka vakcīnas dara tikai labu. Tā nav. katrs domājam pats par sevi un saviem bērniem.Kopā mēs varam!!!Kopā mēs darām!!!/Dr.E.Mednis/#AgenskalnaKlinika #KopaMesVaram #DziveBezBailem #IzglabDraugu #SargiBernus #KopaMesDaram"
1254,03.04.2025 09:12:49,Āgenskalna klīnika,,,"Vakcinācijas nozīme mums visu laiku tiek uzsvērta. Tā tiek propagandēta teju vai katru dienu un visur. Kā vecākiem neapmaldīties propagandas džungļos? Jo stāsta jau, ka no vakcīnām tikai labais. Un kā tad ir ar informētu piekrišanu. Nevis baidīšanu, kā tas notiek vairumā ārstu prakšu, bet informācijas sniegšanu? Par to tad arī parunāsim 3 sarunu ciklā par slimībām un vakcināciju, lai vairotu cilvēku sapratni par šo procesu. Un, lai katrs varētu  pieņemt argumentētu lēmumu.Sākam jau šovakar plkst. 19.00. Zoomhttps://monade.lv/courses/e-mednis-vakcinacija/Kopā mēs varam!!!Kopā mēs darām!!!/Dr.E.Mednis/#AgenskalnaKlinika #KopaMesVaram #DziveBezBailem #IzglabDraugu #SargiBernus #KopaMesDaram"
1257,06.05.2025 09:20:38,Āgenskalna klīnika,,,"Šobrīd ir izvērsta pasaku kampaņa ar motīvu: uzticies zinātnei. Man šajā sakarā ir pāris jautājumi:1. Vai tiešām tā iz zinātne?2. Vai tiešām cilvēku atmiņa ir tik īsa un ir vēl kas tic?Pirms pieciem gadiem tieši ar šādu lozungu lielu tautas daļu nošpricēja gan Latvijā, gan pasaulē ar eksperimentālām indes devām, ko uzdeva par drošām un efektīvām. Tikai aizmirsa piebilst kāds mērķis ir šādai efektivitātei. To varēja pēc neilga laiciņa redzēt - jauni, veselīgi cilvēki mira un citiem parādījās neārstējamas kaites. Un tādas, ko ""zinātne"" nespēj izskaidrot un izārstēt. Bez tam cilvēkus šī ""zinātne"" visādi iespaidoja - gan mēģināja uzpirkt, gan piespiest, lai tikai dabūtu viņos iekšā to indi.Kas tad notiek šobrīd? Ar ko tas atšķiras? Un kāds ir šai ""zinātnes"" kampaņai mērķis? Šobrīd ar vien vairāk parādās informācija, ka vakcinācija (nekāda) nav ne droša, ne efektīva. Iespējams, visi drošības pētījumi, ja par tādiem tos var nosaukt, ir maigi sakot, nepilnīgi. Bez tam nav ilgtermiņa pētījumu. Ja ir, tad rezultāti netiek publiskoti. palasot vakcīnu anotācijas un zāļu aprakstus, atklāju, ka pētījumi par vakcīnu drošību, bieži vien, tikai veikti uz pāris simtiem brīvprātīgo. Vai pēc tā var secināt par zāļu vielas drošību? Bez tam visi tie ""labumi"", kas ir vakcīnās - kā alumīnijs lielā daudzumā, antibiotikas, mērkaķu šūnas, abortētu cilvēka audu šūnas ....... Ko ar šo? Alerģijas, ar ko cilvēki netiek galā gadiem, neiroloģiskas komplikācijas..... Tas viss ir. Un tā ir tā ""zinātne"", ko mums un jums piedāvā. Gribiet uzticēties? Uzticieties. Tikai sekas būs pašiem vien jāstrebj.  Visi zinātniskie noplātīs rokas un teiks: tā gadās. Bet ko tas palīdz tam, kam gadījies? Vai caur to viņš kļūs veselāks? Zinātne ........Kopā mēs varam!!!Kopā mēs darām!!!/Dr.E.Mednis/#AgenskalnaKlinika #KopaMesVaram #DziveBezBailem #IzglabDraugu #SargiBernus #KopaMesDaram"
1265,20.05.2025 11:53:44,Āgenskalna klīnika,,,"Atkal jau stāsts par vakcināciju. Šoreiz bērnu vakcināciju. Atradu interesantu ziņu. japāņi, kā vienmēr, priekšā visiem savā domāšanā veselības jomā. Viņi vieni no pirmajiem pasaulē apjauta kovidinžu nodarīto ļaunumu sabiedrībai un to publiski atzina. tagad šis. Un loģiski šis izklausās, jo bērna imūnsistēma, kā jau viss viņa organisms, ir nenobriedis līdz 2-3 gadu vecumam. Līdz gada vecumam bērna organismā procesi attīstās mega ātrumā un apjomā. Tik daudz iemaņu bērns iemācās, ļoti liela fiziskās un garīgās attīstības dinamika šai laikā notiek.  Tādu dinamiku mēs nedabūsim nekad vairs savā mūžā. Svars trīskāršojas, garumā izaug ļoti - pirmā gada laikā +30% garumā. Tik daudz iemaņu. No pilnīgi nevarīga un sevi noturēt nespējīga mazuļa, kļūst par spēcīgu, skrienošu mazu cilvēciņu. Un tad šajā procesā mēs iejaucamies ar dzīviem slimību izraisītājiem, ko ievadām bērna organismā ar šļirci un adatu, dažādām toksiskām vielām, kā difterijas un stinguma krampju toksīni, alumīnija sāļi, formaldehīds, antibiotikas ........ Šo uzskaitījumu varētu turpināt ilgi un gari. Un tad nu esam tur, kur esam ar atopiskajiem dermatītiem un citām alerģijām, bronhiālo astmu, autoimūnām saslimšanām. Viss droši un efektīvi. Tikai mums neviens tā arī nepasaka, kas  ir šīs drošības un efektivitātes mērs. Lai vai kas tas būtu, bet bērna veselība tā nu gan nav. Bet izvēle ir katra paša vecāka ziņā. Informācija ir pieejama, jāvēlas tikai tajā iedziļināties. Un nav vērā ņemami valdības pīkstieni par nevakcinēšanās kriminalizēšanu. Ar šo ir tāpat kā ar maskām un kovidindēm - ja vismaz 70-80% iedzīvotāju tās nelietotu, tad pasākums būtu beidzies nemaz nesākoties. nav jau nemaz tik daudz to cietumu, kuros salikt 70% bērnu vecāku. Esam drosmīgi un domājoši. Bija kādreiz tāda skaista dziesma:Pasakām vajaga ticēt,Pasakas labu vien vēlēPrincesi pili un dūdasSkaistākos dančus, kas spēlē......Kopā mēs varam!!!Kopā mēs darām!!!/Dr.E.Mednis/#AgenskalnaKlinika #KopaMesVaram #DziveBezBailem #IzglabDraugu #SargiBernus"
1288,18.08.2025 16:00:19,Āgenskalna klīnika,,,"Un te turpinājums rīta ierakstam. Kur tas bija rakstīts un teikts - mums visu pasaka priekšā. Tikai mums jādara pretējais. Ja saka - svaigs piens ir kaitīgs - jāmeklē mazie piena ražotāji un jāpērk no viņiem. ja saka - jāpotējas pret visu iespējamo, tātad jādara pilnīgi pretēji - jāizvairās no jebkuras vakcinācijas. Un tā tālāk. Klausāmies un darām pretēji, pieslēdzot veselo saprātu un ieklausoties savā sirdsbalsī. Un atceramies, ka cilvēks kļūst vadāms, kad viņš baidās, jeb arī kad tiek padarīts par vainīgo. To visu mēs atliku likām atskatījāmies pirms dažiem gadiem: esi sociāli atbildīgs, valkā masku un ej špricēties. Tas, kā vēlāk izrādījās, bija pilnīgas muļķības, ko atzina pats Dr. Fauči. Klausāmies, vērojam, domājam un darām pa savam. Tikai tā mēs varam saglabāt savu veselību un arī dzīvību, jo daudzu kovidpaklausīgo vairs nav mūsu vidū. tāds arī, iespējams, bija visas šīs izrādes mērķis.Kopā mēs varam!!!Kopā mēs darām!!!/Dr.E.Mednis/#AgenskalnaKlinika #KopaMesVaram #DziveBezBailem #IzglabDraugu #SargiBernus"
1292,05.09.2025 00:48:19,Āgenskalna klīnika,,,"Labas ziņas no Floridas. Viņi izbeidz jebkādu obligāto vakcināciju. Neviena vakcīna vairs nebūs obligāta Floridas štatā. Pareizi jau Dr. Ladapo saka: kas es tāds esmu, ka es noteikšu ko Jūsu bērnam injicēt ķermenī. Interesanti ko mūsu vakcīnu apoloģēti dara? Iespējams, ka dzīvo vēl eiforijā pēc Eiropas galvenā ginekologa vizītes., kurā, iespējams, ir saņemtas jaunas norādes turpmākajam laika periodam. Iespējams kādu pandēmiju atkal jāuzrīko, jebšu atkal jābūt kādai drāmai ar ""ļoti slimu"" bērnu, lai virzītu vakcinācijas naratīvu. Un cīnītos ar vakcīnu skeptiķiem. Bet skeptiķu kļūst ar vien vairāk. Bet virzītāji jau nepajēdz, ka katra šāds mākslīgi uzburta drāma tikai veicina cilvēku domāšanu. Viņi sāk uzdot jautājumus. Un, kas ir ar tālejošām sekām, sāk neuzticēties valstij kā tādai un valsts medicīnai kā tādai.  Man ik pa laikam kāds jautā - ko darīt, stāvoklis smags, bet slimnīcā es neiešu. Šāda situācija ir bīstama. Jo labi, ja pajautā. Bet cik ir tādu, kas nejautā pēc palīdzības? Un te nu mēs varam sagaidīt daudz un smagus gadījumus. Bet saprast cilvēkus var - viņi vienkārši baidās no valsts medicīnas.  Un pamatoti. Balstīti nesenajā pieredzē. Bet atpakaļ pie labajām ziņām. Jācer, ka arī līdz mums atnāks tās vēsmas. Un nebūs mums vairs viltus pandēmijas, viltus difterijas vai citas ligas. Bet nu baudām dzīvi, vērojam procesus un reaģējam, kad tas būs vajadzīgs.Kopā mēs varam!!!Kopā mēs darām!!!/Dr.E.Mednis/#AgenskalnaKlinika #KopaMesVaram #DziveBezBailem #IzglabDraugu #SargiBernus"
1294,06.09.2025 13:28:27,Āgenskalna klīnika,,,"Nu re, drošās un efektīvās ar Burlas kungu priekšgalā. Indija vēlas veikt neatkarīgu (savu) pētījumu par Pfizer vakcīnu drošību un efektivitāti, bet Pfizer labāk zaudē 1,8 miljardus klientu, bet neļaus veikt šo pētījumu.  Mēs varētu tikai minēt iemeslus kāpēc tā notiek. Diez, ko saka Prof. Zavadska šajā jautājumā? Es gribētu dzirdēt viņas viedokli. Ā, nē, viedokļa nebūs, jo tikko tak bija ginekologa vizīte Latvijā un, iespējams, ir saņemtas jaunas norādes vakcinācijas veicināšanai. Tad nu dzīvojam savā aizkrāsnē kā circenīši un špricējamies tik nost. Nošpricējam savu tautu, lai te ir tukša zeme, tuksnesis..... Nesanāks šis scenārijs. Jo cilvēki lasa, cilvēki domā un viņi nav tādi muļķi, kā varneši par viņiem domā.  Kopā mēs varam!!!Kopā mēs darām!!!/Dr.E.Mednis/#AgenskalnaKlinika #KopaMesVaram #DziveBezBailem #IzglabDraugu #SargiBernus"
