id,timestamp,sender,reply_to,content
55,04.04.2021 12:58:14,User,,"Dr. Eduardo Carlos Herrera CotrinaMay he Rest In Peace ❤️Lima, Peru Eduardo a young doctor from Lima passed away a few short weeks after receiving the Sinopharm injection. On February 14, He shared an article on Facebook that criticized doctors who denounce and warn about the danger of the Covid Vaccine. On February 22, he shared a photo of himself receiving the injection. On March 16, Peru's medical college reported his death claiming Covid took his life as they always do. #Sinopharm  #Death #Peru #COVIDVACCINEVICTIMS HTTPS://T.ME/COVIDVACCINEVICTIMS"
138,17.04.2021 23:14:35,User,,"BOMBSHELL: Disposable Blue Face Masks Found To Contain Toxic, Asbestos-Like Substance That Destroys Lungs"
242,18.05.2021 11:47:24,User,,IT'S JUST...
249,19.05.2021 12:30:24,User,,FDA WOULD NOT EVEN TOUCH THIS.
264,20.05.2021 13:48:12,User,,"The American Red Cross says you cannot donate Blood Plasma if you've had the vaccine, because the vaccine wipes out the body's natural antibodies."
277,22.05.2021 08:24:04,User,,"You’re absolutely right. Why ARE they applying awful pressure to get EVERYONE vaccinated?Sure, the elderly & clinically vulnerable.But then why ANYONE else?Why pregnant women? We’ve not got the reproductive toxicology results yet.Why young & healthy people? They’re more likely to die in a fall off a step ladder or down their own stairs at home than “with Covid19”.Why children, for goodness sake. They’re at unmeasurably low risk.Yet vaccination unfortunately has killed thousands. If U.K. alone, well over 1000 reported to Yellow Card alone. Sure, there are coincidental deaths after anything. Doesn’t mean causation. But comparing number of deaths post Covid19 vaccination & any other vaccination in U.K., we find this stunning fact: the number of people who’ve died within 28d of Covid19 vaccination in four months is GREATER than the total of all other vaccinations COMBINED for a period of OVER ten years.It’s not down to the number of vaccinations, either.It is a complete SCANDAL that no one but outsiders are talking about this.It’s happening all around the world where mass vaccination is going on.Back to the “why are they intent on getting everyone vaccinated?” question.The most likely explanation is that there’s an intent to herd everyone onto a Vaccine Passports system.Why that? Because it grants the owner of the database & algorithms (what it decides what a person can do or not do, when they present a VaxPass) TOTALITARIAN POWER over everyone. Any threshold like a border or a shop can be so controlled. So could every transaction.Why is that an important objective for these criminal perpetrators?While I cannot be certain, the combination of callous disregard for people’s safety & lives, the economy & civil society, coupled with ignoring criminal activity, breaches of the Nuremberg code, the lying about variants & top up vaccines, on top of the tens of thousands of lockdown policy deaths (including from poor access to the NHS for over a year) leads me to suspect the following.VaxPass will order you to attend for your 3rd or 4th vaccination. As an immunologist, I am telling you that do not need these vaccinations, especially if you’ve had two jabs already.I can think of no benign reasons for any of this, and see several places where your life is being put at risk, for no benefit to you.All the things which are happening in U.K. are also happening in scores of other countries, including the same half a dozen ridiculous lies. The same fearful propaganda techniques. The same censorship & smearing, instead of debating. To me that’s unequivocal evidence of cooperation & planning, internationally.That’s conspiracy. Anyone baulking at that word, please ask yourself why.It’s not coincidence but a conspiracy.  Nothing theoretical about it.My honest opinion, and it gains strength by the gathering lunacy on a weekly basis, is that there is a clear intent to murder a great number of people.You don’t go to this much trouble only to give up at the end.40 years learning & applying human biological sciences in a commercial R&D setting honed my ability to “spot faint patterns in sparse data”.That’s what I did for a living, for decades.No one is paying me to say this, on the contrary, it’s costing me to speak out. I’m sharper & better read than I’ve been in a decade. So when I conclude that the most likely interpretation is that top up vaccines will be used to murder a significant proportion of the planet, with “plausible deniability”, it’s worth you giving deep attention to it. What if I’m right?You’ve not got long. No one is going to save us, if I’m right. Only you / we can save ourselves. Two common objections:1. “No body is that evil”. Ha ha. Are you kidding? Missed history?2. “This is far too difficult to have planned it”. It’s not that complicated. Use a handful of lies & policies. Take complete control of the media & censor all others. Wait for social psychology to do the rest.Also pls see this documentary:"
574,18.06.2021 19:23:27,User,570.0,"Doctors who explain clearly why vaccines aren't safe or effective.1. Dr. Nancy Banks -   2. Dr. Russell Blaylock -   3. Dr. Shiv Chopra -   4. Dr. Sherri Tenpenny -   5. Dr. Suzanne Humphries -   6. Dr. Larry Palevsky -   7. Dr. Toni Bark -   8. Dr. Andrew Wakefield -   9. Dr. Meryl Nass -   10. Dr. Raymond Obomsawin -   11. Dr. Ghislaine Lanctot -   12. Dr. Robert Rowen -   13. Dr. David Ayoub -   14. Dr. Boyd Haley PhD -   15. Dr. Rashid Buttar -   16. Dr. Roby Mitchell -   17. Dr. Ken Stoller -   18. Dr. Mayer Eisenstein -   19. Dr. Frank Engley, PhD -   20. Dr. David Davis -   21. Dr Tetyana Obukhanych -   22. Dr. Harold E Buttram -   23. Dr. Kelly Brogan -   24. Dr. RC Tent -   25. Dr. Rebecca Carley -   26. Dr. Andrew Moulden -   27. Dr. Jack Wolfson -   28. Dr. Michael Elice -   29. Dr. Terry Wahls -   30. Dr. Stephanie Seneff -   31. Dr. Paul Thomas -   32. Many doctors talking at once -   33. Dr. Richard Moskowitz - censored  34. Dr. Jane Orient -   35. Dr. Richard Deth -   36. Dr. Lucija Tomljenovic -   37. Dr Chris Shaw -   38. Dr. Susan McCreadie -   39. Dr. Mary Ann Block -   40. Dr. David Brownstein -   41. Dr. Jayne Donegan -   42. Dr. Troy Ross - censored  43. Dr. Philip Incao -   44. Dr. Joseph Mercola -   45. Dr. Jeff Bradstreet -   46. Dr. Robert Mendelson -   47. Dr Theresa Deisher   48. Dr. Sam Eggertsen- more doctors testifying that vaccines aren't safe or effective, in these documentaries....1. Vaccination - The Silent Epidemic -   2. The Greater Good -   3. Shots In The Dark -   4. Vaccination The Hidden Truth -   5. Vaccine Nation -   6. Vaccination - The Truth About Vaccines -   7. Lethal Injection -   8. Bought -   9. Deadly Immunity -   10. Autism - Made in the USA -   11. Beyond Treason -   12. Trace Amounts -   13. Why We Don't Vaccinate -  hour court case   Vaccination - The Silent Epidemic(2013)-  The Greater Good - (2011) Shots In The Dark -(2009) Vaccination The Hidden Truth -(1998) Vaccine Nation - (2008) Vaccination - The Truth About Vaccines - Lethal Injection -  Bought - (2015)   Deadly Immunity - (2005) Autism - Made in the USA(2009)-  Beyond Treason - (2005) Trace Amounts - (2014) Why We Don't Vaccinate - Autism Yesterday - (2010)"
575,18.06.2021 19:24:31,User,545.0,"Doctors who explain clearly why vaccines aren't safe or effective.1. Dr. Nancy Banks -   2. Dr. Russell Blaylock -   3. Dr. Shiv Chopra -   4. Dr. Sherri Tenpenny -   5. Dr. Suzanne Humphries -   6. Dr. Larry Palevsky -   7. Dr. Toni Bark -   8. Dr. Andrew Wakefield -   9. Dr. Meryl Nass -   10. Dr. Raymond Obomsawin -   11. Dr. Ghislaine Lanctot -   12. Dr. Robert Rowen -   13. Dr. David Ayoub -   14. Dr. Boyd Haley PhD -   15. Dr. Rashid Buttar -   16. Dr. Roby Mitchell -   17. Dr. Ken Stoller -   18. Dr. Mayer Eisenstein -   19. Dr. Frank Engley, PhD -   20. Dr. David Davis -   21. Dr Tetyana Obukhanych -   22. Dr. Harold E Buttram -   23. Dr. Kelly Brogan -   24. Dr. RC Tent -   25. Dr. Rebecca Carley -   26. Dr. Andrew Moulden -   27. Dr. Jack Wolfson -   28. Dr. Michael Elice -   29. Dr. Terry Wahls -   30. Dr. Stephanie Seneff -   31. Dr. Paul Thomas -   32. Many doctors talking at once -   33. Dr. Richard Moskowitz - censored  34. Dr. Jane Orient -   35. Dr. Richard Deth -   36. Dr. Lucija Tomljenovic -   37. Dr Chris Shaw -   38. Dr. Susan McCreadie -   39. Dr. Mary Ann Block -   40. Dr. David Brownstein -   41. Dr. Jayne Donegan -   42. Dr. Troy Ross - censored  43. Dr. Philip Incao -   44. Dr. Joseph Mercola -   45. Dr. Jeff Bradstreet -   46. Dr. Robert Mendelson -   47. Dr Theresa Deisher   48. Dr. Sam Eggertsen- more doctors testifying that vaccines aren't safe or effective, in these documentaries....1. Vaccination - The Silent Epidemic -   2. The Greater Good -   3. Shots In The Dark -   4. Vaccination The Hidden Truth -   5. Vaccine Nation -   6. Vaccination - The Truth About Vaccines -   7. Lethal Injection -   8. Bought -   9. Deadly Immunity -   10. Autism - Made in the USA -   11. Beyond Treason -   12. Trace Amounts -   13. Why We Don't Vaccinate -  hour court case   Vaccination - The Silent Epidemic(2013)-  The Greater Good - (2011) Shots In The Dark -(2009) Vaccination The Hidden Truth -(1998) Vaccine Nation - (2008) Vaccination - The Truth About Vaccines - Lethal Injection -  Bought - (2015)   Deadly Immunity - (2005) Autism - Made in the USA(2009)-  Beyond Treason - (2005) Trace Amounts - (2014) Why We Don't Vaccinate - Autism Yesterday - (2010)"
615,22.06.2021 17:15:17,User,,Shocking Reports of FORCED VACCINATIONS in India.🇮🇳 t.me/IndiaTVN
670,03.07.2021 01:46:51,User,662.0,THE TEN STAGES OF GENOCIDE
852,24.07.2021 10:25:30,User,812.0,"These are the PLANNED COVID-19 VARIANTS - just look at the dates when they will be “released” to the media.DON’T BE STUPID, YOU ARE BEING PLAYED AND MANIPULATED TO GET YOU TO TAKE THE VACCINE.COVID-19 vaccine does NOT prevent a disease that does not exist - it installs an operating system in your body that will be manipulated with DELTA 5G [microwave] system, in order to control you and enforce your compliance. Subsequent yearly “vaccine upgrades” will become mandatory until you are disposed off as useless eater. The first such upgrade is scheduled for September 2021.The last “Covid variant” is scheduled for February 2023, meaning by the end of 2023, 7 Billion people are scheduled to die. THEY WILL NOT STOP THE “COVID VARIANTS” UNTIL 7 BILION PEOPLE ARE DEAD. ONLY WE CAN STOP THIS IF WE STICK TOGETHER AND REFUSE TO TAKE THE KILL SHOT.THESE KHAZARIAN JEWS ARE PSYCHOPATHS."
859,24.07.2021 23:31:19,User,,"Goodnight all!The chat is closed until 8am tomorrow. Tomorrow Is the big day! Please make an effort to attend.Please join us for a peaceful march for freedom, no vax passports, no mandatory vaccines. NEW YORK CITY, MADISON SQUARE PARK, 1PM#WeWillAllBeThere"
11801,24.09.2024 23:42:09,User,,This is a Documentary about Black Plague
12255,27.09.2024 21:19:56,User,,"Was haben sie den Kindern wirklich angetan?Alle Eltern, die sich seinerzeit schützend vor ihre Kinder gestellt und den Impfhetzern widerstanden haben, können sich heute darin bestätigt sehen, dass sie ihren Kindern ein ebenso schwerwiegendes wie unkalkulierbares lebenslanges Gesundheitsrisiko erspart haben. Von Lothar KrimmelCardiac manifestations and outcomes of COVID-19 vaccine-associated myocarditis in the young in the USA: longitudinal results from the Myocarditis After COVID Vaccination (MACiV) multicenter study"
12910,04.10.2024 21:56:39,User,,Are serum troponin levels elevated in conditions other than acute coronary syndrome? | Cleveland Clinic Journal of Medicine
13377,12.10.2024 15:22:00,User,13375.0,Kto by somnevalsja😂
13499,14.10.2024 11:44:25,User,,"THE STRAWMANThey took your footprint (sole) at birth to claim your soul before you stepped on soil, depriving your birth right as a living soul to a dead entity. We are all considered ""legally dead""at birth because our pair-rents unknowingly signed us (placed sigils) to the government as a Corporation. When we're born the government created this corporation in our name written in all CAPS, replacing it with the living spiritual flesh & blood you, so they can do business with us. This is why 99% of the time anything from a corporation (corpse-ration) has your name written in all caps, your bills, ID, birth certificate-it's your strawman.Yours, Steve Johnson"
14082,23.10.2024 23:24:41,User,,"Hybrid Garyaev-Mishina technology to restore healthImportant regulatory functions in the human body are performed by torsion or vortex effects.. They are directly related to the principles of linguistics-Wave Genetics, which is studied by specialists of the Institute, the set up matrix modulators Garyaev coils Mishina. The principle of operation of this unique instrument is the ability to penetrate deep into the cells of a static field with a change in its structure. It is a good alternative to antibiotics and the chance for patient recovery, suffering from various, including serious diseases."
14086,23.10.2024 23:51:16,User,,"I am privileged to come from a country with a culture where family is everything. My children have grown around their grandparents since they were born, just as I did. More than a decade after their passing, I still miss my grandparents and think of them pretty much on a daily basis. I am, just like my kids, the result of both my parents’ and grandparents’ nurturing.I would not have been able to do the things I’ve done without my mum, who is the best grandma in the world, or my sister, who is the best aunt in the universe. My kids have effectively grown up with three mums! Coupled up with my dad and my brother, to keep some yin yang balance! Having an extended family around you, is without a doubt the most ideal way to grow up. It’s by far the best nurturing, educative and secure safety net you can have and it pains me to see that such circumstances are being lost in modern society. We must go back to our humanness, to the things that bring us purpose and meaning, for only those things can bring us happiness and health. This universe was created with a code and like all codes, it has a language and that language is LOVE. The key to a long, happy life, is to understand this basic code and to live life accordingly."
14087,23.10.2024 23:52:59,User,,"OPEN LETTER TO THE MILITARYWe the People are asking you to assist us to take our country and sovereignty back from the corporation and FED banksters and corrupt politicians. We are FIRING every last one of them!!! They no longer represent us; therefore, they are FIRED!!!!  We are done being slaves and paying taxes that our gov wastes our $$ and it's not even backed by gold, which is fiat worthless paper by illegal and corrupt FED!!!  We want the 2020 election fixed; we know you all know JB the Pedo did NOT win.  We have the right to dissolve the gov when all other measures have been exhausted. We have tried January 6th protests, Convoy’s, Multitudes of protests, going to school board meetings, Town meetings, Attending the Trump Rallies, the rightful winner!! Social Media Warriors Voting: election machines rigged & It was ALL rigged, See the movie RIGGED and Mike Lendel’s Proof. We have lost friends, family members thru covid, poisonous vaccines, and thru sharing the horrific truth of all hidden from us for decades, Kennedy assassination and 9/11 is just two of 100s of examples we could give. We are tired of wars and paying for wars we DO NOT want!!!  We do NOT want to support any wars unless enemies attack us. We want our country back and are demanding you act ASAP on our behalf, we want action, we want our sovereignty, we never agreed to be a mini corporation at birth and given all Capitol letters on our birth certificates!!!! We never agreed to be traded like cattle while others make $$ from us unknowingly. We refuse to be slaves to the deep state for one moment longer. We want NESARA implemented ASAP. We will put another much smaller government in place once these horrible, inept people are fired and prosecuted for their crimes against us and our CHILDREN. Patriots who agree please share. Military reading this please take this message from We the people to your commanding officers. Please respond to us using the EAS system. Patriots this needs to go viral on every platform. We the people have spoken. Military needs to act now on our behalf. Before we have no country left!!!!!Respectfully,USA AMERICAN PEOPLE(if you feel called share this)Follow/Share my channel, stay updated👇 ✅"
14123,24.10.2024 10:34:39,User,14102.0,Love you! 🌸❤️🌸❤️🌸❤️🌸❤️🌸❤️🌸
14230,24.10.2024 21:55:04,User,14227.0,"Metiet shos meslus mistkaste. Kam pieversham uzmanibu, to ari vairojam sava dzive..."
14339,27.10.2024 01:34:21,User,,"DETOX SUPPLEMENTS FOR VACCINE INJURED VICTIMS OR TO KEEP YOUR BODY FIGHTING FIT.... 🖲Magnesium — plays many crucial roles in the body, such as supporting muscle & nerve function and energy production. 🖲NAC — (a precursor to glutathione) provides a variety of protective antioxidant effects, block damages to DNA, strengthening all organs, including the brain — dissolves mucus, improves breathing & respiratory problems. NAC powers up the immune system, boosting antibodies, increasing glutathione, which fights disease & aging. NAC has been around for decades, proven to be very safe, with NO SIDE EFFECTS. 🖲Glutathione — is the body's most powerful antioxidant & counteracts the harmful effects of graphene oxide. Human bodies produce glutathione naturally but over as humans age & absorbs toxins, the production of it slows down. Children naturally have high glutathione levels. Glutathione is a body-specific antioxidant that cells need to function & survive. When you get sick, the level of glutathione can drop. 🖲Selenium — a trace element that is naturally present in many foods & available as a dietary supplement. Selenium, which is nutritionally essential for humans, is a constituent of more than two dozen selenoproteins that play critical roles in reproduction, thyroid hormone metabolism, DNA synthesis &  protection from oxidative damage and infection. 🖲Quercetin — have significant capability to interfere with SARS-CoV-2 replication and multi-faceted anti-inflammatory and thrombin-inhibitory actions.  🖲Vitamin D/C/A – promotes immune cell proliferation, stimulates antimicrobial peptides, cytokines and immune cell proliferation, enhances mucosal Integrity, antioxidant, protects healthy cells, activated immune cells, antiviral, coordinates cellular immune response. 🖲Zinc – essential for binding capacity & optimizing lethality of immune cells. Promotes antiviral enzyme blocking viral replication. 🖲Zeolite — has a strong attraction to many heavy metals including mercury, lead, cadmium, and arsenic. It also binds to & removes many chemicals like fluorine & chlorine, eliminating free radicals of all types, and it reverses acute chemical & allergic reactions, all without removing vital nutrients from the body. This makes it a maximum detoxifier. 🖲Pine Needle Tea, Fennel See, Star Anise — contains shikimic acid, high levels of antioxidants & DNA-protective properties. 🖲Dandelion Root —  blocks interaction between ACE2, spike protein & variants. 🖲Black Cumin Seed Oil — is natural alternative for Ivermectin. Nigella sativa has been used as traditional medicine for centuries. The oil from its seeds are effective against many diseases like cancer, cardiovascular complications, diabetes, asthma, kidney disease — also effective against cancer in blood system, lung, kidney, liver, prostate, breast, cervix & skin. 🖲Fulvic Acid & Shilajit —  have long been used in traditional medicine & reduces inflammation and boost immunity. Fulvic acid has been well studied for its effects on immune health and inflammation. Improve disease resistance, increase your immune defenses, fight inflammation, chronic diseases & enhance antioxidant activity. 🖲Bio-Fibrin — is a proteolytic enzyme (a process known as proteolysis - help dissolve proteins. There are over 700 identified human enzymes, and each enzyme has a specific biochemical reaction involving a specific substance. Activated Charcoal, Chlorophyll, Chlorella, Spirulina, Irish Sea Moss, C-60, Power Immunity, Infrared Sauna, Green Tea, Alkaline Water, Probiotics, Cinnamon & Raw Honey, Avocado, Garlic, Turmeric, Cilantro, Ginger, Cruciferous vegetables & leafy greens are also great detoxes"
14476,30.10.2024 09:33:06,User,,"Breaking News! Trump Directs Federal Funds to Sponsor Medbed Healing Centers – Facilities Are Healing Soldiers and Children as the Medical Cabal Faces Collapse!President Trump has taken a monumental step in healthcare by directing federal funds to support Medbed Healing Centers. This is a direct blow to the medical-industrial complex and Big Pharma, who’ve been desperate to keep this life-saving technology hidden. These healing centers will be available soon, marking the end of the elite's control over your health.These Medbeds are not just machines—they operate on human consciousness, responding to the brainwaves of specially trained operators. This training is crucial to unlocking the full power of these devices, allowing them to heal at the quantum level. Medbeds don’t just treat symptoms, they identify and eradicate the root causes of illness by reading your body's vibrational frequency. The medical world doesn’t want you to know this because it threatens their entire business model.Trump didn’t just support Medbeds—he funded them! He pushed this technology into development in secret, bypassing the corrupt systems that wanted to bury it forever. These Medbeds are the future—curing cancer, reversing aging, and rebuilding organs. The cabal is shaking because they know that once this technology is available, their cash cow of endless treatments and lifelong illness will be finished.Underground Medbed facilities are already operational across the U.S. with over 50,000 Medbeds in place. These centers are healing soldiers and children rescued from the darkest globalist trafficking networks. The media won’t tell you this, but reports are leaking out about miraculous recoveries happening right now in secret.The elites are making a last-ditch effort to stop Medbeds from being publicly released. They’re unleashing fear, orchestrating outbreaks, and causing mass confusion to distract you from the truth. Why hasn’t the media told you about Medbeds? Because they are in on it. The pharmaceutical and media industries profit from keeping you sick, and they know Medbeds will destroy their monopoly.But here’s what they can’t stop: Medbeds are coming, and with them, a revolution that will break the chains of control the elites have placed on us for generations. Big Pharma is crumbling, and they know their time is up.The Global Power Structure is collapsing as Medbeds bring freedom to the masses. This isn’t just about healing—it’s about the fall of the elite’s control. Trump has fought for this, and now it’s our turn to stand with him. The 10 Days of Darkness are approaching, where the cabal will make one last desperate move to maintain power. But during these days, the truth about Medbeds will be revealed.Prepare for the EBS, prepare for Medbeds, and most importantly—prepare for FREEDOM. This technology is about to change everything. Share this truth, and spread the word: The elites are terrified, but they can’t stop what’s coming.Medbeds are here, and with them, we are on the brink of breaking free from the tyranny of illness and the elite's control.Follow/Share my channel, stay updated👇 ✅"
14591,03.11.2024 12:04:47,User,,"Childhood Autism Rates Have Surged 2,678% Since Vaccine Makers Gained Legal Immunity - The People's Voice"
14623,04.11.2024 00:55:25,User,,"ALL AMERICAN WARS  SINCE WWII HAVE BEEN CREATED NOT FOR DEMOCRACY AND FREEDOM BUT FOR SEX DRUGS, WEAPON TRADES, AND MONEY LAUNDERING...C.I.A C .OCAINE I  . MPORTA .GENCY>>>FOUNDED BY THE NAZI SSBUSH - CLINTON - DRUG and HUMAN TRAFFICKING CARTEL🔥MORE DETAILS AND VIDEO LINKS HERE--->>>>"
14825,10.11.2024 11:31:57,User,,"Explosive Day One: Trump and Kennedy Executive Orders Shatter the Status Quo and Redefine America’s Health, Freedom, and Government!BREAKING: Trump and Kennedy unleash a storm of executive orders on day one! Vaccine mandates obliterated, FDA and CDC abolished, bans on toxic ingredients, GMOs, and formal recognition of vaccine injury. A new era of health and freedom rocks America!BOOM: Vaccine Mandates Annihilated! Vaccine mandates are gone! Trump and Kennedy obliterate the mandates with one powerful order, putting an end to years of control by Big Pharma. Medical freedom is back! Americans reclaim the right to choose—no more forced compliance. Personal liberty is non-negotiable!POW! 1986 Vaccine Immunity Law: HISTORY! No more hiding for Big Pharma! Trump and Kennedy have repealed the 1986 Vaccine Injury Act, tearing down the wall of immunity Big Pharma hid behind. Justice is back as citizens regain the right to hold these giants accountable.BANG! Ban on Fluoridation Takes the Nation by Storm! No more fluoride in tap water! Trump and Kennedy’s ban on water fluoridation ends the era of mass medication without consent. Let America drink pure and free! Expect a massive shift toward natural, clean water nationwide.BOOM! FDA, CDC, and FTC Reshuffled—No, Demolished! Trump and Kennedy don’t just reform—they obliterate the FDA, CDC, and FTC, dismantling bureaucracy. This is bureaucracy zero! New, accountable agencies will report to the people and protect health without corporate strings.CRACK! Toxic Ingredients Banned in Food—A Health Revolution! Say goodbye to harmful additives! Artificial dyes, preservatives, and toxins are out of American food. This isn’t a tweak; it’s a food revolution led by Trump and Kennedy to safeguard health.THUNDER! Vaccine Injury and Death Officially Recognized Trump and Kennedy blast through silence, finally acknowledging vaccine injuries and deaths. No more denials or gaslighting. Victims will be heard. Compensation fast-tracked, ensuring justice for those impacted.EXPLOSIVE! GMOs and Toxic Pesticides Banned—America Turns Organic! Trump and Kennedy’s ban on GMOs and pesticides sends a thunderous message: America goes organic. Health is prioritized over profit, and the agricultural sector is forever transformed!FINAL STRIKE: Recognition of Autism-Vaccine Link—A Truth Bomb Trump and Kennedy boldly address the autism-vaccine link, challenging the medical status quo. Independent studies will surge, and programs for affected families will expand, proving this administration champions truth and transparency.THE GRAND FINALE: Abolishing FDA, CDC, FTC—The End of an Era! This is it: the final blistering strike that shatters the status quo. Trump and Kennedy tear down bureaucratic giants, transferring power to the people.America, brace yourself—change is here!Join and share my channel immediately:"
14851,10.11.2024 13:05:45,User,14849.0,"Kaa manifestarori var nemanifesteet ?Manifestors are known for their ability to initiate and bring forth new ideas and actions. They’re the trailblazers, often described as the catalyst for change. In this section, we’ll explore who they are, and why understanding their role is essential for both Manifestors themselves and those around them.So, what sets Manifestors apart in Human Design? Essentially, they are the initiators of the energy spectrum. While other types-like Generators or Projectors-respond to external cues, Manifestors are meant to act independently, making their own choices and taking bold actions without waiting for an invitation. This dynamic is fundamental because it allows them to create and innovate in ways that other types might not be able to."
15117,14.11.2024 06:40:36,User,,"CDC Admits Fluoride Is Poison.Fluoride is a neurotoxin that has many negative health effects.Yet the government insists on dumping the waste product of fertilizer into your drinking water. It's ok though, the government really cares about preventing you from getting cavities.#Fluoride"
15118,14.11.2024 06:45:19,User,,"100 Million Animals Have Been Injected With mRNA Technology, and Hardly Anyone Knows About it.Dr. Bryan Ardis: ""They're already injecting mRNA technology into vegetables. In China, they're already mRNA injecting cattle — for our beef supply.""#mRNA #China"
15120,14.11.2024 07:34:31,User,,"9 WARNING SIGNS YOU MAY HAVE PARASITESMany of the symptoms you may be feeling could, in fact, be parasites. Mainstream pharma shill Doctors do not want you to know because it can be treated naturally.#Parasites #Symptoms"
15128,14.11.2024 08:01:38,User,,"""I’m Dr. Ben Marble and I’m here to tell you that the blood supply has been contaminated from the bioweapon. Do not take blood from the vaccinated.” - Dr. Ben Marble warning the WORLD that the Blood Supply is unsafe.#DrBenMarble #Bioweapon"
15131,14.11.2024 08:10:34,User,,YOUR DENTIST EXPOSED.  THE DARK TRUTH ABOUT ROOT CANALS!#Truth #Dentist
15224,14.11.2024 20:50:38,User,15223.0,"Tie kam to vajag tie to zin, ja Juus par to neko nezinat, visticamaak ka Jums to nemaz nevajag. Ljoti specifiska lieta."
15337,16.11.2024 14:31:24,User,,are you ready for what comes next ???
15429,18.11.2024 21:02:34,User,,SHOCKING BEAM FORMING DEMONSTRATION FROM TELSTRA PUTS PEOPLE INTO PANIC MODE...
15459,19.11.2024 12:48:04,User,,"a.i. doctors will become the gold standard of ""medicine"" in just a few short years... chat gpt is already pro vaccine and so the math will become even simpler for future PLANDEMICs...."
15536,20.11.2024 14:14:02,User,,the bill gates cricket farm struggling to survive.... time to end everything bill gates before they can unleash another PLANDEMIC....
15599,21.11.2024 23:23:06,User,,"The National Academies of Sciences Has Confirmed That Myocarditis Comes From VaccinationProfessor Sucharit Bhakdi: ""The National Academies of Sciences says that it is now established that the myocarditis comes from the vaccination...one has to say, sadly, that of 100 people who get myocarditis today, something in the range of 20 to 50% will not be among us after 10 years...this is murder.""⏯️ @RealWorldNewsChannel✳️ @RealWorldNewsChat"
15776,26.11.2024 08:05:48,User,,⬛️💊 Over 300 pages of evidence from the CDC show that vaccines cause autism 🐇
16243,01.12.2024 14:05:14,User,,remote surgeries will be the future until surgeons are completely replaced by artificial intelligence...
16904,10.12.2024 20:32:24,User,,lead doctor at eu medical convention confirms the link between turbo cancers and the death vax...
17004,15.12.2024 16:50:46,User,17001.0,Visa viña murgs i=🚽
17038,16.12.2024 20:37:02,User,,"NEVER TRUST THE GOVERNMENT WHEN IT COMES TO YOUR HEALTH, WEALTH AND ESPECIALLY YOUR CIVIL RIGHTS!#Government #Covid"
17070,18.12.2024 16:43:04,User,,"Russia Claims to Have Developed a Cancer ""Vaccine"" That Will Be Provided to Patients ""Free of Charge""⏯️ @RealWorldNewsChannel✳️ @RealWorldNewsChat"
17111,20.12.2024 16:46:58,User,17110.0,"Piedalìjàties konferencè, apmeklèjàt to?"
17188,23.12.2024 14:14:19,User,,Next year the masks come off.Paramount Plus just released this commercial.Strange coincidence?@capellobiancoq
17275,28.12.2024 00:57:20,User,,"Ecological MedicineThe Antidote to Big Pharma and Fast FoodsBig Pharma-driven Western medicine, based on symptom-suppressing, prescription drugs, is failing to prevent and treat our modern epidemics of diabetes, dementia, degeneration, cancer, heart disease and infections.Ecological Medicine gives ut the 'Rules of the Game' and the 'Tools of the Trade' to prevent and treat the above pathologies.  It achieves this though a logical, evidence-based approach.  Doctors should be clinical detectives.  Symptoms and signs give us the clues to the mechanisms of such and so lead as to the WHY of disease.  Knowing the WHY provides the intellectual imperatives to drive through the difficult HOWs of the disease reversal and restoration to full health."
17277,28.12.2024 01:17:14,User,,"Methylene blue (MB) has some properties that make it very desirable for the human body. It is remarkably safe and has been used in humans for decades. This makes it very undesirable for Big Pharma, so its properties are not reported to the medical profession.There are two major drivers of disease namely poor energy delivery mechanisms and chronic inflammation. MB impacts on both. A further problem arises because as we become ill, the immune system starts to fail, and we acquire not just one but multiple infections. Methylene blue has activity against many infections (viral, bacterial and fungal), but what is so interesting is that its effects are activated by red light. See, as just one example of many studies, Methylene blue photodynamic therapy induces selective and massive cell death in human breast cancer cells and also see below.MB could be further combined with Dimethylsulphoxide (DMSO) as this too has anti-microbial effects possibly through its effect on biofilm. See Dimethylsulphoxide (DMSO) – another multitasking, inexpensive, safe and effective tool.So, to tackle any chronic infections - start with Groundhog CHRONIC (PK diet, sort the gut, supplements, detox, sort the thyroid and adrenal glands) - see Groundhog CHRONIC – the starting point to treat any chronic infection AND to live to our full potentialTHEN add in MB plus DMSO, both of which are activated by red light.Start with low doses of MB, add in low doses of DMSO then add in red light. Build up very slowly to mitigate DDD reactions - see Diet, Detox and Die-off Reactions Expect to get worseSee Dimethylsulphoxide (DMSO) – another multitasking, inexpensive, safe and effective tool for doses of DMSO, and see below for doses of MB."
17431,03.01.2025 19:47:49,User,,ORGAN HARVESTING - The Shocking Facts about Asia's Largest Organ Transplant Facility in CHINA————————————————#EarthAlliance ⚔ THE INVISIBLE WAR ⚔@DUMBSandUNDERGROUND
17589,07.01.2025 02:04:36,User,,"TWO JEWS patented artificial fog in 1920.DARPA then developed it into SMART DUST.In September of 1950, the US Navy sprayed massive amounts of bacteria into the air for a week two miles off the coast of San Francisco, California to “test” the preparedness of the city against a “terrorist attack”.The bacteria used were Serratia marcescens, which can cause respiratory issues and meningitis, and Bacillus atrophaeus which can be lethal to immunocompromised individuals. At the time, the Navy believed these bacteria were harmless to humans.There is now an Operation Gladio-style rash of staged terror events taking place in the United States. Courtesy of the United States military."
17635,08.01.2025 08:37:11,User,,"PANIC — Zuckerberg has bowed the knee to President Trump. He’s announcing the end of fact checkers on Facebook!There will be community notes, similar to X.Does he know what is coming?Channel: @JFK_TV"
17887,10.01.2025 21:29:47,User,,"COVID-19 vaccine lawsuit against University of California moves forward despite Supreme Court setbackA class-action lawsuit against the University of California (UC) over its Wuhan coronavirus (COVID-19) vaccine mandate is moving forward despite a recent setback from the California Supreme Court. The case, which represents thousands of UC employees, alleges that the university violated their rights to privacy, bodily autonomy and informed consent when it mandated COVID-19 vaccines for all staff and faculty.While the Supreme Court declined to hear one of the plaintiffs' key claims – that the mandate violated the Nuremberg Code and California law – the broader lawsuit remains alive, raising critical questions about medical freedom, corporate influence and the ethics of public health policies.The lawsuit, which could eventually include up to 200,000 plaintiffs, is one of the largest legal challenges to COVID-19 vaccine mandates in the United States. It highlights the tension between public health measures and individual rights, a debate that has only intensified since the pandemic began.The case gained national attention in 2021 when one of the plaintiffs, Dr. Christopher Rake, was escorted out of a UCLA Health medical center after refusing to comply with the vaccine mandate.A video of the incident, which Rake posted on social media, went viral. In it, he explained that he was willing to lose his job to stand up for his rights and the rights of others to make informed medical decisions. The California Supreme Court's decision not to hear the plaintiffs' claim regarding the Nuremberg Code was a blow to the case.The Nuremberg Code, established after World War II, prohibits medical experimentation on humans without their full and informed consent. The plaintiffs argued that the COVID-19 vaccines, which were authorized under emergency use and had not yet completed long-term clinical trials, constituted an experimental medical intervention.While the Supreme Court declined to address this issue, the lawsuit is far from over. The remaining claims—including violations of privacy rights, employment laws and state health codes – are still moving forward in the lower courts.Plaintiffs' attorneys have also indicated that they may revisit the Nuremberg Code argument later in the case.One attorney involved in the case said that it is a pivotal moment for ""human rights in the modern era"" and that the court has the opportunity to hold institutions accountable for violating fundamental principles of informed consent and bodily autonomy.Students push back against vaccine mandatesThe UC lawsuit is not the only legal challenge to COVID-19 vaccine mandates in California.In 2022, two students from Santa Clara University filed a lawsuit against the school over its booster mandate. The students, Jackson Druker and Harlow Glenn, argue that the mandate violates their rights to bodily autonomy and medical freedom.Glenn, who experienced an adverse reaction to her initial COVID-19 vaccine, said the university denied her request for a medical exemption.Druker, whose mother co-founded Children’s Health Defense-California, has been a vocal critic of vaccine mandates, framing the issue as one of personal choice rather than politics.The Santa Clara lawsuit alleges 18 causes of action, including violations of students' constitutional rights, interference with the doctor-patient relationship and breaches of federal emergency use authorization laws.Like the UC case, it raises questions about the ethics of mandating vaccines that were authorized under emergency use and whose long-term effects remain uncertain.The UC and Santa Clara lawsuits are part of a growing wave of legal challenges to COVID-19 vaccine mandates across the country. These cases highlight the tension between public health policies designed to protect the greater good and individual rights to privacy, autonomy and informed consent.👇🏻👇🏻👇🏻 Read more 👇🏻👇🏻👇🏻"
17930,11.01.2025 01:43:59,User,,"BOOOM!!! Mel Gibson Drops Two Medical Bombshells on the Joe Rogan Podcast – Prepare to Have Your Mind Blown by Shocking Truths That Will Change Everything You Thought You Knew!BOOM! Mel Gibson Reveals Jaw-Dropping Medical Insights on The Joe Rogan Experience! From stem cell miracles to Big Pharma’s darkest maneuvers, uncover the shocking truths Hollywood keeps under wraps. Get ready for groundbreaking, dramatic revelations—this isn't just talk, it’s a revolution.In a world of sanitized dialogue and predictable interviews, The Joe Rogan Experience breaks the mold. Hollywood giant Mel Gibson recently joined the show, unleashing medical bombshells set to shake the core of the healthcare industry. Expect explosive discussions on groundbreaking therapies and controversial claims.A Clash of Titans in the War on Conventional WisdomMel Gibson and Joe Rogan dive deep, discussing topics from stem cell miracles to systemic corruption in healthcare, challenging misinformation and exposing the dark side of modern medicine.Revolutionary Healing: The Magic of Stem CellsMel Gibson shares his transformative experience with stem cell therapy, a controversial yet miraculous treatment he accessed in Panama, promising a revolution in medical science.Hyperbaric Oxygen Therapy: Breathing Life into RecoveryGibson credits hyperbaric oxygen therapy for profound healing in PTSD, combined with fish oil and vitamin B, calling the results life-changing.Big Pharma’s Dark Secrets: The Sacrifice for ProfitThe conversation takes a dark turn as Gibson and Rogan expose Big Pharma’s prioritization of profits over lives, drawing chilling parallels to ancient human sacrifices.Ancient Wisdom Meets Modern TruthsGibson explores the wisdom of ancient civilizations, while Rogan references Jared Diamond’s insights on societal collapses caused by environmental neglect—a stark warning for today.The Shroud of Turin: Faith Meets ScienceIn a twist, Gibson discusses the Shroud of Turin, proposing it as a bridge between faith and science, challenging the boundaries of what we accept as truth.Art as a Weapon: Gibson’s Storytelling PhilosophyFrom The Passion of the Christ to Apocalypto, Gibson uses film as a mirror to society, reflecting deeper spiritual and cultural conflicts.Mental Resilience: Combating Addiction and Brain InjuriesThe dialogue shifts to mental health, where Gibson emphasizes spiritual healing for addiction, supported by Rogan’s advocacy for neuroplasticity.Climate Narratives and Fear Mongering! BOOM!!!Gibson critiques the profit-driven climate change narrative, urging a skeptical approach to mainstream environmental fear-mongering.The Resurrection: A Cinematic Masterpiece in the MakingGibson teases his upcoming film on the resurrection of Christ, promising a bold exploration of spiritual warfare and the epic battle between Good and Evil.This episode is more than a podcast; it's a cultural milestone—a call to question the established narratives, seek truth, and challenge the profit-driven motives of powerful institutions. If you haven’t tuned in yet, it’s time. This could change your view on medicine, history, and the world itself.Join and share my channel immediately: wait is over! GITMO has named the first elite individual to face the harshest judgment. Join now to uncover the truth!"
18276,16.01.2025 01:41:57,User,,the death lamps are loaded with 5G. beware of the purple lights because they're not just shooting out weaponized UV...
18340,16.01.2025 16:48:25,User,,"they will vaccinate everyone with aerosol sprays, gene weapons and nano tech..."
18660,21.01.2025 11:36:16,User,,BREAKING — President Donald Trump just withdrew the United States from the World Health Organization (WHO).🔥Channel: @JFK_TV
18763,22.01.2025 22:32:42,User,,"As you will hear Gates confirm during the WSJ Interview conducted by a terminally stupid / doting female, both he and Orange Man sat down for a Private Dinner recently so that Gates {on behalf of the Global Blackhat Cabal} could ensure Trump's agreement to yet another major round of mRNA vaccines (via Mandates) on top of other exotic Jabs that Gates has planned for us.Either we are killed off by these bioweapon injections, or we hunt him down in order to totally destroy his mortal existence. One or the other outcome must come first.Stew Peters, after examining the dumb-as-f*ck Reader Comments, posted this short response:> Trump entertained Bill Gates for a 3-hour dinner where they discussed worldwide vaccinations and “global heal..."
18928,27.01.2025 19:18:05,User,,Klaus Schwab Welcoming President Trump to The World Economic Forum 2025⏯️ @RealWorldNewsChannel✳️ @RealWorldNewsChat
18970,28.01.2025 15:36:34,User,,"The Alliance is in control - PROJECT ODIN: Elon Musk’s Space X Military version of Star Link Satellites: EBS and Internet Emergency Broadcast System (EBS). …Carolyn Bessette Kennedy on Telegram· The Q Military Intelligence's Emergency Broadcast System (EBS) will be activated via Star Link's satellite free internet covering every place on planet earth.· Truth videos will play continuously over the Ten Days of Darkness through the Quantum Systems.· There will be 7 messages going to your mobile phone, our TV's will only show three movies with explanations on a continuous loop for the 10 days. It will cover topics of arrests, tribunals, corruption, fraud, pedophilia, and exposing all the hideous child torture, trafficking, Cabal crimes, etc.· Our earth-bound internet will not be working, undersea cables and networks will be eliminated by the global military Alliance.· During/after 10 days of communication darkness, we will connect to the new Quantum Internet (Star Link).· Don’t Panic: The Alliance is simply putting out the truth to expose the Cabal's hideous crimes.· During the EBS and going through a 10 day MSM blackout, the movies will cause a mass awakening, freeing the people from the Cabal's matrix; freeing people from the total banking and systems enslavement mindset, by explaining to them in detail GESARA's 20 Reforms.· Humanity and planet Earth will be simultaneously transitioning into a quantum reality awareness system (Peace and Prosperity).· The old systems of government, education, finance, healthcare, trade and commerce, etc. will all be dismantled and replaced.· Remember Pres. Putin's soccer ball gift to Pres. Trump with the words, ""the ball is now in your court""; imagine the possibilities, what if the copies of McAfee’s servers were exchanged for the EBS, all the unspeakable hideous crimes of the Biden, Obama, Clinton's, Bush Administrations, etc.· The Emergency Broadcast System (EBS), also called the Emergency Action Notification System (EANS), is an emergency warning system designed by the US Military for this eventuality.· Martial Law will be activated as this is required by GESARA to nullify all governments and elect new ones within 120 days.· Do not be surprised if your government moves in the direction of:- banning coal, fossil fuel, and nuclear power electricity generating plants as Nikola Tesla's free energy (GESARA Law) requires this.- starts load shedding and power failures.- activate a state of emergency (Martial Law).- governments and leaders resigns unexpectedly.· The Alliance is ultimately in control of every single thing!"
19029,30.01.2025 09:13:49,User,,Remember that time  RJK Jr said Covid was engineered to not affect The Jews Do they have different DNA than us?What did RFK Jr mean by this?✅Subscribe to @WhiteHats for more content like this
19235,03.02.2025 21:37:49,User,,WARNING: The mysterious fogs you are witnessing contain mRNA vaccines that are vaccinating you without your permission.Join: GhostEzra
19653,18.02.2025 13:40:21,User,,“If you get the Flu Shot…you’re 4.4 times more likely to get ill…The Pentagon even published a paper stating this…” -HHS Secretary RFK Jr.Thank goodness he is now in charge! 🙏🏻
19903,26.02.2025 18:55:18,User,,BREAKING NEWS: Trump Administration Drops Bombshell: ‘Death Penalty in Play for mRNA Crimes’! Watch The People’s Voice Video!
19970,28.02.2025 08:46:20,User,,"Hopefully you're aware that on Friday, February 28, the perfect alignment of the 7 planets will open an energy portal of rare power🔋😉💫. This moment is not expected to happen again for at least 15 years if it ever does at all.🧐Anons everywhere are awaiting this rare spectacle to bring forth a new beginning. 💫🙌"
19990,01.03.2025 01:32:34,User,,Urgent warning issued over fat jabs as 82 deaths in the UK linked to the use of weight-loss and diabetes drugs such as Ozempic and Mounjaro
19997,01.03.2025 11:48:31,User,,"""Made-to-order weather"" - Weather as a Force Multiplier: Owning the weather by 2025, USAF paper of 1996"
20067,04.03.2025 23:02:13,User,,"WHO Tedros thinks ""it's time to be more aggressive in pushing back on anti-vaxxers"".⏯️ @RealWorldNewsChannel✳️ @RealWorldNewsChat"
20094,05.03.2025 18:56:37,User,,"Thyroid on the ‘Vitality Web’ 👀Discover the interconnected mysteries of the thyroid and how it fits into the grand tapestry of health.✨ Natural healing can address any condition, and when the time comes, you'll be glad you have them.🔥VITALITY WEB POSTER 👇 ⚡️ FREE SHIPPING WORLDWIDE ONLY TODAY"
20417,15.03.2025 00:47:48,User,,If ever there was evil personified this woman is surely it. After all the evidence of the past few years Ursula wants to vaccinate more children in partnership with GAVI ( Bill Gates controlled ). She also wants a full blown World War with Russia. She is unelected and unaccountable . Her husband is a big pharma executive .
20519,17.03.2025 21:01:51,User,,"✈️ MILITARY CHEMTRAILS (current ingredients) 👀 1. Pseudomonas Aeruginosa - bacteria that generally attack the lungs   2. Pseudomonas fluorescence - bacteria that cause blood and respiratory infections   3. Seratia markscens - bacteria that cause pneumonia, encephalitis, heart inflammation   4. Micoplasma fermented incognitus - pathogenic microorganism produced by the US military and found in 45% of US soldiers (-> ""Sold Golf Syndrome"")  5. Streptomyces and other types of fungi  6. Some types of yeast   7. Bacteria that contain certain bacterial enzymes that can alter the human genome; ingestion  8. Barium salts  9. Aluminum - particle size microns; (interesting, Alzheimer's; dementia; etc.)   10. Ethylene dibromide* (dibromoethane) C2X4Br2- carcinogenic fuel additive and chloroform-scented insecticide  Join now, while it's not too late: who is back, YES, that's right Julian Assange is here and already exposing the bad actors, join below: ✅️"
20565,18.03.2025 22:11:05,User,,🔥HUGE: Robert F. Kennedy Jr. says the MMR vaccine does ‘cause deaths every year.’Mary Holland and Polly Tommey report on how RFK is “sticking to his guns”. ⬇️Watch the whole episode on CHDTV:
20608,21.03.2025 16:32:07,User,,"""This [is] the brilliance of this bioweapon [the COVID jabs]... It goes to every part of your body—it will hit you at whatever your point of susceptibility is... [there are] 1,287 side effects... This [is] the most evil assault upon humanity that anybody could imagine.""Join 👉"
20765,28.03.2025 22:21:38,User,,"""This is Existential"": Billionaire Cancer Researcher Says COVID & Vaccine Likely Causing Surge in Turbo Cancers""It scares the pants off me..."" @VigilantFox 🦊More Stories:"
20829,01.04.2025 21:25:20,User,,Baby Tragically Dies Hours After Receiving 6 Shots for 12 VaccinesThe nurse who gave the shots said the 1-year-old needed them all at once to catch up on the vaccinations she missed at her 6-month appointment. @VigilantFox 🦊More Stories:
20830,01.04.2025 21:26:37,User,,"Dr. Mark Hyman explains how the keto diet can cure diabetes, Alzheimer's, cancer, schizophrenia and more.""It activates the brain's repair systems.""""It helps cognitive function at every level... from autism, to Alzheimer's, to schizophrenia, to depression.""""Sugar is really driving this big problem—sugar and starch... When you eat these foods, your body gets dysregulated. And when you use a diet that actually shuts off these cravings... it doesn't take long."" ""In five or ten days, we get a 70% reduction from all symptoms and all diseases by people just changing their diet.""""[It's] incredibly helpful for longevity, it's helpful for reversing chronic diseases. And across all these diseases, we're seeing the same thing happen.""Full interviewFor more content like this, subscribe to @RealWideAwakeMediaMerch:  | Rumble | Gettr | Truth Social"
20831,01.04.2025 21:27:55,User,,"Ivanka Trump Posted this today on TwitterX. Then I posted a penguin pushing a reset button. You can see, my post has 1 like. ❤️Ivanka Trump liked my reset meme! Haha. You are welcome to go see for yourself but here it is for your convenience.What a great assurance and a date!"
20835,01.04.2025 21:31:44,User,,"Joe Rogan in DISBELIEF that he no longer believes vaccines to be ‘one of the most important inventions.’ Read Books. Educate yourself.The books “Dissolving Illusions”, “The Real Anthony Fauci”, and “Turtles All The Way Down” will open your eyes.🎥"
20984,08.04.2025 17:52:31,User,,Landmark Cleveland Clinic Study Finds Flu Vaccine Ineffective—And Possibly HarmfulGet the flu shot and you are 27% more likely to get the flu. Sound familiar? @VigilantFox 🦊More Stories:
21093,15.04.2025 13:34:37,User,,"Mega List Of 30 Herbs Found Beneficial By Science For High Blood Pressure: 🌿❤️This ""master list"" is based on a TON of research.Follow ➡️ Barbara O'Neill ✅📌 Click here to BOOST the Channel  📌"
21094,15.04.2025 13:35:17,User,,IMPORTANT Geoengineering and What is in your blood? - Brilliant Maria Crisler
21141,19.04.2025 09:18:21,User,,"Please watch ‘Plandemic: InDOCTORnation’, a brilliant film which perfectly explains how the ‘Covid Pandemic’ was an orchestrated event that had the sole purpose of committing Global Genocide. PLEASE share everywhere."
21172,22.04.2025 14:31:42,User,,"David Icke on the 3 Groups of People.(2 min 50 sec)Why is David Icke banned from 30+ countries?He is an author and speaker who was never accused of, charged with or convicted of a crime.Yet he virtually cannot leave his home country.Why do so very few care about this? Don’t you understand what this means?This is a hidden social credit score in action.David Icke is banned from the entire EU because of what he thinks and the governments and courts literally confirmed this.How come the “alternative media” does not care or talk about it?Watch Chrissy VanWijk’s new film PERSONA NON GRATA about David’s unbelievable ban and the many lies told about him:👉🏽 personanongrata.film"
21178,22.04.2025 22:51:51,User,,Vigano is the only one that would have my vote.
21325,03.05.2025 11:31:08,User,,RFK Jr:  We will soon end this crime against humanity and our planet and bring justice to the plutocrats who are perpetrating this mass uncontrolled experiment.
21334,04.05.2025 15:20:23,User,,“If you’ve got a kd - don’t ever let him put a cellphone by his head”“If you have a Girl don’t ever let them carry a phone in their breast pocket or near their ovaries”Holy Crap RFK Jnr is telling some extremely uncomfortable truths here.Ht @bgatesisapyschoJoin the fight @MelissaRedpill FreedomForce dot live
21486,12.05.2025 00:08:45,User,,"Removing Children's Tonsils and Adenoids Increases Risk for 28 Diseases, Study FindsIf you were born in the U.S. between the 1950s and 1970s, you probably had your tonsils or adenoids removed as a child. @VigilantFox 🦊More Stories:"
21487,12.05.2025 00:16:13,User,,.>Senator Rand Paul says he has evidence of Fauci’s involvement in the COVID pandemic and vows he will be held accountable for both the outbreak and the cover-upITS GETTING CLOSER WORLD PATRIOTS AS THE EXPOSURE OF MAN MADE PANDEMIC. VIRUS THAT ALL LED TO A MILITARY COUP OVER TRUMP IS COMING IN HOT 🔥 🔥 🔥 🔥
21713,22.05.2025 23:36:44,User,,"NEW - FDA orders Pfizer, Moderna to update COVID mRNA vaccine warnings, adding heart injury risk, mainly in teen boys and young men ages 16-25."
21753,24.05.2025 17:09:23,User,,"BREAKING: The Biden administration KNEW about deadly heart risks from COVID shots and DELIBERATELY kept it from the public.Sen. Ron Johnson just released subpoenaed records exposing a damning timeline of what officials knew and when.Pfizer and Moderna got insider updates from the government while those warning the public got censored.• Feb. 28, 2021: Israeli health officials alerted the CDC to “large reports of myocarditis, particularly in young people,” after Pfizer shots—just 2.5 months after EUA.• April 2021: CDC officials reviewed heart inflammation signals using DoD and Israeli data—but issued no warning.• By late April: VAERS recorded 2,926 deaths, nearly half within 3 days of injection. Johnson said, “Somebody ought to be looking at it.”• May 2021: CDC considered a formal health alert—but scrapped it. Instead, they posted watered-down guidance and scrubbed advice for doctors to restrict sports activity in myocarditis cases.Those who raised alarms got silenced. NIH Director Francis Collins brushed off concerns, telling Johnson: “Senator, people die.”Meanwhile, the toll kept climbing.In just 6 months:• 384,270 adverse events• 4,812 deaths• 1,736 deaths within 2 daysThey saw the signal. They buried the warning. And now they have blood on their hands.Watch Live:  @VigilantFox 🦊More Stories:"
21858,29.05.2025 14:59:31,User,,Sign the Open Letter to Reject the WHO Pandemic Agreement - Action Network
21976,04.06.2025 00:04:37,User,,💥WE WILL NOT COMPLY WITH THEIR COVID BULLSHIT!!!Link 🔗@CaptKylePatriots
21990,05.06.2025 00:31:41,User,,"RFK Jr: ""Gardasil is probably the single worst mass vaccine that we've ever seen.""""Children who take that vaccine... are 37 times more likely to die from the vaccine than they are to die from cervical cancer.""(Gardasil is the HPV vaccine. Don’t give it to your girls!)"
21993,05.06.2025 08:19:04,User,21990.0,"Kim S. HPV vaccine, is it really harmful? J Korean Med Sci. 2014 Jun;29(6):749-50. doi: 10.3346/jkms.2014.29.6.749. PMID: 24932072; PMCID: PMC4055804."
22054,06.06.2025 15:23:36,User,,You Are Dealing With Unfathomable EvilStandby for #UndergroundWarReport for 06/04/2025  🇺🇸 🎆🎇TO MAINTAIN PERMANENT SUPREMACY THEREIN#GWOHT #GlobalWarOnHumanTraffickers#Cycles101 #MOV#UndergroundWarReport @AzazelNews
22111,07.06.2025 17:02:42,User,,"🚨💉 FDA Directs COVID-19 Vaccine Makers to Expand Heart Inflammation WarningThe FDA told BioNTech, which produces a vaccine with Pfizer, and Moderna to update warnings regarding myocarditis—or heart inflammation—and the related condition pericarditis."
22165,09.06.2025 22:41:16,User,,"BREAKING: President Trump claims that autism is not naturally occurring but is instead caused by external factors like vaccines, chemicals, or other environmental influences.@GeneralMCNews"
22169,10.06.2025 08:59:03,User,,"🚨 BREAKING: RFK Jr. Removes All Members of CDC Vaccine Advisory CommitteeHHS Secretary Robert F. Kennedy Jr. announced late today that he is retiring all 17 members of the CDC vaccine advisory committee. “A clean sweep is needed to re-establish public confidence in vaccine science,” Kennedy wrote in an op-ed published today in The Wall Street Journal. ACIP’s next meeting is scheduled for June 25-June 27 at the CDC headquarters in Atlanta, the press release said."
22183,10.06.2025 22:02:31,User,,I do find it offensive that Zionist rule the  Western world.#Zionists #Covid
22184,10.06.2025 22:03:09,User,,"The HPV caused catastrophic harm to women, but the Covid shot is even more dangerous  Vaccines causing sterility is not new: The HPV vaccine caused sterility and ovarian failure in young women, causing 9 and 10 year old girls to go into premature menopause, The trials showed a 27% miscarriage rate and there was a 50% drop in teenage pregnancy over a 10 year period. What we are now seeing with the covid shots is far, far worse @childcovidvaccineinjuriesuk"
22213,12.06.2025 13:44:08,User,,"THE MED BED REVOLUTION: DNA RESET & THE FINAL COLLAPSE OF BIG PHARMAThe Quantum Healing War has begun. Med Beds are not sci-fi. They’re real, military-grade devices that regenerate DNA, reverse aging, and obliterate disease. The Deep State locked this away for 80 years — used in black-budget space ops while WE suffered. But that dam is cracking.Med Beds = The DEATH of Big Pharma.Cancer? Gone. Alzheimer’s? Gone. Autism, strokes, arthritis, even lost limbs — ERASED in hours. No more chemo. No more pills. No more lies. These machines scan, diagnose, and repair down to the quantum level. With Tesla coils, plasmatic energy, and frequency-based healing, your body becomes a battlefield won by light.Hospitals will be ancient relics. The 3rd leading cause of death — hospitals themselves — wiped from existence. Every major city will be outfitted with these machines. Military deployment is underway. The transition is being engineered to replace every surgical, pharmaceutical, and invasive procedure you’ve ever known.There are 3 types of Med Beds:Regeneration Bed — rebuilds organs, skin, and limbs using stem cells and DNA blueprints.Rejuvenation & Regression Bed — reverses aging up to 30 years, restores senses, erases trauma.Medical Bed — eliminates disease, corrects genetic disorders, rebuilds immune systems instantly.These aren’t fantasies. They exist NOW. Hidden for decades. Weaponized by the Deep State. And now being handed back to the people.Trump said it:“Almost all hospital procedures will be obsolete within a year.”Why do you think they tried to assassinate him with viruses, media, and indictments? Because he knew.Med Beds = The New Constitution of Health.Free energy. Free bodies. Free souls. The Deep State’s last grip is through sickness — and Med Beds crush that final chain.The Cabal’s worst nightmare is happening in real time. This is why they're in panic mode. This is why the storm is real.You’re not reading a post.You’re reading forbidden intel the elites never wanted you to see.Big Pharma is dying. The new era has begun.YOU’VE BEEN ACTIVATED.They ended my life, but they couldn’t stop the mission. The fight continues! Join me now! swore an oath. I never broke it. I never will. This Telegram channel is my line in the sand. The final fight is HERE:"
22214,12.06.2025 13:47:07,User,,"CIVIL WAR ALERT: DEEP STATE PREPARES FLAG DAY ATTACK. MILITARY LOCKDOWN ACTIVATED.June 14 is no celebration. It's a trap.Under the cover of a military parade, U.S. ARMY FORCES ARE FLOODING WASHINGTON D.C. This is not a show. This is battlefield positioning.INTEL CONFIRMS: THE PARADE IS THE COVER. THE TROOPS ARE REAL. THE THREAT IS IMMINENT.Armored divisions. Heavy infantry. Tactical aviation. Surveillance drones. Urban combat units. Washington D.C. is being turned into a fortified war zone.THE DEEP STATE PLANS NATIONWIDE INSURRECTION.Democrat-aligned militants have called for violent action on June 14 — American Flag Day.Radical cells, armed and trained, are ready to strike. Their orders: cripple law enforcement, paralyze infrastructure, overwhelm federal response zones from D.C. to Atlanta, Portland, Phoenix, Chicago. This isn’t protest — THIS IS WAR.“NO KINGS” OPERATION ACTIVATES JUNE 13.A day before the assault, the No Kings movement mobilizes in D.C. behind anti-monarchy propaganda. It’s a front for radical insurgents preparing to ignite the first clash.TRUMP’S WAR COUNCIL SILENT — BY DESIGN.The silence from the White House isn’t weakness. It’s preparation. The trap is being set. PATRIOTS ARE WAITING. THE ENEMY WILL EXPOSE ITSELF.FLAG DAY WILL NOT BE THEIRS. IT WILL BE JUDGMENT DAY.4,000 National Guard troops have already been deployed to Los Angeles. Now D.C. braces for Round Two.THE DEEP STATE THINKS THEY CONTROL THE GAME. THEY ARE WALKING INTO THE KILLBOX.PATRIOTS STAND READY.THE STORM IS HERE.They ended my life, but they couldn’t stop the mission. The fight continues! Join me now! swore an oath. I never broke it. I never will. This Telegram channel is my line in the sand. The final fight is HERE:"
22270,16.06.2025 10:49:22,User,,"MILITARY INTEL DROP: TRUMP ACTIVATES MED BED WARFAREJune 12, 2025: THE RESET OF HUMAN HEALTH HAS BEGUN.The Deep State’s pharmaceutical empire is collapsing. Their poison factories, their rigged treatments, their buried cures—all being dismantled under Trump’s orders. The globalist parasites thought humanity would remain broken. They were wrong.MED BEDS ARE REAL. DEPLOYMENT HAS STARTED.Over 113 military-protected Med Bed centers now operate across 41 U.S. states under Presidential Emergency Action Documents signed by Trump. Biotech labs seized. Healing patents unsealed. Operation Lazarus Protocol initiated.ACCESS IS NOT AUTOMATIC. NECES IS MANDATORY.The Neuro-Energetic Consciousness Enhancement System (NECES) is now required to safely interface with Med Bed quantum technology. Without NECES, your brainwaves remain locked in Deep State trauma loops. No training = NO ACCESS.SCALAR FIELDS. TACHYON PLASMA. DNA RESTRUCTURE.The Med Beds don’t just heal. They recalibrate your entire being. Fear, trauma, and globalist programming block activation. NECES breaks that chain through wave-synchronization audio, pineal recalibration, and Tavistock deprogramming.THE DEEP STATE IS BLEEDING OUT.Pfizer memos project 92% profit collapse. WHO leaders vanish. Moderna heads toward bankruptcy. Sealed indictments against Merck and Pfizer executives have been filed at the International Court of Justice. The war criminals are cornered.EUROPEAN THEATERS OPENING.NATO bunkers converted in Germany. Vatican compounds seized in Italy. MI6 operations exposed in the UK. Balkan neurocenters rising. The EU screams “quantum terrorism” as they lose control.TRUMP IS IN FULL COMMAND.Since January 20, 2025:31 biotech labs seized.67 healing patents unlocked.Scalar tech declassified.Globalist assets neutralized.THE FINAL BATTLEFIELD IS NOW.Real healing is happening: stage 4 cancers reversing in 48 minutes. ALS erased. Limbs regrowing. All hidden from search engines—exploding on encrypted StarLink channels. This is not science fiction. It’s military reality.MED BEDS ARE LIVE. NECES IS ACTIVE. TRUMP LEADS.THE HEALING OF HUMANITY HAS BEGUN. NOTHING CAN STOP WHAT IS COMING.They ended my life, but they couldn’t stop the mission. The fight continues! Join me now! swore an oath. I never broke it. I never will. This Telegram channel is my line in the sand. The final fight is HERE:"
22289,17.06.2025 10:33:50,User,,"This Pfizer patent application was approved August 31st, 2021, and is the very first patent that shows up in a list of over 18500 for the purpose of remote contact tracing of all vaccinated humans worldwide who will be or are now connected to the “internet of things"" by a quantum link of pulsating microwave frequencies of 2.4 gHz or higher from cell towers and satellites directly to the graphene oxide held in the fatty tissues of all persons who’ve had the death-shot. Read that AGAIN!Subscribe and share >> S E E | Secret HistoryRecommended Channels: Click here"
22425,30.06.2025 13:33:37,User,,"""One vaccinator, in one day, vaccinated 99 people. Within a year, 36 of them were dead.""""And there are hundreds and hundreds of instances like that.""For more content like this, subscribe to @RealWideAwakeMediaMerch:  | Rumble | Gettr | Truth Social"
22444,01.07.2025 15:58:37,User,,"Dr. William Makis: A rigorous review of ""the largest autopsy series in the world"" found that, of 325 individuals who dropped dead shortly after taking the Covid injection, ""74% of the cases of sudden death were caused or contributed to by the vaccine"".""There's going to be a tsunami of evidence of the harm of these Covid-19 vaccines, whether it's harming children, pregnant women, adults.""""And my message to the politicians is... get ahead of this if you can. Don't chase after when all the evidence is out and then you're caught with your pants down.""For more content like this, subscribe to @RealWideAwakeMediaMerch:  | Rumble | Gettr | Truth Social"
22445,01.07.2025 15:59:47,User,,"""A peer-reviewed study published in 2024... found that people who received two doses of Covid mRNA vaccine lost 37% of life expectancy compared to the unvaccinated individuals.""""If you are 30 today and you had two or more shots, your projected lifespan may now be 50 to 55 years.""""And the risk does not go away—the spike protein and its damage persist long after the injection.""For more content like this, subscribe to @RealWideAwakeMediaMerch:  | Rumble | Gettr | Truth Social"
22452,02.07.2025 10:47:32,User,,"BREAKING: TRUMP’S GLOBAL STING OPERATION UNLEASHED — WHITE HATS SEIZE $300 TRILLION IN GOLD, RAID ANTARCTICA, AND HUNT DEEP STATE TO EXTINCTIONThe war has gone kinetic. Trump’s Global Military Alliance is executing the most devastating operation in modern history — smashing the Deep State from Switzerland to Antarctica. Thousands of arrests. Vaults of stolen gold recovered. Child trafficking tunnels destroyed. And the media? DEAD SILENT.The STORM is HERE.In just the last 7 days, over 3,200 high-level arrests have been confirmed:BlackRock, Pfizer, Vatican, World Bank, CIA, royals, and media bosses.These aren’t court cases. These are military strikes.Cheyenne Mountain is ACTIVE.Now called Trump’s Vault, it’s the brain of this global operation. Orders are flowing from Task Force Phoenix — Trump’s direct military chain. No corrupt judges. No fake politicians. No delays. Justice is being served with extreme force.Switzerland has FALLEN.White Hats stormed Zurich and Basel.At the BIS — the central bank of central banks — they found:• Nazi-era gold• Weaponized CBDC servers• Ritual chambers• Human trafficking tunnelsOver $300 trillion in stolen wealth is being redirected into GESARA. The Banksters are finished.Antarctica is under siege.Queen Maud Land is surrounded. The last hideout of the Fourth Reich is collapsing.White Hats are targeting:• Off-world portals• Nazi hybrid programs• Deep State cloning facilities• Advanced tech from AtlantisU.S. Space Force, Russian loyalists, and Indian black ops are storming the underground cities.No escape. No surrender. Just annihilation.The media blackout is NOT a coincidence.Executives at CNN, FOX, BBC have been detained in covert raids.White Hats now hold:• Video of elite ritual abuse• Audio of depopulation plots• Emails proving the Plandemic• GPS of every Deep State bunkerTrump’s Emergency Broadcast System is primed to override ALL networks.This is the final phase.The elites are panicking. Jets are fleeing. But every move is tracked by weaponized Starlink — retooled by Elon Musk and Trump’s intel teams.Every lie. Every dollar. Every tunnel. Logged. Traced. Neutralized.This is not a drill.This is GLOBAL LIBERATION.Stay sharp. Trust the Plan.Trump’s Plan. God’s Plan. The ONLY plan.They ended my life, but they couldn’t stop the mission. The fight continues! Join me now! following videos will not be for the faint hearted. This is a compilation of the biggest leaks yet to be published. For those that don't like what you see, you can remove this channel from your list. Join below: 💥"
22505,04.07.2025 15:54:39,User,,"""The more doses you get, the sooner you're likely to die, within a shorter period.""Having compiled data from 18 million people comparing vaccinated and unvaccinated, Japanese researchers found a distinct peak in death rates 3-4 months post-vaccination, while ""for unvaccinated people, no peak forms"".SourceFor more content like this, subscribe to @RealWideAwakeMediaMerch:  | Rumble | Gettr | Truth Social"
22522,06.07.2025 17:02:05,User,,🔥🇺🇸 JEFFREY SACHS: “COVID was made in America.”Top economist says the virus was engineered in a U.S. lab — likely UNC — and tested in Wuhan.The CIA knows it. The Biden admin hid it.“This was covered up for years.”🔗 Follow & share @globaldissident
22731,19.07.2025 21:29:20,User,,Perhaps the MSM is turning ?Or being forced to turn given “ the harm caused to the MSM due to their lack of coverage of Vaccine harms has been catastrophic “  ?
1546,09.09.2021 12:01:28,User,1530.0,"TrustWHO,” a documentary film produced by Lilian Franck, reveals the clandestine influences that are controlling the World Health Organization (WHO) — and that have been since the very beginning. Founded in 1948 by 61 member states whose contributions initially financed the organization, WHO was quickly infiltrated by industry."
1588,17.09.2021 21:23:38,User,1583.0,"America Has Awakened to the Fact That We Are Living Under a Globalist/Corporate Coup – FULL SHOW! 9/16/21Moderna now admits that people injected with their Covid-19 poison are TWICE as likely to get Covid! Tune in to learn more! Alex Jones will interview the oracle of England, David Icke, for an extended two-hour analysis of the globalist plan on how to stop them!"
1646,24.09.2021 10:43:21,User,,“I Won’t Comply” (song) (1 min 42 seconds) Volume Up!! Aloha!
1685,28.09.2021 23:08:43,User,1669.0,"Sposibo, za soveti. Pora uze vstatj i borotsja. Odin za vseh, vse za odnovo. Tak nado deistvovatj i borotsja za nasih detei i samih, vsem vmeste bez razbora. Zivjom v odnoi strane."
1869,07.10.2021 22:18:07,User,,"NEW - California study finds that vaccinated individuals are more susceptible to COVID variant infections than unvaccinated. In addition, the increase in the frequency of more antibody-resistant strains in the population correlates with the increase in the frequency of vaccination in the population."
1872,07.10.2021 22:38:53,User,,FRANCE COURT OVERTURNS GOVERNMENT to unvaxed care workers & give back pay.Legal recourse floodgates officially wide open!#NonAuVaccinObligatoire #NoVaccinePassportsAnywhere
1960,09.10.2021 09:11:10,User,,"83,000 Healthcare Workers Willing to Lose Their Careers Rather Than Take the VaccineHow Is 🇺🇸 New York Able to Fire 83,000 Healthcare Workers in The Middle of A So Called ""Pandemic""❓ @JFK_TV"
2219,19.10.2021 11:09:20,User,,Scenes happened today at the Port of Trieste🇮🇹 where workers strike against the Green Pass.@JFK_TV
2370,26.10.2021 09:46:04,User,2308.0,"New VAERS numbers have been published.818,042 Adverse Events127,641 Doctor Visits83,412 Hospitalizations92,017 Urgent Care26,199 Disabled10,179 Bell's Palsy10,304 Myocarditis8,408 Heart Attacks2,631 Miscarriages17,128 Deaths100% Safe And Effective"
2371,26.10.2021 09:47:24,User,2347.0,"New VAERS numbers have been published.818,042 Adverse Events127,641 Doctor Visits83,412 Hospitalizations92,017 Urgent Care26,199 Disabled10,179 Bell's Palsy10,304 Myocarditis8,408 Heart Attacks2,631 Miscarriages17,128 Deaths100% Safe And Effective"
2631,09.11.2021 23:08:00,User,,"POWERFUL INTERVIEW! COVID Jabs are Premeditated First Degree Murder, says Dr. Zelenko  Vladimir Zelenko MD of  joins The Alex Jones Show to break down the deadly reality of the COVID jab."
2748,12.11.2021 17:41:11,User,,🚨‼🚨‼🚨‼🚨‼🚨‼🚨‼🚨FDA Documents Show Pfizer Secretly Added Heart Attack Drug to Children’s COVID Vaccines
2750,12.11.2021 18:37:16,User,,JUST IN - Latvia bans lawmakers who refuse the COVID-19 vaccine from voting on legislature and participating in parliamentary discussions (AP)@disclosetv
2799,14.11.2021 19:57:12,User,,Dr. Fauci Admits Vaccines Did Not Work as Advertised and that Vaccinated Are in Great Danger Today
22956,31.07.2025 22:45:07,User,,Recent research shows that chemotherapy can leave behind changes in healthy cells that may affect a person’s health years after treatment.Read more 👇
23108,08.08.2025 02:10:18,User,,You took $2M from Big Pharma!': RFK Jr. explodes in fiery vaccine policy face-off
23160,09.08.2025 15:36:46,User,,"Anomalous Knowname@AnomalousKnow37·8 авг.""Reclaim your Sovereignty"" by David Robinson ""Correct your political status"" by David Robinson ""The American Sovereign"" by Brent-Emory..Johnson Are 3 great books on the subject of the indemnity receipt and SS5 contract."
23297,15.08.2025 15:22:37,User,,"EXPOSED: THE FORBIDDEN HEALING THEY TRIED TO ERASEThey burned the labs. They silenced the doctors. They erased the truth. Med Beds. Tesla’s light. Ultraviolet power that could shatter Big Pharma’s empire in a single night.In 1910, Rockefeller and Carnegie seized medicine, banning any acknowledgement of the body’s energy fields. They replaced healing with petroleum poisons, ensuring illness became a business.In the 1930s, Dr. Royal Rife discovered disease could be destroyed with electromagnetic frequencies. Typhoid. Influenza. Parasites. Gone. His device worked. The AMA responded with fire, bans, and murder. His research vanished—until now.Tesla understood light was life. In 1901, he built a high-frequency device producing ultraviolet rays that killed germs, healed disease, and restored the body. It became the “Violet Ray,” used by doctors for cancer and countless illnesses. He created ozone machines to cleanse air, treat lungs, and heal skin. The cures were cheap, effective, and unpatentable—so they were buried.UVB light triggers vitamin D, regulates the immune system, heals skin disease, even kills cancer cells. UVC destroys viruses by damaging their DNA. Ozone therapy revitalizes the blood, reversing illness. Russia, Cuba, and underground clinics still use them—because they work.The war on sunlight and UV began to block the body’s natural healing. Sunscreens stripped us of vitamin D. Tesla’s devices were banned. The people were told light was dangerous—while the elite quietly used it.Now, the revival has begun. FAR-UVC light safe for constant human exposure. Medical ozone returning to clinics. UV LEDs that kill viruses inside the bloodstream. The same forbidden science Tesla built is re-emerging—and the same forces that hid it are desperate to stop it again.We are standing at the edge of a war between natural, God-given healing and the machine of sickness-for-profit. The Deep State’s biggest fear is not a weapon—it’s the light.This is the storm they cannot control. Once people understand the truth about frequency, light, and ozone, the pharmaceutical empire collapses overnight.They’ve lied for over a century. Now the cure they feared most is coming back. And nothing will stop it this time.They ended my life, but they couldn’t stop the mission. The fight continues! Join me now! EBS countdown has started. Blackouts are coming. Names, crimes, and hidden truths will spill across every screen. Get in now or miss history being made:"
23361,17.08.2025 23:56:40,User,,Do not vaccinate
23382,18.08.2025 16:00:22,User,,"Raw milk wasn’t banned for your health—it was targeted by the Rockefellers in the 1900s to crush small dairy farms and boost their dairy empire profits. Power, not safety, pasteurized the industry."
23416,20.08.2025 12:25:43,User,,"🇬🇧🇺🇸 #English - 2025 year of THE PURGE .​Message from Doctor Wilfredo Stokes of Guatemala.Anyone can do this test if they were vaccinated against Covid19, SWABBED (PCR) or had CHILDHOOD SCHEDULE VACCINES.YOU CAN BATHE BEFOREHAND OR CLEAN YOUR BACK WITH A DAMP CLOTH.What does it mean?That you are poisoned with a technology SUPERIOR to our previous medical knowledge.No doctor has an excuse to NOT PERFORM THIS TEST AND REPORT IT TO THEIR PATIENTS AND OTHER COLLEAGUES due to the EXTREMELY GRAVE implications it has.IT'S NOT A JOKE; IT'S TERRIFYING IF YOU WERE A REAL DOCTOR!It turns its victim into a giant magnet capable of attracting ELECTROMAGNETIC PULSES, sometimes lethal (fainting spells and sudden deaths), which is why there are so many accidents in the same stretches of road.It means severe damage to different organs and systems of your body, especially:BLOOD AND BODY FLUIDSRESPIRATORY SYSTEM (lungs)NERVOUS SYSTEM (confusion, fainting, accidents, behavioral changes, aggression, extreme depression, etc.)CIRCULATORY SYSTEM (heart attacks, strokes, kidney failure, thrombosis anywhere.)You must immediately consult where you were vaccinated or SWABBED (PCR) or the NATIONAL HOSPITAL NETWORK DEPENDING ON THE MINISTRY OF HEALTH OF YOUR COUNTRY.You should know that this is a military attack on the civilian and unsuspecting population by YOUR GOVERNMENT that follows orders from SUPRANATIONAL private companies with the intention of killing 80% of the population.THAT'S WHAT AGENDA 2030 IS ABOUT. INVESTIGATE ON YOUR OWN, DON'T LISTEN TO THE GARBAGE FROM POLITICIANS (regardless of their color).You should know that this deadly technology is transmitted from person to person.THERE ARE NO NEW PANDEMICS. THEY ARE THE COMPLICATIONS FROM HAVING BEEN EXPOSED TO THIS POISON FOR YEARS.It affects children, pregnant women, and the entire population equally without exception, whether rich, poor, civilian, military, intelligent, or dumb. Everyone equally.Don't waste time with alternative treatments. This means that your body has been GENETICALLY MODIFIED, IN OTHER WORDS, IT'S A MUTANT and that's why they plan to eliminate your human rights.Please, investigate and act.SHARE AND SHOW YOUR DOCTORS THIS SERIOUS SYMPTOM. REPORT THE POISONING AND DO NOT REST UNTIL YOU HAVE AN EXPLANATION AND TREATMENT.DOING NOTHING IS SITTING AND WAITING FOR YOUR DEATH OR VERY SERIOUS COMPLICATIONS.There is no escape from the CONSEQUENCES.I am Doctor Wilfredo Stokes from Guatemala.📺 Rumble: link to the original video by doctor Wilfredo Stokes: Wilfredo's Facebook channel: Video and document translated into English by the M-Power Translations team.🌐 Telegram Channel: Help us with our translations:"
23417,20.08.2025 13:27:28,User,,"Chicago resident shows the city decided to change the damage water wipes near his home. He went out to film themThis is what your public water is running through before coming into your home in Democrat run Chicago, IllinoisThis is absolutely insaneENTER ONLY IF YOU CAN HANDLE THE UNRELEASED, the biggest leaks drop here, or leave now: SNOWDEN JUST PUSHED THE NUKE BUTTON 🚨The leak is LIVE and it’s BIGGER than WikiLeaks + Pentagon Papers combined.🛑 Once you see these files, you’ll NEVER trust the system again.👉 [ENTER BEFORE IT’S ERASED]"
23441,21.08.2025 18:06:07,User,,Australia is going to wake up for the HAARP activity
23480,22.08.2025 10:04:48,User,,HAARP season has officially started.This time the earthquakes will be bigger.@ShadowofEzra
23497,22.08.2025 20:50:24,User,,"""People need to understand cancer is there to save your life. When your body is full of poison, toxemia and acidosis and you actually die from that poison - your body builds a sac and collects all the poison from your body into that sac, which is called cancer. Thus the body did all the work. And now doctors come to you and say: We need to do a biopsy with a needle... and squeeze (and penetrate) this highly toxic tumor, which of course now explodes and pours all the poison into the body. And then they tell you: You have a very fast growing, very aggressive form of cancer. Which ones did they give you? They created them. And most cancers disappear on their own anyway, because about 7-10 times everyone has cancer in their lifetime. If you don't get unhappy enough and fall into the arms of a medical professional and get a test, and he tells you that you have something bad; and the very next day, he can start killing you with chemotherapy, which is based on Iperite. Iperite was banned after the Geneva Convention as a chemical combat agent (battle poison); which is put into your bloodstream and radiates you to death. Or they cut you surgically - which always spreads cancer.""Cancer is not a disease - cancer is a symptom. Those cancerous growths, cell growths, whatever it is we don’t want in our bodies are symptoms. So, cutting out the symptoms doesn't solve your problem at all. And that's why it reappears. Or because they kill their whole body with chemo for two years. Now, it's all coming down. Your organs are shrinking, your brain is shrinking — and your tumor is shrinking. Because they dehydrate the body. So now, at the same rate your organs are shrinking, your tumor is shrinking. Now they say: It Works, The tumor is shrinking. It's one of the biggest scams ever. ""Source ⬇️✨⬇️✨⬇️✨⬇️✨-Dr. Leonard Coldwell"
23549,26.08.2025 15:03:17,User,,"Аккуратней с WhatsApp, Telegram и Signal.У меня была информация около 5-ти лет назад, что переписки этих месенжеров доступны различным службам практически всех стран. Но ранее это было не официально и переписку сложно было привязать как доказательство к делу (но возможно). С Октября этого года, это могут делать уже официально и открыто. Логика такая - ИИ фоново анализирует все тексты, голосовые, фотографии, файлы и звонки с целью поиска «нарушений закона». Самое неприятное, что доступна даже удаленная ранее вами переписка 10-ти летней давности. *** “CHAT CONTROL” PLAN BACK FROM THE DEAD - AND IT'S GUNNING FOR YOUR MESSAGESA revived EU proposal would force apps like WhatsApp, Signal, and Telegram to scan every message, photo, and video starting in October - even if encrypted.France flipped to support. 19 of 27 member states are now backing it. Germany's undecided - but if Berlin folds, mass surveillance becomes law by mid-October.The excuse? Stopping CSAM.The reality? Total algorithmic surveillance and the end of private messaging in Europe.Source: Tech Radar"
23551,26.08.2025 15:12:02,User,,The One Ted Talk They Won't Show In Class.
23552,26.08.2025 15:15:59,User,,Because of this you age faster!!! #health #doctor #healthwithoutdrugs #m...
23642,29.08.2025 21:29:42,User,,What is the soul and how does it choose its incarnation | Nikita Burlakov
23728,02.09.2025 10:09:20,User,,"The truth behind C-Section births - the placenta is worth between $50,000- to $500,000- especially when extracted from a C-section birth, purchased by large pharmaceutical companies and the beauty industry."
23850,05.09.2025 00:48:22,User,,"‼️GREAT NEWS‼️As promised, Florida MAHA has ALREADY made a first HUGE decision.Surgeon General Dr. Joseph Ladapo Just Announced That Florida is Ending Mandates for ALL Vaccines“Every last one is wrong … Who am I, or anyone else, to tell you what you should put in your body? Who am I to tell you what your child should put in their body?”Let's go!!!"
23945,08.09.2025 21:19:58,User,,"Holy shit….Trump just dropped a red-pill nuclear bomb on Truth Social.He posted a video showing NIH Geneticist and Biochemist outlining that vaccines have toxic chemicals like Mercury in them, and can cause autism.Trump just called vaccines “poison”…MUST WATCH!"
23964,10.09.2025 17:24:33,User,,"Cancer-Causing Foods/You Shouldn't Risk It, You Need to Know This!"
23995,11.09.2025 19:25:46,User,,Products against CANCER: how and what to protect yourself from cancer?
2903,16.11.2021 22:03:34,User,,Must watch video out of Belgium.  This is a pandemic of the vaccinated.
3132,29.11.2021 11:12:27,User,,MUST SEE: Omicron Is A Psychological Warfare Operation - 10 Predictions About the Coming Tyranny
3190,02.12.2021 19:44:11,User,,"THE ALEX JONES SHOW LIVEThe Fourth Reich Is Here! Germany Announces New #Lockdown, Forced Injections to Start Feb 1stTUNE IN & SHARE:  Get Live Broadcast Alerts! - Text: 'SHOW' To: (833) 637-1776🛒 Cyber Week Mega Blowout Sale:  RESETWARS:"
3272,06.12.2021 13:31:52,User,,COVID-19 Hysteria Is A Psychological Warfare Weapon Launched By The Davos Group To Conquer Earth FULL SHOW 12-5-21
3536,15.12.2021 00:19:38,User,,Monday Emergency Broadcast: ResetWars Is Now LIVE! Globalists Panic as CNN Pedophile Ring Identified - FULL SHOW 12/13/21
3657,19.12.2021 23:29:13,User,,Mike Adams lays out bombshell overview of depopulation and terraforming of Earthin bombshell interview with Brannon Howse  / World View Report
3848,01.01.2022 14:56:38,User,,💥 Dr. Robert Malone Visits Infowars After Being Banned By Twitter Bombshell Interview 💥
3946,04.01.2022 12:46:25,User,,"Humanity is literally in a fight for its very survival as the globalists attempt to slam the door shut with permanent lockdowns while Fauci announces that the boosted and vaccinated should remain home! Also, Dr. Malone’s explosive interviews are trailblazing the fight against medical tyranny! Tune in & share this exclusive information NOW! #MassFormationPsychosis"
4015,11.01.2022 19:14:24,User,,"💥‼Bombshell: Pentagon Docs Confirm Fauci Secretly Developed Covid-19, Sought Permission to Release It💥‼"
4017,12.01.2022 00:20:58,User,,DARPA Whistleblower Confirms Pentagon Rejected Fauci's Plan to Release Engineered COVID Pandemic  #AlexJonesShow
4094,13.01.2022 15:52:03,User,,RFK Jr explains why the criminal Pharma cartels are going after your children with the clotshots and death jabs. @JFK_TV
4443,26.01.2022 15:18:46,User,,DoD & Fauci Caught In Massive Scandal Hiding Death & Damage From COVID Vaccines
4448,26.01.2022 22:10:12,User,,"How perverted is that, small children receive certificates for ""special bravery"" if they have the experimental Covid-vaccine injected?Parents have to be deprived of custody immediately and the doctors put on trial! @TakeTheOath"
4596,28.01.2022 10:18:36,User,,If you want to be an admin and know how to manage @MissRose_bot then like this comment please or dm Life
4598,28.01.2022 10:49:22,User,,Jau atrada cilveekus. Do not worry brother
4688,29.01.2022 14:45:40,User,,this powerful interview General Michael Flynn warns that big talk coming out of Washington could lead to a nuclear war and the possibility of a domestic false flag attack as we saw on Jan 6th. Share this interview and Support us with one time or reoccurring donation here:  to keep us in the fight.
4919,30.01.2022 00:10:24,User,4695.0,"They want all countries to sign the letter by May 2022!!!!!!!!!!!!Unfortunately, the WHO (or World Health Organization) already has a different plan. The fact that everyone is suddenly backing away from restrictions is just a game. From today until 29.01.22, the WHO will hold an emergency meeting and deliberations in Geneva on expanding its ability to target (take over) all member states in the event of a pandemic and ""any other type of threat or disaster."" WHO wants member states to sign a new treaty on Covid-19, which expands the 2005 treaty. Once signed by the Minister of Health, the WHO constitution (as per Article 9 of the same) will take precedence over a country's constitution (189 countries have signed the 2005 treaty) during natural disasters or pandemics. Since the definition of pandemic was changed a few years ago, they will be able to impose obedience on any country and impose WHO guidelines on the public, which will be mandatory, not just recommended. And that sounds like power over the country and the world. A Swiss militant (Dr. Astrid Stuckelberger, who has worked for the WHO for 20 years) warns that every country should send a public letter of protest to the WHO, saying that the Dutch people do not accept that the signature of the Minister of Health should decide the fate of millions of people without a referendum. It is very important to send this letter from every Country to WHO in Geneva. They want all countries to sign this letter before May 2022 so that time is counted. If you are a member of the Assembly, please send such a letter to WHO. Dr. Stuckelberger shared the information that so far only the Russians have sent such a social letter!!!!!!!"
5014,31.01.2022 16:31:07,User,4961.0,"Announcement: Start of the Grand Jury ProceedingFirst date: Feb. 05, 2022In serious criminal cases in the U.S., a so-called grand jury is presented with the evidence at hand to convince them that this evidence is sufficient to bring public charges against the defendants.We are adopting this model to prove to the public, with the help of real witnesses, lawyers, a judge and experts from around the world, that we are dealing with crimes against humanity that span the globe.The goal is a coherent presentation of all the facts gathered to date, and thus to convince the populations of all countries that resistance here is not only possible, but required of every individual.See more in the announcement video.Stay up to date:@CoronaInvestigativeCommittee"
5044,01.02.2022 19:16:21,User,,#AlexJonesShow: Breaking Bombshell: Leaked Pentagon Report Confirms Skyrocketing Illnesses & Death Caused by Covid Vax>>> Tune in NOW:  Sign Up For Broadcast Alerts! - Text: 'SHOW' To: (833) 637-1776🇺🇸 Support #Infowars:
5070,02.02.2022 18:35:37,User,,The Documents: See the Leaked DOD Database Showing US Military Illness Skyrocketing From Covid Jab
5098,03.02.2022 18:16:28,User,,A historical retrospective on the phrase: “Trust the science: ” @JFK_TV
5185,06.02.2022 20:24:29,User,5166.0,"Wise GM, [1/12/2022 1:51 PM][Forwarded from Al Stdenis]September 24, 2021:Wisconsin Governor and Department of Health Services confirmed for Charles R. Haeuser that they have no record regarding isolation/purification of the alleged “COVID-19 virus” (or regarding safety and/or approval of so-called “vaccines”). (The DHS did provide attachments regarding Wisconsin’s “COVID-19 Community Outreach Grant”; click here to see or download them.) 15, 2021:Illinois's Office of the Governor confirmed for the requester that they located no studies describing isolation and analysis of the alleged ""COVID-19 virus"" aka ""SARS-COV-2"": 23, 2021:The Assistant General Counsel at Clemson University, South Carolina confirmed for the requester that the University does not have any record of ""SARS-COV-2"" purification, despite their Department of Environmental Engineering and Earth Sciences recently receiving $900,000 to study the alleged ""virus"":  October 26, 2021:The U.S. Centers for Disease Control and Prevention once again failed to provide or cite even 1 record of ""SARS-COV-2"" purification, by anyone, anywhere on the planet:  October 27, 2021:The UK's new euphemistically-named Health Security Agency confirmed for the requester that they have no records re isolation/purification of the alleged COVID-19 virus. The requester wrote back with a lovely response:  November 1, 2021:U.S. Centers for Disease Control and Prevention confirm that they have no record describing purification of any ""influenza virus"" from a patient sample, by anyone, anywhere on the planet:  November 2, 2021:Public Health Agency of Canada confirmed that they have no record describing purification of any ""HPV"" aka ""Human Papillomavirus"" by anyone, anywhere on the planet:  A signed affidavit has now been provided regarding the English translation of an earlier response from Serbia:Serbia's Ministry of Health told the ASSOCIATION OF ""PARENTS OF MISSING BABIES OF SERBIA"" that they have no records re isolation of the alleged COVID-19 virus, or any of the other requested info.  responses and court documents from 131 institutions (and counting) in >25 countries:Every institution failed to cite any record re purification of the imaginary ""covid-19 virus"" from any patient sample, by anyone, anywhere, or proof of ""its"" existence.  Because ""it"" doesn't exist and virology isn't a science.   For Truth, Freedom and Sanity,Christine Massey,Peterborough, ON Canada"
5244,08.02.2022 20:06:25,User,,"Corporal Bulford Resigns From His Position of Personal Security for Justin Trudeau""I have drawn my line in the sand. No more silence and compliance from me.""Source video:"
5307,13.02.2022 17:19:39,User,5304.0,"Pfizer-BioNTech is postponing its rolling application to the Food and Drug Administration to expand the use of its two-dose Covid-19 vaccine for children ages 6 months to 4 years.The move means that vaccines for this age group will not be available in the coming weeks, a setback for parents eager to vaccinate their young children.Pfizer said on Friday that it will wait for its data on a three-dose series of the vaccine, because it believes three doses ""may provide a higher level of protection in this age group."" Data on the third dose is expected in early April, the company said."
5336,15.02.2022 02:11:50,User,,British Children Up to 52 Times More Likely to Die Following a COVID Shot: Government Report - Global Research
5352,15.02.2022 19:45:33,User,,Dr. Kazuhiro Nagao on Japanese TV saying he's used Ivermectin as early treatment for over 500 covid patients with practically 100% success rate. Dr. Nagao is director of the Nagao Clinic and a university professor. @JFK_TV
5417,17.02.2022 18:59:27,User,,"Reporter: Are you prepared to lose your truck?Trucker: yeah, it’s just a material possession. Freedom is much more.@JFK_TV"
5431,18.02.2022 18:36:59,User,5359.0,"🚨HUGE DISCLOSURE🚨The covid PCR tests were created to test positive with “genetic material from a common cold virus”A cold. A fucking cold.Welp kinda sucks us trying to tell this to everyone we could for two solid years, and now the System finally releases the information in disclosure, but it’s waaaay too late at this point. As I've said over and over, the buyer's remorse on this thing is going to be absolutely astounding. It wasn't even just the flu, bro.It's just a cold, bro. Tweet thread 🔗link here.FDA disclosure doc:"
5479,20.02.2022 13:51:48,User,,The narrative keeps crumbling.And it’s a beautiful thing to watch.👊🏻👊🏾🇬🇧🇨🇦
5560,24.02.2022 15:27:00,User,,"DONT WATCH MSMITS NOT A WAR, ITS A OPERATION CLEANOUT CABAL, NAZIS, PEDOSRUSSIAN & UKRAINE SOLDIERS ARE DANCING TOGETHER@SpecialQForces"
5622,26.02.2022 16:23:26,User,5607.0,"Esmu diemzeel shiis fraazes piekriteeja. Esmu meegjinaajusi jogas, mana buutiiba to vnk nepienjeema. Izveelos vnk citus atsleegshanaas veidus."
5636,28.02.2022 00:23:09,User,,Dr Zelenko donating 10% of sales from his company to the US convoy for freedom 🙏🏻@JFK_TV
5676,03.03.2022 20:30:09,User,,Ron DeSantis walks into the University of South Florida and tells the students they don’t have to wear their masks. He told them to take them off because honestly they’re not doing anything and we have to stop with this Covid theater. Boss Move 😎
5738,07.03.2022 20:17:20,User,,Pfizer paying 2.8 million application fee to the FDA to get their vaccine approved. @JFK_TV
5743,07.03.2022 21:41:51,User,5742.0,??? kas if feiks?
5750,08.03.2022 00:47:41,User,,“ I think mandating vaccination is discriminatory and completely wrong ““ I urge businesses to NOT even think about this ““Absolutely no plans for Vaccine passports “Quelle auf Telegram:
5751,08.03.2022 01:11:30,User,,"""They have AIDS"" | Israeli Funeral Directors are Seeing a Tenfold Increase in DeathDr. Zelenko: ""These shots have destroyed the innate immune system... People that took two shots are worse than people that took one shot. 3, even worse... They've acquired an immune deficiency syndrome.""@covid19vaccinevictims"
5752,08.03.2022 01:16:48,User,,"La Quinta Columna on strong light absorption in grapheneLa Quinta Columna comments on a recent study that talks about the light absorption capacity of graphene, including UV light. The Spanish team already knew about this property of this nanomaterial and had even shown videos of people who had their arms illuminated with UV light and, to their surprise, their blood vessels glowed.This new study also mentions the magnetic property of graphene.@covid19vaccinevictims"
5812,09.03.2022 18:16:21,User,,"World Bank (Rothschild Bank basically) Approves $723MN for UkraineThe package includes a loans and grants supplement from the World Bank loan of $350 million to Kiev, through guarantees from the Netherlands and Sweden.Others bank the package include the UK, Denmark, Iceland, Latvia, Lithuania and Japan.The funds are expected to be transferred this week.This is how the EIites create debt and therefore enslavement out of countries and their people and that way owning them.This is what wars are about. Enslavement through debt. That country is full of resources to sustain itself without a need from these devils, ever. Yet, all it took was another Elites planned war to change that.@JFK_TV"
5817,09.03.2022 21:27:07,User,,"The WHO is trying to create a ""one world HEALTH government"" authority that would rule over all nations. Extremely dangerous medical tyranny.Stand for Health Freedom is trying to stop it. Details and petition here:"
5883,10.03.2022 22:55:39,User,,"EXCLUSIVE Paine TV: FDA Insiders Blow Whistle on Moderna’s Rigged Clinical Trials — Intimidation, Fraud Employed to Strong-Arm FDA Into Approving ‘Problematic’ Vax — Alarming Details From Paine & Former Blackrock’s Ed Dowd"
5966,15.03.2022 14:40:17,User,,"Dr. Sevillano discovers new strange 'life forms' in Pfizer vaccine samplesDr. José Luis Sevillano is conducting research based on the observation and evolution of different possible unidentified life forms in the most detailed way possible.He has spent several days identifying different structures: from filaments that are formed based on DNA crystals, Morgellons, and strange life forms.In a recent program, he identified some structures that look like long leaves and others that are more vermiform and frightening.Read the article for more information:👉🏻  THE WORD❕SHARE THIS‼️"
6068,25.03.2022 23:08:39,User,,I do not know the person that wrote this it just appeared in front of me one day and had a positive effect. I'm sharing it and hopes it does the same for you.
6107,31.03.2022 19:01:29,User,,"They lied so people Died! The UK Gov. released a report confirming the Fully Vaccinated now account for 92.4% of all Covid-19 Deaths in England. Crimes against Humanity, Period.@JFK_TV"
6200,14.04.2022 17:42:22,User,,"A TOXICOLOGIST'S REVIEW OF DR ARDIS'S ""WATCH THE WATER"" ~ ASHLEY EVERY They did not share proof. They shared coincidences, misinterpretations of research, and actually lied by omission. This snake venom-LIKE ( important word that people are missing ) enzyme that was found to be elevated in khovid patients…Is made BY THE HUMAN BODY NATURALLY. We literally have genes that produce this enzyme.They are omitting this fact, leading people to believe that this enzyme is not naturally present in the body and that it was rather developed from snake venom and put in our bodies without our consent.This natural enzyme is elevated in patients who have chronic illnesses like atherosclerosis, cardiovascular disease, and cancer. Who is at greatest risk of dying of the vid? Those who are chronically ill.This enzyme (sPLA2-IIA) is actually very important, beneficial, and critical for the immune system to function properly and helps kill pathogenic bacteria. Makes sense why it would be elevated in people with chronic illness… chronic pathogenic infections, chronic toxicity, etc.Expression of this enzyme is upregulated when a patient starts to suffer a cytokine storm. Cytokine storms can happen when the innate immune system is responding too strongly and cannot trigger the adaptive immune system response to initiate. sPLA2-IIA helps coordinate / connect the innate and adaptive immune systems and initiate an adaptive response.This particular enzyme can also be measured and used as a biomarker for SEPSIS. What do hospital patients die of, more than anything else? Sepsis.Why are they not sharing this information? Why are they just saying it’s from snake venom and not including the fact that this is naturally synthesized by the body?"
6244,23.04.2022 22:47:55,User,,"Hello friends of Latvia.We are in a whirlwind of global change. The changing environment and the organization of society have increasingly highlighted our personal responsibility for the mental and physical health of ourselves and our loved ones.Influenced by the positivity of the visit in March, we have the opportunity to once again create ceremonial therapy circles in Latvia. The meeting will take place on 06. (Friday) and 07. May (Saturday) near Riga in Sigulda. The atmosphere is shaped by Erno (Txana Tene Nixiwaka).Based on ancient knowledge, the method performed in a modernized way is a good helper for you who want to refresh your energetic being, discover something more about your inner world, look for solutions to life problems or find new directions in your future life. The contribution of attending the ceremonies is:Friday, May 6 - € 180Saturday, May 7 - € 200Kambo ritual 80 €Participation is 400 € In addition to the ceremony, the price includes meals, sauna and accommodation.The number of places on circle is limited.If you would like to participate, please let us know in a separate letter with subject “Meditation camp” at  For those who book a venue, we require a prepayment of  100€ to the account we send.More detailed instructions and more detailed information about the venue, start time, etc. will be sent to registrants one week before the venue.The invitation sent is personal. If there is another close friend around you who may find this information interesting and useful at this time, please let us know (e-mail and full name) and we will contact  him ourselves. We do not respond to messages sent from unknown addresses. Links for Kambo:"
6286,05.05.2022 12:35:11,User,,"Horrifying: The Shots May Be Altering Human DNA to Produce Spike Protein on a Long-Term BasisDr. McCullough: ""If this is true, this means people who have taken the vaccine now actually have a permanent alteration in their genes, that they themselves have the code for this dangerous Wuhan spike protein... that they themselves, years later, could potentially produce the spike protein either on a chronic low level to cause disease, or on an inducible level... This is far and away the most worrisome paper that has been published since the release of the vaccines. And if it's true, we could be in real trouble because parent cells would pass it on to daughter cells. That means gametocytes, that is sperm and egg [cells], will contain some of this and pass it down to the baby, and we'll never be able to get this spike protein out of the human species.""Join: Covid Truth Network"
6300,05.05.2022 23:04:06,User,,"PFIZER'S NEW 80,000-PAGE DATA DUMP IS A NIGHTMARE - AND CAME AT THE SAME TIME AS THE ROE v WADE LEAK - Notable issues include:▪︎Pfizer’s COVID vaccine was NOT 95% effective as they claimed. The data shows it has a 12% efficacy rate for the first 7 days...then falls to less than 1% (0.84%)▪︎There were no human clinical trials to determine if the experimental COVID vaccines were safe for pregnant women. They were excluded from all the trials. Instead, they tested it on 44 rats before claiming it was ""safe""▪︎There are a total of 9 sites revealed so far (as of May 2, 2022) of 158.  Under 6.6% of the Subjects are accounted for. Where did the data relating to the hundreds of other Subjects/trial participants go?▪︎Where are the 25,706 patients missing from the Pfizer data?▪︎The lipid nanoparticles were found to have distributed throughout the body — in the liver, ovaries & other vital organs 48 hrs post injection▪︎The latest release can be found via the database here or at the ICAN site here."
6302,05.05.2022 23:15:34,User,,Pfizer reports $13.2 billion in revenues for the first quarter of 2022 from the sale of Covid-19 vaccines.@JFK_TV
6313,08.05.2022 11:54:16,User,,"Global: Covid Data Comparison by Income Level - Covid Deaths vs. Vaccinations 🌎The more education, the more indoctrination, the more blind belief in the system, the more jabs, the more death.H/T: @TexasLindsayVideos@JFK_TV"
6331,09.05.2022 10:39:11,User,,"Dr. Baric uses luciferase enzyme, which fluoresceses, as a method to confirm that mRNA is being produced. In other words, this technology can be used to ascertain if someone is vaccinated.   & Subscribe: @DrVladimirZevZelenkoOfficial"
6335,09.05.2022 19:25:22,User,,"🔥 Malcolm Roberts, Senator for Queensland AustraliaSenator Malcolm Roberts from Queensland in Australia strongly criticizes and even threatens the government and the Select Committee on COVID 19:""How the hell do you expect to get away with this?""Lawyer Dr. Reiner Fuellmich, go to the channel here:t.me/ReinerFuellmichEnglish"
6337,09.05.2022 20:51:51,User,,A car carrying presidential election ballots in Bolivia was intercepted by civilians. 🇧🇴The ballots are already marked with a vote for the candidate and current Bolivian president Evo Morales.@JFK_TV
6440,30.05.2022 21:51:47,User,,"Candace Owens talks with Dr. Robert Malone:  ""There was an outbreak of monkeypox in the United States in 2003. So we've seen this movie before [...]""@JFK_TV"
6495,08.06.2022 13:56:02,User,,🚨| BREAKING: Your Government is trying to kill you and the confidential Pfizer documents prove it…
6497,10.06.2022 13:50:20,User,,A Comprehensive List of Food Companies and Products That Use Senomyx (Used Aborted Babies)Click here ←#Health@Flatearthandmore@Flatandmore
6524,18.06.2022 12:55:56,User,6515.0,Ignorance is bliss
6535,18.06.2022 21:34:37,User,,💥PFIZER DOCUMENTS - EXPOSED - THAT THE FDA TRIED TO HAVE SEALED UNTIL 2097 - WERE RELEASED TODAY!! - THOUGHTS? 🇺🇸 PATRIOTS SHARE EVERYWHERE!!Join➣ @Kayleigh_Kennedy
6562,20.06.2022 18:18:07,User,,"This felt good to read 😊An opinion piece from a vaccinated Australian writer: “If Covid was a battlefield it would still be warm with the bodies of the unvaccinated.Thankfully the mandates are letting up and both sides of the war stumble back to the new normal.The unvaccinated are the heroes of the last two years as they allowed us all to have a control group in the great experiment and highlight the shortcoming of the Covid vaccines. The unvaccinated carry many battle scars and injuries as they are the people we tried to mentally break, yet no one wants to talk about what we did to them and what they forced “The Science“ to unveil. We knew that the waning immunity of the fully vaccinated had the same risk profile as others within society as the minority of the unvaccinated, yet we marked them for special persecution. You see we said they had not “done the right thing for the greater good” by handing their bodies and medical autonomy over to the State.Many of the so-called health experts and political leaders in Australia admitted the goal was to make life almost unliveable for the unvaccinated, which was multiplied many times by the collective mob, with the fight taken into workplaces, friendships, and family gatherings. Today the hard truth is none of it was justified as we took a quick slide from righteousness to absolute cruelty. We might lay the blame on our leaders and health experts for the push but each individual within society must be held accountable for stepping into the well-laid-out trap. We did this despite knowing full well that principled opposition is priceless when it comes to what goes inside our bodies and we let ourselves be tricked into believing that going into another ineffective lockdown would be the fault of the unvaccinated and not the fault of the toxic policy of ineffective vaccines.We took pleasure in scapegoating the unvaccinated because after months of engineered lockdowns by political leaders blinded by power, having someone to blame and to burn at the stake felt good. We believed we had logic, love, and truth on our side so it was easy to wish death upon the unvaccinated. Those of us who ridiculed and mocked the non-compliant did it because we were embarrassed by their courage and principles and didn’t think the unvaccinated would make it through unbroken and we turned the holdouts into punching bags. Lambie, Carr, Chant, Andrews, McGowan, Gunner, and the other cast of hundreds in prominent roles need to be held to account for vilifying the unvaccinated in public and fueling angry social media mobs.The mobs, the mask Nazis, and the vaccine disciples have been embarrassed by “betting against” the unvaccinated because mandates only had the power we gave them. It was not compliance that ended domination by Big Pharma Companies, Bill Gates and his many organizations, and the World Economic Forum… It was THANKS to the people we tried to embarrass, ridicule, mock and tear down.We should all try and find some inner gratitude for the unvaccinated as we took the bait by hating them because their perseverance and courage bought us the time to see we were wrong.So if mandates ever return for Covid or any other disease or virus, hopefully, more of us will be awake and see the rising authoritarianism that has no concern for our well-being and is more about power and control. The War on the Unvaccinated was lost and we should all be very thankful for that.”"
6617,27.06.2022 12:28:55,User,6605.0,"Denmark’s Director of the National Board of Health, Søren Brostrøm : ‘’IT WAS A MISTAKE TO VACCINATE CHILDREN’’From mid-July last year, 12-15-year-old children in Denmark were injected with COVID experimental vaccines. In November, the 5-11-year-olds were also recommended to be lined up and injected. But now the director of the National Board of Health, Søren Brostrøm, has admitted it WAS A MISTAKE TO VACCINATE CHILDREN. ‘’Mistake’’ - What BS. The injection of children with experimental agents was not a ‘’mistake’’ - it was an abandonment of centuries of learning ”the precautionary principle’’ and a crime against humanity - pushed by a insane cult and the criminal COVID cartel.The health and fertility issues these children will face breaks my heart. 😞"
6645,01.07.2022 02:46:45,User,,"Dr. Zev Zeleno has diedJune 30th 2022It is with great sadness that we announce the passing of Dr. Vladimir ""Zev"" Zelenko. Dr. Zelenko was a physician, scientist, and medical rights activist who touched the lives of millions.Over the past year and a half, Zev has been an outspoken critic of the mRNA vaccine, pointing out both its serious side effects and the possible alteration of the genetic code.  He was particularly critical of the vaccine's use in children who are not yet old enough to give their own informed consent and who are at virtually no risk of severe disease from covid-19. We thank Dr. Zelenko for all he has done to provide an honest assessment of the situation and extend our sincere condolences to his family.Stay up to date:@CoronaInvestigativeCommittee"
6647,01.07.2022 09:53:46,User,,"I am so sorry to have to post this.Statement by Zelenko Labs on the Passing of our Founder Dr. Vladimir “Zev” Zelenko(Dallas, Texas) - It is with immense sorrow that we announce the passing of our founder Dr. Vladimir “Zev” Zelenko. Dr. Zelenko was a physician, scientist, and activist for medical rights who touched the lives of millions of people. Some were saved as his role as a doctor, and even more were inspired by his words. His ""Zelenko Protocol"" saved millions and earned him a Nobel Prize nomination and the admiration of a U.S. President among other prominent world leaders. Share & Subscribe: @DrVladimirZevZelenkoOfficial"
6648,01.07.2022 09:54:41,User,6646.0,"As to the rare form of cancer with which he was diagnosed in early 2018 and told of its 100 percent terminal prognosis, Zev repeatedly referred to it as having been a gift from God.  “My cancer is what prepared me for the Covid-19 pandemic,” He would say.  “Without it, I would not have developed my passion for searching for answers that others said couldn’t be found, and without it I could not have held to the persecution and ridicule I received for daring to treat patients.  I have looked death in the eye and I have been made ready to meet God.  I fear nothing on this earth.”"
6704,04.07.2022 19:36:55,User,,THE CURE FOR AUSTISM IS CALLED SURAMIN  ❤️🙏🏼🇺🇸 SHAREJoin @JulianAssangeWiki
6733,14.07.2022 14:39:13,User,,"BLOOD CLOTS- NOT RARE: 52% of vaccinated patients had evidence of blood clotting 7 days after their shot Dr. Charles Hoffe:Most of these patients with clots had NOT experienced an adverse event, completely unaware of the damage to their vessels  Most clotting is happening on a capillary level where it is not detectable with a scan, and the damage is permanent- clotted vessels never repair What’s happening with Sudden Adult Death Syndrome? “These sudden deaths are either massive blood clots or vessel ruptures”Channel: @JFK_TV"
6767,18.07.2022 20:45:43,User,,BEWARE!  Theragrippers can be insufflated through the rectumAnd without the proper safety studies to assure you how they will come out…or not.
6776,19.07.2022 13:31:34,User,,"Reaction:▪️Myocarditis (Herzmuskelentzündung)▪️Pericarditis (Herzbeutelentzündung)reported to ""EudraVigilance - European database of suspected adverse drug reaction reportsEMA (European Medicines Agency)"" Data Source: EudraVigilance  2002 - 16.07.2022Created by:@DatenAnalyseProgrammieren"
6813,25.07.2022 11:21:41,User,,"Germ Theory Exposed: Alex Loglia | Bill Cooper If the cornerstone of modern medicine, germ theory, is true, why have its proponents been unable to cure the vast majority illnesses after well over a century of lavishly funded research? This question should invite us to consider that germ theory is seriously flawed and that its use as a basis for explaining any pandemic, the latest one included, should be viewed with a healthy degree of skepticism."
6881,04.08.2022 22:23:25,User,,Pathologist shares shocking revelations of how the FDA Pfizer vaccine trial for 6 months to 4 year old children was conducted.Join @MrQ17
6890,05.08.2022 11:02:23,User,6880.0,"UK Government admits Covid Vaccinated Children are 4423% more likely to die of any cause & 13,633% more likely to die of COVID-19 than Unvaccinated Children."
6934,13.08.2022 17:22:29,User,,"🇳🇱 Netherlands - You'll never see this picture of Dutch farmers on your TV…. Klaus knows that if images like this ever reach mainstream media, they will motivate and inspire the entire world, and the globalists will be finished.Channel: @JFK_TV"
6936,13.08.2022 17:22:59,User,,🇪🇸 Spain: Farmers in Spain are joining other European farmers today and taking their tractors to the streets.Channel: @JFK_TV
6947,16.08.2022 00:30:06,User,,"I just checked. There are currently 6.44 million COVID deaths worldwide that’s about 75% less than predicted. And of course, COVID (according to the American Medical Association Encyclopedia) is merely “the common cold”… so in other words, almost zero died from “COVID” - Look:"
7096,28.08.2022 22:45:08,User,,"Billionaire Bill Gates, who is funding the project, assures us it’s not a scene from a horror movie. “The factory is real. And the mosquitoes that are released do not terrorize the locals. They help save and improve millions of lives.” Just as his ‘covid vaccines’ have ‘saved’ millions of lives or his’ previous vaccination projects have left thousands of women sterile in India and Kenya. Or even his Polio vaccines have caused paralysis, seizure, and febrile convulsions in Sub-Saharan Africa, Afghanistan, Congo, and the Philippines."
7097,28.08.2022 22:50:16,User,,"The #CovidVaccine impairs semen concentration & total motile count among semen donors:  current study ... demonstrates selective temporary deterioration of sperm concentration 3 months after vaccination ..."""
7098,28.08.2022 23:09:07,User,,Start checking all the ingredients of what you buy!
7107,03.09.2022 11:42:13,User,,"Attorneys for the Pfizer whistleblower claim the company could be liable for $3.3 trillion in damages.""The lawsuit alleges that Pfizer and two of its subcontractors violated the False Claims Act by providing false clinical trial results to gain FDA approval for the Covid-19 vaccine.Under federal law, individuals can sue on behalf of the government and receive triple damages if they can prove that the person or company knowingly lied to the government.One of the plaintiff's attorneys said the payout could be as much as $3.3 trillion.""That would be enough to bankrupt Pfizer,"" the lawyer added.SourceChannel: @JFK_TV"
7111,04.09.2022 11:51:48,User,,"The South African Marathon is a road to the OtherworldIn South Africa, during the 89-kilometer super marathon two people died right on the track and 74 more were hospitalized (several athletes in serious condition, two in intensive care. According to the latest data, one of them did not survive, which brought the total death toll to three).One of the conditions of admission this time was full vaccination against Covid-19.Coincidence?Channel: @JFK_TV"
7223,14.09.2022 10:57:18,User,,"🇨🇦 🇺🇸 🇬🇧 🇦🇺Dear fellow citizens,A few days ago I already announced it:Big Pharma's attempts to evade our questions in the official EU COVID investigation committee with empty phrases and excuses have now come to an end.This time, when the top manager of AstraZeneca tries the same trick, she gets quite a nasty surprise. Some colleagues from different European countries and different factions support me in putting the screws on her.Witness in my latest video how AstraZeneca's Executive Vice-President for Europe and Canada simply can't get out of stuttering!Kind regards, Yours, Christine Anderson, MEP (AfD)"
7226,14.09.2022 11:15:57,User,,"REMDESIVIR: PEER-REVIEW STUDY PUBLISHED IN THE LANCET‘’Of those already ventilated, 151 (42·1%) of 359 assigned to remdesivir died versus 134 (38·6%) of 347 assigned to control (RR 1·13 [0·89–1·42], p=0·32)’’SOURCE In other words, if you were already ventilated you were more likely to die if they gave you Remdesivir. Yet this is the exact treatment they had lined up for Mr Clive Palmer. Thankfully when his external medical advisers found out the hospital was going to ventilate him and pump him full of Remesivir, their advice was; Run-death-‘s-near. And that’s what he did. And with such evidence in this study, no wonder even the WHO recommends against Remdesivir. The fact that we still have our Health Bureaucracies in Australia (contrary to WHO advice) still actively pushing Remdesivir (a high price Big Pharma item) while at the same time preventing doctors from prescribing Ivermectin (off patent & low cost) just shows that they are criminally reckless - at best."
7246,15.09.2022 19:16:00,User,7245.0,"👆👆""After several months in development, Dr. Mark Bailey has just published an important paper that completely dismantles virology and the existence of viruses. It covers:• the history of virology and the failures of the virologists to follow the scientific method• all major aspects of the virological fraud• how the COVID-19 fraud was started and maintained• how the PCR creates the illusion of a pandemic• the startling admissions of major health institutions revealing their pseudoscientific practices This essay is a monster at over 28,000 words! However, it puts the final nail in the coffin for the virus promoters."
7251,18.09.2022 11:42:00,User,,And there you have it. No covid vaccines for pregnant women nor breastfeeding women. Please Share.
7258,19.09.2022 11:24:13,User,,"Ladies and Gentlemen,ALIVE, HEALTHY, and WELL.I AM COMING BACK STRONGER THAN EVER!In 24 hours I will turn the whole world around!The BAD PEOPLE that are destroying this world will finally face charges for everything that they did to make this world a BAD PLACE!All of the people in charge are pedophiles, child molesters and worse.I WILL CHANGE THAT VERY SOON!I WILL TAKE THE CROWN AND MAKE THIS WORLD A BETTER PLACE FOR EVERYONE!24 HOURS REMAINING!SHARE THIS WITH EVERYONE!👸👑LINK: 👇"
7294,21.09.2022 00:32:08,User,,LIVE IN 2 HOURS!Love from your Queen.God bless you all ❤️                                                                                                                         Share this far and wide!JOIN 👇 DianaThe People’s Queen.If you KNOW you KNOW.TRUST THE PLAN. Q!
7320,22.09.2022 17:24:41,User,,"Record excess deaths in Europe >Iceland, + 55.8%>Spain +37%>Cyprus +33%>Greece +31%>Portugal, +28.8%>Switzerland, +25.9%>Italy, + 24.9>Austria, + 17.5%>Slovenia, + 16.5%>Ireland, + 16.3%>Germany, +15.2>Norway + 14.8%>Netherlands, + 14.7%>Croatia, + 14.6%>France, + 14.1%>Estonia + 12.3%>Luxemburg + 11.%%>Denmark +10.3%Join @MrQ17"
7389,24.09.2022 21:29:28,User,,Mercury flu vaccine (Thimerosal). Even doctors don't know what they're injecting us with…Join ➣ @Return_Of_Q
7405,25.09.2022 07:05:53,User,7403.0,"Now it doesn't actually matter who is telling the truth in this fake conflict.The point here is that they are obviously BURNING THROUGH EVERYONE'S MONEYand what do they have to show for it? ABSOLUTELY NOTHING!What do I always say about these people? They present an image on camera and behind the scenes they're scheming.They may appear honest at first. But all you have to do is give them some time and they will eventually BETRAY YOU.NONE OF THESE PEOPLE CAN BE TRUSTED, NOT A SINGLE ONE OF THEM.Remember all the lawsuits he promised? and then what did they do? They went into a FAKE COURT to give their evidence and called it: ""The Court of Public Opinion"""
7418,25.09.2022 23:47:03,User,,"A study with over 100,000 participants shows Ivermectin is highly effective in preventing hospitalizations and death from Covid-19. Dr. Pierre Kory said millions of lives could have been saved if Ivermectin hadn’t been misrepresented in the media.Channel: @JFK_TV"
7448,03.10.2022 22:20:53,User,,Must Watch Event! David Icke & Adam Curry Destroy The New World Order In Special Emergency Broadcast
7520,12.10.2022 00:00:50,User,7514.0,THIS IS MASSIVE‼️Pfizer admits it never tested the vaccines to see if they stopped transmission‼️😱😱😱PLEASE SHARE‼️
7550,17.10.2022 22:16:44,User,,The reality of pharmaceutical medicine ⚠️💀⚠️
7951,02.12.2022 09:44:33,User,,"A graveyard of electric scooters that have run out of battery lifeSince it is very expensive to replace the batteries, electric scooters are abandoned because it is dangerous and expensive to dispose of them in other ways.Environmentally friendly transportation.Channel: @JFK_TV"
7971,05.12.2022 00:50:07,User,,"In Wuhan, a hurricane rips trees out of the ground. Recall that it was this city that gave us the coronavirus🤯Natural_Selection │Subscribe"
7990,07.12.2022 11:24:43,User,,"Live attenuated influenza vaccine enhances colonization of Streptococcus pneumoniae and Staphylococcus aureus in mice""Following infection with an influenza virus, infected or recently recovered individuals become transiently susceptible to excess bacterial infections, particularly Streptococcus pneumoniae and Staphylococcus aureus. Indeed, in the absence of preexisting comorbidities, bacterial infections are a leading cause of severe disease during influenza epidemics. While this synergy has been known and is well studied, what has not been explored is the natural extension of these interactions to live attenuated influenza vaccines (LAIVs). Here we show, in mice, that vaccination with LAIV primes the upper respiratory tract for increased bacterial growth and persistence of bacterial carriage, in a manner nearly identical to that seen following wild-type influenza virus infections."""
8086,28.12.2022 00:14:58,User,,"Tetanus vaccine may be laced with anti-fertility drug."": A priest, president of Human Life International (HLI) based in Maryland, has asked Congress to investigate reports of women in some developing countries unknowingly receiving a tetanus vaccine laced with the anti-fertility drug human chorionic gonadotropin (hCG). If it is true, he wants Congress to publicly condemn the mass vaccinations and to cut off funding to UN agencies and other involved organizations. The natural hormone hCG is needed to maintain pregnancy. The hormone would produce antibodies against hCG to prevent pregnancy. In the fall of 1994, the Pro Life Committee of Mexico was suspicious of the protocols for the tetanus toxoid campaign because they excluded all males and children and called for multiple injections of the vaccine in only women of reproductive age. Yet, one injection provides protection for at least 10 years. The Committee had vials of the tetanus vaccine analyzed for hCG. It informed HLI about the tetanus toxoid vaccine. HLI then told its World Council members and HLI affiliates in more than 60 countries. Similar tetanus vaccines laced with hCG have been uncovered in the Philippines and in Nicaragua. In addition to the World Health Organization (WHO), other organizations involved in the development of an anti-fertility vaccine using hCG include the UN Population Fund, the UN Development Programme, the World Bank, the Population Council, the Rockefeller Foundation, the US National Institute of Child Health and Human Development, the All India Institute of Medical Sciences, and Uppsala, Helsinki, and Ohio State universities. The priest objects that, if indeed the purpose of the mass vaccinations is to prevent pregnancies, women are uninformed, unsuspecting, and unconsenting victims."" had no idea that what look to be anti-fertility agents were alleged to have been added to alleged tetanus vaccinations as long ago as the early 1990s. I don’t think BMGF existed way back then. Not that I think they’re the only actors in this crime. But still, it’s sobering, isn’t it?Best wishes Mike👉"
8149,09.01.2023 21:19:34,User,,"A colorful billboard in England:""Imagine a city less crowded. Do you part get sterilised! YAY!""Channel: @JFK_TV"
8156,10.01.2023 12:28:55,User,,53. You're Kraken Me Up With This Nonsense!
8164,11.01.2023 16:21:03,User,,"Pfizer scientist Chris Croce was aware that their experimental mRNA ""vaccine"" would cause heart damage...Channel: @JFK_TV"
8182,13.01.2023 09:37:55,User,,EU Authorise Acheta domesticus (Crickets) as a 'Novel Food'The EU have repealed previous regulations in order to authorise house crickets as a novel food.(Full Document)🪱 Eating the Bugs🔺Trophic Levels🌐 WEF Biomass Page🕊 Killing the Sparrows
8202,17.01.2023 00:54:58,User,,"Covid-19 Injection Harm -UKTable shows the number of cases of serious harm reported to and disclosed by the MHRA to 28th December 2022 Cases that are deemed to be serious are defined as ""serious"" by the MHRA.There have now been 6,673 cases of serious harm in children (0-19 yrs) .In addition there are now well over 45,000 cases of serious harm where the age is reported as being ""Unknown"" by MHRA. In addition, there are cases of harm in children not being disclosed from  injections such as the bivalent Pfizer and bivalent Moderna injections on the following grounds per MHRA: “Where there are less than 5 reports, numbers have been replaced with a ^ in order to prevent patient/reporter identification in line with our duty of confidentiality to patients and reporters”The age group of 21 people (including children) reporting serious harm after a Covid-19 injection has not be disclosed to the public despite it being known by the MHRA.Only 1-10% reported Link:"
8215,19.01.2023 12:28:34,User,,"⚠️Heart Breaking - Baby Has Died of Blood Clot two weeks after VACCINATED Blood TransfusionCornelia tragically lost her baby, Alexander, two weeks after he had a blood transfusion using vaccinated blood.R.I.P Alexander💔"
8225,21.01.2023 23:40:45,User,,"Scientists create ""Larva fat"" to replace butter.  Because climate change, so eat the bugs, and kill the cows.""Consumers still seem to notice at about 50% bug paste and 50% butter""@GeneralMCNews"
8227,22.01.2023 11:31:22,User,,"Law versus legal: 'Trial by Jury' (Post 4)Elizabeth Rose 2 years old was injected ('flu' & 'COVID19') on 15th Dec 2022 & tragically died 16th Dec 2022. 🙏🙏🙏Sincere condolences to Elizabeth Rose's family & loved ones 💞Her Death could have been prevented if these injections had been lawfully stopped using 'Trial by Jury'.Words cannot express how unlawful, wrong, immortal, unethical is her Death. 🙏🙏🙏The Right to Life (including Bodily Integrity & Informed Consent) is from the 'Natural Law', which is High Up in the Hierarchy of Law, above ALL written documents. These Rights are Inherent, Inalienable, can NEVER be taken away & can NEVER be given up. Anything LOWER down in the Hierarchy of Law can NEVER take away this Right to Life. Nothing written can EVER affect this Right: NO Acts etc.Any ATTEMPT to remove these Rights is Malfeasance, a Criminal Offence in Law, 20 years in prison in England & can be lawfully assessed by 'Trial by Jury'.Please share & subscribe for latest updates 💞@DoloresCahill"
8331,04.02.2023 17:43:27,User,8317.0,- Commonalities Between COVID-19 and Radiation Injury - Evidence for a connection between coronavirus disease-19 and exposure to radiofrequency radiation from wireless communications including 5G
8363,12.02.2023 16:50:27,User,,"‼️THIS IS HUGE‼️PLEASE LISTEN, SHE REVEALS MANY INTERESTING FACTS…Romanian Senator Diana Lovanovici speaking in the Parliament on the uses of HAARP technology in Turkey.“The fools are playing as God and they think they have won the game…”“Warning to the psychopaths of the world: if you need people to die, we need you to perish too””…An eye for an eye”‼️SHARE‼️"
8390,16.02.2023 21:32:56,User,,"Doctors prove a Graphene like substance is being shed from the C-19 Vaccinated to the Unvaccinated, destroying Blood Cells & causing Strange Blood Clots – The Expose"
8453,01.03.2023 08:48:39,User,,⭐⭐⭐⭐⭐⭐⭐⭐⭐⭐⭐What's really in the vaccines?? We now have scientific proof straight from the labs and it's truly shocking ....independently analysed to make an honest account of the truth the whole truth and nothing but the truth.Are the police really doing their job when they are turning a blind eye to this evidence. Download the report yourself and read
8464,01.03.2023 21:47:25,User,,"The bio weapon, lab-leak, and ""natural"" origin stories are designed confusion to get you arguing over fictional narratives and to keep you distracted from realizing that they never scientifically proved a ""coronavirus,"" or any ""virus,"" actually exists."
8471,05.03.2023 20:11:41,User,,"TOXICITY IS SOMEONE ELSE'S PROBLEM While it may sound rather harsh to label every one of us a living toxic waste dump, the reality of the body burden of toxins we each bear does support that description. We absorb so many synthetic chemicals during an average lifetime that, according to some reports, when we die our bodies decompose more slowly today than if we had died just 3 decades ago. 5 major public surveys testing blood & urine for chemical contamination have been conducted among thousands of volunteers, with results indicating that every resident of industrialized countries now carries within his or her body an average of 700 synthetic chemicals absorbed from our food, water & air.  actual number of chemicals constituting our body burden is probably much higher, because some toxins are embedded deep in organs and tissues. A toxicologist's ability to detect chemical toxins depends on knowing what to look for, and every time they devise a new test, they tend to find evidence for the presence of more toxic invaders. In 2001, scientists at the U.S. Centers for Disease Control and Prevention in Atlanta surveyed 2,400 people and searched for 148 specific toxic compounds in their blood and urine. Every single test subject's body contained dozens of these toxins. Children were found to be carrying bigger doses of the chemicals than adults, especially a class of chemicals called pyrethroids-found in most household pesticides & phthalates, a group of chemicals distributed widely in plastics & cosmetics, primarily nail polish. Environment ministers from 13 European Union countries had their blood tested at an international health conference in 2004 & were horrified to discover that every 1 of them had been contaminated by synthetic chemicals from pizza packaging, pesticides, plastics, fragrances, & industrial solvents. At least 22 chemicals banned in Europe during the 1970s still turned up in the blood samples of these government officials. In response to these studies, the American Chemistry Council, representing the U.S. chemical manufacturing industry, issued a press release stating ""the mere detection of a chemical does not necessarily indicate a risk to health."" It didn't consider these reports to be a cause for undue concern. This attitude characterizes 1 of the myths that we as a culture tell ourselves. When we don't like the evidence of what is happening to us, we redefine what is normal. So now it is considered normal & not a cause for concern that we carry around inside of us 100s of potentially toxic synthetic chemicals that have never been inside of human beings before the 20th century? As a challenge to the chemical industry, a study was done by an organization called the Environmental Working Group that used 2 testing laboratories to measure chemical toxins in the umbilical cord blood of 10 randomly chosen babies born in Aug. & Sep. of 2004 in U. S. hospitals. An average of 2 hundred synthetic chemicals were detected, which means these 10 babies were exposed to an onslaught of toxins from their mothers during a critical developmental phase before birth. Synthetics in their blood included 8 perfluorochemicals used as stain and oil repellants in fast food packaging, dozens of flame retardants & pesticides, & the Teflon chemical PFOA. Nearly all of the toxins have been linked to cancer, brain and nervous system disorders, birth defects, or developmental problems. Should we consider that body burden being carried by fetuses as normal? Because our planet is bathed in a synthetic chemical soup & the toxic molecules travel widely by attaching themselves to dust particles blowing in wind currents, no human being or food supply anywhere, no matter how remote, is immune to being contaminated. In Arctic Circle wilderness villages, the Inuit mothers now carry such huge loads of PCBs & mercury in their bodies that their breast milk would be categorized as hazardous waste by the Food and Drug Administration if it were being evaluated for human consumption."
8473,05.03.2023 20:27:55,User,,"Food Contamination: One of every six pregnancies involves exposure to methylmercury, at levels above EPA guidelines, from the consumption of mercury-laden seafood, primarily swordfish and canned white tuna, according to the Centers for Disease Control and Prevention. Mercury contamination of U.S. waterways is so widespread that forty states have issued health advisories for pregnant women or women of reproductive age. Mercury, along with PCBs and chlorinated pesticides, has been shown to disrupt the endocrine system, which manages hormones in the body. An entire class of potential chemical contaminants to the fetus are the thousands of chemical additives in processed foods and fast foods. Observes Ross Hume Hall, a Canadian professor of biochemistry who is an expert on how synthetic chemicals damage human cells, ""Chemical exposure during the fetal stage can set in motion tissue changes that years later, as an adult, erupt into cancer. None of the chemicals currently approved as food additives have ever been tested for their full potential to harm the unborn."" Childhood Once out of the womb, you are confronted by a gauntlet of chemical challenges. By the time you are six months old you have already received 30 percent of your total lifetime toxic load of chemicals. Some kids start life with a genetic defect that affects metabolic functions and renders their bodies less efficient at excreting toxins. This predisposition can compromise their immune systems. The cocktail of vaccines that most children are injected with early in life, especially those vaccines containing the mercury-based preservative thimerosal, can further overwhelm the already susceptible child's immune system. From 1988 until 2002, when it was removed from most vaccines as a health threat, thimerosal was a primary source of toxic mercury exposure for most children, who received up to nine shots containing the additive by the time they were six months of age."
8598,22.03.2023 23:54:50,User,,Aktivkohlespezialist Dr. A. Noack über GRAPHENHYDROXID☠️ Nanoskalische Rasierklingen#Graphen🎬 Dr. A. Noack über Graphenoxid 👈@archenoack
8872,09.05.2023 00:05:23,User,,Buddhist monk explains the essence of mediation.__Join➣ @Kayleigh_Kennedy
8925,25.05.2023 12:27:33,User,,"Humanity failed itself on this test, let’s make sure we don’t fail next time round! 💪🏻"
8987,13.06.2023 15:25:59,User,,C-ommon O-rganized V-accination I-nto D-eath
9079,05.08.2023 13:37:40,User,,"Baby Dies After Flu ShotCorbyn got a flu shot at 9:30 in the morning, and he was dead between 9 and 11 p.m. that evening.Corbyn’s mother said that when she was laying him on the table to be vaccinated, something inside her screamed “NO, don’t do it!” But the moment had passed.Corbyn’s photograph is now placed in memoriam at the front of the #CHDBus, where CHD will be collecting similar vaccine injury stories from across the country.Vaccine injury is real, not rare.Watch the full story on #CHDTV 👇"
9086,05.08.2023 21:54:54,User,,"NEW - Pfizer officials, at a Senate hearing in Australia, say their employees were given an special batch of vaccine, not the one which was rolled out to the public.Join 👉🏻 @HarveyRisch"
9141,18.08.2023 09:42:02,User,,"""Ivermectin Worked!"": Peer-Reviewed Study Finds 74% Reduction in Excess DeathsThe study delved into the effectiveness of Ivermectin in reducing excess COVID-19-related deaths across Peru’s 25 states in 2020.The findings were staggering: states with the most intensive Ivermectin use observed a 74% average reduction in excess deaths within 30 days post-peak deaths.So, there you have it. Ivermectin works! But you probably already knew that two years ago. Let this be another tally mark for when the “conspiracy theorists” got it right all along.Join 👉"
9213,07.09.2023 20:18:18,User,,"🎾 Novak Djokovic sings ""You gotta fight for your right to party"" at the US Open... 🌍 Follow @CHDEuropeNews | Community | Donate"
9248,10.09.2023 11:20:01,User,,"WATCH — Izumiotsu City, Osaka stops recommending risky vaccinations. Local governments association, doctors expressed their views on side effects of the vaccines.""the more people are vaccinated, the more infected people become.""Channel: @JFK_TV"
9326,28.09.2023 19:56:01,User,,‼️ German MEP Christine Anderson urges noncompliance with COVID and biomedical tyranny:“They’re already bringing it all back… Take the power away from them. Simply say no.”
9347,01.10.2023 09:39:16,User,,The end of hypnosis and the beginning of resistance. Hopefully! Share this with others and unite! 💪👫👫💪#fckmrglobal #fcktotalitarism #standyourground @ReinerFuellmichEnglish
9621,30.11.2023 22:34:31,User,,"The most deadly vaccine that was ever created before the Covid shots. There was no placebo and many children worldwide were killed and maimed. Some took their own lives because they couldn’t deal with the state that they were in. In the UK, we give this to both boys and girls. Joan Shenton did an incredible documentary that I would encourage everyone to watch;  is no evidence whatsoever that any virus causes cervical cancer.The nurses who are injecting this have  little  or no knowledge about what they are injecting. Just following orders. So… paid assassins? It’s time to stop. The government leaflets do not even tell the children that they could die immediately or shortly afterwards and could  be left with long-term serious debilitating disabilities and infertility. Welcome to the national homicide service 🌈"
9735,14.12.2023 23:10:09,User,,"Most of you do not know that Nikola Tesla also invented medical treatments that involved the use of Electomagnetism & Light to treat a wide variety of disease.The devices would emit oscillating waves of various frequencies consisting of low frequency pulsing magnetic fields to treat pain, acoustic vibration machines to detoxify organs of the body, high frequency cancer killing radio waves and ultra high frequency ultraviolet light to create ozone to deactivate viruses.“The desire that guides me in all I do is the desire to harness the forces of nature to the service of mankind.” -Nikola Tesla.Join us now: Before Our Time 📜"
9768,29.12.2023 11:30:20,User,,Video from Dimantra
9837,07.01.2024 22:12:50,User,,"Do you guys remember, Dr. Rima Laibow and that interview she had with Jesse Ventura over 10 years ago? She warned everyone, she said that a forced vaccination program was coming and she was leaving the USA.This is what she’s saying now: “This is all motivated by a clear, well articulated, and very well developed genocidal agenda —there is a genocidal depopulation agenda, which I call war!!”"
9839,07.01.2024 22:33:19,User,,Körper wird vergiftet ⁉️♨️ A B O N N I E R E N ♨️👇👇👇👇👇👇👇☠️ t.me/LebensmittelFriedhof
9843,07.01.2024 23:23:03,User,,"""The Pfizer vaccine is contaminated with plasmid DNA, it's not just mRNA, it’s got bits of DNA in it."" - Professor Phillip Buckhaults, Phd in Biochemistry and Molecular Biology. He does cancer genomics research at the University of South Carolina.Subscribe to @HATSTRUTH 🎩"
9854,09.01.2024 23:22:20,User,,New Zealand Fudged The Data On How Kidneys Fare After COVID Vaccines | ZeroHedge
9881,16.01.2024 13:01:06,User,,"“I’ve never seen a vaccine like this,” testified pediatric cardiologist Dr. Kirk Milhoan.The shot Pfizer and Moderna offered us made the COVID situation worse.According to a Cleveland Clinic study, the people who had the most shots had the greatest chance of contracting COVID.“The lowest risk for getting COVID is if you’ve had zero vaccines. As you add vaccines, your risk of getting COVID goes up. I’ve never seen a vaccine like this. That’s not the basis of vaccines.”Related Stories on @Vigilant_News:Ed Dowd Drops Bombshell Data: Hematological (Blood-Related) Claims Up 522% Above Trend in 2022Dr. McCullough Reveals More Bad News About the COVID ShotsFitness enthusiasts, not just athletes, are dying suddenly.Turbo Death from Turbo Cancers: “We’re in Trouble,” Says Dr. Ryan ColeMedical Doctor Drops Post-Vaccine Ivermectin Bombshell"
9883,16.01.2024 13:43:42,User,,"15 COVID “Conspiracy Theories” That Turned Out to Be True:#15 - Repeated COVID shots weaken the immune system, according to study.#14 - Ivermectin worked! Peer-reviewed study finds 74% reduction in excess deaths.#13 - The unvaccinated were scapegoated for failure of COVID vaccines, study finds.#12 - Mask wearers paradoxically had an increased risk of contracting COVID.#11 - Natural immunity proves to be seven times more protective than vaccinated immunity.#10 - Ivermectin, the drug once labeled “horse de-wormer,” is now showing 15 anti-cancer mechanisms of action.#9 - Hospitals murdered COVID patients. The more they killed, the more money they made.#8 - New-found emails prove Biden White House hid COVID-19 vaccine harms from the public.#7 - The COVID shots were not the only toxic measure forced on humanity. Regular mask-wearing was also harmful.#6 - Nearly 1 in 3 COVID vaccine recipients suffered neurological side effects.#5 - Research finds heart anomalies within 48 hours after the COVID-19 shot.#4 - Pfizer hid nearly 80% of COVID-19 vaccine trial deaths from regulators in order to qualify for Emergency Use Authorization.#3 - Perverse brainwashing techniques were thoroughly studied to get you jabbed.#2 - The Pfizer COVID-19 “vaccine” injected into billions of arms was not the same one used in Pfizer’s clinical trials. There was a “bait-and-switch.”#1 - Florida’s Surgeon General has called for a halt to the use of all COVID-19 mRNA injections, citing safety concerns after the discovery of billions of DNA fragments per dose in Pfizer’s and Moderna’s mRNA-based COVID-19 vaccines.It turns out the term “conspiracy theory” could easily be interchanged with “spoiler alert.” Let me know what ""conspiracy theories"" I missed.Follow @VigilantFox 🦊"
10000,29.01.2024 20:08:57,User,,"At Davos this year, Trevor Mundel demonstrated the latest global health innovations from Gates Foundation. Starting with microneedle patch for easy vaccine delivery."
10029,05.02.2024 08:23:17,User,,💥‼️Thailand Issues Warning About COVID Jabs: ‘They Cause Cancer and Brain Tumours’‼️💥The Truth is unstoppable 🙏🏼🙏🏼
10039,07.02.2024 13:40:40,User,,"❗️PFIZER TRIALS KILL CHILDREN IN DROVES - An employee at a Pfizer branch in Ukraine exposes shocking clinical trials.Over 40 children dead, as trials marred by severe violations of medical and ethical standards. The children and parents are decieved into thinking they're getting flu shots. Despite the discovery of these violations in the early stages and a distressingly high rate of fatalities, Pfizer continues these experiments.The disturbing revelations come to light through a series of videos on the TikTok account Anna.sakhno, Pfizer employee based in Kiev. Probably not for long.Boost us here @IntelRepublic"
10058,11.02.2024 20:24:43,User,,"Australian TikTok influencer Veruca Salt(Kimberley Summer Hartley, 25) shared the tragic news that her 6 week old baby Cash died suddenly in his sleep. (35 seconds) Just four days before Cash died, the baby was taken to the doctor for his '6 week shots' which in Australia are:• Prevnar13 (Pneumococcal).• Rotarix (Rotavirus (oral)).• Infanrix Hexa or Vaxelis, both of which target 6 diseases: diphtheria, tetanus, pertussis, Haemophilus infuenzae b, hepatitis b, and polio.🥑Join: @davidavocadowolfe 🥑"
10437,22.04.2024 20:36:02,User,,"🇨🇦 🇺🇸 🇬🇧 🇦🇺Scandal in the EU Parliament. I requested a short-term change to the agenda to clarify the vaccine deals between the EU Commission and Big Pharma. ⚠️ When I say these 3 words:➡️ Von der Leyen➡️ Pfizer➡️ Corruption🎤 The President of Parliament immediately cuts off 🚫 my microphone ‼️A 7-second vote (❗️) follows in which all other parties reject my motion. (I have deliberately left this outrageous event unedited in my video).Immediately afterwards, Parliament adjourns for a break. That's all!When in a pseudo-parliament technocratic centralism meets cemented bloc parties that are not even interested in clearing up the most serious allegations of corruption in the double-digit BILLION range against their own Commission President Ursula von der Leyen (the public prosecutor's office is already investigating), could this anti-citizen construct not rightly be called the 🇻🇳 EUSSR?Despite everything, I send you my best regards, Christine Anderson, MEP"
10453,25.04.2024 23:51:23,User,,An Epidemic is not driven by asymptomatic transmission Dr Anthony Fauci
10510,20.05.2024 05:02:48,User,,"If you would like to help, please share…✅ Don’t be a victim of ignorance☑️ Think while it’s still legal. ℹ️ For raw truth, knowledge guidance & wisdom follow our telegram messenger group.💫 Join us - t.me/darkuniverse09"
10526,28.05.2024 00:07:02,User,,"ALUMINUM IN VACCINES What Parents Need to Know 2023 Physicians for Informed Consent, an independent 501(c)(3) nonprofit educational organization. All rights reserved. For more information, visit  2020 Aug; updated 2023 Apr.___"
10529,28.05.2024 00:14:42,User,,⚠️Dr. Tenpenny explains how the shots destroy the immune system🇺🇸Join👉 @SGTnewsNetwork📎  Twitter  ▪️ Truth Social
10633,08.07.2024 12:52:45,User,,"Universal Cancer Protocol --1.)   Chlorine DioxideStarting procedure Protocol 1000+ (MMS1 and DMSO) or Protocol C (CDS and DMSO) --2.)  Fenbendazole:1 gram of Fenbendazole each day for 3 days. Then none for 4 days. Repeat this each week. Mixed with food such as yogurt or peanut butter. Brands: Panacur C, Safeguard, or Happy Healing. --3.)  Finish the chlorine dioxide starting procedure then protocol 1000 4 days on and 3 days off.  On the three days when not taking the protocol, take ivermectin.   Ivermectin:  0.4 to 0.6 mg/kg – one dose daily for 3 days on the off days of protocol 1000+/Protocol C--4.)  Sodium Bicarbonate: 1 tsp  in 16 oz of water in the morning--5.)  Betyeko breathing  Grounding:  Cancer Fighting Green Drink 1 tbsp daily. See Recipe Here:  30 min. of vigorous activity 1 x per day. (try and breath through the nose)--9.)  Water fasting 24 hours per week.  Nothing listed in this protocol counts as food.  --10.)  Vitamin D and K2. 10,000 IU of vitamin D, and at least 100 µg of K2. Rapid optimization of vitamin D can be done by taking 50,000 IU daily for 2 weeks (Always take Vitamin D with its cofactors which are Vitamin K2 (mk4 & mk7, magnesium, and boron/boric acid)--11.) Optimize Iodine.  12.5-37.5 mg in the form of Lugol’s solution. (1 drop of 2% Lugol's has 2.5 mg)--12.)  Taurine:  200 mg/kg/day--13.)  Magnesium Glycinate 500 mg 2 x per day--14.)  Integrative Therapeutics – Theracurmin® HP - Curcumin Supplement 600 mg per day --15.)  Essiac Tea or Jason Winter's Tea--16.)  Alpha Lipoïc acid:  800 mg twice a day  (also seen 600 mg three times)--17.)  Optimize selenium 50 mcg/day--18.)  Methylene Blue 0.5 mg/kg/day--19.)   Berberine: 500 mg 3 x per day --20.). Zeolite:Calcium Clinoptilolite Zeolite Handbook 2023:"
10665,25.07.2024 20:46:50,User,,"🤒 If You’ve Been Feeling Unwell Since Your Covid-19 Vaccine, You’re Not AloneThe D-Dimer is one of many but probably the most important one for anyone who’s had one or more of the jabs Forwarded from World Council for Health etc: Many people are experiencing unexplained symptoms that include:• Headaches• Vision and hearing problems• Period problems, heavy bleeding• Heart attacks, chest pain, arrhythmias, palpitations• Blood clots and blood pressure issues• Movement and postural difficulties• Swelling, skin rashes and bruising• Fatigue and fibromyalgia• Joint and muscle pain• Muscle twitching, spasms, tremors and shaking• Numbness, paraesthesia, paralysis• Arthritis and autoimmune diseases• Stomach issues and weight loss• Inflammations• Possibility of tumours; &• Organ failure etccan be shown in blood tests. If you suspect vaccine injury, ask your doctor to do a full blood count, cardiac panel and a D-dimer test.The D-Dimer reveals if you have a clotting disorder which has been the case with most of the jabs eg Astra Zeneca (micro clots). This is what is causing many of the injuries and deaths. Best to get tested even if you have no symptoms yet. Other clotting disorders are things like deep vein thrombosis. There are also other tests you can get done whether you’ve been jabbed or if you feel you have been affected by shedding, the natural health community now recommends that you get the following medical🔬tests to see if any of your markers are in or out of range. An ounce of protection is worth a pound of cure. Per NIH at PubMed: In summary, testing typically comprises platelet counts, D-dimer, fibrinogen, and various immunological and functional assays for platelet factor 4 (PF4) antibodies.BLOOD TESTS TO ASSESS VACCINE INJURIES: 1. D-dimer Test: to find out if one has a blood clotting disorder. These disorders include: Deep vein thrombosis (DVT) 2. Sedimentation Rate (ESR) Test:  Erythrocyte Sedimentation Eate (ESR), is a blood test that can reveal inflammatory activity in the body.  3. C Reactive Protein HS Test: The hs-CRP can be used to find the risk for heart disease and stroke in people who don't already have heart disease. 4. Troponin Test: To assess heart damage. As heart damage increases, greater amounts of troponin are released in the blood. 5. CBC Test: The Complete Blood Count (CBC) is used to diagnose and monitor numerous diseases. It can reflect problems with fluid volume.  6. CMP Test:A Comprehensive Metabolic Panel is a blood test that measures sugar (glucose) level, electrolyte and fluid balance, kidney function, and liver function.Here is the Test📝List: ▶️ Complete blood count with differential and platelet count▶️ D-Dimer▶️ Troponin▶️ CRP▶️ Fibrinogen    ▶️ Factor VIII    ▶️ von Willebrand factor (vWF)  Also go get an ELISA igG test to see if there is venom in your blood. This is an enzyme linked immunosorbent assay (ELISA) test.Once you have your results and you are wondering what to do next, my entire Covid injection and shedding recovery protocol may be found here: one need suffer in silence—there is support available:📡  | Resource of real experiences and support groups for the Covid-19 vaccine injured.📡  | Financial, physical, and emotional support for those suffering from long-term Covid-19 vaccine adverse events globally.📡  | UK-based community for those injured by the Covid-19 vaccines.Resources from WCH:📝 Spike Protein Detox Guide — The latest emerging information on how doctors are clearing viral and vaccine-induced spike proteins from the body.📝 A Practical Approach to Keeping Healthy After Your Covid-19 Jab — What you need to know about the types of illnesses associated with the Covid-19 jab and how doctors are managing them.📡 SUBSTACK  | 📩 NEWSLETTER🛒 WCH SHOP | 💡 JOIN US🌳  Follow WCH:➨ @WCH_orgPLEASE SHARE!"
10674,27.07.2024 18:50:06,User,,"“I gathered all vaccine ingredients into a list and contacted Poison Control. After intros and such, and asking to speak with someone tenured and knowledgeable, this is the gist of that conversation.Me: My question to you is how are these ingredients categorized? As benign or poison? (I ran a few ingredients, formaldehyde, Tween 80, mercury, aluminum, phenoxyethanol, potassium phosphate, sodium phosphate, sorbitol, etc.)He: Well, that's quite a list... But I'd have to easily say that they're all toxic to humans... Used in fertilizers... Pesticides... To stop the heart... To preserve a dead body... They're registered with us in different categories, but pretty much poisons. Why?Me: If I were deliberately to feed or inject my child with these ingredients often, as a schedule, obviously I'd put my daughter in harm's way... But what would legally happen to me?He: Odd question... But you'd likely be charged with criminal negligence... perhaps with intent to kill... and of course child abuse... Your child would be taken away from you... Do you know of someone's who's doing this to their child? This is criminal...Me: An industry... These are the ingredients used in vaccines... With binding agents to make sure the body won't flush these out... To keep the antibody levels up indefinitely...The man was beside himself. He asked if I would email him all this information. He wanted to share it with his adult kids who are parents. He was horrified and felt awful he didn't know... his kids are vaccinated and they have health issues...”~  By  Iris Figueroa Here are just SOME vaccine ingredients present in routine vaccines:◾️Formaldehyde/Formalin - Highly toxic systematic poison and carcinogen.◾️Betapropiolactone - Toxic chemical and carcinogen. May cause death/permanant injury after very short exposure to small quantities. Corrosive chemical.◾️Hexadecyltrimethylammonium bromide - May cause damage to the liver, cardiovascular system, and central nervous system. May cause reproductive effects and birth defects.◾️Aluminum hydroxide, aluminum phosphate, and aluminum salts - Neurotoxin. Carries risk for long term brain inflammation/swelling, neurological disorders, autoimmune disease, Alzheimer's, dementia, and autism. It penetrates the brain where it persists indefinitely.◾️Thimerosal (mercury) - Neurotoxin. Induces cellular damage, reduces oxidation-reduction activity, cellular degeneration, and cell death. Linked to neurological disorders, Alzheimer's, dementia, and autism.◾️Polysorbate 80 & 20 - Trespasses the Blood-Brain Barrier and carries with it aluminum, thimerosal, and viruses; allowing it to enter the brain.◾️Glutaraldehyde - Toxic chemical used as a disinfectant for heat sensitive medical equipment.◾️Fetal Bovine Serum - Harvested from bovine (cow) fetuses taken from pregnant cows before slaughter.◾️Human Diploid Fibroblast Cells - aborted fetal cells. Foreign DNA has the ability to interact with our own.◾️African Green Monkey Kidney Cells - Can carry the SV-40 cancer-causing virus that has already tainted about 30 million Americans.◾️Acetone - Can cause kidney, liver, and nerve damage.◾️E.Coli - Yes, you read that right.◾️DNA from porcine (pig) Circovirus type-1◾️Human embryonic lung cell cultures (from aborted fetuses)You can view all of these ingredients on the CDCs website."
10721,03.08.2024 20:21:52,User,10533.0,Thanks for share
10792,10.08.2024 08:16:07,User,,"Q Phone or named Pi phone - Information and video demonstrationSay goodbye to all our 'spy phones'.Then we can get rid of those ugly and dangerous cell towers everywhere.The Q phone has been developed and manufactured in Germany and the UK with final software updates in the US.This smartphone is three-dimensional and of the highest quality.It will become one of the main credit tools and most urgent expenditures in daily life for retail consumption and domestic and international commercial business. and is a subserver to exploit and maintain the quantum system with Stellar + Starlink.This is a $500 billion manufacturing operation in three countries. And some other countries like Japan..They are built in various warehouses around the world. Q phones will be delivered free of charge to everyone in the world.This Quantum Space Q Phone will be used for internet connectivity...texting and calling...banking...voting and more.It has a 3D interactive holographic display. (watch video)QFS will create a private Internet network running on triple code and perhaps an 8G network for SATCOM.Join, it's not too late! 👇  ✅"
10912,10.09.2024 11:30:34,User,,"PFIZERGATE CONT; Von der Leyen loses court case in blow to her 2nd-term bidEU court criticises Commission over handling of COVID vaccine contracts;The European court of Justice finds Ursula Von Der Leyen violated EU law by withholding the terms she agreed on the vaccine contracts, including ‘losing’ all text messages.Von Der Leyen negotiated a deal, including through private texts, with Pfizer for their COVID ‘vaccine’ for $4.6 Billion.This €4.6 billion  deal made in 2022 was equal to 11 shots per person. Ursula von der Leyen was called to resign by MEP Cristian Terhes in a speech he had in the Plenary of the European Parliament on October 17, 2022.Von der Leyen’s husband, Heiko, is the director of ORGENESIS - the company owned by Pfizer, specialing in gene therapies and RNA Covid vaccines- LINK SOURCET.me/childcovidvaccineinjuriesuk"
10921,16.09.2024 07:46:04,User,,"כל האמת על חיסוני mRNA, מגדלי 5G ואג'נדת פירוק האוכלוסין העולמית הם לא רוצים שתדעו.The truth about mRNA vaccines, 5G towers and the global depopulation agenda they don’t want you to know. Be sure to share this short video clip with family, friends and loved ones.▶️ Join us - t.me/darkuniverse09"
11063,19.09.2024 08:45:25,User,11034.0,"varbut timiana teja palidzetu, mes kops to dzeram, neslimojam, ta izvadot toksinus."
11170,20.09.2024 23:10:31,User,11162.0,"Dr. Daniel Nagase warns of possible GLOBAL CATASTROPHE as Japan plans to roll out world’s first self-replicating mRNA COVID-19 vaccineNHK, Japan's biggest broadcaster, aired a special report on Wednesday, Sept. 4, about the side effects of the Wuhan coronavirus (COVID-19) vaccines – featuring stories from viewers who shared their negative experiences.But according to Dr. Daniel Nagase, the issues seen so far might pale in comparison to what could happen with a new kind of vaccine known as the replicon vaccine. He warned that these vaccines could trigger a global catastrophe.Nagase said if genes from these replicon vaccines escape into the environment – through birds, insects or other animals – they could spread uncontrollably, creating a nightmare scenario. Replicon vaccines use a special type of RNA that can replicate itself. This means the vaccine could produce viral proteins inside the body longer. While this has excited researchers for its supposed potential in treating diseases, like cancer, it raises concerns about the vaccine's ability to spread between humans and other species.In November 2023, Japan's Ministry of Health, Labor and Welfare approved its first replicon vaccine, the ARCT-154. Developed by American biotech firm Arcturus Therapeutics in partnership with Australian vaccine manufacturer CSL Seqirus, this experimental COVID-19 vaccine is designed to be more efficient than traditional mRNA vaccines by setting up a ""biological factory"" in the body and producing more proteins with a similar dose.Japan plans to roll out these vaccines in late 2024, but protests have already erupted over the rollout due to concerns regarding the World Health Organization's proposed pandemic treaty and the risks posed by these new vaccine technologies.Nagase believes this is a global issue that everyone needs to watch closely.Global threat of replicon vaccinesReplicon vaccines, also known as self-amplifying mRNA vaccines, carry a unique risk due to their viral origins. These vaccines are based on alphaviruses – a family of viruses that can infect both humans and animals. What makes them concerning is their resilience – some can survive for long periods outside of a host and remain infectious. The potential danger lies in how these man-made genes could spread – not just between people but across entire ecosystems.Nagase raised alarms about the serious consequences of introducing these artificial genes into the environment. He points out that if these genes were to escape into nature – via mosquitoes or other animals – they could spread uncontrollably, making it nearly impossible to eliminate them. The real feeling is that replicon vaccines could recombine with other viruses – leading to the creation of hybrid viruses, or ""superviruses,"" that are more dangerous and harder to control.One of the biggest concerns is interspecies transmission. Alphaviruses are known to jump between species and if a human injected with a replicon vaccine passes the artificial genes to animals or insects, the virus could survive and evolve in these new hosts. This means the virus could remain deadly to humans while thriving in other species – creating long-lasting reservoirs of infection. In the worst-case scenario, these genes could spread globally – making containment nearly impossible.The ARCT-154 trials in Vietnam, where over 9,000 people were given replicon vaccines, didn't address the potential environmental spread of the vaccine. There was no follow-up to check if the vaccine’s genetic material had entered the ecosystem.If a similar situation were to unfold on a larger scale – like in Japan – Nagase said the only solution might be a complete quarantine of the country.Without drastic measures, the artificial genes could spread across the world, becoming a permanent fixture in multiple species and posing an ongoing threat to human health. and share 👉@NaturalNewsMedia"
11175,21.09.2024 09:17:05,User,,"💥”if a child gets all the vaccines in the vaccine schedule, they get :13 000 mg of aluminum 600 mg of mercury 200+ different chemicalsNo vaccine has proven to be safe.If you inject your child, it’s like injecting foreign matter into a little baby.”Do you know why vaccine manufacturers have indemnity? Because they were getting sued and losing so much money on vaccine injuries and deaths, so they told the government they were going to stop producing vaccines. The government then decided to give them indemnity.  Safe & effective @RobertKennedyJr Dr. Sherri Tenpenny @BusyDrT 👇🔥"
